[2026-10-04 11:36:44] dbg: [net:3] Starting dedicated server, version 20261004-main-m88fed4dcbb
[2026-10-04 11:36:44] dbg: [net:3] Starting network
[2026-10-04 11:36:44] dbg: [net:3] Initializing UDP listeners
[2026-10-04 11:36:44] dbg: [net:3] Network online, multiplayer available
[2026-10-04 11:36:44] dbg: [net:3] Detected broadcast addresses:
[2026-10-04 11:36:44] dbg: [net:3]   0) 192.168.1.255
[2026-10-04 11:36:44] dbg: [net:3] Using certificate file: /etc/ssl/cert.pem
[2026-10-04 11:36:44] dbg: [net:3] Using certificate path: none
OpenTTD Game Console Revision 7 - 20261004-main-m88fed4dcbb
------------------------------------
use "help" for more information.

[2026-10-04 11:36:44] dbg: [net:1] No "client_name" has been set, using "Unnamed Client" instead. Please set this now using the "name <new name>" command
[2026-10-04 11:36:44] dbg: [net:1] No "server_name" has been set, using "Unnamed Server" instead. Please set this now using the "server_name <new name>" command
[2026-10-04 11:36:44] dbg: [net:3] Initializing UDP listeners
[2026-10-04 11:36:44] dbg: [net:3] Initializing UDP listeners
[2026-10-04 11:36:44] dbg: [net:3] Listening on 127.0.0.1:63016 (IPv4)
[2026-10-04 11:36:44] dbg: [net:3] Listening on 127.0.0.1:63016 (IPv4)
[2026-10-04 11:36:44] dbg: [net:3] Network revision name: 20261004-main-m88fed4dcbb
[2026-10-04 11:36:44] dbg: [net:3] [crypto] Creating a new random key
‎*** Game unpaused (manual)
[2026-10-04 11:36:45] dbg: [script:4] [0] [I] RIVER_SURVEY_TILE {"tile":2617,"x":57,"y":20,"slope":0,"min_height_levels":4,"public_terrain_type":3,"survey_token":0}
[2026-10-04 11:36:45] dbg: [script:4] [0] [I] RIVER_SURVEY_TILE {"tile":2743,"x":55,"y":21,"slope":0,"min_height_levels":4,"public_terrain_type":3,"survey_token":0}
[2026-10-04 11:36:45] dbg: [script:4] [0] [I] RIVER_SURVEY_TILE {"tile":2744,"x":56,"y":21,"slope":0,"min_height_levels":4,"public_terrain_type":3,"survey_token":0}
[2026-10-04 11:36:45] dbg: [script:4] [0] [I] RIVER_SURVEY_TILE {"tile":2745,"x":57,"y":21,"slope":0,"min_height_levels":4,"public_terrain_type":3,"survey_token":0}
[2026-10-04 11:36:45] dbg: [script:4] [0] [I] RIVER_SURVEY_TILE {"tile":2836,"x":20,"y":22,"slope":0,"min_height_levels":1,"public_terrain_type":0,"survey_token":0}
[2026-10-04 11:36:45] dbg: [script:4] [0] [I] RIVER_SURVEY_TILE {"tile":2837,"x":21,"y":22,"slope":3,"min_height_levels":1,"public_terrain_type":0,"survey_token":0}
[2026-10-04 11:36:45] dbg: [script:4] [0] [I] RIVER_SURVEY_TILE {"tile":2838,"x":22,"y":22,"slope":0,"min_height_levels":2,"public_terrain_type":0,"survey_token":0}
[2026-10-04 11:36:45] dbg: [script:4] [0] [I] RIVER_SURVEY_TILE {"tile":2839,"x":23,"y":22,"slope":0,"min_height_levels":2,"public_terrain_type":0,"survey_token":0}
[2026-10-04 11:36:45] dbg: [script:4] [0] [I] RIVER_SURVEY_TILE {"tile":2871,"x":55,"y":22,"slope":0,"min_height_levels":4,"public_terrain_type":3,"survey_token":0}
[2026-10-04 11:36:45] dbg: [script:4] [0] [I] RIVER_SURVEY_TILE {"tile":2963,"x":19,"y":23,"slope":0,"min_height_levels":1,"public_terrain_type":0,"survey_token":0}
[2026-10-04 11:36:45] dbg: [script:4] [0] [I] RIVER_SURVEY_TILE {"tile":2964,"x":20,"y":23,"slope":0,"min_height_levels":1,"public_terrain_type":0,"survey_token":0}
[2026-10-04 11:36:45] dbg: [script:4] [0] [I] RIVER_SURVEY_TILE {"tile":2967,"x":23,"y":23,"slope":0,"min_height_levels":2,"public_terrain_type":0,"survey_token":0}
[2026-10-04 11:36:45] dbg: [script:4] [0] [I] RIVER_SURVEY_TILE {"tile":2968,"x":24,"y":23,"slope":0,"min_height_levels":2,"public_terrain_type":0,"survey_token":0}
[2026-10-04 11:36:45] dbg: [script:4] [0] [I] RIVER_SURVEY_TILE {"tile":2969,"x":25,"y":23,"slope":0,"min_height_levels":2,"public_terrain_type":0,"survey_token":0}
[2026-10-04 11:36:45] dbg: [script:4] [0] [I] RIVER_SURVEY_TILE {"tile":2999,"x":55,"y":23,"slope":0,"min_height_levels":4,"public_terrain_type":3,"survey_token":0}
[2026-10-04 11:36:45] dbg: [script:4] [0] [I] RIVER_SURVEY_TILE {"tile":3091,"x":19,"y":24,"slope":0,"min_height_levels":1,"public_terrain_type":0,"survey_token":0}
[2026-10-04 11:36:45] dbg: [script:4] [0] [I] RIVER_SURVEY_TILE {"tile":3097,"x":25,"y":24,"slope":0,"min_height_levels":2,"public_terrain_type":0,"survey_token":0}
[2026-10-04 11:36:45] dbg: [script:4] [0] [I] RIVER_SURVEY_TILE {"tile":3098,"x":26,"y":24,"slope":0,"min_height_levels":2,"public_terrain_type":0,"survey_token":0}
[2026-10-04 11:36:45] dbg: [script:4] [0] [I] RIVER_SURVEY_TILE {"tile":3127,"x":55,"y":24,"slope":9,"min_height_levels":3,"public_terrain_type":0,"survey_token":0}
[2026-10-04 11:36:45] dbg: [script:4] [0] [I] RIVER_SURVEY_TILE {"tile":3210,"x":10,"y":25,"slope":0,"min_height_levels":1,"public_terrain_type":0,"survey_token":0}
[2026-10-04 11:36:45] dbg: [script:4] [0] [I] RIVER_SURVEY_TILE {"tile":3211,"x":11,"y":25,"slope":0,"min_height_levels":1,"public_terrain_type":0,"survey_token":0}
[2026-10-04 11:36:45] dbg: [script:4] [0] [I] RIVER_SURVEY_TILE {"tile":3212,"x":12,"y":25,"slope":0,"min_height_levels":1,"public_terrain_type":0,"survey_token":0}
[2026-10-04 11:36:45] dbg: [script:4] [0] [I] RIVER_SURVEY_TILE {"tile":3213,"x":13,"y":25,"slope":0,"min_height_levels":1,"public_terrain_type":0,"survey_token":0}
[2026-10-04 11:36:45] dbg: [script:4] [0] [I] RIVER_SURVEY_TILE {"tile":3214,"x":14,"y":25,"slope":0,"min_height_levels":1,"public_terrain_type":0,"survey_token":0}
[2026-10-04 11:36:45] dbg: [script:4] [0] [I] RIVER_SURVEY_TILE {"tile":3215,"x":15,"y":25,"slope":0,"min_height_levels":1,"public_terrain_type":0,"survey_token":0}
[2026-10-04 11:36:45] dbg: [script:4] [0] [I] RIVER_SURVEY_TILE {"tile":3216,"x":16,"y":25,"slope":0,"min_height_levels":1,"public_terrain_type":0,"survey_token":0}
[2026-10-04 11:36:45] dbg: [script:4] [0] [I] RIVER_SURVEY_TILE {"tile":3217,"x":17,"y":25,"slope":0,"min_height_levels":1,"public_terrain_type":0,"survey_token":0}
[2026-10-04 11:36:45] dbg: [script:4] [0] [I] RIVER_SURVEY_TILE {"tile":3218,"x":18,"y":25,"slope":0,"min_height_levels":1,"public_terrain_type":0,"survey_token":0}
[2026-10-04 11:36:45] dbg: [script:4] [0] [I] RIVER_SURVEY_TILE {"tile":3219,"x":19,"y":25,"slope":0,"min_height_levels":1,"public_terrain_type":0,"survey_token":0}
[2026-10-04 11:36:45] dbg: [script:4] [0] [I] RIVER_SURVEY_TILE {"tile":3255,"x":55,"y":25,"slope":0,"min_height_levels":3,"public_terrain_type":0,"survey_token":0}
[2026-10-04 11:36:45] dbg: [script:4] [0] [I] RIVER_SURVEY_TILE {"tile":3338,"x":10,"y":26,"slope":0,"min_height_levels":1,"public_terrain_type":0,"survey_token":0}
[2026-10-04 11:36:45] dbg: [script:4] [0] [I] RIVER_SURVEY_TILE {"tile":3373,"x":45,"y":26,"slope":0,"min_height_levels":3,"public_terrain_type":0,"survey_token":0}
[2026-10-04 11:36:45] dbg: [script:4] [0] [I] RIVER_SURVEY_TILE {"tile":3383,"x":55,"y":26,"slope":9,"min_height_levels":2,"public_terrain_type":0,"survey_token":0}
[2026-10-04 11:36:45] dbg: [script:4] [0] [I] RIVER_SURVEY_TILE {"tile":3465,"x":9,"y":27,"slope":0,"min_height_levels":1,"public_terrain_type":0,"survey_token":0}
[2026-10-04 11:36:45] dbg: [script:4] [0] [I] RIVER_SURVEY_TILE {"tile":3466,"x":10,"y":27,"slope":0,"min_height_levels":1,"public_terrain_type":0,"survey_token":0}
[2026-10-04 11:36:45] dbg: [script:4] [0] [I] RIVER_SURVEY_TILE {"tile":3501,"x":45,"y":27,"slope":9,"min_height_levels":2,"public_terrain_type":0,"survey_token":0}
[2026-10-04 11:36:45] dbg: [script:4] [0] [I] RIVER_SURVEY_TILE {"tile":3511,"x":55,"y":27,"slope":0,"min_height_levels":2,"public_terrain_type":0,"survey_token":0}
[2026-10-04 11:36:45] dbg: [script:4] [0] [I] RIVER_SURVEY_TILE {"tile":3593,"x":9,"y":28,"slope":0,"min_height_levels":1,"public_terrain_type":0,"survey_token":0}
[2026-10-04 11:36:45] dbg: [script:4] [0] [I] RIVER_SURVEY_TILE {"tile":3594,"x":10,"y":28,"slope":0,"min_height_levels":1,"public_terrain_type":0,"survey_token":0}
[2026-10-04 11:36:45] dbg: [script:4] [0] [I] RIVER_SURVEY_TILE {"tile":3629,"x":45,"y":28,"slope":0,"min_height_levels":2,"public_terrain_type":0,"survey_token":0}
[2026-10-04 11:36:45] dbg: [script:4] [0] [I] RIVER_SURVEY_TILE {"tile":3639,"x":55,"y":28,"slope":9,"min_height_levels":1,"public_terrain_type":0,"survey_token":0}
[2026-10-04 11:36:45] dbg: [script:4] [1] [I] RIVER_SURVEY_TILE {"tile":2617,"x":57,"y":20,"slope":0,"min_height_levels":4,"public_terrain_type":3,"survey_token":683582092}
[2026-10-04 11:36:45] dbg: [script:4] [1] [I] RIVER_SURVEY_TILE {"tile":2743,"x":55,"y":21,"slope":0,"min_height_levels":4,"public_terrain_type":3,"survey_token":683582092}
[2026-10-04 11:36:45] dbg: [script:4] [1] [I] RIVER_SURVEY_TILE {"tile":2744,"x":56,"y":21,"slope":0,"min_height_levels":4,"public_terrain_type":3,"survey_token":683582092}
[2026-10-04 11:36:45] dbg: [script:4] [1] [I] RIVER_SURVEY_TILE {"tile":2745,"x":57,"y":21,"slope":0,"min_height_levels":4,"public_terrain_type":3,"survey_token":683582092}
[2026-10-04 11:36:45] dbg: [script:4] [1] [I] RIVER_SURVEY_TILE {"tile":2836,"x":20,"y":22,"slope":0,"min_height_levels":1,"public_terrain_type":0,"survey_token":683582092}
[2026-10-04 11:36:45] dbg: [script:4] [1] [I] RIVER_SURVEY_TILE {"tile":2837,"x":21,"y":22,"slope":3,"min_height_levels":1,"public_terrain_type":0,"survey_token":683582092}
[2026-10-04 11:36:45] dbg: [script:4] [1] [I] RIVER_SURVEY_TILE {"tile":2838,"x":22,"y":22,"slope":0,"min_height_levels":2,"public_terrain_type":0,"survey_token":683582092}
[2026-10-04 11:36:45] dbg: [script:4] [1] [I] RIVER_SURVEY_TILE {"tile":2839,"x":23,"y":22,"slope":0,"min_height_levels":2,"public_terrain_type":0,"survey_token":683582092}
[2026-10-04 11:36:45] dbg: [script:4] [1] [I] RIVER_SURVEY_TILE {"tile":2871,"x":55,"y":22,"slope":0,"min_height_levels":4,"public_terrain_type":3,"survey_token":683582092}
[2026-10-04 11:36:45] dbg: [script:4] [1] [I] RIVER_SURVEY_TILE {"tile":2963,"x":19,"y":23,"slope":0,"min_height_levels":1,"public_terrain_type":0,"survey_token":683582092}
[2026-10-04 11:36:45] dbg: [script:4] [1] [I] RIVER_SURVEY_TILE {"tile":2964,"x":20,"y":23,"slope":0,"min_height_levels":1,"public_terrain_type":0,"survey_token":683582092}
[2026-10-04 11:36:45] dbg: [script:4] [1] [I] RIVER_SURVEY_TILE {"tile":2967,"x":23,"y":23,"slope":0,"min_height_levels":2,"public_terrain_type":0,"survey_token":683582092}
[2026-10-04 11:36:45] dbg: [script:4] [1] [I] RIVER_SURVEY_TILE {"tile":2968,"x":24,"y":23,"slope":0,"min_height_levels":2,"public_terrain_type":0,"survey_token":683582092}
[2026-10-04 11:36:45] dbg: [script:4] [1] [I] RIVER_SURVEY_TILE {"tile":2969,"x":25,"y":23,"slope":0,"min_height_levels":2,"public_terrain_type":0,"survey_token":683582092}
[2026-10-04 11:36:45] dbg: [script:4] [1] [I] RIVER_SURVEY_TILE {"tile":2999,"x":55,"y":23,"slope":0,"min_height_levels":4,"public_terrain_type":3,"survey_token":683582092}
[2026-10-04 11:36:45] dbg: [script:4] [0] [I] RIVER_SURVEY_TILE {"tile":3721,"x":9,"y":29,"slope":9,"min_height_levels":0,"public_terrain_type":0,"survey_token":0}
[2026-10-04 11:36:45] dbg: [script:4] [0] [I] RIVER_SURVEY_TILE {"tile":3722,"x":10,"y":29,"slope":9,"min_height_levels":0,"public_terrain_type":0,"survey_token":0}
[2026-10-04 11:36:45] dbg: [script:4] [0] [I] RIVER_SURVEY_TILE {"tile":3757,"x":45,"y":29,"slope":9,"min_height_levels":1,"public_terrain_type":0,"survey_token":0}
[2026-10-04 11:36:45] dbg: [script:4] [0] [I] RIVER_SURVEY_TILE {"tile":3767,"x":55,"y":29,"slope":0,"min_height_levels":1,"public_terrain_type":0,"survey_token":0}
[2026-10-04 11:36:45] dbg: [script:4] [0] [I] RIVER_SURVEY_TILE {"tile":3885,"x":45,"y":30,"slope":0,"min_height_levels":1,"public_terrain_type":0,"survey_token":0}
[2026-10-04 11:36:45] dbg: [script:4] [0] [I] RIVER_SURVEY_TILE {"tile":3886,"x":46,"y":30,"slope":0,"min_height_levels":1,"public_terrain_type":0,"survey_token":0}
[2026-10-04 11:36:45] dbg: [script:4] [0] [I] RIVER_SURVEY_TILE {"tile":3887,"x":47,"y":30,"slope":0,"min_height_levels":1,"public_terrain_type":0,"survey_token":0}
[2026-10-04 11:36:45] dbg: [script:4] [0] [I] RIVER_SURVEY_TILE {"tile":3888,"x":48,"y":30,"slope":0,"min_height_levels":1,"public_terrain_type":0,"survey_token":0}
[2026-10-04 11:36:45] dbg: [script:4] [0] [I] RIVER_SURVEY_TILE {"tile":3889,"x":49,"y":30,"slope":0,"min_height_levels":1,"public_terrain_type":0,"survey_token":0}
[2026-10-04 11:36:45] dbg: [script:4] [0] [I] RIVER_SURVEY_TILE {"tile":3890,"x":50,"y":30,"slope":0,"min_height_levels":1,"public_terrain_type":0,"survey_token":0}
[2026-10-04 11:36:45] dbg: [script:4] [0] [I] RIVER_SURVEY_TILE {"tile":3891,"x":51,"y":30,"slope":0,"min_height_levels":1,"public_terrain_type":0,"survey_token":0}
[2026-10-04 11:36:45] dbg: [script:4] [0] [I] RIVER_SURVEY_TILE {"tile":3892,"x":52,"y":30,"slope":0,"min_height_levels":1,"public_terrain_type":0,"survey_token":0}
[2026-10-04 11:36:45] dbg: [script:4] [0] [I] RIVER_SURVEY_TILE {"tile":3893,"x":53,"y":30,"slope":0,"min_height_levels":1,"public_terrain_type":0,"survey_token":0}
[2026-10-04 11:36:45] dbg: [script:4] [0] [I] RIVER_SURVEY_TILE {"tile":3894,"x":54,"y":30,"slope":0,"min_height_levels":1,"public_terrain_type":0,"survey_token":0}
[2026-10-04 11:36:45] dbg: [script:4] [0] [I] RIVER_SURVEY_TILE {"tile":3895,"x":55,"y":30,"slope":0,"min_height_levels":1,"public_terrain_type":0,"survey_token":0}
[2026-10-04 11:36:45] dbg: [script:4] [0] [I] RIVER_SURVEY_TILE {"tile":4013,"x":45,"y":31,"slope":0,"min_height_levels":1,"public_terrain_type":0,"survey_token":0}
[2026-10-04 11:36:45] dbg: [script:4] [0] [I] RIVER_SURVEY_TILE {"tile":4139,"x":43,"y":32,"slope":0,"min_height_levels":1,"public_terrain_type":0,"survey_token":0}
[2026-10-04 11:36:45] dbg: [script:4] [0] [I] RIVER_SURVEY_TILE {"tile":4140,"x":44,"y":32,"slope":0,"min_height_levels":1,"public_terrain_type":0,"survey_token":0}
[2026-10-04 11:36:45] dbg: [script:4] [0] [I] RIVER_SURVEY_TILE {"tile":4141,"x":45,"y":32,"slope":0,"min_height_levels":1,"public_terrain_type":0,"survey_token":0}
[2026-10-04 11:36:45] dbg: [script:4] [1] [I] RIVER_SURVEY_TILE {"tile":3091,"x":19,"y":24,"slope":0,"min_height_levels":1,"public_terrain_type":0,"survey_token":683582092}
[2026-10-04 11:36:45] dbg: [script:4] [1] [I] RIVER_SURVEY_TILE {"tile":3097,"x":25,"y":24,"slope":0,"min_height_levels":2,"public_terrain_type":0,"survey_token":683582092}
[2026-10-04 11:36:45] dbg: [script:4] [1] [I] RIVER_SURVEY_TILE {"tile":3098,"x":26,"y":24,"slope":0,"min_height_levels":2,"public_terrain_type":0,"survey_token":683582092}
[2026-10-04 11:36:45] dbg: [script:4] [1] [I] RIVER_SURVEY_TILE {"tile":3127,"x":55,"y":24,"slope":9,"min_height_levels":3,"public_terrain_type":0,"survey_token":683582092}
[2026-10-04 11:36:45] dbg: [script:4] [1] [I] RIVER_SURVEY_TILE {"tile":3210,"x":10,"y":25,"slope":0,"min_height_levels":1,"public_terrain_type":0,"survey_token":683582092}
[2026-10-04 11:36:45] dbg: [script:4] [1] [I] RIVER_SURVEY_TILE {"tile":3211,"x":11,"y":25,"slope":0,"min_height_levels":1,"public_terrain_type":0,"survey_token":683582092}
[2026-10-04 11:36:45] dbg: [script:4] [1] [I] RIVER_SURVEY_TILE {"tile":3212,"x":12,"y":25,"slope":0,"min_height_levels":1,"public_terrain_type":0,"survey_token":683582092}
[2026-10-04 11:36:45] dbg: [script:4] [1] [I] RIVER_SURVEY_TILE {"tile":3213,"x":13,"y":25,"slope":0,"min_height_levels":1,"public_terrain_type":0,"survey_token":683582092}
[2026-10-04 11:36:45] dbg: [script:4] [1] [I] RIVER_SURVEY_TILE {"tile":3214,"x":14,"y":25,"slope":0,"min_height_levels":1,"public_terrain_type":0,"survey_token":683582092}
[2026-10-04 11:36:45] dbg: [script:4] [1] [I] RIVER_SURVEY_TILE {"tile":3215,"x":15,"y":25,"slope":0,"min_height_levels":1,"public_terrain_type":0,"survey_token":683582092}
[2026-10-04 11:36:45] dbg: [script:4] [1] [I] RIVER_SURVEY_TILE {"tile":3216,"x":16,"y":25,"slope":0,"min_height_levels":1,"public_terrain_type":0,"survey_token":683582092}
[2026-10-04 11:36:45] dbg: [script:4] [1] [I] RIVER_SURVEY_TILE {"tile":3217,"x":17,"y":25,"slope":0,"min_height_levels":1,"public_terrain_type":0,"survey_token":683582092}
[2026-10-04 11:36:45] dbg: [script:4] [1] [I] RIVER_SURVEY_TILE {"tile":3218,"x":18,"y":25,"slope":0,"min_height_levels":1,"public_terrain_type":0,"survey_token":683582092}
[2026-10-04 11:36:45] dbg: [script:4] [1] [I] RIVER_SURVEY_TILE {"tile":3219,"x":19,"y":25,"slope":0,"min_height_levels":1,"public_terrain_type":0,"survey_token":683582092}
[2026-10-04 11:36:45] dbg: [script:4] [1] [I] RIVER_SURVEY_TILE {"tile":3255,"x":55,"y":25,"slope":0,"min_height_levels":3,"public_terrain_type":0,"survey_token":683582092}
[2026-10-04 11:36:45] dbg: [script:4] [1] [I] RIVER_SURVEY_TILE {"tile":3338,"x":10,"y":26,"slope":0,"min_height_levels":1,"public_terrain_type":0,"survey_token":683582092}
[2026-10-04 11:36:45] dbg: [script:4] [1] [I] RIVER_SURVEY_TILE {"tile":3373,"x":45,"y":26,"slope":0,"min_height_levels":3,"public_terrain_type":0,"survey_token":683582092}
[2026-10-04 11:36:45] dbg: [script:4] [1] [I] RIVER_SURVEY_TILE {"tile":3383,"x":55,"y":26,"slope":9,"min_height_levels":2,"public_terrain_type":0,"survey_token":683582092}
[2026-10-04 11:36:45] dbg: [script:4] [1] [I] RIVER_SURVEY_TILE {"tile":3465,"x":9,"y":27,"slope":0,"min_height_levels":1,"public_terrain_type":0,"survey_token":683582092}
[2026-10-04 11:36:45] dbg: [script:4] [1] [I] RIVER_SURVEY_TILE {"tile":3466,"x":10,"y":27,"slope":0,"min_height_levels":1,"public_terrain_type":0,"survey_token":683582092}
[2026-10-04 11:36:45] dbg: [script:4] [1] [I] RIVER_SURVEY_TILE {"tile":3501,"x":45,"y":27,"slope":9,"min_height_levels":2,"public_terrain_type":0,"survey_token":683582092}
[2026-10-04 11:36:45] dbg: [script:4] [1] [I] RIVER_SURVEY_TILE {"tile":3511,"x":55,"y":27,"slope":0,"min_height_levels":2,"public_terrain_type":0,"survey_token":683582092}
[2026-10-04 11:36:45] dbg: [script:4] [1] [I] RIVER_SURVEY_TILE {"tile":3593,"x":9,"y":28,"slope":0,"min_height_levels":1,"public_terrain_type":0,"survey_token":683582092}
[2026-10-04 11:36:45] dbg: [script:4] [1] [I] RIVER_SURVEY_TILE {"tile":3594,"x":10,"y":28,"slope":0,"min_height_levels":1,"public_terrain_type":0,"survey_token":683582092}
[2026-10-04 11:36:45] dbg: [script:4] [1] [I] RIVER_SURVEY_TILE {"tile":3629,"x":45,"y":28,"slope":0,"min_height_levels":2,"public_terrain_type":0,"survey_token":683582092}
[2026-10-04 11:36:45] dbg: [script:4] [1] [I] RIVER_SURVEY_TILE {"tile":3639,"x":55,"y":28,"slope":9,"min_height_levels":1,"public_terrain_type":0,"survey_token":683582092}
[2026-10-04 11:36:45] dbg: [script:4] [0] [I] RIVER_SURVEY_TILE {"tile":4267,"x":43,"y":33,"slope":0,"min_height_levels":1,"public_terrain_type":0,"survey_token":0}
[2026-10-04 11:36:45] dbg: [script:4] [0] [I] RIVER_SURVEY_TILE {"tile":4395,"x":43,"y":34,"slope":0,"min_height_levels":1,"public_terrain_type":0,"survey_token":0}
[2026-10-04 11:36:45] dbg: [script:4] [0] [I] RIVER_SURVEY_TILE {"tile":4523,"x":43,"y":35,"slope":0,"min_height_levels":1,"public_terrain_type":0,"survey_token":0}
[2026-10-04 11:36:45] dbg: [script:4] [0] [I] RIVER_SURVEY_TILE {"tile":4651,"x":43,"y":36,"slope":0,"min_height_levels":1,"public_terrain_type":0,"survey_token":0}
[2026-10-04 11:36:45] dbg: [script:4] [0] [I] RIVER_SURVEY_TILE {"tile":4779,"x":43,"y":37,"slope":0,"min_height_levels":1,"public_terrain_type":0,"survey_token":0}
[2026-10-04 11:36:45] dbg: [script:4] [1] [I] RIVER_SURVEY_TILE {"tile":3721,"x":9,"y":29,"slope":9,"min_height_levels":0,"public_terrain_type":0,"survey_token":683582092}
[2026-10-04 11:36:45] dbg: [script:4] [1] [I] RIVER_SURVEY_TILE {"tile":3722,"x":10,"y":29,"slope":9,"min_height_levels":0,"public_terrain_type":0,"survey_token":683582092}
[2026-10-04 11:36:45] dbg: [script:4] [1] [I] RIVER_SURVEY_TILE {"tile":3757,"x":45,"y":29,"slope":9,"min_height_levels":1,"public_terrain_type":0,"survey_token":683582092}
[2026-10-04 11:36:45] dbg: [script:4] [1] [I] RIVER_SURVEY_TILE {"tile":3767,"x":55,"y":29,"slope":0,"min_height_levels":1,"public_terrain_type":0,"survey_token":683582092}
[2026-10-04 11:36:45] dbg: [script:4] [1] [I] RIVER_SURVEY_TILE {"tile":3885,"x":45,"y":30,"slope":0,"min_height_levels":1,"public_terrain_type":0,"survey_token":683582092}
[2026-10-04 11:36:45] dbg: [script:4] [1] [I] RIVER_SURVEY_TILE {"tile":3886,"x":46,"y":30,"slope":0,"min_height_levels":1,"public_terrain_type":0,"survey_token":683582092}
[2026-10-04 11:36:45] dbg: [script:4] [1] [I] RIVER_SURVEY_TILE {"tile":3887,"x":47,"y":30,"slope":0,"min_height_levels":1,"public_terrain_type":0,"survey_token":683582092}
[2026-10-04 11:36:45] dbg: [script:4] [1] [I] RIVER_SURVEY_TILE {"tile":3888,"x":48,"y":30,"slope":0,"min_height_levels":1,"public_terrain_type":0,"survey_token":683582092}
[2026-10-04 11:36:45] dbg: [script:4] [1] [I] RIVER_SURVEY_TILE {"tile":3889,"x":49,"y":30,"slope":0,"min_height_levels":1,"public_terrain_type":0,"survey_token":683582092}
[2026-10-04 11:36:45] dbg: [script:4] [1] [I] RIVER_SURVEY_TILE {"tile":3890,"x":50,"y":30,"slope":0,"min_height_levels":1,"public_terrain_type":0,"survey_token":683582092}
[2026-10-04 11:36:45] dbg: [script:4] [1] [I] RIVER_SURVEY_TILE {"tile":3891,"x":51,"y":30,"slope":0,"min_height_levels":1,"public_terrain_type":0,"survey_token":683582092}
[2026-10-04 11:36:45] dbg: [script:4] [1] [I] RIVER_SURVEY_TILE {"tile":3892,"x":52,"y":30,"slope":0,"min_height_levels":1,"public_terrain_type":0,"survey_token":683582092}
[2026-10-04 11:36:45] dbg: [script:4] [1] [I] RIVER_SURVEY_TILE {"tile":3893,"x":53,"y":30,"slope":0,"min_height_levels":1,"public_terrain_type":0,"survey_token":683582092}
[2026-10-04 11:36:45] dbg: [script:4] [1] [I] RIVER_SURVEY_TILE {"tile":3894,"x":54,"y":30,"slope":0,"min_height_levels":1,"public_terrain_type":0,"survey_token":683582092}
[2026-10-04 11:36:45] dbg: [script:4] [1] [I] RIVER_SURVEY_TILE {"tile":3895,"x":55,"y":30,"slope":0,"min_height_levels":1,"public_terrain_type":0,"survey_token":683582092}
[2026-10-04 11:36:45] dbg: [script:4] [1] [I] RIVER_SURVEY_TILE {"tile":4013,"x":45,"y":31,"slope":0,"min_height_levels":1,"public_terrain_type":0,"survey_token":683582092}
[2026-10-04 11:36:45] dbg: [script:4] [1] [I] RIVER_SURVEY_TILE {"tile":4139,"x":43,"y":32,"slope":0,"min_height_levels":1,"public_terrain_type":0,"survey_token":683582092}
[2026-10-04 11:36:45] dbg: [script:4] [1] [I] RIVER_SURVEY_TILE {"tile":4140,"x":44,"y":32,"slope":0,"min_height_levels":1,"public_terrain_type":0,"survey_token":683582092}
[2026-10-04 11:36:45] dbg: [script:4] [1] [I] RIVER_SURVEY_TILE {"tile":4141,"x":45,"y":32,"slope":0,"min_height_levels":1,"public_terrain_type":0,"survey_token":683582092}
[2026-10-04 11:36:45] dbg: [script:4] [0] [I] RIVER_SURVEY_TILE {"tile":4907,"x":43,"y":38,"slope":0,"min_height_levels":1,"public_terrain_type":0,"survey_token":0}
[2026-10-04 11:36:45] dbg: [script:4] [0] [I] RIVER_SURVEY_TILE {"tile":5035,"x":43,"y":39,"slope":0,"min_height_levels":1,"public_terrain_type":0,"survey_token":0}
[2026-10-04 11:36:45] dbg: [script:4] [0] [I] RIVER_SURVEY_TILE {"tile":5163,"x":43,"y":40,"slope":9,"min_height_levels":0,"public_terrain_type":0,"survey_token":0}
[2026-10-04 11:36:45] dbg: [script:4] [1] [I] RIVER_SURVEY_TILE {"tile":4267,"x":43,"y":33,"slope":0,"min_height_levels":1,"public_terrain_type":0,"survey_token":683582092}
[2026-10-04 11:36:45] dbg: [script:4] [1] [I] RIVER_SURVEY_TILE {"tile":4395,"x":43,"y":34,"slope":0,"min_height_levels":1,"public_terrain_type":0,"survey_token":683582092}
[2026-10-04 11:36:45] dbg: [script:4] [1] [I] RIVER_SURVEY_TILE {"tile":4523,"x":43,"y":35,"slope":0,"min_height_levels":1,"public_terrain_type":0,"survey_token":683582092}
[2026-10-04 11:36:45] dbg: [script:4] [1] [I] RIVER_SURVEY_TILE {"tile":4651,"x":43,"y":36,"slope":0,"min_height_levels":1,"public_terrain_type":0,"survey_token":683582092}
[2026-10-04 11:36:45] dbg: [script:4] [1] [I] RIVER_SURVEY_TILE {"tile":4779,"x":43,"y":37,"slope":0,"min_height_levels":1,"public_terrain_type":0,"survey_token":683582092}
[2026-10-04 11:36:45] dbg: [script:4] [0] [I] RIVER_SURVEY_TILE {"tile":5967,"x":79,"y":46,"slope":0,"min_height_levels":2,"public_terrain_type":0,"survey_token":0}
[2026-10-04 11:36:45] dbg: [script:4] [0] [I] RIVER_SURVEY_TILE {"tile":5968,"x":80,"y":46,"slope":0,"min_height_levels":2,"public_terrain_type":0,"survey_token":0}
[2026-10-04 11:36:45] dbg: [script:4] [0] [I] RIVER_SURVEY_TILE {"tile":5969,"x":81,"y":46,"slope":0,"min_height_levels":2,"public_terrain_type":0,"survey_token":0}
[2026-10-04 11:36:45] dbg: [script:4] [0] [I] RIVER_SURVEY_TILE {"tile":5970,"x":82,"y":46,"slope":12,"min_height_levels":1,"public_terrain_type":0,"survey_token":0}
[2026-10-04 11:36:45] dbg: [script:4] [0] [I] RIVER_SURVEY_TILE {"tile":5971,"x":83,"y":46,"slope":0,"min_height_levels":1,"public_terrain_type":0,"survey_token":0}
[2026-10-04 11:36:45] dbg: [script:4] [0] [I] RIVER_SURVEY_TILE {"tile":5972,"x":84,"y":46,"slope":0,"min_height_levels":1,"public_terrain_type":0,"survey_token":0}
[2026-10-04 11:36:45] dbg: [script:4] [1] [I] RIVER_SURVEY_TILE {"tile":4907,"x":43,"y":38,"slope":0,"min_height_levels":1,"public_terrain_type":0,"survey_token":683582092}
[2026-10-04 11:36:45] dbg: [script:4] [1] [I] RIVER_SURVEY_TILE {"tile":5035,"x":43,"y":39,"slope":0,"min_height_levels":1,"public_terrain_type":0,"survey_token":683582092}
[2026-10-04 11:36:45] dbg: [script:4] [1] [I] RIVER_SURVEY_TILE {"tile":5163,"x":43,"y":40,"slope":9,"min_height_levels":0,"public_terrain_type":0,"survey_token":683582092}
[2026-10-04 11:36:45] dbg: [script:4] [0] [I] RIVER_SURVEY_TILE {"tile":6095,"x":79,"y":47,"slope":0,"min_height_levels":2,"public_terrain_type":0,"survey_token":0}
[2026-10-04 11:36:45] dbg: [script:4] [0] [I] RIVER_SURVEY_TILE {"tile":6097,"x":81,"y":47,"slope":0,"min_height_levels":2,"public_terrain_type":0,"survey_token":0}
[2026-10-04 11:36:45] dbg: [script:4] [0] [I] RIVER_SURVEY_TILE {"tile":6099,"x":83,"y":47,"slope":0,"min_height_levels":1,"public_terrain_type":0,"survey_token":0}
[2026-10-04 11:36:45] dbg: [script:4] [0] [I] RIVER_SURVEY_TILE {"tile":6100,"x":84,"y":47,"slope":0,"min_height_levels":1,"public_terrain_type":0,"survey_token":0}
[2026-10-04 11:36:45] dbg: [script:4] [0] [I] RIVER_SURVEY_TILE {"tile":6103,"x":87,"y":47,"slope":0,"min_height_levels":1,"public_terrain_type":0,"survey_token":0}
[2026-10-04 11:36:45] dbg: [script:4] [0] [I] RIVER_SURVEY_TILE {"tile":6104,"x":88,"y":47,"slope":0,"min_height_levels":1,"public_terrain_type":0,"survey_token":0}
[2026-10-04 11:36:45] dbg: [script:4] [0] [I] RIVER_SURVEY_TILE {"tile":6105,"x":89,"y":47,"slope":0,"min_height_levels":1,"public_terrain_type":0,"survey_token":0}
[2026-10-04 11:36:45] dbg: [script:4] [0] [I] RIVER_SURVEY_TILE {"tile":6106,"x":90,"y":47,"slope":0,"min_height_levels":1,"public_terrain_type":0,"survey_token":0}
[2026-10-04 11:36:45] dbg: [script:4] [0] [I] RIVER_SURVEY_TILE {"tile":6107,"x":91,"y":47,"slope":0,"min_height_levels":1,"public_terrain_type":0,"survey_token":0}
[2026-10-04 11:36:45] dbg: [script:4] [0] [I] RIVER_SURVEY_TILE {"tile":6108,"x":92,"y":47,"slope":0,"min_height_levels":1,"public_terrain_type":0,"survey_token":0}
[2026-10-04 11:36:45] dbg: [script:4] [0] [I] RIVER_SURVEY_TILE {"tile":6109,"x":93,"y":47,"slope":0,"min_height_levels":1,"public_terrain_type":0,"survey_token":0}
[2026-10-04 11:36:45] dbg: [script:4] [0] [I] RIVER_SURVEY_TILE {"tile":6222,"x":78,"y":48,"slope":0,"min_height_levels":2,"public_terrain_type":0,"survey_token":0}
[2026-10-04 11:36:45] dbg: [script:4] [0] [I] RIVER_SURVEY_TILE {"tile":6223,"x":79,"y":48,"slope":0,"min_height_levels":2,"public_terrain_type":0,"survey_token":0}
[2026-10-04 11:36:45] dbg: [script:4] [0] [I] RIVER_SURVEY_TILE {"tile":6227,"x":83,"y":48,"slope":0,"min_height_levels":1,"public_terrain_type":0,"survey_token":0}
[2026-10-04 11:36:45] dbg: [script:4] [0] [I] RIVER_SURVEY_TILE {"tile":6228,"x":84,"y":48,"slope":0,"min_height_levels":1,"public_terrain_type":0,"survey_token":0}
[2026-10-04 11:36:45] dbg: [script:4] [0] [I] RIVER_SURVEY_TILE {"tile":6229,"x":85,"y":48,"slope":0,"min_height_levels":1,"public_terrain_type":0,"survey_token":0}
[2026-10-04 11:36:45] dbg: [script:4] [0] [I] RIVER_SURVEY_TILE {"tile":6230,"x":86,"y":48,"slope":0,"min_height_levels":1,"public_terrain_type":0,"survey_token":0}
[2026-10-04 11:36:45] dbg: [script:4] [0] [I] RIVER_SURVEY_TILE {"tile":6231,"x":87,"y":48,"slope":0,"min_height_levels":1,"public_terrain_type":0,"survey_token":0}
[2026-10-04 11:36:45] dbg: [script:4] [0] [I] RIVER_SURVEY_TILE {"tile":6232,"x":88,"y":48,"slope":0,"min_height_levels":1,"public_terrain_type":0,"survey_token":0}
[2026-10-04 11:36:45] dbg: [script:4] [0] [I] RIVER_SURVEY_TILE {"tile":6233,"x":89,"y":48,"slope":0,"min_height_levels":1,"public_terrain_type":0,"survey_token":0}
[2026-10-04 11:36:45] dbg: [script:4] [0] [I] RIVER_SURVEY_TILE {"tile":6234,"x":90,"y":48,"slope":0,"min_height_levels":1,"public_terrain_type":0,"survey_token":0}
[2026-10-04 11:36:45] dbg: [script:4] [0] [I] RIVER_SURVEY_TILE {"tile":6235,"x":91,"y":48,"slope":0,"min_height_levels":1,"public_terrain_type":0,"survey_token":0}
[2026-10-04 11:36:45] dbg: [script:4] [0] [I] RIVER_SURVEY_TILE {"tile":6236,"x":92,"y":48,"slope":0,"min_height_levels":1,"public_terrain_type":0,"survey_token":0}
[2026-10-04 11:36:45] dbg: [script:4] [0] [I] RIVER_SURVEY_TILE {"tile":6237,"x":93,"y":48,"slope":0,"min_height_levels":1,"public_terrain_type":0,"survey_token":0}
[2026-10-04 11:36:45] dbg: [script:4] [0] [I] RIVER_SURVEY_TILE {"tile":6238,"x":94,"y":48,"slope":0,"min_height_levels":1,"public_terrain_type":0,"survey_token":0}
[2026-10-04 11:36:45] dbg: [script:4] [0] [I] RIVER_SURVEY_TILE {"tile":6239,"x":95,"y":48,"slope":0,"min_height_levels":1,"public_terrain_type":0,"survey_token":0}
[2026-10-04 11:36:45] dbg: [script:4] [0] [I] RIVER_SURVEY_TILE {"tile":6348,"x":76,"y":49,"slope":0,"min_height_levels":2,"public_terrain_type":0,"survey_token":0}
[2026-10-04 11:36:45] dbg: [script:4] [0] [I] RIVER_SURVEY_TILE {"tile":6349,"x":77,"y":49,"slope":0,"min_height_levels":2,"public_terrain_type":0,"survey_token":0}
[2026-10-04 11:36:45] dbg: [script:4] [0] [I] RIVER_SURVEY_TILE {"tile":6350,"x":78,"y":49,"slope":0,"min_height_levels":2,"public_terrain_type":0,"survey_token":0}
[2026-10-04 11:36:45] dbg: [script:4] [0] [I] RIVER_SURVEY_TILE {"tile":6358,"x":86,"y":49,"slope":0,"min_height_levels":1,"public_terrain_type":0,"survey_token":0}
[2026-10-04 11:36:45] dbg: [script:4] [0] [I] RIVER_SURVEY_TILE {"tile":6359,"x":87,"y":49,"slope":0,"min_height_levels":1,"public_terrain_type":0,"survey_token":0}
[2026-10-04 11:36:45] dbg: [script:4] [0] [I] RIVER_SURVEY_TILE {"tile":6360,"x":88,"y":49,"slope":0,"min_height_levels":1,"public_terrain_type":0,"survey_token":0}
[2026-10-04 11:36:45] dbg: [script:4] [0] [I] RIVER_SURVEY_TILE {"tile":6364,"x":92,"y":49,"slope":0,"min_height_levels":1,"public_terrain_type":0,"survey_token":0}
[2026-10-04 11:36:45] dbg: [script:4] [0] [I] RIVER_SURVEY_TILE {"tile":6365,"x":93,"y":49,"slope":0,"min_height_levels":1,"public_terrain_type":0,"survey_token":0}
[2026-10-04 11:36:45] dbg: [script:4] [0] [I] RIVER_SURVEY_TILE {"tile":6366,"x":94,"y":49,"slope":0,"min_height_levels":1,"public_terrain_type":0,"survey_token":0}
[2026-10-04 11:36:45] dbg: [script:4] [0] [I] RIVER_SURVEY_TILE {"tile":6367,"x":95,"y":49,"slope":0,"min_height_levels":1,"public_terrain_type":0,"survey_token":0}
[2026-10-04 11:36:45] dbg: [script:4] [0] [I] RIVER_SURVEY_TILE {"tile":6368,"x":96,"y":49,"slope":0,"min_height_levels":1,"public_terrain_type":0,"survey_token":0}
[2026-10-04 11:36:45] dbg: [script:4] [0] [I] RIVER_SURVEY_TILE {"tile":6369,"x":97,"y":49,"slope":0,"min_height_levels":1,"public_terrain_type":0,"survey_token":0}
[2026-10-04 11:36:45] dbg: [script:4] [0] [I] RIVER_SURVEY_TILE {"tile":6476,"x":76,"y":50,"slope":6,"min_height_levels":2,"public_terrain_type":0,"survey_token":0}
[2026-10-04 11:36:45] dbg: [script:4] [0] [I] RIVER_SURVEY_TILE {"tile":6494,"x":94,"y":50,"slope":0,"min_height_levels":1,"public_terrain_type":0,"survey_token":0}
[2026-10-04 11:36:45] dbg: [script:4] [0] [I] RIVER_SURVEY_TILE {"tile":6495,"x":95,"y":50,"slope":0,"min_height_levels":1,"public_terrain_type":0,"survey_token":0}
[2026-10-04 11:36:45] dbg: [script:4] [0] [I] RIVER_SURVEY_TILE {"tile":6496,"x":96,"y":50,"slope":0,"min_height_levels":1,"public_terrain_type":0,"survey_token":0}
[2026-10-04 11:36:45] dbg: [script:4] [0] [I] RIVER_SURVEY_TILE {"tile":6497,"x":97,"y":50,"slope":0,"min_height_levels":1,"public_terrain_type":0,"survey_token":0}
[2026-10-04 11:36:45] dbg: [script:4] [1] [I] RIVER_SURVEY_TILE {"tile":5967,"x":79,"y":46,"slope":0,"min_height_levels":2,"public_terrain_type":0,"survey_token":683582092}
[2026-10-04 11:36:45] dbg: [script:4] [1] [I] RIVER_SURVEY_TILE {"tile":5968,"x":80,"y":46,"slope":0,"min_height_levels":2,"public_terrain_type":0,"survey_token":683582092}
[2026-10-04 11:36:45] dbg: [script:4] [1] [I] RIVER_SURVEY_TILE {"tile":5969,"x":81,"y":46,"slope":0,"min_height_levels":2,"public_terrain_type":0,"survey_token":683582092}
[2026-10-04 11:36:45] dbg: [script:4] [1] [I] RIVER_SURVEY_TILE {"tile":5970,"x":82,"y":46,"slope":12,"min_height_levels":1,"public_terrain_type":0,"survey_token":683582092}
[2026-10-04 11:36:45] dbg: [script:4] [1] [I] RIVER_SURVEY_TILE {"tile":5971,"x":83,"y":46,"slope":0,"min_height_levels":1,"public_terrain_type":0,"survey_token":683582092}
[2026-10-04 11:36:45] dbg: [script:4] [1] [I] RIVER_SURVEY_TILE {"tile":5972,"x":84,"y":46,"slope":0,"min_height_levels":1,"public_terrain_type":0,"survey_token":683582092}
[2026-10-04 11:36:45] dbg: [script:4] [0] [I] RIVER_SURVEY_TILE {"tile":6604,"x":76,"y":51,"slope":0,"min_height_levels":3,"public_terrain_type":0,"survey_token":0}
[2026-10-04 11:36:45] dbg: [script:4] [0] [I] RIVER_SURVEY_TILE {"tile":6624,"x":96,"y":51,"slope":0,"min_height_levels":1,"public_terrain_type":0,"survey_token":0}
[2026-10-04 11:36:45] dbg: [script:4] [0] [I] RIVER_SURVEY_TILE {"tile":6625,"x":97,"y":51,"slope":0,"min_height_levels":1,"public_terrain_type":0,"survey_token":0}
[2026-10-04 11:36:45] dbg: [script:4] [0] [I] RIVER_SURVEY_TILE {"tile":6732,"x":76,"y":52,"slope":0,"min_height_levels":3,"public_terrain_type":0,"survey_token":0}
[2026-10-04 11:36:45] dbg: [script:4] [0] [I] RIVER_SURVEY_TILE {"tile":6752,"x":96,"y":52,"slope":0,"min_height_levels":1,"public_terrain_type":0,"survey_token":0}
[2026-10-04 11:36:45] dbg: [script:4] [0] [I] RIVER_SURVEY_TILE {"tile":6753,"x":97,"y":52,"slope":0,"min_height_levels":1,"public_terrain_type":0,"survey_token":0}
[2026-10-04 11:36:45] dbg: [script:4] [0] [I] RIVER_SURVEY_TILE {"tile":6754,"x":98,"y":52,"slope":0,"min_height_levels":1,"public_terrain_type":0,"survey_token":0}
[2026-10-04 11:36:45] dbg: [script:4] [0] [I] RIVER_SURVEY_TILE {"tile":6860,"x":76,"y":53,"slope":0,"min_height_levels":3,"public_terrain_type":0,"survey_token":0}
[2026-10-04 11:36:45] dbg: [script:4] [0] [I] RIVER_SURVEY_TILE {"tile":6880,"x":96,"y":53,"slope":0,"min_height_levels":1,"public_terrain_type":0,"survey_token":0}
[2026-10-04 11:36:45] dbg: [script:4] [0] [I] RIVER_SURVEY_TILE {"tile":6881,"x":97,"y":53,"slope":0,"min_height_levels":1,"public_terrain_type":0,"survey_token":0}
[2026-10-04 11:36:45] dbg: [script:4] [0] [I] RIVER_SURVEY_TILE {"tile":6882,"x":98,"y":53,"slope":0,"min_height_levels":1,"public_terrain_type":0,"survey_token":0}
[2026-10-04 11:36:45] dbg: [script:4] [0] [I] RIVER_SURVEY_TILE {"tile":6883,"x":99,"y":53,"slope":0,"min_height_levels":1,"public_terrain_type":0,"survey_token":0}
[2026-10-04 11:36:45] dbg: [script:4] [0] [I] RIVER_SURVEY_TILE {"tile":6884,"x":100,"y":53,"slope":0,"min_height_levels":1,"public_terrain_type":0,"survey_token":0}
[2026-10-04 11:36:45] dbg: [script:4] [0] [I] RIVER_SURVEY_TILE {"tile":6988,"x":76,"y":54,"slope":0,"min_height_levels":3,"public_terrain_type":0,"survey_token":0}
[2026-10-04 11:36:45] dbg: [script:4] [0] [I] RIVER_SURVEY_TILE {"tile":7010,"x":98,"y":54,"slope":0,"min_height_levels":1,"public_terrain_type":0,"survey_token":0}
[2026-10-04 11:36:45] dbg: [script:4] [0] [I] RIVER_SURVEY_TILE {"tile":7011,"x":99,"y":54,"slope":0,"min_height_levels":1,"public_terrain_type":0,"survey_token":0}
[2026-10-04 11:36:45] dbg: [script:4] [0] [I] RIVER_SURVEY_TILE {"tile":7012,"x":100,"y":54,"slope":0,"min_height_levels":1,"public_terrain_type":0,"survey_token":0}
[2026-10-04 11:36:45] dbg: [script:4] [0] [I] RIVER_SURVEY_TILE {"tile":7013,"x":101,"y":54,"slope":0,"min_height_levels":1,"public_terrain_type":0,"survey_token":0}
[2026-10-04 11:36:45] dbg: [script:4] [0] [I] RIVER_SURVEY_TILE {"tile":7014,"x":102,"y":54,"slope":0,"min_height_levels":1,"public_terrain_type":0,"survey_token":0}
[2026-10-04 11:36:45] dbg: [script:4] [0] [I] RIVER_SURVEY_TILE {"tile":7116,"x":76,"y":55,"slope":0,"min_height_levels":3,"public_terrain_type":0,"survey_token":0}
[2026-10-04 11:36:45] dbg: [script:4] [0] [I] RIVER_SURVEY_TILE {"tile":7139,"x":99,"y":55,"slope":0,"min_height_levels":1,"public_terrain_type":0,"survey_token":0}
[2026-10-04 11:36:45] dbg: [script:4] [0] [I] RIVER_SURVEY_TILE {"tile":7140,"x":100,"y":55,"slope":0,"min_height_levels":1,"public_terrain_type":0,"survey_token":0}
[2026-10-04 11:36:45] dbg: [script:4] [0] [I] RIVER_SURVEY_TILE {"tile":7141,"x":101,"y":55,"slope":0,"min_height_levels":1,"public_terrain_type":0,"survey_token":0}
[2026-10-04 11:36:45] dbg: [script:4] [0] [I] RIVER_SURVEY_TILE {"tile":7142,"x":102,"y":55,"slope":0,"min_height_levels":1,"public_terrain_type":0,"survey_token":0}
[2026-10-04 11:36:45] dbg: [script:4] [1] [I] RIVER_SURVEY_TILE {"tile":6095,"x":79,"y":47,"slope":0,"min_height_levels":2,"public_terrain_type":0,"survey_token":683582092}
[2026-10-04 11:36:45] dbg: [script:4] [1] [I] RIVER_SURVEY_TILE {"tile":6097,"x":81,"y":47,"slope":0,"min_height_levels":2,"public_terrain_type":0,"survey_token":683582092}
[2026-10-04 11:36:45] dbg: [script:4] [1] [I] RIVER_SURVEY_TILE {"tile":6099,"x":83,"y":47,"slope":0,"min_height_levels":1,"public_terrain_type":0,"survey_token":683582092}
[2026-10-04 11:36:45] dbg: [script:4] [1] [I] RIVER_SURVEY_TILE {"tile":6100,"x":84,"y":47,"slope":0,"min_height_levels":1,"public_terrain_type":0,"survey_token":683582092}
[2026-10-04 11:36:45] dbg: [script:4] [1] [I] RIVER_SURVEY_TILE {"tile":6103,"x":87,"y":47,"slope":0,"min_height_levels":1,"public_terrain_type":0,"survey_token":683582092}
[2026-10-04 11:36:45] dbg: [script:4] [1] [I] RIVER_SURVEY_TILE {"tile":6104,"x":88,"y":47,"slope":0,"min_height_levels":1,"public_terrain_type":0,"survey_token":683582092}
[2026-10-04 11:36:45] dbg: [script:4] [1] [I] RIVER_SURVEY_TILE {"tile":6105,"x":89,"y":47,"slope":0,"min_height_levels":1,"public_terrain_type":0,"survey_token":683582092}
[2026-10-04 11:36:45] dbg: [script:4] [1] [I] RIVER_SURVEY_TILE {"tile":6106,"x":90,"y":47,"slope":0,"min_height_levels":1,"public_terrain_type":0,"survey_token":683582092}
[2026-10-04 11:36:45] dbg: [script:4] [1] [I] RIVER_SURVEY_TILE {"tile":6107,"x":91,"y":47,"slope":0,"min_height_levels":1,"public_terrain_type":0,"survey_token":683582092}
[2026-10-04 11:36:45] dbg: [script:4] [1] [I] RIVER_SURVEY_TILE {"tile":6108,"x":92,"y":47,"slope":0,"min_height_levels":1,"public_terrain_type":0,"survey_token":683582092}
[2026-10-04 11:36:45] dbg: [script:4] [1] [I] RIVER_SURVEY_TILE {"tile":6109,"x":93,"y":47,"slope":0,"min_height_levels":1,"public_terrain_type":0,"survey_token":683582092}
[2026-10-04 11:36:45] dbg: [script:4] [1] [I] RIVER_SURVEY_TILE {"tile":6222,"x":78,"y":48,"slope":0,"min_height_levels":2,"public_terrain_type":0,"survey_token":683582092}
[2026-10-04 11:36:45] dbg: [script:4] [1] [I] RIVER_SURVEY_TILE {"tile":6223,"x":79,"y":48,"slope":0,"min_height_levels":2,"public_terrain_type":0,"survey_token":683582092}
[2026-10-04 11:36:45] dbg: [script:4] [1] [I] RIVER_SURVEY_TILE {"tile":6227,"x":83,"y":48,"slope":0,"min_height_levels":1,"public_terrain_type":0,"survey_token":683582092}
[2026-10-04 11:36:45] dbg: [script:4] [1] [I] RIVER_SURVEY_TILE {"tile":6228,"x":84,"y":48,"slope":0,"min_height_levels":1,"public_terrain_type":0,"survey_token":683582092}
[2026-10-04 11:36:45] dbg: [script:4] [1] [I] RIVER_SURVEY_TILE {"tile":6229,"x":85,"y":48,"slope":0,"min_height_levels":1,"public_terrain_type":0,"survey_token":683582092}
[2026-10-04 11:36:45] dbg: [script:4] [1] [I] RIVER_SURVEY_TILE {"tile":6230,"x":86,"y":48,"slope":0,"min_height_levels":1,"public_terrain_type":0,"survey_token":683582092}
[2026-10-04 11:36:45] dbg: [script:4] [1] [I] RIVER_SURVEY_TILE {"tile":6231,"x":87,"y":48,"slope":0,"min_height_levels":1,"public_terrain_type":0,"survey_token":683582092}
[2026-10-04 11:36:45] dbg: [script:4] [1] [I] RIVER_SURVEY_TILE {"tile":6232,"x":88,"y":48,"slope":0,"min_height_levels":1,"public_terrain_type":0,"survey_token":683582092}
[2026-10-04 11:36:45] dbg: [script:4] [1] [I] RIVER_SURVEY_TILE {"tile":6233,"x":89,"y":48,"slope":0,"min_height_levels":1,"public_terrain_type":0,"survey_token":683582092}
[2026-10-04 11:36:45] dbg: [script:4] [1] [I] RIVER_SURVEY_TILE {"tile":6234,"x":90,"y":48,"slope":0,"min_height_levels":1,"public_terrain_type":0,"survey_token":683582092}
[2026-10-04 11:36:45] dbg: [script:4] [1] [I] RIVER_SURVEY_TILE {"tile":6235,"x":91,"y":48,"slope":0,"min_height_levels":1,"public_terrain_type":0,"survey_token":683582092}
[2026-10-04 11:36:45] dbg: [script:4] [1] [I] RIVER_SURVEY_TILE {"tile":6236,"x":92,"y":48,"slope":0,"min_height_levels":1,"public_terrain_type":0,"survey_token":683582092}
[2026-10-04 11:36:45] dbg: [script:4] [1] [I] RIVER_SURVEY_TILE {"tile":6237,"x":93,"y":48,"slope":0,"min_height_levels":1,"public_terrain_type":0,"survey_token":683582092}
[2026-10-04 11:36:45] dbg: [script:4] [1] [I] RIVER_SURVEY_TILE {"tile":6238,"x":94,"y":48,"slope":0,"min_height_levels":1,"public_terrain_type":0,"survey_token":683582092}
[2026-10-04 11:36:45] dbg: [script:4] [1] [I] RIVER_SURVEY_TILE {"tile":6239,"x":95,"y":48,"slope":0,"min_height_levels":1,"public_terrain_type":0,"survey_token":683582092}
[2026-10-04 11:36:45] dbg: [script:4] [1] [I] RIVER_SURVEY_TILE {"tile":6348,"x":76,"y":49,"slope":0,"min_height_levels":2,"public_terrain_type":0,"survey_token":683582092}
[2026-10-04 11:36:45] dbg: [script:4] [1] [I] RIVER_SURVEY_TILE {"tile":6349,"x":77,"y":49,"slope":0,"min_height_levels":2,"public_terrain_type":0,"survey_token":683582092}
[2026-10-04 11:36:45] dbg: [script:4] [1] [I] RIVER_SURVEY_TILE {"tile":6350,"x":78,"y":49,"slope":0,"min_height_levels":2,"public_terrain_type":0,"survey_token":683582092}
[2026-10-04 11:36:45] dbg: [script:4] [1] [I] RIVER_SURVEY_TILE {"tile":6358,"x":86,"y":49,"slope":0,"min_height_levels":1,"public_terrain_type":0,"survey_token":683582092}
[2026-10-04 11:36:45] dbg: [script:4] [1] [I] RIVER_SURVEY_TILE {"tile":6359,"x":87,"y":49,"slope":0,"min_height_levels":1,"public_terrain_type":0,"survey_token":683582092}
[2026-10-04 11:36:45] dbg: [script:4] [1] [I] RIVER_SURVEY_TILE {"tile":6360,"x":88,"y":49,"slope":0,"min_height_levels":1,"public_terrain_type":0,"survey_token":683582092}
[2026-10-04 11:36:45] dbg: [script:4] [1] [I] RIVER_SURVEY_TILE {"tile":6364,"x":92,"y":49,"slope":0,"min_height_levels":1,"public_terrain_type":0,"survey_token":683582092}
[2026-10-04 11:36:45] dbg: [script:4] [1] [I] RIVER_SURVEY_TILE {"tile":6365,"x":93,"y":49,"slope":0,"min_height_levels":1,"public_terrain_type":0,"survey_token":683582092}
[2026-10-04 11:36:45] dbg: [script:4] [1] [I] RIVER_SURVEY_TILE {"tile":6366,"x":94,"y":49,"slope":0,"min_height_levels":1,"public_terrain_type":0,"survey_token":683582092}
[2026-10-04 11:36:45] dbg: [script:4] [1] [I] RIVER_SURVEY_TILE {"tile":6367,"x":95,"y":49,"slope":0,"min_height_levels":1,"public_terrain_type":0,"survey_token":683582092}
[2026-10-04 11:36:45] dbg: [script:4] [1] [I] RIVER_SURVEY_TILE {"tile":6368,"x":96,"y":49,"slope":0,"min_height_levels":1,"public_terrain_type":0,"survey_token":683582092}
[2026-10-04 11:36:45] dbg: [script:4] [1] [I] RIVER_SURVEY_TILE {"tile":6369,"x":97,"y":49,"slope":0,"min_height_levels":1,"public_terrain_type":0,"survey_token":683582092}
[2026-10-04 11:36:45] dbg: [script:4] [1] [I] RIVER_SURVEY_TILE {"tile":6476,"x":76,"y":50,"slope":6,"min_height_levels":2,"public_terrain_type":0,"survey_token":683582092}
[2026-10-04 11:36:45] dbg: [script:4] [1] [I] RIVER_SURVEY_TILE {"tile":6494,"x":94,"y":50,"slope":0,"min_height_levels":1,"public_terrain_type":0,"survey_token":683582092}
[2026-10-04 11:36:45] dbg: [script:4] [1] [I] RIVER_SURVEY_TILE {"tile":6495,"x":95,"y":50,"slope":0,"min_height_levels":1,"public_terrain_type":0,"survey_token":683582092}
[2026-10-04 11:36:45] dbg: [script:4] [1] [I] RIVER_SURVEY_TILE {"tile":6496,"x":96,"y":50,"slope":0,"min_height_levels":1,"public_terrain_type":0,"survey_token":683582092}
[2026-10-04 11:36:45] dbg: [script:4] [1] [I] RIVER_SURVEY_TILE {"tile":6497,"x":97,"y":50,"slope":0,"min_height_levels":1,"public_terrain_type":0,"survey_token":683582092}
[2026-10-04 11:36:45] dbg: [script:4] [0] [I] RIVER_SURVEY_TILE {"tile":7143,"x":103,"y":55,"slope":0,"min_height_levels":1,"public_terrain_type":0,"survey_token":0}
[2026-10-04 11:36:45] dbg: [script:4] [0] [I] RIVER_SURVEY_TILE {"tile":7244,"x":76,"y":56,"slope":6,"min_height_levels":3,"public_terrain_type":0,"survey_token":0}
[2026-10-04 11:36:45] dbg: [script:4] [0] [I] RIVER_SURVEY_TILE {"tile":7269,"x":101,"y":56,"slope":0,"min_height_levels":1,"public_terrain_type":0,"survey_token":0}
[2026-10-04 11:36:45] dbg: [script:4] [0] [I] RIVER_SURVEY_TILE {"tile":7270,"x":102,"y":56,"slope":0,"min_height_levels":1,"public_terrain_type":0,"survey_token":0}
[2026-10-04 11:36:45] dbg: [script:4] [0] [I] RIVER_SURVEY_TILE {"tile":7271,"x":103,"y":56,"slope":0,"min_height_levels":1,"public_terrain_type":0,"survey_token":0}
[2026-10-04 11:36:45] dbg: [script:4] [0] [I] RIVER_SURVEY_TILE {"tile":7272,"x":104,"y":56,"slope":0,"min_height_levels":1,"public_terrain_type":0,"survey_token":0}
[2026-10-04 11:36:45] dbg: [script:4] [0] [I] RIVER_SURVEY_TILE {"tile":7371,"x":75,"y":57,"slope":0,"min_height_levels":4,"public_terrain_type":3,"survey_token":0}
[2026-10-04 11:36:45] dbg: [script:4] [0] [I] RIVER_SURVEY_TILE {"tile":7372,"x":76,"y":57,"slope":0,"min_height_levels":4,"public_terrain_type":3,"survey_token":0}
[2026-10-04 11:36:45] dbg: [script:4] [0] [I] RIVER_SURVEY_TILE {"tile":7398,"x":102,"y":57,"slope":0,"min_height_levels":1,"public_terrain_type":0,"survey_token":0}
[2026-10-04 11:36:45] dbg: [script:4] [0] [I] RIVER_SURVEY_TILE {"tile":7399,"x":103,"y":57,"slope":0,"min_height_levels":1,"public_terrain_type":0,"survey_token":0}
[2026-10-04 11:36:45] dbg: [script:4] [0] [I] RIVER_SURVEY_TILE {"tile":7400,"x":104,"y":57,"slope":0,"min_height_levels":1,"public_terrain_type":0,"survey_token":0}
[2026-10-04 11:36:45] dbg: [script:4] [0] [I] RIVER_SURVEY_TILE {"tile":7401,"x":105,"y":57,"slope":0,"min_height_levels":1,"public_terrain_type":0,"survey_token":0}
[2026-10-04 11:36:45] dbg: [script:4] [0] [I] RIVER_SURVEY_TILE {"tile":7402,"x":106,"y":57,"slope":0,"min_height_levels":1,"public_terrain_type":0,"survey_token":0}
[2026-10-04 11:36:45] dbg: [script:4] [0] [I] RIVER_SURVEY_TILE {"tile":7403,"x":107,"y":57,"slope":0,"min_height_levels":1,"public_terrain_type":0,"survey_token":0}
[2026-10-04 11:36:45] dbg: [script:4] [0] [I] RIVER_SURVEY_TILE {"tile":7404,"x":108,"y":57,"slope":0,"min_height_levels":1,"public_terrain_type":0,"survey_token":0}
[2026-10-04 11:36:45] dbg: [script:4] [0] [I] RIVER_SURVEY_TILE {"tile":7499,"x":75,"y":58,"slope":6,"min_height_levels":4,"public_terrain_type":3,"survey_token":0}
[2026-10-04 11:36:45] dbg: [script:4] [0] [I] RIVER_SURVEY_TILE {"tile":7527,"x":103,"y":58,"slope":0,"min_height_levels":1,"public_terrain_type":0,"survey_token":0}
[2026-10-04 11:36:45] dbg: [script:4] [0] [I] RIVER_SURVEY_TILE {"tile":7528,"x":104,"y":58,"slope":0,"min_height_levels":1,"public_terrain_type":0,"survey_token":0}
[2026-10-04 11:36:45] dbg: [script:4] [0] [I] RIVER_SURVEY_TILE {"tile":7529,"x":105,"y":58,"slope":0,"min_height_levels":1,"public_terrain_type":0,"survey_token":0}
[2026-10-04 11:36:45] dbg: [script:4] [0] [I] RIVER_SURVEY_TILE {"tile":7530,"x":106,"y":58,"slope":0,"min_height_levels":1,"public_terrain_type":0,"survey_token":0}
[2026-10-04 11:36:45] dbg: [script:4] [0] [I] RIVER_SURVEY_TILE {"tile":7531,"x":107,"y":58,"slope":0,"min_height_levels":1,"public_terrain_type":0,"survey_token":0}
[2026-10-04 11:36:45] dbg: [script:4] [0] [I] RIVER_SURVEY_TILE {"tile":7532,"x":108,"y":58,"slope":0,"min_height_levels":1,"public_terrain_type":0,"survey_token":0}
[2026-10-04 11:36:45] dbg: [script:4] [0] [I] RIVER_SURVEY_TILE {"tile":7533,"x":109,"y":58,"slope":0,"min_height_levels":1,"public_terrain_type":0,"survey_token":0}
[2026-10-04 11:36:45] dbg: [script:4] [0] [I] RIVER_SURVEY_TILE {"tile":7605,"x":53,"y":59,"slope":0,"min_height_levels":2,"public_terrain_type":0,"survey_token":0}
[2026-10-04 11:36:45] dbg: [script:4] [0] [I] RIVER_SURVEY_TILE {"tile":7606,"x":54,"y":59,"slope":3,"min_height_levels":2,"public_terrain_type":0,"survey_token":0}
[2026-10-04 11:36:45] dbg: [script:4] [0] [I] RIVER_SURVEY_TILE {"tile":7607,"x":55,"y":59,"slope":0,"min_height_levels":3,"public_terrain_type":0,"survey_token":0}
[2026-10-04 11:36:45] dbg: [script:4] [0] [I] RIVER_SURVEY_TILE {"tile":7608,"x":56,"y":59,"slope":0,"min_height_levels":3,"public_terrain_type":0,"survey_token":0}
[2026-10-04 11:36:45] dbg: [script:4] [0] [I] RIVER_SURVEY_TILE {"tile":7609,"x":57,"y":59,"slope":3,"min_height_levels":3,"public_terrain_type":0,"survey_token":0}
[2026-10-04 11:36:45] dbg: [script:4] [0] [I] RIVER_SURVEY_TILE {"tile":7610,"x":58,"y":59,"slope":0,"min_height_levels":4,"public_terrain_type":3,"survey_token":0}
[2026-10-04 11:36:45] dbg: [script:4] [0] [I] RIVER_SURVEY_TILE {"tile":7611,"x":59,"y":59,"slope":3,"min_height_levels":4,"public_terrain_type":3,"survey_token":0}
[2026-10-04 11:36:45] dbg: [script:4] [0] [I] RIVER_SURVEY_TILE {"tile":7612,"x":60,"y":59,"slope":0,"min_height_levels":5,"public_terrain_type":3,"survey_token":0}
[2026-10-04 11:36:45] dbg: [script:4] [0] [I] RIVER_SURVEY_TILE {"tile":7613,"x":61,"y":59,"slope":0,"min_height_levels":5,"public_terrain_type":3,"survey_token":0}
[2026-10-04 11:36:45] dbg: [script:4] [0] [I] RIVER_SURVEY_TILE {"tile":7627,"x":75,"y":59,"slope":0,"min_height_levels":5,"public_terrain_type":3,"survey_token":0}
[2026-10-04 11:36:45] dbg: [script:4] [0] [I] RIVER_SURVEY_TILE {"tile":7659,"x":107,"y":59,"slope":0,"min_height_levels":1,"public_terrain_type":0,"survey_token":0}
[2026-10-04 11:36:45] dbg: [script:4] [0] [I] RIVER_SURVEY_TILE {"tile":7660,"x":108,"y":59,"slope":0,"min_height_levels":1,"public_terrain_type":0,"survey_token":0}
[2026-10-04 11:36:45] dbg: [script:4] [0] [I] RIVER_SURVEY_TILE {"tile":7661,"x":109,"y":59,"slope":0,"min_height_levels":1,"public_terrain_type":0,"survey_token":0}
[2026-10-04 11:36:45] dbg: [script:4] [1] [I] RIVER_SURVEY_TILE {"tile":6604,"x":76,"y":51,"slope":0,"min_height_levels":3,"public_terrain_type":0,"survey_token":683582092}
[2026-10-04 11:36:45] dbg: [script:4] [1] [I] RIVER_SURVEY_TILE {"tile":6624,"x":96,"y":51,"slope":0,"min_height_levels":1,"public_terrain_type":0,"survey_token":683582092}
[2026-10-04 11:36:45] dbg: [script:4] [1] [I] RIVER_SURVEY_TILE {"tile":6625,"x":97,"y":51,"slope":0,"min_height_levels":1,"public_terrain_type":0,"survey_token":683582092}
[2026-10-04 11:36:45] dbg: [script:4] [1] [I] RIVER_SURVEY_TILE {"tile":6732,"x":76,"y":52,"slope":0,"min_height_levels":3,"public_terrain_type":0,"survey_token":683582092}
[2026-10-04 11:36:45] dbg: [script:4] [1] [I] RIVER_SURVEY_TILE {"tile":6752,"x":96,"y":52,"slope":0,"min_height_levels":1,"public_terrain_type":0,"survey_token":683582092}
[2026-10-04 11:36:45] dbg: [script:4] [1] [I] RIVER_SURVEY_TILE {"tile":6753,"x":97,"y":52,"slope":0,"min_height_levels":1,"public_terrain_type":0,"survey_token":683582092}
[2026-10-04 11:36:45] dbg: [script:4] [1] [I] RIVER_SURVEY_TILE {"tile":6754,"x":98,"y":52,"slope":0,"min_height_levels":1,"public_terrain_type":0,"survey_token":683582092}
[2026-10-04 11:36:45] dbg: [script:4] [1] [I] RIVER_SURVEY_TILE {"tile":6860,"x":76,"y":53,"slope":0,"min_height_levels":3,"public_terrain_type":0,"survey_token":683582092}
[2026-10-04 11:36:45] dbg: [script:4] [1] [I] RIVER_SURVEY_TILE {"tile":6880,"x":96,"y":53,"slope":0,"min_height_levels":1,"public_terrain_type":0,"survey_token":683582092}
[2026-10-04 11:36:45] dbg: [script:4] [1] [I] RIVER_SURVEY_TILE {"tile":6881,"x":97,"y":53,"slope":0,"min_height_levels":1,"public_terrain_type":0,"survey_token":683582092}
[2026-10-04 11:36:45] dbg: [script:4] [1] [I] RIVER_SURVEY_TILE {"tile":6882,"x":98,"y":53,"slope":0,"min_height_levels":1,"public_terrain_type":0,"survey_token":683582092}
[2026-10-04 11:36:45] dbg: [script:4] [1] [I] RIVER_SURVEY_TILE {"tile":6883,"x":99,"y":53,"slope":0,"min_height_levels":1,"public_terrain_type":0,"survey_token":683582092}
[2026-10-04 11:36:45] dbg: [script:4] [1] [I] RIVER_SURVEY_TILE {"tile":6884,"x":100,"y":53,"slope":0,"min_height_levels":1,"public_terrain_type":0,"survey_token":683582092}
[2026-10-04 11:36:45] dbg: [script:4] [1] [I] RIVER_SURVEY_TILE {"tile":6988,"x":76,"y":54,"slope":0,"min_height_levels":3,"public_terrain_type":0,"survey_token":683582092}
[2026-10-04 11:36:45] dbg: [script:4] [1] [I] RIVER_SURVEY_TILE {"tile":7010,"x":98,"y":54,"slope":0,"min_height_levels":1,"public_terrain_type":0,"survey_token":683582092}
[2026-10-04 11:36:45] dbg: [script:4] [1] [I] RIVER_SURVEY_TILE {"tile":7011,"x":99,"y":54,"slope":0,"min_height_levels":1,"public_terrain_type":0,"survey_token":683582092}
[2026-10-04 11:36:45] dbg: [script:4] [1] [I] RIVER_SURVEY_TILE {"tile":7012,"x":100,"y":54,"slope":0,"min_height_levels":1,"public_terrain_type":0,"survey_token":683582092}
[2026-10-04 11:36:45] dbg: [script:4] [1] [I] RIVER_SURVEY_TILE {"tile":7013,"x":101,"y":54,"slope":0,"min_height_levels":1,"public_terrain_type":0,"survey_token":683582092}
[2026-10-04 11:36:45] dbg: [script:4] [1] [I] RIVER_SURVEY_TILE {"tile":7014,"x":102,"y":54,"slope":0,"min_height_levels":1,"public_terrain_type":0,"survey_token":683582092}
[2026-10-04 11:36:45] dbg: [script:4] [1] [I] RIVER_SURVEY_TILE {"tile":7116,"x":76,"y":55,"slope":0,"min_height_levels":3,"public_terrain_type":0,"survey_token":683582092}
[2026-10-04 11:36:45] dbg: [script:4] [1] [I] RIVER_SURVEY_TILE {"tile":7139,"x":99,"y":55,"slope":0,"min_height_levels":1,"public_terrain_type":0,"survey_token":683582092}
[2026-10-04 11:36:45] dbg: [script:4] [1] [I] RIVER_SURVEY_TILE {"tile":7140,"x":100,"y":55,"slope":0,"min_height_levels":1,"public_terrain_type":0,"survey_token":683582092}
[2026-10-04 11:36:45] dbg: [script:4] [1] [I] RIVER_SURVEY_TILE {"tile":7141,"x":101,"y":55,"slope":0,"min_height_levels":1,"public_terrain_type":0,"survey_token":683582092}
[2026-10-04 11:36:45] dbg: [script:4] [1] [I] RIVER_SURVEY_TILE {"tile":7142,"x":102,"y":55,"slope":0,"min_height_levels":1,"public_terrain_type":0,"survey_token":683582092}
[2026-10-04 11:36:46] dbg: [script:4] [0] [I] RIVER_SURVEY_TILE {"tile":7725,"x":45,"y":60,"slope":3,"min_height_levels":0,"public_terrain_type":0,"survey_token":0}
[2026-10-04 11:36:46] dbg: [script:4] [0] [I] RIVER_SURVEY_TILE {"tile":7726,"x":46,"y":60,"slope":0,"min_height_levels":1,"public_terrain_type":0,"survey_token":0}
[2026-10-04 11:36:46] dbg: [script:4] [0] [I] RIVER_SURVEY_TILE {"tile":7727,"x":47,"y":60,"slope":0,"min_height_levels":1,"public_terrain_type":0,"survey_token":0}
[2026-10-04 11:36:46] dbg: [script:4] [0] [I] RIVER_SURVEY_TILE {"tile":7728,"x":48,"y":60,"slope":0,"min_height_levels":1,"public_terrain_type":0,"survey_token":0}
[2026-10-04 11:36:46] dbg: [script:4] [0] [I] RIVER_SURVEY_TILE {"tile":7729,"x":49,"y":60,"slope":0,"min_height_levels":1,"public_terrain_type":0,"survey_token":0}
[2026-10-04 11:36:46] dbg: [script:4] [0] [I] RIVER_SURVEY_TILE {"tile":7730,"x":50,"y":60,"slope":0,"min_height_levels":1,"public_terrain_type":0,"survey_token":0}
[2026-10-04 11:36:46] dbg: [script:4] [0] [I] RIVER_SURVEY_TILE {"tile":7731,"x":51,"y":60,"slope":3,"min_height_levels":1,"public_terrain_type":0,"survey_token":0}
[2026-10-04 11:36:46] dbg: [script:4] [0] [I] RIVER_SURVEY_TILE {"tile":7732,"x":52,"y":60,"slope":0,"min_height_levels":2,"public_terrain_type":0,"survey_token":0}
[2026-10-04 11:36:46] dbg: [script:4] [0] [I] RIVER_SURVEY_TILE {"tile":7733,"x":53,"y":60,"slope":0,"min_height_levels":2,"public_terrain_type":0,"survey_token":0}
[2026-10-04 11:36:46] dbg: [script:4] [0] [I] RIVER_SURVEY_TILE {"tile":7755,"x":75,"y":60,"slope":0,"min_height_levels":5,"public_terrain_type":3,"survey_token":0}
[2026-10-04 11:36:46] dbg: [script:4] [0] [I] RIVER_SURVEY_TILE {"tile":7788,"x":108,"y":60,"slope":0,"min_height_levels":1,"public_terrain_type":0,"survey_token":0}
[2026-10-04 11:36:46] dbg: [script:4] [0] [I] RIVER_SURVEY_TILE {"tile":7789,"x":109,"y":60,"slope":0,"min_height_levels":1,"public_terrain_type":0,"survey_token":0}
[2026-10-04 11:36:46] dbg: [script:4] [0] [I] RIVER_SURVEY_TILE {"tile":7790,"x":110,"y":60,"slope":0,"min_height_levels":1,"public_terrain_type":0,"survey_token":0}
[2026-10-04 11:36:46] dbg: [script:4] [0] [I] RIVER_SURVEY_TILE {"tile":7791,"x":111,"y":60,"slope":0,"min_height_levels":1,"public_terrain_type":0,"survey_token":0}
[2026-10-04 11:36:46] dbg: [script:4] [0] [I] RIVER_SURVEY_TILE {"tile":7792,"x":112,"y":60,"slope":0,"min_height_levels":1,"public_terrain_type":0,"survey_token":0}
[2026-10-04 11:36:46] dbg: [script:4] [0] [I] RIVER_SURVEY_TILE {"tile":7883,"x":75,"y":61,"slope":0,"min_height_levels":5,"public_terrain_type":3,"survey_token":0}
[2026-10-04 11:36:46] dbg: [script:4] [0] [I] RIVER_SURVEY_TILE {"tile":7916,"x":108,"y":61,"slope":0,"min_height_levels":1,"public_terrain_type":0,"survey_token":0}
[2026-10-04 11:36:46] dbg: [script:4] [0] [I] RIVER_SURVEY_TILE {"tile":7917,"x":109,"y":61,"slope":0,"min_height_levels":1,"public_terrain_type":0,"survey_token":0}
[2026-10-04 11:36:46] dbg: [script:4] [0] [I] RIVER_SURVEY_TILE {"tile":7918,"x":110,"y":61,"slope":0,"min_height_levels":1,"public_terrain_type":0,"survey_token":0}
[2026-10-04 11:36:46] dbg: [script:4] [0] [I] RIVER_SURVEY_TILE {"tile":7919,"x":111,"y":61,"slope":0,"min_height_levels":1,"public_terrain_type":0,"survey_token":0}
[2026-10-04 11:36:46] dbg: [script:4] [0] [I] RIVER_SURVEY_TILE {"tile":7920,"x":112,"y":61,"slope":0,"min_height_levels":1,"public_terrain_type":0,"survey_token":0}
[2026-10-04 11:36:46] dbg: [script:4] [0] [I] RIVER_SURVEY_TILE {"tile":7921,"x":113,"y":61,"slope":0,"min_height_levels":1,"public_terrain_type":0,"survey_token":0}
[2026-10-04 11:36:46] dbg: [script:4] [0] [I] RIVER_SURVEY_TILE {"tile":7922,"x":114,"y":61,"slope":0,"min_height_levels":1,"public_terrain_type":0,"survey_token":0}
[2026-10-04 11:36:46] dbg: [script:4] [0] [I] RIVER_SURVEY_TILE {"tile":8047,"x":111,"y":62,"slope":9,"min_height_levels":0,"public_terrain_type":0,"survey_token":0}
[2026-10-04 11:36:46] dbg: [script:4] [0] [I] RIVER_SURVEY_TILE {"tile":8048,"x":112,"y":62,"slope":9,"min_height_levels":0,"public_terrain_type":0,"survey_token":0}
[2026-10-04 11:36:46] dbg: [script:4] [0] [I] RIVER_SURVEY_TILE {"tile":8049,"x":113,"y":62,"slope":9,"min_height_levels":0,"public_terrain_type":0,"survey_token":0}
[2026-10-04 11:36:46] dbg: [script:4] [0] [I] RIVER_SURVEY_TILE {"tile":8050,"x":114,"y":62,"slope":9,"min_height_levels":0,"public_terrain_type":0,"survey_token":0}
[2026-10-04 11:36:46] dbg: [script:4] [1] [I] RIVER_SURVEY_TILE {"tile":7143,"x":103,"y":55,"slope":0,"min_height_levels":1,"public_terrain_type":0,"survey_token":683582092}
[2026-10-04 11:36:46] dbg: [script:4] [1] [I] RIVER_SURVEY_TILE {"tile":7244,"x":76,"y":56,"slope":6,"min_height_levels":3,"public_terrain_type":0,"survey_token":683582092}
[2026-10-04 11:36:46] dbg: [script:4] [1] [I] RIVER_SURVEY_TILE {"tile":7269,"x":101,"y":56,"slope":0,"min_height_levels":1,"public_terrain_type":0,"survey_token":683582092}
[2026-10-04 11:36:46] dbg: [script:4] [1] [I] RIVER_SURVEY_TILE {"tile":7270,"x":102,"y":56,"slope":0,"min_height_levels":1,"public_terrain_type":0,"survey_token":683582092}
[2026-10-04 11:36:46] dbg: [script:4] [1] [I] RIVER_SURVEY_TILE {"tile":7271,"x":103,"y":56,"slope":0,"min_height_levels":1,"public_terrain_type":0,"survey_token":683582092}
[2026-10-04 11:36:46] dbg: [script:4] [1] [I] RIVER_SURVEY_TILE {"tile":7272,"x":104,"y":56,"slope":0,"min_height_levels":1,"public_terrain_type":0,"survey_token":683582092}
[2026-10-04 11:36:46] dbg: [script:4] [1] [I] RIVER_SURVEY_TILE {"tile":7371,"x":75,"y":57,"slope":0,"min_height_levels":4,"public_terrain_type":3,"survey_token":683582092}
[2026-10-04 11:36:46] dbg: [script:4] [1] [I] RIVER_SURVEY_TILE {"tile":7372,"x":76,"y":57,"slope":0,"min_height_levels":4,"public_terrain_type":3,"survey_token":683582092}
[2026-10-04 11:36:46] dbg: [script:4] [1] [I] RIVER_SURVEY_TILE {"tile":7398,"x":102,"y":57,"slope":0,"min_height_levels":1,"public_terrain_type":0,"survey_token":683582092}
[2026-10-04 11:36:46] dbg: [script:4] [1] [I] RIVER_SURVEY_TILE {"tile":7399,"x":103,"y":57,"slope":0,"min_height_levels":1,"public_terrain_type":0,"survey_token":683582092}
[2026-10-04 11:36:46] dbg: [script:4] [1] [I] RIVER_SURVEY_TILE {"tile":7400,"x":104,"y":57,"slope":0,"min_height_levels":1,"public_terrain_type":0,"survey_token":683582092}
[2026-10-04 11:36:46] dbg: [script:4] [1] [I] RIVER_SURVEY_TILE {"tile":7401,"x":105,"y":57,"slope":0,"min_height_levels":1,"public_terrain_type":0,"survey_token":683582092}
[2026-10-04 11:36:46] dbg: [script:4] [1] [I] RIVER_SURVEY_TILE {"tile":7402,"x":106,"y":57,"slope":0,"min_height_levels":1,"public_terrain_type":0,"survey_token":683582092}
[2026-10-04 11:36:46] dbg: [script:4] [1] [I] RIVER_SURVEY_TILE {"tile":7403,"x":107,"y":57,"slope":0,"min_height_levels":1,"public_terrain_type":0,"survey_token":683582092}
[2026-10-04 11:36:46] dbg: [script:4] [1] [I] RIVER_SURVEY_TILE {"tile":7404,"x":108,"y":57,"slope":0,"min_height_levels":1,"public_terrain_type":0,"survey_token":683582092}
[2026-10-04 11:36:46] dbg: [script:4] [1] [I] RIVER_SURVEY_TILE {"tile":7499,"x":75,"y":58,"slope":6,"min_height_levels":4,"public_terrain_type":3,"survey_token":683582092}
[2026-10-04 11:36:46] dbg: [script:4] [1] [I] RIVER_SURVEY_TILE {"tile":7527,"x":103,"y":58,"slope":0,"min_height_levels":1,"public_terrain_type":0,"survey_token":683582092}
[2026-10-04 11:36:46] dbg: [script:4] [1] [I] RIVER_SURVEY_TILE {"tile":7528,"x":104,"y":58,"slope":0,"min_height_levels":1,"public_terrain_type":0,"survey_token":683582092}
[2026-10-04 11:36:46] dbg: [script:4] [1] [I] RIVER_SURVEY_TILE {"tile":7529,"x":105,"y":58,"slope":0,"min_height_levels":1,"public_terrain_type":0,"survey_token":683582092}
[2026-10-04 11:36:46] dbg: [script:4] [1] [I] RIVER_SURVEY_TILE {"tile":7530,"x":106,"y":58,"slope":0,"min_height_levels":1,"public_terrain_type":0,"survey_token":683582092}
[2026-10-04 11:36:46] dbg: [script:4] [1] [I] RIVER_SURVEY_TILE {"tile":7531,"x":107,"y":58,"slope":0,"min_height_levels":1,"public_terrain_type":0,"survey_token":683582092}
[2026-10-04 11:36:46] dbg: [script:4] [1] [I] RIVER_SURVEY_TILE {"tile":7532,"x":108,"y":58,"slope":0,"min_height_levels":1,"public_terrain_type":0,"survey_token":683582092}
[2026-10-04 11:36:46] dbg: [script:4] [1] [I] RIVER_SURVEY_TILE {"tile":7533,"x":109,"y":58,"slope":0,"min_height_levels":1,"public_terrain_type":0,"survey_token":683582092}
[2026-10-04 11:36:46] dbg: [script:4] [1] [I] RIVER_SURVEY_TILE {"tile":7605,"x":53,"y":59,"slope":0,"min_height_levels":2,"public_terrain_type":0,"survey_token":683582092}
[2026-10-04 11:36:46] dbg: [script:4] [1] [I] RIVER_SURVEY_TILE {"tile":7606,"x":54,"y":59,"slope":3,"min_height_levels":2,"public_terrain_type":0,"survey_token":683582092}
[2026-10-04 11:36:46] dbg: [script:4] [1] [I] RIVER_SURVEY_TILE {"tile":7607,"x":55,"y":59,"slope":0,"min_height_levels":3,"public_terrain_type":0,"survey_token":683582092}
[2026-10-04 11:36:46] dbg: [script:4] [1] [I] RIVER_SURVEY_TILE {"tile":7608,"x":56,"y":59,"slope":0,"min_height_levels":3,"public_terrain_type":0,"survey_token":683582092}
[2026-10-04 11:36:46] dbg: [script:4] [1] [I] RIVER_SURVEY_TILE {"tile":7609,"x":57,"y":59,"slope":3,"min_height_levels":3,"public_terrain_type":0,"survey_token":683582092}
[2026-10-04 11:36:46] dbg: [script:4] [1] [I] RIVER_SURVEY_TILE {"tile":7610,"x":58,"y":59,"slope":0,"min_height_levels":4,"public_terrain_type":3,"survey_token":683582092}
[2026-10-04 11:36:46] dbg: [script:4] [1] [I] RIVER_SURVEY_TILE {"tile":7611,"x":59,"y":59,"slope":3,"min_height_levels":4,"public_terrain_type":3,"survey_token":683582092}
[2026-10-04 11:36:46] dbg: [script:4] [1] [I] RIVER_SURVEY_TILE {"tile":7612,"x":60,"y":59,"slope":0,"min_height_levels":5,"public_terrain_type":3,"survey_token":683582092}
[2026-10-04 11:36:46] dbg: [script:4] [1] [I] RIVER_SURVEY_TILE {"tile":7613,"x":61,"y":59,"slope":0,"min_height_levels":5,"public_terrain_type":3,"survey_token":683582092}
[2026-10-04 11:36:46] dbg: [script:4] [1] [I] RIVER_SURVEY_TILE {"tile":7627,"x":75,"y":59,"slope":0,"min_height_levels":5,"public_terrain_type":3,"survey_token":683582092}
[2026-10-04 11:36:46] dbg: [script:4] [1] [I] RIVER_SURVEY_TILE {"tile":7659,"x":107,"y":59,"slope":0,"min_height_levels":1,"public_terrain_type":0,"survey_token":683582092}
[2026-10-04 11:36:46] dbg: [script:4] [1] [I] RIVER_SURVEY_TILE {"tile":7660,"x":108,"y":59,"slope":0,"min_height_levels":1,"public_terrain_type":0,"survey_token":683582092}
[2026-10-04 11:36:46] dbg: [script:4] [1] [I] RIVER_SURVEY_TILE {"tile":7661,"x":109,"y":59,"slope":0,"min_height_levels":1,"public_terrain_type":0,"survey_token":683582092}
[2026-10-04 11:36:46] dbg: [script:4] [0] [I] RIVER_SURVEY_TILE {"tile":8534,"x":86,"y":66,"slope":0,"min_height_levels":5,"public_terrain_type":3,"survey_token":0}
[2026-10-04 11:36:46] dbg: [script:4] [0] [I] RIVER_SURVEY_TILE {"tile":8535,"x":87,"y":66,"slope":0,"min_height_levels":5,"public_terrain_type":3,"survey_token":0}
[2026-10-04 11:36:46] dbg: [script:4] [0] [I] RIVER_SURVEY_TILE {"tile":8536,"x":88,"y":66,"slope":0,"min_height_levels":5,"public_terrain_type":3,"survey_token":0}
[2026-10-04 11:36:46] dbg: [script:4] [0] [I] RIVER_SURVEY_TILE {"tile":8664,"x":88,"y":67,"slope":9,"min_height_levels":4,"public_terrain_type":3,"survey_token":0}
[2026-10-04 11:36:46] dbg: [script:4] [0] [I] RIVER_SURVEY_TILE {"tile":8792,"x":88,"y":68,"slope":0,"min_height_levels":4,"public_terrain_type":3,"survey_token":0}
[2026-10-04 11:36:46] dbg: [script:4] [1] [I] RIVER_SURVEY_TILE {"tile":7725,"x":45,"y":60,"slope":3,"min_height_levels":0,"public_terrain_type":0,"survey_token":683582092}
[2026-10-04 11:36:46] dbg: [script:4] [1] [I] RIVER_SURVEY_TILE {"tile":7726,"x":46,"y":60,"slope":0,"min_height_levels":1,"public_terrain_type":0,"survey_token":683582092}
[2026-10-04 11:36:46] dbg: [script:4] [1] [I] RIVER_SURVEY_TILE {"tile":7727,"x":47,"y":60,"slope":0,"min_height_levels":1,"public_terrain_type":0,"survey_token":683582092}
[2026-10-04 11:36:46] dbg: [script:4] [1] [I] RIVER_SURVEY_TILE {"tile":7728,"x":48,"y":60,"slope":0,"min_height_levels":1,"public_terrain_type":0,"survey_token":683582092}
[2026-10-04 11:36:46] dbg: [script:4] [1] [I] RIVER_SURVEY_TILE {"tile":7729,"x":49,"y":60,"slope":0,"min_height_levels":1,"public_terrain_type":0,"survey_token":683582092}
[2026-10-04 11:36:46] dbg: [script:4] [1] [I] RIVER_SURVEY_TILE {"tile":7730,"x":50,"y":60,"slope":0,"min_height_levels":1,"public_terrain_type":0,"survey_token":683582092}
[2026-10-04 11:36:46] dbg: [script:4] [1] [I] RIVER_SURVEY_TILE {"tile":7731,"x":51,"y":60,"slope":3,"min_height_levels":1,"public_terrain_type":0,"survey_token":683582092}
[2026-10-04 11:36:46] dbg: [script:4] [1] [I] RIVER_SURVEY_TILE {"tile":7732,"x":52,"y":60,"slope":0,"min_height_levels":2,"public_terrain_type":0,"survey_token":683582092}
[2026-10-04 11:36:46] dbg: [script:4] [1] [I] RIVER_SURVEY_TILE {"tile":7733,"x":53,"y":60,"slope":0,"min_height_levels":2,"public_terrain_type":0,"survey_token":683582092}
[2026-10-04 11:36:46] dbg: [script:4] [1] [I] RIVER_SURVEY_TILE {"tile":7755,"x":75,"y":60,"slope":0,"min_height_levels":5,"public_terrain_type":3,"survey_token":683582092}
[2026-10-04 11:36:46] dbg: [script:4] [1] [I] RIVER_SURVEY_TILE {"tile":7788,"x":108,"y":60,"slope":0,"min_height_levels":1,"public_terrain_type":0,"survey_token":683582092}
[2026-10-04 11:36:46] dbg: [script:4] [1] [I] RIVER_SURVEY_TILE {"tile":7789,"x":109,"y":60,"slope":0,"min_height_levels":1,"public_terrain_type":0,"survey_token":683582092}
[2026-10-04 11:36:46] dbg: [script:4] [1] [I] RIVER_SURVEY_TILE {"tile":7790,"x":110,"y":60,"slope":0,"min_height_levels":1,"public_terrain_type":0,"survey_token":683582092}
[2026-10-04 11:36:46] dbg: [script:4] [1] [I] RIVER_SURVEY_TILE {"tile":7791,"x":111,"y":60,"slope":0,"min_height_levels":1,"public_terrain_type":0,"survey_token":683582092}
[2026-10-04 11:36:46] dbg: [script:4] [1] [I] RIVER_SURVEY_TILE {"tile":7792,"x":112,"y":60,"slope":0,"min_height_levels":1,"public_terrain_type":0,"survey_token":683582092}
[2026-10-04 11:36:46] dbg: [script:4] [1] [I] RIVER_SURVEY_TILE {"tile":7883,"x":75,"y":61,"slope":0,"min_height_levels":5,"public_terrain_type":3,"survey_token":683582092}
[2026-10-04 11:36:46] dbg: [script:4] [1] [I] RIVER_SURVEY_TILE {"tile":7916,"x":108,"y":61,"slope":0,"min_height_levels":1,"public_terrain_type":0,"survey_token":683582092}
[2026-10-04 11:36:46] dbg: [script:4] [1] [I] RIVER_SURVEY_TILE {"tile":7917,"x":109,"y":61,"slope":0,"min_height_levels":1,"public_terrain_type":0,"survey_token":683582092}
[2026-10-04 11:36:46] dbg: [script:4] [1] [I] RIVER_SURVEY_TILE {"tile":7918,"x":110,"y":61,"slope":0,"min_height_levels":1,"public_terrain_type":0,"survey_token":683582092}
[2026-10-04 11:36:46] dbg: [script:4] [1] [I] RIVER_SURVEY_TILE {"tile":7919,"x":111,"y":61,"slope":0,"min_height_levels":1,"public_terrain_type":0,"survey_token":683582092}
[2026-10-04 11:36:46] dbg: [script:4] [1] [I] RIVER_SURVEY_TILE {"tile":7920,"x":112,"y":61,"slope":0,"min_height_levels":1,"public_terrain_type":0,"survey_token":683582092}
[2026-10-04 11:36:46] dbg: [script:4] [1] [I] RIVER_SURVEY_TILE {"tile":7921,"x":113,"y":61,"slope":0,"min_height_levels":1,"public_terrain_type":0,"survey_token":683582092}
[2026-10-04 11:36:46] dbg: [script:4] [1] [I] RIVER_SURVEY_TILE {"tile":7922,"x":114,"y":61,"slope":0,"min_height_levels":1,"public_terrain_type":0,"survey_token":683582092}
[2026-10-04 11:36:46] dbg: [script:4] [1] [I] RIVER_SURVEY_TILE {"tile":8047,"x":111,"y":62,"slope":9,"min_height_levels":0,"public_terrain_type":0,"survey_token":683582092}
[2026-10-04 11:36:46] dbg: [script:4] [1] [I] RIVER_SURVEY_TILE {"tile":8048,"x":112,"y":62,"slope":9,"min_height_levels":0,"public_terrain_type":0,"survey_token":683582092}
[2026-10-04 11:36:46] dbg: [script:4] [1] [I] RIVER_SURVEY_TILE {"tile":8049,"x":113,"y":62,"slope":9,"min_height_levels":0,"public_terrain_type":0,"survey_token":683582092}
[2026-10-04 11:36:46] dbg: [script:4] [1] [I] RIVER_SURVEY_TILE {"tile":8050,"x":114,"y":62,"slope":9,"min_height_levels":0,"public_terrain_type":0,"survey_token":683582092}
[2026-10-04 11:36:46] dbg: [script:4] [0] [I] RIVER_SURVEY_TILE {"tile":8920,"x":88,"y":69,"slope":0,"min_height_levels":4,"public_terrain_type":3,"survey_token":0}
[2026-10-04 11:36:46] dbg: [script:4] [0] [I] RIVER_SURVEY_TILE {"tile":9048,"x":88,"y":70,"slope":9,"min_height_levels":3,"public_terrain_type":0,"survey_token":0}
[2026-10-04 11:36:46] dbg: [script:4] [0] [I] RIVER_SURVEY_TILE {"tile":9176,"x":88,"y":71,"slope":0,"min_height_levels":3,"public_terrain_type":0,"survey_token":0}
[2026-10-04 11:36:46] dbg: [script:4] [0] [I] RIVER_SURVEY_TILE {"tile":9304,"x":88,"y":72,"slope":0,"min_height_levels":3,"public_terrain_type":0,"survey_token":0}
[2026-10-04 11:36:46] dbg: [script:4] [0] [I] RIVER_SURVEY_TILE {"tile":9432,"x":88,"y":73,"slope":9,"min_height_levels":2,"public_terrain_type":0,"survey_token":0}
[2026-10-04 11:36:46] dbg: [script:4] [1] [I] RIVER_SURVEY_TILE {"tile":8534,"x":86,"y":66,"slope":0,"min_height_levels":5,"public_terrain_type":3,"survey_token":683582092}
[2026-10-04 11:36:46] dbg: [script:4] [1] [I] RIVER_SURVEY_TILE {"tile":8535,"x":87,"y":66,"slope":0,"min_height_levels":5,"public_terrain_type":3,"survey_token":683582092}
[2026-10-04 11:36:46] dbg: [script:4] [1] [I] RIVER_SURVEY_TILE {"tile":8536,"x":88,"y":66,"slope":0,"min_height_levels":5,"public_terrain_type":3,"survey_token":683582092}
[2026-10-04 11:36:46] dbg: [script:4] [1] [I] RIVER_SURVEY_TILE {"tile":8664,"x":88,"y":67,"slope":9,"min_height_levels":4,"public_terrain_type":3,"survey_token":683582092}
[2026-10-04 11:36:46] dbg: [script:4] [1] [I] RIVER_SURVEY_TILE {"tile":8792,"x":88,"y":68,"slope":0,"min_height_levels":4,"public_terrain_type":3,"survey_token":683582092}
[2026-10-04 11:36:46] dbg: [script:4] [0] [I] RIVER_SURVEY_TILE {"tile":9560,"x":88,"y":74,"slope":0,"min_height_levels":2,"public_terrain_type":0,"survey_token":0}
[2026-10-04 11:36:46] dbg: [script:4] [0] [I] RIVER_SURVEY_TILE {"tile":9687,"x":87,"y":75,"slope":0,"min_height_levels":2,"public_terrain_type":0,"survey_token":0}
[2026-10-04 11:36:46] dbg: [script:4] [0] [I] RIVER_SURVEY_TILE {"tile":9688,"x":88,"y":75,"slope":0,"min_height_levels":2,"public_terrain_type":0,"survey_token":0}
[2026-10-04 11:36:46] dbg: [script:4] [0] [I] RIVER_SURVEY_TILE {"tile":9815,"x":87,"y":76,"slope":0,"min_height_levels":2,"public_terrain_type":0,"survey_token":0}
[2026-10-04 11:36:46] dbg: [script:4] [0] [I] RIVER_SURVEY_TILE {"tile":9943,"x":87,"y":77,"slope":0,"min_height_levels":2,"public_terrain_type":0,"survey_token":0}
[2026-10-04 11:36:46] dbg: [script:4] [0] [I] RIVER_SURVEY_TILE {"tile":10071,"x":87,"y":78,"slope":9,"min_height_levels":1,"public_terrain_type":0,"survey_token":0}
[2026-10-04 11:36:46] dbg: [script:4] [1] [I] RIVER_SURVEY_TILE {"tile":8920,"x":88,"y":69,"slope":0,"min_height_levels":4,"public_terrain_type":3,"survey_token":683582092}
[2026-10-04 11:36:46] dbg: [script:4] [1] [I] RIVER_SURVEY_TILE {"tile":9048,"x":88,"y":70,"slope":9,"min_height_levels":3,"public_terrain_type":0,"survey_token":683582092}
[2026-10-04 11:36:46] dbg: [script:4] [1] [I] RIVER_SURVEY_TILE {"tile":9176,"x":88,"y":71,"slope":0,"min_height_levels":3,"public_terrain_type":0,"survey_token":683582092}
[2026-10-04 11:36:46] dbg: [script:4] [1] [I] RIVER_SURVEY_TILE {"tile":9304,"x":88,"y":72,"slope":0,"min_height_levels":3,"public_terrain_type":0,"survey_token":683582092}
[2026-10-04 11:36:46] dbg: [script:4] [1] [I] RIVER_SURVEY_TILE {"tile":9432,"x":88,"y":73,"slope":9,"min_height_levels":2,"public_terrain_type":0,"survey_token":683582092}
[2026-10-04 11:36:46] dbg: [script:4] [0] [I] RIVER_SURVEY_TILE {"tile":10188,"x":76,"y":79,"slope":0,"min_height_levels":1,"public_terrain_type":0,"survey_token":0}
[2026-10-04 11:36:46] dbg: [script:4] [0] [I] RIVER_SURVEY_TILE {"tile":10189,"x":77,"y":79,"slope":0,"min_height_levels":1,"public_terrain_type":0,"survey_token":0}
[2026-10-04 11:36:46] dbg: [script:4] [0] [I] RIVER_SURVEY_TILE {"tile":10190,"x":78,"y":79,"slope":0,"min_height_levels":1,"public_terrain_type":0,"survey_token":0}
[2026-10-04 11:36:46] dbg: [script:4] [0] [I] RIVER_SURVEY_TILE {"tile":10191,"x":79,"y":79,"slope":0,"min_height_levels":1,"public_terrain_type":0,"survey_token":0}
[2026-10-04 11:36:46] dbg: [script:4] [0] [I] RIVER_SURVEY_TILE {"tile":10192,"x":80,"y":79,"slope":0,"min_height_levels":1,"public_terrain_type":0,"survey_token":0}
[2026-10-04 11:36:46] dbg: [script:4] [0] [I] RIVER_SURVEY_TILE {"tile":10193,"x":81,"y":79,"slope":0,"min_height_levels":1,"public_terrain_type":0,"survey_token":0}
[2026-10-04 11:36:46] dbg: [script:4] [0] [I] RIVER_SURVEY_TILE {"tile":10194,"x":82,"y":79,"slope":0,"min_height_levels":1,"public_terrain_type":0,"survey_token":0}
[2026-10-04 11:36:46] dbg: [script:4] [0] [I] RIVER_SURVEY_TILE {"tile":10195,"x":83,"y":79,"slope":0,"min_height_levels":1,"public_terrain_type":0,"survey_token":0}
[2026-10-04 11:36:46] dbg: [script:4] [0] [I] RIVER_SURVEY_TILE {"tile":10196,"x":84,"y":79,"slope":0,"min_height_levels":1,"public_terrain_type":0,"survey_token":0}
[2026-10-04 11:36:46] dbg: [script:4] [0] [I] RIVER_SURVEY_TILE {"tile":10197,"x":85,"y":79,"slope":0,"min_height_levels":1,"public_terrain_type":0,"survey_token":0}
[2026-10-04 11:36:46] dbg: [script:4] [0] [I] RIVER_SURVEY_TILE {"tile":10198,"x":86,"y":79,"slope":0,"min_height_levels":1,"public_terrain_type":0,"survey_token":0}
[2026-10-04 11:36:46] dbg: [script:4] [0] [I] RIVER_SURVEY_TILE {"tile":10199,"x":87,"y":79,"slope":0,"min_height_levels":1,"public_terrain_type":0,"survey_token":0}
[2026-10-04 11:36:46] dbg: [script:4] [0] [I] RIVER_SURVEY_TILE {"tile":10316,"x":76,"y":80,"slope":0,"min_height_levels":1,"public_terrain_type":0,"survey_token":0}
[2026-10-04 11:36:46] dbg: [script:4] [0] [I] RIVER_SURVEY_TILE {"tile":10317,"x":77,"y":80,"slope":0,"min_height_levels":1,"public_terrain_type":0,"survey_token":0}
[2026-10-04 11:36:46] dbg: [script:4] [0] [I] RIVER_SURVEY_TILE {"tile":10318,"x":78,"y":80,"slope":0,"min_height_levels":1,"public_terrain_type":0,"survey_token":0}
[2026-10-04 11:36:46] dbg: [script:4] [0] [I] RIVER_SURVEY_TILE {"tile":10319,"x":79,"y":80,"slope":0,"min_height_levels":1,"public_terrain_type":0,"survey_token":0}
[2026-10-04 11:36:46] dbg: [script:4] [0] [I] RIVER_SURVEY_TILE {"tile":10437,"x":69,"y":81,"slope":0,"min_height_levels":1,"public_terrain_type":0,"survey_token":0}
[2026-10-04 11:36:46] dbg: [script:4] [0] [I] RIVER_SURVEY_TILE {"tile":10438,"x":70,"y":81,"slope":0,"min_height_levels":1,"public_terrain_type":0,"survey_token":0}
[2026-10-04 11:36:46] dbg: [script:4] [0] [I] RIVER_SURVEY_TILE {"tile":10439,"x":71,"y":81,"slope":0,"min_height_levels":1,"public_terrain_type":0,"survey_token":0}
[2026-10-04 11:36:46] dbg: [script:4] [0] [I] RIVER_SURVEY_TILE {"tile":10440,"x":72,"y":81,"slope":0,"min_height_levels":1,"public_terrain_type":0,"survey_token":0}
[2026-10-04 11:36:46] dbg: [script:4] [0] [I] RIVER_SURVEY_TILE {"tile":10441,"x":73,"y":81,"slope":0,"min_height_levels":1,"public_terrain_type":0,"survey_token":0}
[2026-10-04 11:36:46] dbg: [script:4] [0] [I] RIVER_SURVEY_TILE {"tile":10442,"x":74,"y":81,"slope":0,"min_height_levels":1,"public_terrain_type":0,"survey_token":0}
[2026-10-04 11:36:46] dbg: [script:4] [0] [I] RIVER_SURVEY_TILE {"tile":10443,"x":75,"y":81,"slope":0,"min_height_levels":1,"public_terrain_type":0,"survey_token":0}
[2026-10-04 11:36:46] dbg: [script:4] [0] [I] RIVER_SURVEY_TILE {"tile":10444,"x":76,"y":81,"slope":0,"min_height_levels":1,"public_terrain_type":0,"survey_token":0}
[2026-10-04 11:36:46] dbg: [script:4] [0] [I] RIVER_SURVEY_TILE {"tile":10445,"x":77,"y":81,"slope":0,"min_height_levels":1,"public_terrain_type":0,"survey_token":0}
[2026-10-04 11:36:46] dbg: [script:4] [0] [I] RIVER_SURVEY_TILE {"tile":10564,"x":68,"y":82,"slope":0,"min_height_levels":1,"public_terrain_type":0,"survey_token":0}
[2026-10-04 11:36:46] dbg: [script:4] [0] [I] RIVER_SURVEY_TILE {"tile":10565,"x":69,"y":82,"slope":0,"min_height_levels":1,"public_terrain_type":0,"survey_token":0}
[2026-10-04 11:36:46] dbg: [script:4] [0] [I] RIVER_SURVEY_TILE {"tile":10566,"x":70,"y":82,"slope":0,"min_height_levels":1,"public_terrain_type":0,"survey_token":0}
[2026-10-04 11:36:46] dbg: [script:4] [0] [I] RIVER_SURVEY_TILE {"tile":10567,"x":71,"y":82,"slope":0,"min_height_levels":1,"public_terrain_type":0,"survey_token":0}
[2026-10-04 11:36:46] dbg: [script:4] [0] [I] RIVER_SURVEY_TILE {"tile":10568,"x":72,"y":82,"slope":0,"min_height_levels":1,"public_terrain_type":0,"survey_token":0}
[2026-10-04 11:36:46] dbg: [script:4] [0] [I] RIVER_SURVEY_TILE {"tile":10569,"x":73,"y":82,"slope":0,"min_height_levels":1,"public_terrain_type":0,"survey_token":0}
[2026-10-04 11:36:46] dbg: [script:4] [0] [I] RIVER_SURVEY_TILE {"tile":10570,"x":74,"y":82,"slope":0,"min_height_levels":1,"public_terrain_type":0,"survey_token":0}
[2026-10-04 11:36:46] dbg: [script:4] [0] [I] RIVER_SURVEY_TILE {"tile":10571,"x":75,"y":82,"slope":0,"min_height_levels":1,"public_terrain_type":0,"survey_token":0}
[2026-10-04 11:36:46] dbg: [script:4] [0] [I] RIVER_SURVEY_TILE {"tile":10572,"x":76,"y":82,"slope":0,"min_height_levels":1,"public_terrain_type":0,"survey_token":0}
[2026-10-04 11:36:46] dbg: [script:4] [0] [I] RIVER_SURVEY_TILE {"tile":10573,"x":77,"y":82,"slope":0,"min_height_levels":1,"public_terrain_type":0,"survey_token":0}
[2026-10-04 11:36:46] dbg: [script:4] [1] [I] RIVER_SURVEY_TILE {"tile":9560,"x":88,"y":74,"slope":0,"min_height_levels":2,"public_terrain_type":0,"survey_token":683582092}
[2026-10-04 11:36:46] dbg: [script:4] [1] [I] RIVER_SURVEY_TILE {"tile":9687,"x":87,"y":75,"slope":0,"min_height_levels":2,"public_terrain_type":0,"survey_token":683582092}
[2026-10-04 11:36:46] dbg: [script:4] [1] [I] RIVER_SURVEY_TILE {"tile":9688,"x":88,"y":75,"slope":0,"min_height_levels":2,"public_terrain_type":0,"survey_token":683582092}
[2026-10-04 11:36:46] dbg: [script:4] [1] [I] RIVER_SURVEY_TILE {"tile":9815,"x":87,"y":76,"slope":0,"min_height_levels":2,"public_terrain_type":0,"survey_token":683582092}
[2026-10-04 11:36:46] dbg: [script:4] [1] [I] RIVER_SURVEY_TILE {"tile":9943,"x":87,"y":77,"slope":0,"min_height_levels":2,"public_terrain_type":0,"survey_token":683582092}
[2026-10-04 11:36:46] dbg: [script:4] [1] [I] RIVER_SURVEY_TILE {"tile":10071,"x":87,"y":78,"slope":9,"min_height_levels":1,"public_terrain_type":0,"survey_token":683582092}
[2026-10-04 11:36:46] dbg: [script:4] [0] [I] RIVER_SURVEY_TILE {"tile":10690,"x":66,"y":83,"slope":0,"min_height_levels":1,"public_terrain_type":0,"survey_token":0}
[2026-10-04 11:36:46] dbg: [script:4] [0] [I] RIVER_SURVEY_TILE {"tile":10691,"x":67,"y":83,"slope":0,"min_height_levels":1,"public_terrain_type":0,"survey_token":0}
[2026-10-04 11:36:46] dbg: [script:4] [0] [I] RIVER_SURVEY_TILE {"tile":10692,"x":68,"y":83,"slope":0,"min_height_levels":1,"public_terrain_type":0,"survey_token":0}
[2026-10-04 11:36:46] dbg: [script:4] [0] [I] RIVER_SURVEY_TILE {"tile":10693,"x":69,"y":83,"slope":0,"min_height_levels":1,"public_terrain_type":0,"survey_token":0}
[2026-10-04 11:36:46] dbg: [script:4] [0] [I] RIVER_SURVEY_TILE {"tile":10818,"x":66,"y":84,"slope":0,"min_height_levels":1,"public_terrain_type":0,"survey_token":0}
[2026-10-04 11:36:46] dbg: [script:4] [0] [I] RIVER_SURVEY_TILE {"tile":10819,"x":67,"y":84,"slope":0,"min_height_levels":1,"public_terrain_type":0,"survey_token":0}
[2026-10-04 11:36:46] dbg: [script:4] [0] [I] RIVER_SURVEY_TILE {"tile":10946,"x":66,"y":85,"slope":0,"min_height_levels":1,"public_terrain_type":0,"survey_token":0}
[2026-10-04 11:36:46] dbg: [script:4] [0] [I] RIVER_SURVEY_TILE {"tile":11072,"x":64,"y":86,"slope":0,"min_height_levels":1,"public_terrain_type":0,"survey_token":0}
[2026-10-04 11:36:46] dbg: [script:4] [0] [I] RIVER_SURVEY_TILE {"tile":11073,"x":65,"y":86,"slope":0,"min_height_levels":1,"public_terrain_type":0,"survey_token":0}
[2026-10-04 11:36:46] dbg: [script:4] [0] [I] RIVER_SURVEY_TILE {"tile":11074,"x":66,"y":86,"slope":0,"min_height_levels":1,"public_terrain_type":0,"survey_token":0}
[2026-10-04 11:36:46] dbg: [script:4] [0] [I] RIVER_SURVEY_TILE {"tile":11198,"x":62,"y":87,"slope":0,"min_height_levels":1,"public_terrain_type":0,"survey_token":0}
[2026-10-04 11:36:46] dbg: [script:4] [0] [I] RIVER_SURVEY_TILE {"tile":11199,"x":63,"y":87,"slope":0,"min_height_levels":1,"public_terrain_type":0,"survey_token":0}
[2026-10-04 11:36:46] dbg: [script:4] [0] [I] RIVER_SURVEY_TILE {"tile":11200,"x":64,"y":87,"slope":0,"min_height_levels":1,"public_terrain_type":0,"survey_token":0}
[2026-10-04 11:36:46] dbg: [script:4] [0] [I] RIVER_SURVEY_TILE {"tile":11201,"x":65,"y":87,"slope":0,"min_height_levels":1,"public_terrain_type":0,"survey_token":0}
[2026-10-04 11:36:46] dbg: [script:4] [0] [I] RIVER_SURVEY_TILE {"tile":11202,"x":66,"y":87,"slope":0,"min_height_levels":1,"public_terrain_type":0,"survey_token":0}
[2026-10-04 11:36:46] dbg: [script:4] [1] [I] RIVER_SURVEY_TILE {"tile":10188,"x":76,"y":79,"slope":0,"min_height_levels":1,"public_terrain_type":0,"survey_token":683582092}
[2026-10-04 11:36:46] dbg: [script:4] [1] [I] RIVER_SURVEY_TILE {"tile":10189,"x":77,"y":79,"slope":0,"min_height_levels":1,"public_terrain_type":0,"survey_token":683582092}
[2026-10-04 11:36:46] dbg: [script:4] [1] [I] RIVER_SURVEY_TILE {"tile":10190,"x":78,"y":79,"slope":0,"min_height_levels":1,"public_terrain_type":0,"survey_token":683582092}
[2026-10-04 11:36:46] dbg: [script:4] [1] [I] RIVER_SURVEY_TILE {"tile":10191,"x":79,"y":79,"slope":0,"min_height_levels":1,"public_terrain_type":0,"survey_token":683582092}
[2026-10-04 11:36:46] dbg: [script:4] [1] [I] RIVER_SURVEY_TILE {"tile":10192,"x":80,"y":79,"slope":0,"min_height_levels":1,"public_terrain_type":0,"survey_token":683582092}
[2026-10-04 11:36:46] dbg: [script:4] [1] [I] RIVER_SURVEY_TILE {"tile":10193,"x":81,"y":79,"slope":0,"min_height_levels":1,"public_terrain_type":0,"survey_token":683582092}
[2026-10-04 11:36:46] dbg: [script:4] [1] [I] RIVER_SURVEY_TILE {"tile":10194,"x":82,"y":79,"slope":0,"min_height_levels":1,"public_terrain_type":0,"survey_token":683582092}
[2026-10-04 11:36:46] dbg: [script:4] [1] [I] RIVER_SURVEY_TILE {"tile":10195,"x":83,"y":79,"slope":0,"min_height_levels":1,"public_terrain_type":0,"survey_token":683582092}
[2026-10-04 11:36:46] dbg: [script:4] [1] [I] RIVER_SURVEY_TILE {"tile":10196,"x":84,"y":79,"slope":0,"min_height_levels":1,"public_terrain_type":0,"survey_token":683582092}
[2026-10-04 11:36:46] dbg: [script:4] [1] [I] RIVER_SURVEY_TILE {"tile":10197,"x":85,"y":79,"slope":0,"min_height_levels":1,"public_terrain_type":0,"survey_token":683582092}
[2026-10-04 11:36:46] dbg: [script:4] [1] [I] RIVER_SURVEY_TILE {"tile":10198,"x":86,"y":79,"slope":0,"min_height_levels":1,"public_terrain_type":0,"survey_token":683582092}
[2026-10-04 11:36:46] dbg: [script:4] [1] [I] RIVER_SURVEY_TILE {"tile":10199,"x":87,"y":79,"slope":0,"min_height_levels":1,"public_terrain_type":0,"survey_token":683582092}
[2026-10-04 11:36:46] dbg: [script:4] [1] [I] RIVER_SURVEY_TILE {"tile":10316,"x":76,"y":80,"slope":0,"min_height_levels":1,"public_terrain_type":0,"survey_token":683582092}
[2026-10-04 11:36:46] dbg: [script:4] [1] [I] RIVER_SURVEY_TILE {"tile":10317,"x":77,"y":80,"slope":0,"min_height_levels":1,"public_terrain_type":0,"survey_token":683582092}
[2026-10-04 11:36:46] dbg: [script:4] [1] [I] RIVER_SURVEY_TILE {"tile":10318,"x":78,"y":80,"slope":0,"min_height_levels":1,"public_terrain_type":0,"survey_token":683582092}
[2026-10-04 11:36:46] dbg: [script:4] [1] [I] RIVER_SURVEY_TILE {"tile":10319,"x":79,"y":80,"slope":0,"min_height_levels":1,"public_terrain_type":0,"survey_token":683582092}
[2026-10-04 11:36:46] dbg: [script:4] [1] [I] RIVER_SURVEY_TILE {"tile":10437,"x":69,"y":81,"slope":0,"min_height_levels":1,"public_terrain_type":0,"survey_token":683582092}
[2026-10-04 11:36:46] dbg: [script:4] [1] [I] RIVER_SURVEY_TILE {"tile":10438,"x":70,"y":81,"slope":0,"min_height_levels":1,"public_terrain_type":0,"survey_token":683582092}
[2026-10-04 11:36:46] dbg: [script:4] [1] [I] RIVER_SURVEY_TILE {"tile":10439,"x":71,"y":81,"slope":0,"min_height_levels":1,"public_terrain_type":0,"survey_token":683582092}
[2026-10-04 11:36:46] dbg: [script:4] [1] [I] RIVER_SURVEY_TILE {"tile":10440,"x":72,"y":81,"slope":0,"min_height_levels":1,"public_terrain_type":0,"survey_token":683582092}
[2026-10-04 11:36:46] dbg: [script:4] [1] [I] RIVER_SURVEY_TILE {"tile":10441,"x":73,"y":81,"slope":0,"min_height_levels":1,"public_terrain_type":0,"survey_token":683582092}
[2026-10-04 11:36:46] dbg: [script:4] [1] [I] RIVER_SURVEY_TILE {"tile":10442,"x":74,"y":81,"slope":0,"min_height_levels":1,"public_terrain_type":0,"survey_token":683582092}
[2026-10-04 11:36:46] dbg: [script:4] [1] [I] RIVER_SURVEY_TILE {"tile":10443,"x":75,"y":81,"slope":0,"min_height_levels":1,"public_terrain_type":0,"survey_token":683582092}
[2026-10-04 11:36:46] dbg: [script:4] [1] [I] RIVER_SURVEY_TILE {"tile":10444,"x":76,"y":81,"slope":0,"min_height_levels":1,"public_terrain_type":0,"survey_token":683582092}
[2026-10-04 11:36:46] dbg: [script:4] [1] [I] RIVER_SURVEY_TILE {"tile":10445,"x":77,"y":81,"slope":0,"min_height_levels":1,"public_terrain_type":0,"survey_token":683582092}
[2026-10-04 11:36:46] dbg: [script:4] [1] [I] RIVER_SURVEY_TILE {"tile":10564,"x":68,"y":82,"slope":0,"min_height_levels":1,"public_terrain_type":0,"survey_token":683582092}
[2026-10-04 11:36:46] dbg: [script:4] [1] [I] RIVER_SURVEY_TILE {"tile":10565,"x":69,"y":82,"slope":0,"min_height_levels":1,"public_terrain_type":0,"survey_token":683582092}
[2026-10-04 11:36:46] dbg: [script:4] [1] [I] RIVER_SURVEY_TILE {"tile":10566,"x":70,"y":82,"slope":0,"min_height_levels":1,"public_terrain_type":0,"survey_token":683582092}
[2026-10-04 11:36:46] dbg: [script:4] [1] [I] RIVER_SURVEY_TILE {"tile":10567,"x":71,"y":82,"slope":0,"min_height_levels":1,"public_terrain_type":0,"survey_token":683582092}
[2026-10-04 11:36:46] dbg: [script:4] [1] [I] RIVER_SURVEY_TILE {"tile":10568,"x":72,"y":82,"slope":0,"min_height_levels":1,"public_terrain_type":0,"survey_token":683582092}
[2026-10-04 11:36:46] dbg: [script:4] [1] [I] RIVER_SURVEY_TILE {"tile":10569,"x":73,"y":82,"slope":0,"min_height_levels":1,"public_terrain_type":0,"survey_token":683582092}
[2026-10-04 11:36:46] dbg: [script:4] [1] [I] RIVER_SURVEY_TILE {"tile":10570,"x":74,"y":82,"slope":0,"min_height_levels":1,"public_terrain_type":0,"survey_token":683582092}
[2026-10-04 11:36:46] dbg: [script:4] [1] [I] RIVER_SURVEY_TILE {"tile":10571,"x":75,"y":82,"slope":0,"min_height_levels":1,"public_terrain_type":0,"survey_token":683582092}
[2026-10-04 11:36:46] dbg: [script:4] [1] [I] RIVER_SURVEY_TILE {"tile":10572,"x":76,"y":82,"slope":0,"min_height_levels":1,"public_terrain_type":0,"survey_token":683582092}
[2026-10-04 11:36:46] dbg: [script:4] [1] [I] RIVER_SURVEY_TILE {"tile":10573,"x":77,"y":82,"slope":0,"min_height_levels":1,"public_terrain_type":0,"survey_token":683582092}
[2026-10-04 11:36:46] dbg: [script:4] [0] [I] RIVER_SURVEY_TILE {"tile":11322,"x":58,"y":88,"slope":0,"min_height_levels":1,"public_terrain_type":0,"survey_token":0}
[2026-10-04 11:36:46] dbg: [script:4] [0] [I] RIVER_SURVEY_TILE {"tile":11323,"x":59,"y":88,"slope":0,"min_height_levels":1,"public_terrain_type":0,"survey_token":0}
[2026-10-04 11:36:46] dbg: [script:4] [0] [I] RIVER_SURVEY_TILE {"tile":11324,"x":60,"y":88,"slope":0,"min_height_levels":1,"public_terrain_type":0,"survey_token":0}
[2026-10-04 11:36:46] dbg: [script:4] [0] [I] RIVER_SURVEY_TILE {"tile":11325,"x":61,"y":88,"slope":0,"min_height_levels":1,"public_terrain_type":0,"survey_token":0}
[2026-10-04 11:36:46] dbg: [script:4] [0] [I] RIVER_SURVEY_TILE {"tile":11326,"x":62,"y":88,"slope":0,"min_height_levels":1,"public_terrain_type":0,"survey_token":0}
[2026-10-04 11:36:46] dbg: [script:4] [0] [I] RIVER_SURVEY_TILE {"tile":11327,"x":63,"y":88,"slope":0,"min_height_levels":1,"public_terrain_type":0,"survey_token":0}
[2026-10-04 11:36:46] dbg: [script:4] [0] [I] RIVER_SURVEY_TILE {"tile":11328,"x":64,"y":88,"slope":0,"min_height_levels":1,"public_terrain_type":0,"survey_token":0}
[2026-10-04 11:36:46] dbg: [script:4] [0] [I] RIVER_SURVEY_TILE {"tile":11329,"x":65,"y":88,"slope":0,"min_height_levels":1,"public_terrain_type":0,"survey_token":0}
[2026-10-04 11:36:46] dbg: [script:4] [0] [I] RIVER_SURVEY_TILE {"tile":11449,"x":57,"y":89,"slope":0,"min_height_levels":1,"public_terrain_type":0,"survey_token":0}
[2026-10-04 11:36:46] dbg: [script:4] [0] [I] RIVER_SURVEY_TILE {"tile":11450,"x":58,"y":89,"slope":0,"min_height_levels":1,"public_terrain_type":0,"survey_token":0}
[2026-10-04 11:36:46] dbg: [script:4] [0] [I] RIVER_SURVEY_TILE {"tile":11451,"x":59,"y":89,"slope":0,"min_height_levels":1,"public_terrain_type":0,"survey_token":0}
[2026-10-04 11:36:46] dbg: [script:4] [0] [I] RIVER_SURVEY_TILE {"tile":11452,"x":60,"y":89,"slope":0,"min_height_levels":1,"public_terrain_type":0,"survey_token":0}
[2026-10-04 11:36:46] dbg: [script:4] [0] [I] RIVER_SURVEY_TILE {"tile":11453,"x":61,"y":89,"slope":0,"min_height_levels":1,"public_terrain_type":0,"survey_token":0}
[2026-10-04 11:36:46] dbg: [script:4] [0] [I] RIVER_SURVEY_TILE {"tile":11454,"x":62,"y":89,"slope":0,"min_height_levels":1,"public_terrain_type":0,"survey_token":0}
[2026-10-04 11:36:46] dbg: [script:4] [0] [I] RIVER_SURVEY_TILE {"tile":11455,"x":63,"y":89,"slope":0,"min_height_levels":1,"public_terrain_type":0,"survey_token":0}
[2026-10-04 11:36:46] dbg: [script:4] [0] [I] RIVER_SURVEY_TILE {"tile":11456,"x":64,"y":89,"slope":0,"min_height_levels":1,"public_terrain_type":0,"survey_token":0}
[2026-10-04 11:36:46] dbg: [script:4] [0] [I] RIVER_SURVEY_TILE {"tile":11457,"x":65,"y":89,"slope":0,"min_height_levels":1,"public_terrain_type":0,"survey_token":0}
[2026-10-04 11:36:46] dbg: [script:4] [0] [I] RIVER_SURVEY_TILE {"tile":11562,"x":42,"y":90,"slope":3,"min_height_levels":0,"public_terrain_type":0,"survey_token":0}
[2026-10-04 11:36:46] dbg: [script:4] [0] [I] RIVER_SURVEY_TILE {"tile":11563,"x":43,"y":90,"slope":0,"min_height_levels":1,"public_terrain_type":0,"survey_token":0}
[2026-10-04 11:36:46] dbg: [script:4] [0] [I] RIVER_SURVEY_TILE {"tile":11564,"x":44,"y":90,"slope":0,"min_height_levels":1,"public_terrain_type":0,"survey_token":0}
[2026-10-04 11:36:46] dbg: [script:4] [0] [I] RIVER_SURVEY_TILE {"tile":11573,"x":53,"y":90,"slope":0,"min_height_levels":1,"public_terrain_type":0,"survey_token":0}
[2026-10-04 11:36:46] dbg: [script:4] [0] [I] RIVER_SURVEY_TILE {"tile":11574,"x":54,"y":90,"slope":0,"min_height_levels":1,"public_terrain_type":0,"survey_token":0}
[2026-10-04 11:36:46] dbg: [script:4] [0] [I] RIVER_SURVEY_TILE {"tile":11575,"x":55,"y":90,"slope":0,"min_height_levels":1,"public_terrain_type":0,"survey_token":0}
[2026-10-04 11:36:46] dbg: [script:4] [0] [I] RIVER_SURVEY_TILE {"tile":11576,"x":56,"y":90,"slope":0,"min_height_levels":1,"public_terrain_type":0,"survey_token":0}
[2026-10-04 11:36:46] dbg: [script:4] [0] [I] RIVER_SURVEY_TILE {"tile":11577,"x":57,"y":90,"slope":0,"min_height_levels":1,"public_terrain_type":0,"survey_token":0}
[2026-10-04 11:36:46] dbg: [script:4] [0] [I] RIVER_SURVEY_TILE {"tile":11578,"x":58,"y":90,"slope":0,"min_height_levels":1,"public_terrain_type":0,"survey_token":0}
[2026-10-04 11:36:46] dbg: [script:4] [0] [I] RIVER_SURVEY_TILE {"tile":11579,"x":59,"y":90,"slope":0,"min_height_levels":1,"public_terrain_type":0,"survey_token":0}
[2026-10-04 11:36:46] dbg: [script:4] [0] [I] RIVER_SURVEY_TILE {"tile":11580,"x":60,"y":90,"slope":0,"min_height_levels":1,"public_terrain_type":0,"survey_token":0}
[2026-10-04 11:36:46] dbg: [script:4] [0] [I] RIVER_SURVEY_TILE {"tile":11581,"x":61,"y":90,"slope":0,"min_height_levels":1,"public_terrain_type":0,"survey_token":0}
[2026-10-04 11:36:46] dbg: [script:4] [0] [I] RIVER_SURVEY_TILE {"tile":11582,"x":62,"y":90,"slope":0,"min_height_levels":1,"public_terrain_type":0,"survey_token":0}
[2026-10-04 11:36:46] dbg: [script:4] [0] [I] RIVER_SURVEY_TILE {"tile":11583,"x":63,"y":90,"slope":0,"min_height_levels":1,"public_terrain_type":0,"survey_token":0}
[2026-10-04 11:36:46] dbg: [script:4] [0] [I] RIVER_SURVEY_TILE {"tile":11584,"x":64,"y":90,"slope":0,"min_height_levels":1,"public_terrain_type":0,"survey_token":0}
[2026-10-04 11:36:46] dbg: [script:4] [0] [I] RIVER_SURVEY_TILE {"tile":11690,"x":42,"y":91,"slope":3,"min_height_levels":0,"public_terrain_type":0,"survey_token":0}
[2026-10-04 11:36:46] dbg: [script:4] [0] [I] RIVER_SURVEY_TILE {"tile":11691,"x":43,"y":91,"slope":0,"min_height_levels":1,"public_terrain_type":0,"survey_token":0}
[2026-10-04 11:36:46] dbg: [script:4] [0] [I] RIVER_SURVEY_TILE {"tile":11692,"x":44,"y":91,"slope":0,"min_height_levels":1,"public_terrain_type":0,"survey_token":0}
[2026-10-04 11:36:46] dbg: [script:4] [0] [I] RIVER_SURVEY_TILE {"tile":11693,"x":45,"y":91,"slope":0,"min_height_levels":1,"public_terrain_type":0,"survey_token":0}
[2026-10-04 11:36:46] dbg: [script:4] [0] [I] RIVER_SURVEY_TILE {"tile":11694,"x":46,"y":91,"slope":0,"min_height_levels":1,"public_terrain_type":0,"survey_token":0}
[2026-10-04 11:36:46] dbg: [script:4] [0] [I] RIVER_SURVEY_TILE {"tile":11695,"x":47,"y":91,"slope":0,"min_height_levels":1,"public_terrain_type":0,"survey_token":0}
[2026-10-04 11:36:46] dbg: [script:4] [0] [I] RIVER_SURVEY_TILE {"tile":11696,"x":48,"y":91,"slope":0,"min_height_levels":1,"public_terrain_type":0,"survey_token":0}
[2026-10-04 11:36:46] dbg: [script:4] [0] [I] RIVER_SURVEY_TILE {"tile":11697,"x":49,"y":91,"slope":0,"min_height_levels":1,"public_terrain_type":0,"survey_token":0}
[2026-10-04 11:36:46] dbg: [script:4] [0] [I] RIVER_SURVEY_TILE {"tile":11698,"x":50,"y":91,"slope":0,"min_height_levels":1,"public_terrain_type":0,"survey_token":0}
[2026-10-04 11:36:46] dbg: [script:4] [0] [I] RIVER_SURVEY_TILE {"tile":11699,"x":51,"y":91,"slope":0,"min_height_levels":1,"public_terrain_type":0,"survey_token":0}
[2026-10-04 11:36:46] dbg: [script:4] [0] [I] RIVER_SURVEY_TILE {"tile":11700,"x":52,"y":91,"slope":0,"min_height_levels":1,"public_terrain_type":0,"survey_token":0}
[2026-10-04 11:36:46] dbg: [script:4] [0] [I] RIVER_SURVEY_TILE {"tile":11701,"x":53,"y":91,"slope":0,"min_height_levels":1,"public_terrain_type":0,"survey_token":0}
[2026-10-04 11:36:46] dbg: [script:4] [0] [I] RIVER_SURVEY_TILE {"tile":11702,"x":54,"y":91,"slope":0,"min_height_levels":1,"public_terrain_type":0,"survey_token":0}
[2026-10-04 11:36:46] dbg: [script:4] [0] [I] RIVER_SURVEY_TILE {"tile":11703,"x":55,"y":91,"slope":0,"min_height_levels":1,"public_terrain_type":0,"survey_token":0}
[2026-10-04 11:36:46] dbg: [script:4] [0] [I] RIVER_SURVEY_TILE {"tile":11704,"x":56,"y":91,"slope":0,"min_height_levels":1,"public_terrain_type":0,"survey_token":0}
[2026-10-04 11:36:46] dbg: [script:4] [0] [I] RIVER_SURVEY_TILE {"tile":11705,"x":57,"y":91,"slope":0,"min_height_levels":1,"public_terrain_type":0,"survey_token":0}
[2026-10-04 11:36:46] dbg: [script:4] [0] [I] RIVER_SURVEY_TILE {"tile":11706,"x":58,"y":91,"slope":0,"min_height_levels":1,"public_terrain_type":0,"survey_token":0}
[2026-10-04 11:36:46] dbg: [script:4] [1] [I] RIVER_SURVEY_TILE {"tile":10690,"x":66,"y":83,"slope":0,"min_height_levels":1,"public_terrain_type":0,"survey_token":683582092}
[2026-10-04 11:36:46] dbg: [script:4] [1] [I] RIVER_SURVEY_TILE {"tile":10691,"x":67,"y":83,"slope":0,"min_height_levels":1,"public_terrain_type":0,"survey_token":683582092}
[2026-10-04 11:36:46] dbg: [script:4] [1] [I] RIVER_SURVEY_TILE {"tile":10692,"x":68,"y":83,"slope":0,"min_height_levels":1,"public_terrain_type":0,"survey_token":683582092}
[2026-10-04 11:36:46] dbg: [script:4] [1] [I] RIVER_SURVEY_TILE {"tile":10693,"x":69,"y":83,"slope":0,"min_height_levels":1,"public_terrain_type":0,"survey_token":683582092}
[2026-10-04 11:36:46] dbg: [script:4] [1] [I] RIVER_SURVEY_TILE {"tile":10818,"x":66,"y":84,"slope":0,"min_height_levels":1,"public_terrain_type":0,"survey_token":683582092}
[2026-10-04 11:36:46] dbg: [script:4] [1] [I] RIVER_SURVEY_TILE {"tile":10819,"x":67,"y":84,"slope":0,"min_height_levels":1,"public_terrain_type":0,"survey_token":683582092}
[2026-10-04 11:36:46] dbg: [script:4] [1] [I] RIVER_SURVEY_TILE {"tile":10946,"x":66,"y":85,"slope":0,"min_height_levels":1,"public_terrain_type":0,"survey_token":683582092}
[2026-10-04 11:36:46] dbg: [script:4] [1] [I] RIVER_SURVEY_TILE {"tile":11072,"x":64,"y":86,"slope":0,"min_height_levels":1,"public_terrain_type":0,"survey_token":683582092}
[2026-10-04 11:36:46] dbg: [script:4] [1] [I] RIVER_SURVEY_TILE {"tile":11073,"x":65,"y":86,"slope":0,"min_height_levels":1,"public_terrain_type":0,"survey_token":683582092}
[2026-10-04 11:36:46] dbg: [script:4] [1] [I] RIVER_SURVEY_TILE {"tile":11074,"x":66,"y":86,"slope":0,"min_height_levels":1,"public_terrain_type":0,"survey_token":683582092}
[2026-10-04 11:36:46] dbg: [script:4] [1] [I] RIVER_SURVEY_TILE {"tile":11198,"x":62,"y":87,"slope":0,"min_height_levels":1,"public_terrain_type":0,"survey_token":683582092}
[2026-10-04 11:36:46] dbg: [script:4] [1] [I] RIVER_SURVEY_TILE {"tile":11199,"x":63,"y":87,"slope":0,"min_height_levels":1,"public_terrain_type":0,"survey_token":683582092}
[2026-10-04 11:36:46] dbg: [script:4] [1] [I] RIVER_SURVEY_TILE {"tile":11200,"x":64,"y":87,"slope":0,"min_height_levels":1,"public_terrain_type":0,"survey_token":683582092}
[2026-10-04 11:36:46] dbg: [script:4] [1] [I] RIVER_SURVEY_TILE {"tile":11201,"x":65,"y":87,"slope":0,"min_height_levels":1,"public_terrain_type":0,"survey_token":683582092}
[2026-10-04 11:36:46] dbg: [script:4] [1] [I] RIVER_SURVEY_TILE {"tile":11202,"x":66,"y":87,"slope":0,"min_height_levels":1,"public_terrain_type":0,"survey_token":683582092}
[2026-10-04 11:36:46] dbg: [script:4] [0] [I] RIVER_SURVEY_TILE {"tile":11818,"x":42,"y":92,"slope":3,"min_height_levels":0,"public_terrain_type":0,"survey_token":0}
[2026-10-04 11:36:46] dbg: [script:4] [0] [I] RIVER_SURVEY_TILE {"tile":11819,"x":43,"y":92,"slope":0,"min_height_levels":1,"public_terrain_type":0,"survey_token":0}
[2026-10-04 11:36:46] dbg: [script:4] [0] [I] RIVER_SURVEY_TILE {"tile":11820,"x":44,"y":92,"slope":0,"min_height_levels":1,"public_terrain_type":0,"survey_token":0}
[2026-10-04 11:36:46] dbg: [script:4] [0] [I] RIVER_SURVEY_TILE {"tile":11821,"x":45,"y":92,"slope":0,"min_height_levels":1,"public_terrain_type":0,"survey_token":0}
[2026-10-04 11:36:46] dbg: [script:4] [0] [I] RIVER_SURVEY_TILE {"tile":11822,"x":46,"y":92,"slope":0,"min_height_levels":1,"public_terrain_type":0,"survey_token":0}
[2026-10-04 11:36:46] dbg: [script:4] [0] [I] RIVER_SURVEY_TILE {"tile":11823,"x":47,"y":92,"slope":0,"min_height_levels":1,"public_terrain_type":0,"survey_token":0}
[2026-10-04 11:36:46] dbg: [script:4] [0] [I] RIVER_SURVEY_TILE {"tile":11824,"x":48,"y":92,"slope":0,"min_height_levels":1,"public_terrain_type":0,"survey_token":0}
[2026-10-04 11:36:46] dbg: [script:4] [0] [I] RIVER_SURVEY_TILE {"tile":11825,"x":49,"y":92,"slope":0,"min_height_levels":1,"public_terrain_type":0,"survey_token":0}
[2026-10-04 11:36:46] dbg: [script:4] [0] [I] RIVER_SURVEY_TILE {"tile":11826,"x":50,"y":92,"slope":0,"min_height_levels":1,"public_terrain_type":0,"survey_token":0}
[2026-10-04 11:36:46] dbg: [script:4] [0] [I] RIVER_SURVEY_TILE {"tile":11827,"x":51,"y":92,"slope":0,"min_height_levels":1,"public_terrain_type":0,"survey_token":0}
[2026-10-04 11:36:46] dbg: [script:4] [0] [I] RIVER_SURVEY_TILE {"tile":11828,"x":52,"y":92,"slope":0,"min_height_levels":1,"public_terrain_type":0,"survey_token":0}
[2026-10-04 11:36:46] dbg: [script:4] [0] [I] RIVER_SURVEY_TILE {"tile":11829,"x":53,"y":92,"slope":0,"min_height_levels":1,"public_terrain_type":0,"survey_token":0}
[2026-10-04 11:36:46] dbg: [script:4] [0] [I] RIVER_SURVEY_TILE {"tile":11830,"x":54,"y":92,"slope":0,"min_height_levels":1,"public_terrain_type":0,"survey_token":0}
[2026-10-04 11:36:46] dbg: [script:4] [0] [I] RIVER_SURVEY_TILE {"tile":11831,"x":55,"y":92,"slope":0,"min_height_levels":1,"public_terrain_type":0,"survey_token":0}
[2026-10-04 11:36:46] dbg: [script:4] [0] [I] RIVER_SURVEY_TILE {"tile":11832,"x":56,"y":92,"slope":0,"min_height_levels":1,"public_terrain_type":0,"survey_token":0}
[2026-10-04 11:36:46] dbg: [script:4] [0] [I] RIVER_SURVEY_TILE {"tile":11833,"x":57,"y":92,"slope":0,"min_height_levels":1,"public_terrain_type":0,"survey_token":0}
[2026-10-04 11:36:46] dbg: [script:4] [0] [I] RIVER_SURVEY_TILE {"tile":11834,"x":58,"y":92,"slope":0,"min_height_levels":1,"public_terrain_type":0,"survey_token":0}
[2026-10-04 11:36:46] dbg: [script:4] [0] [I] RIVER_SURVEY_TILE {"tile":11947,"x":43,"y":93,"slope":0,"min_height_levels":1,"public_terrain_type":0,"survey_token":0}
[2026-10-04 11:36:46] dbg: [script:4] [0] [I] RIVER_SURVEY_TILE {"tile":11948,"x":44,"y":93,"slope":0,"min_height_levels":1,"public_terrain_type":0,"survey_token":0}
[2026-10-04 11:36:46] dbg: [script:4] [0] [I] RIVER_SURVEY_TILE {"tile":11949,"x":45,"y":93,"slope":0,"min_height_levels":1,"public_terrain_type":0,"survey_token":0}
[2026-10-04 11:36:46] dbg: [script:4] [0] [I] RIVER_SURVEY_TILE {"tile":11950,"x":46,"y":93,"slope":0,"min_height_levels":1,"public_terrain_type":0,"survey_token":0}
[2026-10-04 11:36:46] dbg: [script:4] [0] [I] RIVER_SURVEY_TILE {"tile":11951,"x":47,"y":93,"slope":0,"min_height_levels":1,"public_terrain_type":0,"survey_token":0}
[2026-10-04 11:36:46] dbg: [script:4] [0] [I] RIVER_SURVEY_TILE {"tile":11952,"x":48,"y":93,"slope":0,"min_height_levels":1,"public_terrain_type":0,"survey_token":0}
[2026-10-04 11:36:46] dbg: [script:4] [0] [I] RIVER_SURVEY_TILE {"tile":11953,"x":49,"y":93,"slope":0,"min_height_levels":1,"public_terrain_type":0,"survey_token":0}
[2026-10-04 11:36:46] dbg: [script:4] [0] [I] RIVER_SURVEY_TILE {"tile":11954,"x":50,"y":93,"slope":0,"min_height_levels":1,"public_terrain_type":0,"survey_token":0}
[2026-10-04 11:36:46] dbg: [script:4] [0] [I] RIVER_SURVEY_TILE {"tile":11955,"x":51,"y":93,"slope":0,"min_height_levels":1,"public_terrain_type":0,"survey_token":0}
[2026-10-04 11:36:46] dbg: [script:4] [0] [I] RIVER_SURVEY_TILE {"tile":11956,"x":52,"y":93,"slope":0,"min_height_levels":1,"public_terrain_type":0,"survey_token":0}
[2026-10-04 11:36:46] dbg: [script:4] [1] [I] RIVER_SURVEY_TILE {"tile":11322,"x":58,"y":88,"slope":0,"min_height_levels":1,"public_terrain_type":0,"survey_token":683582092}
[2026-10-04 11:36:46] dbg: [script:4] [1] [I] RIVER_SURVEY_TILE {"tile":11323,"x":59,"y":88,"slope":0,"min_height_levels":1,"public_terrain_type":0,"survey_token":683582092}
[2026-10-04 11:36:46] dbg: [script:4] [1] [I] RIVER_SURVEY_TILE {"tile":11324,"x":60,"y":88,"slope":0,"min_height_levels":1,"public_terrain_type":0,"survey_token":683582092}
[2026-10-04 11:36:46] dbg: [script:4] [1] [I] RIVER_SURVEY_TILE {"tile":11325,"x":61,"y":88,"slope":0,"min_height_levels":1,"public_terrain_type":0,"survey_token":683582092}
[2026-10-04 11:36:46] dbg: [script:4] [1] [I] RIVER_SURVEY_TILE {"tile":11326,"x":62,"y":88,"slope":0,"min_height_levels":1,"public_terrain_type":0,"survey_token":683582092}
[2026-10-04 11:36:46] dbg: [script:4] [1] [I] RIVER_SURVEY_TILE {"tile":11327,"x":63,"y":88,"slope":0,"min_height_levels":1,"public_terrain_type":0,"survey_token":683582092}
[2026-10-04 11:36:46] dbg: [script:4] [1] [I] RIVER_SURVEY_TILE {"tile":11328,"x":64,"y":88,"slope":0,"min_height_levels":1,"public_terrain_type":0,"survey_token":683582092}
[2026-10-04 11:36:46] dbg: [script:4] [1] [I] RIVER_SURVEY_TILE {"tile":11329,"x":65,"y":88,"slope":0,"min_height_levels":1,"public_terrain_type":0,"survey_token":683582092}
[2026-10-04 11:36:46] dbg: [script:4] [1] [I] RIVER_SURVEY_TILE {"tile":11449,"x":57,"y":89,"slope":0,"min_height_levels":1,"public_terrain_type":0,"survey_token":683582092}
[2026-10-04 11:36:46] dbg: [script:4] [1] [I] RIVER_SURVEY_TILE {"tile":11450,"x":58,"y":89,"slope":0,"min_height_levels":1,"public_terrain_type":0,"survey_token":683582092}
[2026-10-04 11:36:46] dbg: [script:4] [1] [I] RIVER_SURVEY_TILE {"tile":11451,"x":59,"y":89,"slope":0,"min_height_levels":1,"public_terrain_type":0,"survey_token":683582092}
[2026-10-04 11:36:46] dbg: [script:4] [1] [I] RIVER_SURVEY_TILE {"tile":11452,"x":60,"y":89,"slope":0,"min_height_levels":1,"public_terrain_type":0,"survey_token":683582092}
[2026-10-04 11:36:46] dbg: [script:4] [1] [I] RIVER_SURVEY_TILE {"tile":11453,"x":61,"y":89,"slope":0,"min_height_levels":1,"public_terrain_type":0,"survey_token":683582092}
[2026-10-04 11:36:46] dbg: [script:4] [1] [I] RIVER_SURVEY_TILE {"tile":11454,"x":62,"y":89,"slope":0,"min_height_levels":1,"public_terrain_type":0,"survey_token":683582092}
[2026-10-04 11:36:46] dbg: [script:4] [1] [I] RIVER_SURVEY_TILE {"tile":11455,"x":63,"y":89,"slope":0,"min_height_levels":1,"public_terrain_type":0,"survey_token":683582092}
[2026-10-04 11:36:46] dbg: [script:4] [1] [I] RIVER_SURVEY_TILE {"tile":11456,"x":64,"y":89,"slope":0,"min_height_levels":1,"public_terrain_type":0,"survey_token":683582092}
[2026-10-04 11:36:46] dbg: [script:4] [1] [I] RIVER_SURVEY_TILE {"tile":11457,"x":65,"y":89,"slope":0,"min_height_levels":1,"public_terrain_type":0,"survey_token":683582092}
[2026-10-04 11:36:46] dbg: [script:4] [1] [I] RIVER_SURVEY_TILE {"tile":11562,"x":42,"y":90,"slope":3,"min_height_levels":0,"public_terrain_type":0,"survey_token":683582092}
[2026-10-04 11:36:46] dbg: [script:4] [1] [I] RIVER_SURVEY_TILE {"tile":11563,"x":43,"y":90,"slope":0,"min_height_levels":1,"public_terrain_type":0,"survey_token":683582092}
[2026-10-04 11:36:46] dbg: [script:4] [1] [I] RIVER_SURVEY_TILE {"tile":11564,"x":44,"y":90,"slope":0,"min_height_levels":1,"public_terrain_type":0,"survey_token":683582092}
[2026-10-04 11:36:46] dbg: [script:4] [1] [I] RIVER_SURVEY_TILE {"tile":11573,"x":53,"y":90,"slope":0,"min_height_levels":1,"public_terrain_type":0,"survey_token":683582092}
[2026-10-04 11:36:46] dbg: [script:4] [1] [I] RIVER_SURVEY_TILE {"tile":11574,"x":54,"y":90,"slope":0,"min_height_levels":1,"public_terrain_type":0,"survey_token":683582092}
[2026-10-04 11:36:46] dbg: [script:4] [1] [I] RIVER_SURVEY_TILE {"tile":11575,"x":55,"y":90,"slope":0,"min_height_levels":1,"public_terrain_type":0,"survey_token":683582092}
[2026-10-04 11:36:46] dbg: [script:4] [1] [I] RIVER_SURVEY_TILE {"tile":11576,"x":56,"y":90,"slope":0,"min_height_levels":1,"public_terrain_type":0,"survey_token":683582092}
[2026-10-04 11:36:46] dbg: [script:4] [1] [I] RIVER_SURVEY_TILE {"tile":11577,"x":57,"y":90,"slope":0,"min_height_levels":1,"public_terrain_type":0,"survey_token":683582092}
[2026-10-04 11:36:46] dbg: [script:4] [1] [I] RIVER_SURVEY_TILE {"tile":11578,"x":58,"y":90,"slope":0,"min_height_levels":1,"public_terrain_type":0,"survey_token":683582092}
[2026-10-04 11:36:46] dbg: [script:4] [1] [I] RIVER_SURVEY_TILE {"tile":11579,"x":59,"y":90,"slope":0,"min_height_levels":1,"public_terrain_type":0,"survey_token":683582092}
[2026-10-04 11:36:46] dbg: [script:4] [1] [I] RIVER_SURVEY_TILE {"tile":11580,"x":60,"y":90,"slope":0,"min_height_levels":1,"public_terrain_type":0,"survey_token":683582092}
[2026-10-04 11:36:46] dbg: [script:4] [1] [I] RIVER_SURVEY_TILE {"tile":11581,"x":61,"y":90,"slope":0,"min_height_levels":1,"public_terrain_type":0,"survey_token":683582092}
[2026-10-04 11:36:46] dbg: [script:4] [1] [I] RIVER_SURVEY_TILE {"tile":11582,"x":62,"y":90,"slope":0,"min_height_levels":1,"public_terrain_type":0,"survey_token":683582092}
[2026-10-04 11:36:46] dbg: [script:4] [1] [I] RIVER_SURVEY_TILE {"tile":11583,"x":63,"y":90,"slope":0,"min_height_levels":1,"public_terrain_type":0,"survey_token":683582092}
[2026-10-04 11:36:46] dbg: [script:4] [1] [I] RIVER_SURVEY_TILE {"tile":11584,"x":64,"y":90,"slope":0,"min_height_levels":1,"public_terrain_type":0,"survey_token":683582092}
[2026-10-04 11:36:46] dbg: [script:4] [1] [I] RIVER_SURVEY_TILE {"tile":11690,"x":42,"y":91,"slope":3,"min_height_levels":0,"public_terrain_type":0,"survey_token":683582092}
[2026-10-04 11:36:46] dbg: [script:4] [1] [I] RIVER_SURVEY_TILE {"tile":11691,"x":43,"y":91,"slope":0,"min_height_levels":1,"public_terrain_type":0,"survey_token":683582092}
[2026-10-04 11:36:46] dbg: [script:4] [1] [I] RIVER_SURVEY_TILE {"tile":11692,"x":44,"y":91,"slope":0,"min_height_levels":1,"public_terrain_type":0,"survey_token":683582092}
[2026-10-04 11:36:46] dbg: [script:4] [1] [I] RIVER_SURVEY_TILE {"tile":11693,"x":45,"y":91,"slope":0,"min_height_levels":1,"public_terrain_type":0,"survey_token":683582092}
[2026-10-04 11:36:46] dbg: [script:4] [1] [I] RIVER_SURVEY_TILE {"tile":11694,"x":46,"y":91,"slope":0,"min_height_levels":1,"public_terrain_type":0,"survey_token":683582092}
[2026-10-04 11:36:46] dbg: [script:4] [1] [I] RIVER_SURVEY_TILE {"tile":11695,"x":47,"y":91,"slope":0,"min_height_levels":1,"public_terrain_type":0,"survey_token":683582092}
[2026-10-04 11:36:46] dbg: [script:4] [1] [I] RIVER_SURVEY_TILE {"tile":11696,"x":48,"y":91,"slope":0,"min_height_levels":1,"public_terrain_type":0,"survey_token":683582092}
[2026-10-04 11:36:46] dbg: [script:4] [1] [I] RIVER_SURVEY_TILE {"tile":11697,"x":49,"y":91,"slope":0,"min_height_levels":1,"public_terrain_type":0,"survey_token":683582092}
[2026-10-04 11:36:46] dbg: [script:4] [1] [I] RIVER_SURVEY_TILE {"tile":11698,"x":50,"y":91,"slope":0,"min_height_levels":1,"public_terrain_type":0,"survey_token":683582092}
[2026-10-04 11:36:46] dbg: [script:4] [1] [I] RIVER_SURVEY_TILE {"tile":11699,"x":51,"y":91,"slope":0,"min_height_levels":1,"public_terrain_type":0,"survey_token":683582092}
[2026-10-04 11:36:46] dbg: [script:4] [1] [I] RIVER_SURVEY_TILE {"tile":11700,"x":52,"y":91,"slope":0,"min_height_levels":1,"public_terrain_type":0,"survey_token":683582092}
[2026-10-04 11:36:46] dbg: [script:4] [1] [I] RIVER_SURVEY_TILE {"tile":11701,"x":53,"y":91,"slope":0,"min_height_levels":1,"public_terrain_type":0,"survey_token":683582092}
[2026-10-04 11:36:46] dbg: [script:4] [1] [I] RIVER_SURVEY_TILE {"tile":11702,"x":54,"y":91,"slope":0,"min_height_levels":1,"public_terrain_type":0,"survey_token":683582092}
[2026-10-04 11:36:46] dbg: [script:4] [1] [I] RIVER_SURVEY_TILE {"tile":11703,"x":55,"y":91,"slope":0,"min_height_levels":1,"public_terrain_type":0,"survey_token":683582092}
[2026-10-04 11:36:46] dbg: [script:4] [1] [I] RIVER_SURVEY_TILE {"tile":11704,"x":56,"y":91,"slope":0,"min_height_levels":1,"public_terrain_type":0,"survey_token":683582092}
[2026-10-04 11:36:46] dbg: [script:4] [1] [I] RIVER_SURVEY_TILE {"tile":11705,"x":57,"y":91,"slope":0,"min_height_levels":1,"public_terrain_type":0,"survey_token":683582092}
[2026-10-04 11:36:46] dbg: [script:4] [1] [I] RIVER_SURVEY_TILE {"tile":11706,"x":58,"y":91,"slope":0,"min_height_levels":1,"public_terrain_type":0,"survey_token":683582092}
[2026-10-04 11:36:46] dbg: [script:4] [0] [I] RIVER_SURVEY_TILE {"tile":12635,"x":91,"y":98,"slope":0,"min_height_levels":7,"public_terrain_type":3,"survey_token":0}
[2026-10-04 11:36:46] dbg: [script:4] [0] [I] RIVER_SURVEY_TILE {"tile":12763,"x":91,"y":99,"slope":0,"min_height_levels":7,"public_terrain_type":3,"survey_token":0}
[2026-10-04 11:36:46] dbg: [script:4] [0] [I] RIVER_SURVEY_TILE {"tile":12764,"x":92,"y":99,"slope":0,"min_height_levels":7,"public_terrain_type":3,"survey_token":0}
[2026-10-04 11:36:46] dbg: [script:4] [1] [I] RIVER_SURVEY_TILE {"tile":11818,"x":42,"y":92,"slope":3,"min_height_levels":0,"public_terrain_type":0,"survey_token":683582092}
[2026-10-04 11:36:46] dbg: [script:4] [1] [I] RIVER_SURVEY_TILE {"tile":11819,"x":43,"y":92,"slope":0,"min_height_levels":1,"public_terrain_type":0,"survey_token":683582092}
[2026-10-04 11:36:46] dbg: [script:4] [1] [I] RIVER_SURVEY_TILE {"tile":11820,"x":44,"y":92,"slope":0,"min_height_levels":1,"public_terrain_type":0,"survey_token":683582092}
[2026-10-04 11:36:46] dbg: [script:4] [1] [I] RIVER_SURVEY_TILE {"tile":11821,"x":45,"y":92,"slope":0,"min_height_levels":1,"public_terrain_type":0,"survey_token":683582092}
[2026-10-04 11:36:46] dbg: [script:4] [1] [I] RIVER_SURVEY_TILE {"tile":11822,"x":46,"y":92,"slope":0,"min_height_levels":1,"public_terrain_type":0,"survey_token":683582092}
[2026-10-04 11:36:46] dbg: [script:4] [1] [I] RIVER_SURVEY_TILE {"tile":11823,"x":47,"y":92,"slope":0,"min_height_levels":1,"public_terrain_type":0,"survey_token":683582092}
[2026-10-04 11:36:46] dbg: [script:4] [1] [I] RIVER_SURVEY_TILE {"tile":11824,"x":48,"y":92,"slope":0,"min_height_levels":1,"public_terrain_type":0,"survey_token":683582092}
[2026-10-04 11:36:46] dbg: [script:4] [1] [I] RIVER_SURVEY_TILE {"tile":11825,"x":49,"y":92,"slope":0,"min_height_levels":1,"public_terrain_type":0,"survey_token":683582092}
[2026-10-04 11:36:46] dbg: [script:4] [1] [I] RIVER_SURVEY_TILE {"tile":11826,"x":50,"y":92,"slope":0,"min_height_levels":1,"public_terrain_type":0,"survey_token":683582092}
[2026-10-04 11:36:46] dbg: [script:4] [1] [I] RIVER_SURVEY_TILE {"tile":11827,"x":51,"y":92,"slope":0,"min_height_levels":1,"public_terrain_type":0,"survey_token":683582092}
[2026-10-04 11:36:46] dbg: [script:4] [1] [I] RIVER_SURVEY_TILE {"tile":11828,"x":52,"y":92,"slope":0,"min_height_levels":1,"public_terrain_type":0,"survey_token":683582092}
[2026-10-04 11:36:46] dbg: [script:4] [1] [I] RIVER_SURVEY_TILE {"tile":11829,"x":53,"y":92,"slope":0,"min_height_levels":1,"public_terrain_type":0,"survey_token":683582092}
[2026-10-04 11:36:46] dbg: [script:4] [1] [I] RIVER_SURVEY_TILE {"tile":11830,"x":54,"y":92,"slope":0,"min_height_levels":1,"public_terrain_type":0,"survey_token":683582092}
[2026-10-04 11:36:46] dbg: [script:4] [1] [I] RIVER_SURVEY_TILE {"tile":11831,"x":55,"y":92,"slope":0,"min_height_levels":1,"public_terrain_type":0,"survey_token":683582092}
[2026-10-04 11:36:46] dbg: [script:4] [1] [I] RIVER_SURVEY_TILE {"tile":11832,"x":56,"y":92,"slope":0,"min_height_levels":1,"public_terrain_type":0,"survey_token":683582092}
[2026-10-04 11:36:46] dbg: [script:4] [1] [I] RIVER_SURVEY_TILE {"tile":11833,"x":57,"y":92,"slope":0,"min_height_levels":1,"public_terrain_type":0,"survey_token":683582092}
[2026-10-04 11:36:46] dbg: [script:4] [1] [I] RIVER_SURVEY_TILE {"tile":11834,"x":58,"y":92,"slope":0,"min_height_levels":1,"public_terrain_type":0,"survey_token":683582092}
[2026-10-04 11:36:46] dbg: [script:4] [1] [I] RIVER_SURVEY_TILE {"tile":11947,"x":43,"y":93,"slope":0,"min_height_levels":1,"public_terrain_type":0,"survey_token":683582092}
[2026-10-04 11:36:46] dbg: [script:4] [1] [I] RIVER_SURVEY_TILE {"tile":11948,"x":44,"y":93,"slope":0,"min_height_levels":1,"public_terrain_type":0,"survey_token":683582092}
[2026-10-04 11:36:46] dbg: [script:4] [1] [I] RIVER_SURVEY_TILE {"tile":11949,"x":45,"y":93,"slope":0,"min_height_levels":1,"public_terrain_type":0,"survey_token":683582092}
[2026-10-04 11:36:46] dbg: [script:4] [1] [I] RIVER_SURVEY_TILE {"tile":11950,"x":46,"y":93,"slope":0,"min_height_levels":1,"public_terrain_type":0,"survey_token":683582092}
[2026-10-04 11:36:46] dbg: [script:4] [1] [I] RIVER_SURVEY_TILE {"tile":11951,"x":47,"y":93,"slope":0,"min_height_levels":1,"public_terrain_type":0,"survey_token":683582092}
[2026-10-04 11:36:46] dbg: [script:4] [1] [I] RIVER_SURVEY_TILE {"tile":11952,"x":48,"y":93,"slope":0,"min_height_levels":1,"public_terrain_type":0,"survey_token":683582092}
[2026-10-04 11:36:46] dbg: [script:4] [1] [I] RIVER_SURVEY_TILE {"tile":11953,"x":49,"y":93,"slope":0,"min_height_levels":1,"public_terrain_type":0,"survey_token":683582092}
[2026-10-04 11:36:46] dbg: [script:4] [1] [I] RIVER_SURVEY_TILE {"tile":11954,"x":50,"y":93,"slope":0,"min_height_levels":1,"public_terrain_type":0,"survey_token":683582092}
[2026-10-04 11:36:46] dbg: [script:4] [1] [I] RIVER_SURVEY_TILE {"tile":11955,"x":51,"y":93,"slope":0,"min_height_levels":1,"public_terrain_type":0,"survey_token":683582092}
[2026-10-04 11:36:46] dbg: [script:4] [1] [I] RIVER_SURVEY_TILE {"tile":11956,"x":52,"y":93,"slope":0,"min_height_levels":1,"public_terrain_type":0,"survey_token":683582092}
[2026-10-04 11:36:47] dbg: [script:4] [0] [I] RIVER_SURVEY_TILE {"tile":12892,"x":92,"y":100,"slope":0,"min_height_levels":7,"public_terrain_type":3,"survey_token":0}
[2026-10-04 11:36:47] dbg: [script:4] [0] [I] RIVER_SURVEY_TILE {"tile":13020,"x":92,"y":101,"slope":9,"min_height_levels":6,"public_terrain_type":3,"survey_token":0}
[2026-10-04 11:36:47] dbg: [script:4] [0] [I] RIVER_SURVEY_TILE {"tile":13050,"x":122,"y":101,"slope":0,"min_height_levels":5,"public_terrain_type":3,"survey_token":0}
[2026-10-04 11:36:47] dbg: [script:4] [0] [I] RIVER_SURVEY_TILE {"tile":13051,"x":123,"y":101,"slope":0,"min_height_levels":5,"public_terrain_type":3,"survey_token":0}
[2026-10-04 11:36:47] dbg: [script:4] [0] [I] RIVER_SURVEY_TILE {"tile":13052,"x":124,"y":101,"slope":0,"min_height_levels":5,"public_terrain_type":3,"survey_token":0}
[2026-10-04 11:36:47] dbg: [script:4] [0] [I] RIVER_SURVEY_TILE {"tile":13053,"x":125,"y":101,"slope":12,"min_height_levels":4,"public_terrain_type":3,"survey_token":0}
[2026-10-04 11:36:47] dbg: [script:4] [0] [I] RIVER_SURVEY_TILE {"tile":13054,"x":126,"y":101,"slope":0,"min_height_levels":4,"public_terrain_type":3,"survey_token":0}
[2026-10-04 11:36:47] dbg: [script:4] [0] [I] RIVER_SURVEY_TILE {"tile":13147,"x":91,"y":102,"slope":0,"min_height_levels":6,"public_terrain_type":3,"survey_token":0}
[2026-10-04 11:36:47] dbg: [script:4] [0] [I] RIVER_SURVEY_TILE {"tile":13148,"x":92,"y":102,"slope":0,"min_height_levels":6,"public_terrain_type":3,"survey_token":0}
[2026-10-04 11:36:47] dbg: [script:4] [0] [I] RIVER_SURVEY_TILE {"tile":13182,"x":126,"y":102,"slope":0,"min_height_levels":4,"public_terrain_type":3,"survey_token":0}
[2026-10-04 11:36:47] dbg: [script:4] [0] [I] RIVER_SURVEY_TILE {"tile":13276,"x":92,"y":103,"slope":9,"min_height_levels":5,"public_terrain_type":3,"survey_token":0}
[2026-10-04 11:36:47] dbg: [script:4] [0] [I] RIVER_SURVEY_TILE {"tile":13310,"x":126,"y":103,"slope":0,"min_height_levels":4,"public_terrain_type":3,"survey_token":0}
[2026-10-04 11:36:47] dbg: [script:4] [0] [I] RIVER_SURVEY_TILE {"tile":13403,"x":91,"y":104,"slope":0,"min_height_levels":5,"public_terrain_type":3,"survey_token":0}
[2026-10-04 11:36:47] dbg: [script:4] [0] [I] RIVER_SURVEY_TILE {"tile":13404,"x":92,"y":104,"slope":0,"min_height_levels":5,"public_terrain_type":3,"survey_token":0}
[2026-10-04 11:36:47] dbg: [script:4] [0] [I] RIVER_SURVEY_TILE {"tile":13438,"x":126,"y":104,"slope":0,"min_height_levels":4,"public_terrain_type":3,"survey_token":0}
[2026-10-04 11:36:47] dbg: [script:4] [1] [I] RIVER_SURVEY_TILE {"tile":12635,"x":91,"y":98,"slope":0,"min_height_levels":7,"public_terrain_type":3,"survey_token":683582092}
[2026-10-04 11:36:47] dbg: [script:4] [1] [I] RIVER_SURVEY_TILE {"tile":12763,"x":91,"y":99,"slope":0,"min_height_levels":7,"public_terrain_type":3,"survey_token":683582092}
[2026-10-04 11:36:47] dbg: [script:4] [1] [I] RIVER_SURVEY_TILE {"tile":12764,"x":92,"y":99,"slope":0,"min_height_levels":7,"public_terrain_type":3,"survey_token":683582092}
[2026-10-04 11:36:47] dbg: [script:4] [0] [I] RIVER_SURVEY_TILE {"tile":13531,"x":91,"y":105,"slope":9,"min_height_levels":4,"public_terrain_type":3,"survey_token":0}
[2026-10-04 11:36:47] dbg: [script:4] [0] [I] RIVER_SURVEY_TILE {"tile":13566,"x":126,"y":105,"slope":0,"min_height_levels":4,"public_terrain_type":3,"survey_token":0}
[2026-10-04 11:36:47] dbg: [script:4] [0] [I] RIVER_SURVEY_TILE {"tile":13659,"x":91,"y":106,"slope":0,"min_height_levels":4,"public_terrain_type":3,"survey_token":0}
[2026-10-04 11:36:47] dbg: [script:4] [0] [I] RIVER_SURVEY_TILE {"tile":13694,"x":126,"y":106,"slope":0,"min_height_levels":4,"public_terrain_type":3,"survey_token":0}
[2026-10-04 11:36:47] dbg: [script:4] [0] [I] RIVER_SURVEY_TILE {"tile":13787,"x":91,"y":107,"slope":9,"min_height_levels":3,"public_terrain_type":0,"survey_token":0}
[2026-10-04 11:36:47] dbg: [script:4] [0] [I] RIVER_SURVEY_TILE {"tile":13822,"x":126,"y":107,"slope":0,"min_height_levels":4,"public_terrain_type":3,"survey_token":0}
[2026-10-04 11:36:47] dbg: [script:4] [0] [I] RIVER_SURVEY_TILE {"tile":13915,"x":91,"y":108,"slope":0,"min_height_levels":3,"public_terrain_type":0,"survey_token":0}
[2026-10-04 11:36:47] dbg: [script:4] [0] [I] RIVER_SURVEY_TILE {"tile":13950,"x":126,"y":108,"slope":0,"min_height_levels":4,"public_terrain_type":3,"survey_token":0}
[2026-10-04 11:36:47] dbg: [script:4] [0] [I] RIVER_SURVEY_TILE {"tile":14043,"x":91,"y":109,"slope":0,"min_height_levels":3,"public_terrain_type":0,"survey_token":0}
[2026-10-04 11:36:47] dbg: [script:4] [1] [I] RIVER_SURVEY_TILE {"tile":12892,"x":92,"y":100,"slope":0,"min_height_levels":7,"public_terrain_type":3,"survey_token":683582092}
[2026-10-04 11:36:47] dbg: [script:4] [1] [I] RIVER_SURVEY_TILE {"tile":13020,"x":92,"y":101,"slope":9,"min_height_levels":6,"public_terrain_type":3,"survey_token":683582092}
[2026-10-04 11:36:47] dbg: [script:4] [1] [I] RIVER_SURVEY_TILE {"tile":13050,"x":122,"y":101,"slope":0,"min_height_levels":5,"public_terrain_type":3,"survey_token":683582092}
[2026-10-04 11:36:47] dbg: [script:4] [1] [I] RIVER_SURVEY_TILE {"tile":13051,"x":123,"y":101,"slope":0,"min_height_levels":5,"public_terrain_type":3,"survey_token":683582092}
[2026-10-04 11:36:47] dbg: [script:4] [1] [I] RIVER_SURVEY_TILE {"tile":13052,"x":124,"y":101,"slope":0,"min_height_levels":5,"public_terrain_type":3,"survey_token":683582092}
[2026-10-04 11:36:47] dbg: [script:4] [1] [I] RIVER_SURVEY_TILE {"tile":13053,"x":125,"y":101,"slope":12,"min_height_levels":4,"public_terrain_type":3,"survey_token":683582092}
[2026-10-04 11:36:47] dbg: [script:4] [1] [I] RIVER_SURVEY_TILE {"tile":13054,"x":126,"y":101,"slope":0,"min_height_levels":4,"public_terrain_type":3,"survey_token":683582092}
[2026-10-04 11:36:47] dbg: [script:4] [1] [I] RIVER_SURVEY_TILE {"tile":13147,"x":91,"y":102,"slope":0,"min_height_levels":6,"public_terrain_type":3,"survey_token":683582092}
[2026-10-04 11:36:47] dbg: [script:4] [1] [I] RIVER_SURVEY_TILE {"tile":13148,"x":92,"y":102,"slope":0,"min_height_levels":6,"public_terrain_type":3,"survey_token":683582092}
[2026-10-04 11:36:47] dbg: [script:4] [1] [I] RIVER_SURVEY_TILE {"tile":13182,"x":126,"y":102,"slope":0,"min_height_levels":4,"public_terrain_type":3,"survey_token":683582092}
[2026-10-04 11:36:47] dbg: [script:4] [1] [I] RIVER_SURVEY_TILE {"tile":13276,"x":92,"y":103,"slope":9,"min_height_levels":5,"public_terrain_type":3,"survey_token":683582092}
[2026-10-04 11:36:47] dbg: [script:4] [1] [I] RIVER_SURVEY_TILE {"tile":13310,"x":126,"y":103,"slope":0,"min_height_levels":4,"public_terrain_type":3,"survey_token":683582092}
[2026-10-04 11:36:47] dbg: [script:4] [1] [I] RIVER_SURVEY_TILE {"tile":13403,"x":91,"y":104,"slope":0,"min_height_levels":5,"public_terrain_type":3,"survey_token":683582092}
[2026-10-04 11:36:47] dbg: [script:4] [1] [I] RIVER_SURVEY_TILE {"tile":13404,"x":92,"y":104,"slope":0,"min_height_levels":5,"public_terrain_type":3,"survey_token":683582092}
[2026-10-04 11:36:47] dbg: [script:4] [1] [I] RIVER_SURVEY_TILE {"tile":13438,"x":126,"y":104,"slope":0,"min_height_levels":4,"public_terrain_type":3,"survey_token":683582092}
[2026-10-04 11:36:47] dbg: [script:4] [0] [I] RIVER_SURVEY_TILE {"tile":14078,"x":126,"y":109,"slope":9,"min_height_levels":3,"public_terrain_type":0,"survey_token":0}
[2026-10-04 11:36:47] dbg: [script:4] [0] [I] RIVER_SURVEY_TILE {"tile":14171,"x":91,"y":110,"slope":9,"min_height_levels":2,"public_terrain_type":0,"survey_token":0}
[2026-10-04 11:36:47] dbg: [script:4] [0] [I] RIVER_SURVEY_TILE {"tile":14206,"x":126,"y":110,"slope":0,"min_height_levels":3,"public_terrain_type":0,"survey_token":0}
[2026-10-04 11:36:47] dbg: [script:4] [0] [I] RIVER_SURVEY_TILE {"tile":14299,"x":91,"y":111,"slope":0,"min_height_levels":2,"public_terrain_type":0,"survey_token":0}
[2026-10-04 11:36:47] dbg: [script:4] [0] [I] RIVER_SURVEY_TILE {"tile":14334,"x":126,"y":111,"slope":0,"min_height_levels":3,"public_terrain_type":0,"survey_token":0}
[2026-10-04 11:36:47] dbg: [script:4] [0] [I] RIVER_SURVEY_TILE {"tile":14427,"x":91,"y":112,"slope":0,"min_height_levels":2,"public_terrain_type":0,"survey_token":0}
[2026-10-04 11:36:47] dbg: [script:4] [0] [I] RIVER_SURVEY_TILE {"tile":14462,"x":126,"y":112,"slope":0,"min_height_levels":3,"public_terrain_type":0,"survey_token":0}
[2026-10-04 11:36:47] dbg: [script:4] [0] [I] RIVER_SURVEY_TILE {"tile":14555,"x":91,"y":113,"slope":9,"min_height_levels":1,"public_terrain_type":0,"survey_token":0}
[2026-10-04 11:36:47] dbg: [script:4] [0] [I] RIVER_SURVEY_TILE {"tile":14590,"x":126,"y":113,"slope":9,"min_height_levels":2,"public_terrain_type":0,"survey_token":0}
[2026-10-04 11:36:47] dbg: [script:4] [1] [I] RIVER_SURVEY_TILE {"tile":13531,"x":91,"y":105,"slope":9,"min_height_levels":4,"public_terrain_type":3,"survey_token":683582092}
[2026-10-04 11:36:47] dbg: [script:4] [1] [I] RIVER_SURVEY_TILE {"tile":13566,"x":126,"y":105,"slope":0,"min_height_levels":4,"public_terrain_type":3,"survey_token":683582092}
[2026-10-04 11:36:47] dbg: [script:4] [1] [I] RIVER_SURVEY_TILE {"tile":13659,"x":91,"y":106,"slope":0,"min_height_levels":4,"public_terrain_type":3,"survey_token":683582092}
[2026-10-04 11:36:47] dbg: [script:4] [1] [I] RIVER_SURVEY_TILE {"tile":13694,"x":126,"y":106,"slope":0,"min_height_levels":4,"public_terrain_type":3,"survey_token":683582092}
[2026-10-04 11:36:47] dbg: [script:4] [1] [I] RIVER_SURVEY_TILE {"tile":13787,"x":91,"y":107,"slope":9,"min_height_levels":3,"public_terrain_type":0,"survey_token":683582092}
[2026-10-04 11:36:47] dbg: [script:4] [1] [I] RIVER_SURVEY_TILE {"tile":13822,"x":126,"y":107,"slope":0,"min_height_levels":4,"public_terrain_type":3,"survey_token":683582092}
[2026-10-04 11:36:47] dbg: [script:4] [1] [I] RIVER_SURVEY_TILE {"tile":13915,"x":91,"y":108,"slope":0,"min_height_levels":3,"public_terrain_type":0,"survey_token":683582092}
[2026-10-04 11:36:47] dbg: [script:4] [1] [I] RIVER_SURVEY_TILE {"tile":13950,"x":126,"y":108,"slope":0,"min_height_levels":4,"public_terrain_type":3,"survey_token":683582092}
[2026-10-04 11:36:47] dbg: [script:4] [1] [I] RIVER_SURVEY_TILE {"tile":14043,"x":91,"y":109,"slope":0,"min_height_levels":3,"public_terrain_type":0,"survey_token":683582092}
[2026-10-04 11:36:47] dbg: [script:4] [0] [I] RIVER_SURVEY_TILE {"tile":14683,"x":91,"y":114,"slope":0,"min_height_levels":1,"public_terrain_type":0,"survey_token":0}
[2026-10-04 11:36:47] dbg: [script:4] [0] [I] RIVER_SURVEY_TILE {"tile":14718,"x":126,"y":114,"slope":0,"min_height_levels":2,"public_terrain_type":0,"survey_token":0}
[2026-10-04 11:36:47] dbg: [script:4] [0] [I] RIVER_SURVEY_TILE {"tile":14811,"x":91,"y":115,"slope":0,"min_height_levels":1,"public_terrain_type":0,"survey_token":0}
[2026-10-04 11:36:47] dbg: [script:4] [0] [I] RIVER_SURVEY_TILE {"tile":14846,"x":126,"y":115,"slope":9,"min_height_levels":1,"public_terrain_type":0,"survey_token":0}
[2026-10-04 11:36:47] dbg: [script:4] [0] [I] RIVER_SURVEY_TILE {"tile":14939,"x":91,"y":116,"slope":0,"min_height_levels":1,"public_terrain_type":0,"survey_token":0}
[2026-10-04 11:36:47] dbg: [script:4] [0] [I] RIVER_SURVEY_TILE {"tile":14974,"x":126,"y":116,"slope":0,"min_height_levels":1,"public_terrain_type":0,"survey_token":0}
[2026-10-04 11:36:47] dbg: [script:4] [0] [I] RIVER_SURVEY_TILE {"tile":15067,"x":91,"y":117,"slope":0,"min_height_levels":1,"public_terrain_type":0,"survey_token":0}
[2026-10-04 11:36:47] dbg: [script:4] [0] [I] RIVER_SURVEY_TILE {"tile":15101,"x":125,"y":117,"slope":0,"min_height_levels":1,"public_terrain_type":0,"survey_token":0}
[2026-10-04 11:36:47] dbg: [script:4] [0] [I] RIVER_SURVEY_TILE {"tile":15102,"x":126,"y":117,"slope":0,"min_height_levels":1,"public_terrain_type":0,"survey_token":0}
[2026-10-04 11:36:47] dbg: [script:4] [0] [I] RIVER_SURVEY_TILE {"tile":15195,"x":91,"y":118,"slope":0,"min_height_levels":1,"public_terrain_type":0,"survey_token":0}
[2026-10-04 11:36:47] dbg: [script:4] [0] [I] RIVER_SURVEY_TILE {"tile":15196,"x":92,"y":118,"slope":0,"min_height_levels":1,"public_terrain_type":0,"survey_token":0}
[2026-10-04 11:36:47] dbg: [script:4] [0] [I] RIVER_SURVEY_TILE {"tile":15229,"x":125,"y":118,"slope":0,"min_height_levels":1,"public_terrain_type":0,"survey_token":0}
[2026-10-04 11:36:47] dbg: [script:4] [0] [I] RIVER_SURVEY_TILE {"tile":15230,"x":126,"y":118,"slope":0,"min_height_levels":1,"public_terrain_type":0,"survey_token":0}
[2026-10-04 11:36:47] dbg: [script:4] [1] [I] RIVER_SURVEY_TILE {"tile":14078,"x":126,"y":109,"slope":9,"min_height_levels":3,"public_terrain_type":0,"survey_token":683582092}
[2026-10-04 11:36:47] dbg: [script:4] [1] [I] RIVER_SURVEY_TILE {"tile":14171,"x":91,"y":110,"slope":9,"min_height_levels":2,"public_terrain_type":0,"survey_token":683582092}
[2026-10-04 11:36:47] dbg: [script:4] [1] [I] RIVER_SURVEY_TILE {"tile":14206,"x":126,"y":110,"slope":0,"min_height_levels":3,"public_terrain_type":0,"survey_token":683582092}
[2026-10-04 11:36:47] dbg: [script:4] [1] [I] RIVER_SURVEY_TILE {"tile":14299,"x":91,"y":111,"slope":0,"min_height_levels":2,"public_terrain_type":0,"survey_token":683582092}
[2026-10-04 11:36:47] dbg: [script:4] [1] [I] RIVER_SURVEY_TILE {"tile":14334,"x":126,"y":111,"slope":0,"min_height_levels":3,"public_terrain_type":0,"survey_token":683582092}
[2026-10-04 11:36:47] dbg: [script:4] [1] [I] RIVER_SURVEY_TILE {"tile":14427,"x":91,"y":112,"slope":0,"min_height_levels":2,"public_terrain_type":0,"survey_token":683582092}
[2026-10-04 11:36:47] dbg: [script:4] [1] [I] RIVER_SURVEY_TILE {"tile":14462,"x":126,"y":112,"slope":0,"min_height_levels":3,"public_terrain_type":0,"survey_token":683582092}
[2026-10-04 11:36:47] dbg: [script:4] [1] [I] RIVER_SURVEY_TILE {"tile":14555,"x":91,"y":113,"slope":9,"min_height_levels":1,"public_terrain_type":0,"survey_token":683582092}
[2026-10-04 11:36:47] dbg: [script:4] [1] [I] RIVER_SURVEY_TILE {"tile":14590,"x":126,"y":113,"slope":9,"min_height_levels":2,"public_terrain_type":0,"survey_token":683582092}
[2026-10-04 11:36:47] dbg: [script:4] [0] [I] RIVER_SURVEY_TILE {"tile":15323,"x":91,"y":119,"slope":9,"min_height_levels":0,"public_terrain_type":0,"survey_token":0}
[2026-10-04 11:36:47] dbg: [script:4] [0] [I] RIVER_SURVEY_TILE {"tile":15324,"x":92,"y":119,"slope":9,"min_height_levels":0,"public_terrain_type":0,"survey_token":0}
[2026-10-04 11:36:47] dbg: [script:4] [0] [I] RIVER_SURVEY_TILE {"tile":15357,"x":125,"y":119,"slope":9,"min_height_levels":0,"public_terrain_type":0,"survey_token":0}
[2026-10-04 11:36:47] dbg: [script:4] [0] [I] RIVER_SURVEY_TILE {"tile":15358,"x":126,"y":119,"slope":9,"min_height_levels":0,"public_terrain_type":0,"survey_token":0}
[2026-10-04 11:36:47] dbg: [script:4] [1] [I] RIVER_SURVEY_TILE {"tile":14683,"x":91,"y":114,"slope":0,"min_height_levels":1,"public_terrain_type":0,"survey_token":683582092}
[2026-10-04 11:36:47] dbg: [script:4] [1] [I] RIVER_SURVEY_TILE {"tile":14718,"x":126,"y":114,"slope":0,"min_height_levels":2,"public_terrain_type":0,"survey_token":683582092}
[2026-10-04 11:36:47] dbg: [script:4] [1] [I] RIVER_SURVEY_TILE {"tile":14811,"x":91,"y":115,"slope":0,"min_height_levels":1,"public_terrain_type":0,"survey_token":683582092}
[2026-10-04 11:36:47] dbg: [script:4] [1] [I] RIVER_SURVEY_TILE {"tile":14846,"x":126,"y":115,"slope":9,"min_height_levels":1,"public_terrain_type":0,"survey_token":683582092}
[2026-10-04 11:36:47] dbg: [script:4] [1] [I] RIVER_SURVEY_TILE {"tile":14939,"x":91,"y":116,"slope":0,"min_height_levels":1,"public_terrain_type":0,"survey_token":683582092}
[2026-10-04 11:36:47] dbg: [script:4] [1] [I] RIVER_SURVEY_TILE {"tile":14974,"x":126,"y":116,"slope":0,"min_height_levels":1,"public_terrain_type":0,"survey_token":683582092}
[2026-10-04 11:36:47] dbg: [script:4] [1] [I] RIVER_SURVEY_TILE {"tile":15067,"x":91,"y":117,"slope":0,"min_height_levels":1,"public_terrain_type":0,"survey_token":683582092}
[2026-10-04 11:36:47] dbg: [script:4] [1] [I] RIVER_SURVEY_TILE {"tile":15101,"x":125,"y":117,"slope":0,"min_height_levels":1,"public_terrain_type":0,"survey_token":683582092}
[2026-10-04 11:36:47] dbg: [script:4] [1] [I] RIVER_SURVEY_TILE {"tile":15102,"x":126,"y":117,"slope":0,"min_height_levels":1,"public_terrain_type":0,"survey_token":683582092}
[2026-10-04 11:36:47] dbg: [script:4] [1] [I] RIVER_SURVEY_TILE {"tile":15195,"x":91,"y":118,"slope":0,"min_height_levels":1,"public_terrain_type":0,"survey_token":683582092}
[2026-10-04 11:36:47] dbg: [script:4] [1] [I] RIVER_SURVEY_TILE {"tile":15196,"x":92,"y":118,"slope":0,"min_height_levels":1,"public_terrain_type":0,"survey_token":683582092}
[2026-10-04 11:36:47] dbg: [script:4] [1] [I] RIVER_SURVEY_TILE {"tile":15229,"x":125,"y":118,"slope":0,"min_height_levels":1,"public_terrain_type":0,"survey_token":683582092}
[2026-10-04 11:36:47] dbg: [script:4] [1] [I] RIVER_SURVEY_TILE {"tile":15230,"x":126,"y":118,"slope":0,"min_height_levels":1,"public_terrain_type":0,"survey_token":683582092}
[2026-10-04 11:36:47] dbg: [script:4] [0] [I] RIVER_SURVEY_READY {"map_width":128,"map_height":128,"river_tiles":399,"survey_token":0,"read_only_tile_queries":true,"public_terrain_type_queries":true}
[2026-10-04 11:36:47] dbg: [script:4] [1] [I] RIVER_SURVEY_TILE {"tile":15323,"x":91,"y":119,"slope":9,"min_height_levels":0,"public_terrain_type":0,"survey_token":683582092}
[2026-10-04 11:36:47] dbg: [script:4] [1] [I] RIVER_SURVEY_TILE {"tile":15324,"x":92,"y":119,"slope":9,"min_height_levels":0,"public_terrain_type":0,"survey_token":683582092}
[2026-10-04 11:36:47] dbg: [script:4] [1] [I] RIVER_SURVEY_TILE {"tile":15357,"x":125,"y":119,"slope":9,"min_height_levels":0,"public_terrain_type":0,"survey_token":683582092}
[2026-10-04 11:36:47] dbg: [script:4] [1] [I] RIVER_SURVEY_TILE {"tile":15358,"x":126,"y":119,"slope":9,"min_height_levels":0,"public_terrain_type":0,"survey_token":683582092}
[2026-10-04 11:36:47] dbg: [script:4] [1] [I] RIVER_SURVEY_READY {"map_width":128,"map_height":128,"river_tiles":399,"survey_token":683582092,"read_only_tile_queries":true,"public_terrain_type_queries":true}
‎*** Game paused (manual)
Saving map...
[2026-10-04 11:36:47] dbg: [script:3] [0] [W] Save function is not implemented
[2026-10-04 11:36:47] dbg: [script:3] [0] [W] Save function is not implemented
[2026-10-04 11:36:47] dbg: [script:3] [1] [W] Save function is not implemented
[2026-10-04 11:36:47] dbg: [script:3] [1] [W] Save function is not implemented
Map successfully saved to 'river-survey.sav'.
[2026-10-04 11:36:47] dbg: [net:3] Initializing UDP listeners
[2026-10-04 11:36:47] dbg: [net:3] Shutting down network
