[2026-10-03 17:05:06] dbg: [driver:1] Successfully loaded blitter '32bpp-optimized'
[2026-10-03 17:05:06] dbg: [driver:1] OpenTT3D: Cocoa process 43661
[2026-10-03 17:05:06] dbg: [driver:1] OpenGL driver: Apple - Apple M3 Pro (4.1 Metal - 90.5)
[2026-10-03 17:05:06] dbg: [driver:2] OpenGL shading language version: 4.10, texture units = 80
[2026-10-03 17:05:06] dbg: [driver:1] Successfully loaded video driver 'cocoa-opengl'
[2026-10-03 17:05:06] dbg: [driver:1] Successfully loaded sound driver 'null'
[2026-10-03 17:05:06] dbg: [driver:1] Successfully loaded music driver 'null'
[2026-10-03 17:05:06] dbg: [driver:1] OpenTT3D: background Cocoa window active=false, key=false, visible=false, policy=2
[2026-10-03 17:05:06] dbg: [driver:1] using thread for game-loop
[2026-10-03 17:05:06] dbg: [driver:1] OpenTT3D: loaded 62 profiles from opentt3d-trees.json
[2026-10-03 17:05:06] dbg: [driver:1] OpenTT3D: retained river selector tile 43,35 feature 5 base 8466 offset 0->0 sprite 8466 absent false
[2026-10-03 17:05:06] dbg: [driver:1] OpenTT3D: retained river selector tile 43,35 feature 6 base 8801 offset 0->0 sprite 8801 absent false
[2026-10-03 17:05:06] dbg: [driver:1] OpenTT3D: retained river selector tile 43,35 feature 6 base 8801 offset 2->2 sprite 8803 absent false
[2026-10-03 17:05:06] dbg: [driver:1] OpenTT3D: retained river selector tile 43,36 feature 5 base 8436 offset 0->0 sprite 8436 absent false
[2026-10-03 17:05:06] dbg: [driver:1] OpenTT3D: retained river selector tile 43,36 feature 6 base 8801 offset 0->0 sprite 8801 absent false
[2026-10-03 17:05:06] dbg: [driver:1] OpenTT3D: retained river selector tile 43,36 feature 6 base 8801 offset 2->2 sprite 8803 absent false
[2026-10-03 17:05:06] dbg: [driver:1] OpenTT3D: retained river selector tile 43,37 feature 5 base 8476 offset 0->0 sprite 8476 absent false
[2026-10-03 17:05:06] dbg: [driver:1] OpenTT3D: retained river selector tile 43,37 feature 6 base 8801 offset 0->0 sprite 8801 absent false
[2026-10-03 17:05:06] dbg: [driver:1] OpenTT3D: retained river selector tile 43,37 feature 6 base 8801 offset 2->2 sprite 8803 absent false
[2026-10-03 17:05:06] dbg: [driver:1] OpenTT3D: retained river selector tile 43,38 feature 5 base 8476 offset 0->0 sprite 8476 absent false
[2026-10-03 17:05:06] dbg: [driver:1] OpenTT3D: retained river selector tile 43,38 feature 6 base 8801 offset 0->0 sprite 8801 absent false
[2026-10-03 17:05:06] dbg: [driver:1] OpenTT3D: retained river selector tile 43,38 feature 6 base 8801 offset 2->2 sprite 8803 absent false
[2026-10-03 17:05:06] dbg: [driver:1] OpenTT3D: retained river selector tile 43,39 feature 5 base 8426 offset 0->0 sprite 8426 absent false
[2026-10-03 17:05:06] dbg: [driver:1] OpenTT3D: retained river selector tile 43,39 feature 6 base 8801 offset 0->0 sprite 8801 absent false
[2026-10-03 17:05:06] dbg: [driver:1] OpenTT3D: retained river selector tile 43,39 feature 6 base 8801 offset 2->2 sprite 8803 absent false
[2026-10-03 17:05:06] dbg: [driver:1] OpenTT3D: retained river selector tile 43,40 feature 5 base 8456 offset 4->4 sprite 8460 absent false
[2026-10-03 17:05:06] dbg: [driver:1] OpenTT3D: retained live water source tile 43,40 role ground sprite 8460 at original height 0
[2026-10-03 17:05:06] dbg: [driver:1] OpenTT3D: retained river selector tile 43,40 feature 6 base 8741 offset 48->48 sprite 8789 absent false
[2026-10-03 17:05:06] dbg: [driver:1] OpenTT3D: retained live water source tile 43,40 role ground sprite 8789 at original height 0
[2026-10-03 17:05:06] dbg: [driver:1] OpenTT3D: retained river selector tile 43,40 feature 6 base 8741 offset 50->50 sprite 8791 absent false
[2026-10-03 17:05:06] dbg: [driver:1] OpenTT3D: retained live water source tile 43,40 role ground sprite 8791 at original height 0
[2026-10-03 17:05:06] dbg: [driver:1] OpenTT3D: retained river selector tile 53,59 feature 5 base 8456 offset 0->0 sprite 8456 absent false
[2026-10-03 17:05:06] dbg: [driver:1] OpenTT3D: retained river selector tile 53,59 feature 6 base 9101 offset 0->0 sprite 9101 absent false
[2026-10-03 17:05:06] dbg: [driver:1] OpenTT3D: retained river selector tile 53,59 feature 6 base 9101 offset 3->3 sprite 9104 absent false
[2026-10-03 17:05:06] dbg: [driver:1] OpenTT3D: retained river selector tile 53,59 feature 6 base 9101 offset 9->9 sprite 9110 absent false
[2026-10-03 17:05:06] dbg: [driver:1] OpenTT3D: retained river selector tile 53,59 feature 6 base 9101 offset 7->7 sprite 9108 absent false
[2026-10-03 17:05:06] dbg: [driver:1] OpenTT3D: retained river selector tile 54,59 feature 5 base 8466 offset 3->3 sprite 8469 absent false
[2026-10-03 17:05:06] dbg: [driver:1] OpenTT3D: retained live water source tile 54,59 role ground sprite 8469 at original height 16
[2026-10-03 17:05:06] dbg: [driver:1] OpenTT3D: retained river selector tile 54,59 feature 6 base 9101 offset 37->37 sprite 9138 absent false
[2026-10-03 17:05:06] dbg: [driver:1] OpenTT3D: retained live water source tile 54,59 role ground sprite 9138 at original height 16
[2026-10-03 17:05:06] dbg: [driver:1] OpenTT3D: retained river selector tile 54,59 feature 6 base 9101 offset 39->39 sprite 9140 absent false
[2026-10-03 17:05:06] dbg: [driver:1] OpenTT3D: retained live water source tile 54,59 role ground sprite 9140 at original height 16
[2026-10-03 17:05:06] dbg: [driver:1] OpenTT3D: retained river selector tile 55,59 feature 5 base 8446 offset 0->0 sprite 8446 absent false
[2026-10-03 17:05:06] dbg: [driver:1] OpenTT3D: retained river selector tile 55,59 feature 6 base 9161 offset 1->1 sprite 9162 absent false
[2026-10-03 17:05:06] dbg: [driver:1] OpenTT3D: retained river selector tile 55,59 feature 6 base 9161 offset 3->3 sprite 9164 absent false
[2026-10-03 17:05:06] dbg: [driver:1] OpenTT3D: retained river selector tile 56,59 feature 5 base 8441 offset 0->0 sprite 8441 absent false
[2026-10-03 17:05:06] dbg: [driver:1] OpenTT3D: retained river selector tile 56,59 feature 6 base 9161 offset 1->1 sprite 9162 absent false
[2026-10-03 17:05:06] dbg: [driver:1] OpenTT3D: retained river selector tile 56,59 feature 6 base 9161 offset 3->3 sprite 9164 absent false
[2026-10-03 17:05:06] dbg: [driver:1] OpenTT3D: retained river selector tile 57,59 feature 5 base 8436 offset 3->3 sprite 8439 absent false
[2026-10-03 17:05:06] dbg: [driver:1] OpenTT3D: retained live water source tile 57,59 role ground sprite 8439 at original height 24
[2026-10-03 17:05:06] dbg: [driver:1] OpenTT3D: retained river selector tile 57,59 feature 6 base 9161 offset 37->37 sprite 9198 absent false
[2026-10-03 17:05:06] dbg: [driver:1] OpenTT3D: retained live water source tile 57,59 role ground sprite 9198 at original height 24
[2026-10-03 17:05:06] dbg: [driver:1] OpenTT3D: retained river selector tile 57,59 feature 6 base 9161 offset 39->39 sprite 9200 absent false
[2026-10-03 17:05:06] dbg: [driver:1] OpenTT3D: retained live water source tile 57,59 role ground sprite 9200 at original height 24
[2026-10-03 17:05:06] dbg: [driver:1] OpenTT3D: retained river selector tile 58,59 feature 5 base 8496 offset 0->0 sprite 8496 absent false
[2026-10-03 17:05:06] dbg: [driver:1] OpenTT3D: retained river selector tile 58,59 feature 6 base 9221 offset 1->1 sprite 9222 absent false
[2026-10-03 17:05:06] dbg: [driver:1] OpenTT3D: retained river selector tile 58,59 feature 6 base 9221 offset 3->3 sprite 9224 absent false
[2026-10-03 17:05:06] dbg: [driver:1] OpenTT3D: retained river selector tile 59,59 feature 5 base 8491 offset 3->3 sprite 8494 absent false
[2026-10-03 17:05:06] dbg: [driver:1] OpenTT3D: retained live water source tile 59,59 role ground sprite 8494 at original height 32
[2026-10-03 17:05:06] dbg: [driver:1] OpenTT3D: retained river selector tile 59,59 feature 6 base 9221 offset 37->37 sprite 9258 absent false
[2026-10-03 17:05:06] dbg: [driver:1] OpenTT3D: retained live water source tile 59,59 role ground sprite 9258 at original height 32
[2026-10-03 17:05:06] dbg: [driver:1] OpenTT3D: retained river selector tile 59,59 feature 6 base 9221 offset 39->39 sprite 9260 absent false
[2026-10-03 17:05:06] dbg: [driver:1] OpenTT3D: retained live water source tile 59,59 role ground sprite 9260 at original height 32
[2026-10-03 17:05:06] dbg: [driver:1] OpenTT3D: retained river selector tile 60,59 feature 5 base 8471 offset 0->0 sprite 8471 absent false
[2026-10-03 17:05:06] dbg: [driver:1] OpenTT3D: retained river selector tile 60,59 feature 6 base 8921 offset 1->1 sprite 8922 absent false
[2026-10-03 17:05:06] dbg: [driver:1] OpenTT3D: retained river selector tile 60,59 feature 6 base 8921 offset 3->3 sprite 8924 absent false
[2026-10-03 17:05:06] dbg: [driver:1] OpenTT3D: retained river selector tile 61,59 feature 5 base 8441 offset 0->0 sprite 8441 absent false
[2026-10-03 17:05:06] dbg: [driver:1] OpenTT3D: retained river selector tile 61,59 feature 6 base 8921 offset 1->1 sprite 8922 absent false
[2026-10-03 17:05:06] dbg: [driver:1] OpenTT3D: retained river selector tile 61,59 feature 6 base 8921 offset 2->2 sprite 8923 absent false
[2026-10-03 17:05:06] dbg: [driver:1] OpenTT3D: retained river selector tile 61,59 feature 6 base 8921 offset 3->3 sprite 8924 absent false
[2026-10-03 17:05:06] dbg: [driver:1] OpenTT3D: retained river selector tile 61,59 feature 6 base 8921 offset 5->5 sprite 8926 absent false
[2026-10-03 17:05:06] dbg: [driver:1] OpenTT3D: retained river selector tile 61,59 feature 6 base 8921 offset 6->6 sprite 8927 absent false
[2026-10-03 17:05:06] dbg: [driver:1] OpenTT3D: retained river selector tile 45,60 feature 5 base 8486 offset 3->3 sprite 8489 absent false
[2026-10-03 17:05:06] dbg: [driver:1] OpenTT3D: retained live water source tile 45,60 role ground sprite 8489 at original height 0
[2026-10-03 17:05:06] dbg: [driver:1] OpenTT3D: retained river selector tile 45,60 feature 6 base 8741 offset 37->37 sprite 8778 absent false
[2026-10-03 17:05:06] dbg: [driver:1] OpenTT3D: retained live water source tile 45,60 role ground sprite 8778 at original height 0
[2026-10-03 17:05:06] dbg: [driver:1] OpenTT3D: retained river selector tile 45,60 feature 6 base 8741 offset 39->39 sprite 8780 absent false
[2026-10-03 17:05:06] dbg: [driver:1] OpenTT3D: retained live water source tile 45,60 role ground sprite 8780 at original height 0
[2026-10-03 17:05:06] dbg: [driver:1] OpenTT3D: retained river selector tile 46,60 feature 5 base 8461 offset 0->0 sprite 8461 absent false
[2026-10-03 17:05:06] dbg: [driver:1] OpenTT3D: retained river selector tile 46,60 feature 6 base 8801 offset 1->1 sprite 8802 absent false
[2026-10-03 17:05:06] dbg: [driver:1] OpenTT3D: retained river selector tile 46,60 feature 6 base 8801 offset 3->3 sprite 8804 absent false
[2026-10-03 17:05:06] dbg: [driver:1] OpenTT3D: retained river selector tile 47,60 feature 5 base 8431 offset 0->0 sprite 8431 absent false
[2026-10-03 17:05:06] dbg: [driver:1] OpenTT3D: retained river selector tile 47,60 feature 6 base 8801 offset 1->1 sprite 8802 absent false
[2026-10-03 17:05:06] dbg: [driver:1] OpenTT3D: retained river selector tile 47,60 feature 6 base 8801 offset 3->3 sprite 8804 absent false
[2026-10-03 17:05:06] dbg: [driver:1] OpenTT3D: retained river selector tile 48,60 feature 5 base 8456 offset 0->0 sprite 8456 absent false
[2026-10-03 17:05:06] dbg: [driver:1] OpenTT3D: retained river selector tile 48,60 feature 6 base 8801 offset 1->1 sprite 8802 absent false
[2026-10-03 17:05:06] dbg: [driver:1] OpenTT3D: retained river selector tile 48,60 feature 6 base 8801 offset 3->3 sprite 8804 absent false
[2026-10-03 17:05:06] dbg: [driver:1] OpenTT3D: retained river selector tile 49,60 feature 5 base 8471 offset 0->0 sprite 8471 absent false
[2026-10-03 17:05:06] dbg: [driver:1] OpenTT3D: retained river selector tile 49,60 feature 6 base 8801 offset 1->1 sprite 8802 absent false
[2026-10-03 17:05:06] dbg: [driver:1] OpenTT3D: retained river selector tile 49,60 feature 6 base 8801 offset 3->3 sprite 8804 absent false
[2026-10-03 17:05:06] dbg: [driver:1] OpenTT3D: retained river selector tile 50,60 feature 5 base 8456 offset 0->0 sprite 8456 absent false
[2026-10-03 17:05:06] dbg: [driver:1] OpenTT3D: retained river selector tile 50,60 feature 6 base 8801 offset 1->1 sprite 8802 absent false
[2026-10-03 17:05:06] dbg: [driver:1] OpenTT3D: retained river selector tile 50,60 feature 6 base 8801 offset 3->3 sprite 8804 absent false
[2026-10-03 17:05:06] dbg: [driver:1] OpenTT3D: retained river selector tile 51,60 feature 5 base 8431 offset 3->3 sprite 8434 absent false
[2026-10-03 17:05:06] dbg: [driver:1] OpenTT3D: retained live water source tile 51,60 role ground sprite 8434 at original height 8
[2026-10-03 17:05:06] dbg: [driver:1] OpenTT3D: retained river selector tile 51,60 feature 6 base 8801 offset 37->37 sprite 8838 absent false
[2026-10-03 17:05:06] dbg: [driver:1] OpenTT3D: retained live water source tile 51,60 role ground sprite 8838 at original height 8
[2026-10-03 17:05:06] dbg: [driver:1] OpenTT3D: retained river selector tile 51,60 feature 6 base 8801 offset 39->39 sprite 8840 absent false
[2026-10-03 17:05:06] dbg: [driver:1] OpenTT3D: retained live water source tile 51,60 role ground sprite 8840 at original height 8
[2026-10-03 17:05:06] dbg: [driver:1] OpenTT3D: retained river selector tile 52,60 feature 5 base 8491 offset 0->0 sprite 8491 absent false
[2026-10-03 17:05:06] dbg: [driver:1] OpenTT3D: retained river selector tile 52,60 feature 6 base 9101 offset 1->1 sprite 9102 absent false
[2026-10-03 17:05:06] dbg: [driver:1] OpenTT3D: retained river selector tile 52,60 feature 6 base 9101 offset 3->3 sprite 9104 absent false
[2026-10-03 17:05:06] dbg: [driver:1] OpenTT3D: retained river selector tile 53,60 feature 5 base 8476 offset 0->0 sprite 8476 absent false
[2026-10-03 17:05:06] dbg: [driver:1] OpenTT3D: retained river selector tile 53,60 feature 6 base 9101 offset 1->1 sprite 9102 absent false
[2026-10-03 17:05:06] dbg: [driver:1] OpenTT3D: retained river selector tile 53,60 feature 6 base 9101 offset 2->2 sprite 9103 absent false
[2026-10-03 17:05:06] dbg: [driver:1] OpenTT3D: retained river selector tile 53,60 feature 6 base 9101 offset 5->5 sprite 9106 absent false
[2026-10-03 17:05:06] dbg: [driver:1] OpenTT3D: retained river selector tile 53,60 feature 6 base 9101 offset 11->11 sprite 9112 absent false
[2026-10-03 17:05:06] dbg: [driver:1] OpenTT3D: live projected tree 1744 stage 2 captured at 45,62
[2026-10-03 17:05:06] dbg: [driver:1] OpenTT3D: live projected tree 1716 stage 3 captured at 48,64
[2026-10-03 17:05:06] dbg: [driver:1] OpenTT3D: live projected tree 1716 stage 1 captured at 48,64
[2026-10-03 17:05:06] dbg: [driver:1] OpenTT3D: live projected tree 1758 stage 3 captured at 48,64
[2026-10-03 17:05:06] dbg: [driver:1] OpenTT3D: live projected tree 1723 stage 3 captured at 48,64
[2026-10-03 17:05:06] dbg: [driver:1] OpenTT3D: live projected tree 1730 stage 0 captured at 47,66
[2026-10-03 17:05:06] dbg: [driver:1] OpenTT3D: live projected tree 1751 stage 3 captured at 47,66
[2026-10-03 17:05:06] dbg: [driver:1] OpenTT3D: live projected tree 1730 stage 3 captured at 50,66
[2026-10-03 17:05:06] dbg: [driver:1] OpenTT3D: live projected tree 1751 stage 6 captured at 46,67
[2026-10-03 17:05:06] dbg: [driver:1] OpenTT3D: live projected tree 1730 stage 6 captured at 50,67
[2026-10-03 17:05:06] dbg: [driver:1] OpenTT3D: live projected tree 1744 stage 3 captured at 50,67
[2026-10-03 17:05:06] dbg: [driver:1] OpenTT3D: live projected tree 1737 stage 3 captured at 50,67
[2026-10-03 17:05:06] dbg: [driver:1] OpenTT3D: live projected tree 1709 stage 3 captured at 45,68
[2026-10-03 17:05:06] dbg: [driver:1] OpenTT3D: live projected tree 1709 stage 6 captured at 52,69
[2026-10-03 17:05:19] dbg: [driver:1] OpenTT3D: loaded 1831 authored voxel models, 17420235 occupied cells, 12070638 exposed cell faces merged to 2656043 conforming rectangles / 20271120 triangles
[2026-10-03 17:05:19] dbg: [driver:1] OpenTT3D: retained lossless voxel sources use 36385568 bytes instead of 1727438004 dense cell bytes, with one shared palette
[2026-10-03 17:05:19] dbg: [driver:1] OpenTT3D: CPU voxel surfaces retain 1066079056 bytes under a scene-pinned soft budget, including 185267056 exact restoration bytes
[2026-10-03 17:05:20] dbg: [driver:1] OpenTT3D: live projected tree 1716 stage 5 captured at 52,71
[2026-10-03 17:05:20] dbg: [driver:1] OpenTT3D: live voxel house ground 37 construction stage 3 captured at 56,71
[2026-10-03 17:05:20] dbg: [driver:1] OpenTT3D: live voxel house ground 37 construction stage 3 variant 0 captured
[2026-10-03 17:05:20] dbg: [driver:1] OpenTT3D: live voxel house 37 construction stage 3 captured at 56,71
[2026-10-03 17:05:20] dbg: [driver:1] OpenTT3D: live voxel house 37 construction stage 3 variant 0 captured
[2026-10-03 17:05:20] dbg: [driver:1] OpenTT3D: live projected tree 1751 stage 0 captured at 45,72
[2026-10-03 17:05:20] dbg: [driver:1] OpenTT3D: live projected tree 1723 stage 0 captured at 51,72
[2026-10-03 17:05:20] dbg: [driver:1] OpenTT3D: live voxel house ground 64 construction stage 1 captured at 56,72
[2026-10-03 17:05:20] dbg: [driver:1] OpenTT3D: live voxel house ground 64 construction stage 1 variant 0 captured
[2026-10-03 17:05:20] dbg: [driver:1] OpenTT3D: live voxel house 64 construction stage 1 captured at 56,72
[2026-10-03 17:05:20] dbg: [driver:1] OpenTT3D: live voxel house 64 construction stage 1 variant 0 captured
[2026-10-03 17:05:20] dbg: [driver:1] OpenTT3D: live projected tree 1709 stage 1 captured at 43,73
[2026-10-03 17:05:20] dbg: [driver:1] OpenTT3D: retained river selector tile 66,83 feature 5 base 8471 offset 0->0 sprite 8471 absent false
[2026-10-03 17:05:20] dbg: [driver:1] OpenTT3D: retained river selector tile 66,83 feature 6 base 8801 offset 0->0 sprite 8801 absent false
[2026-10-03 17:05:20] dbg: [driver:1] OpenTT3D: retained river selector tile 66,83 feature 6 base 8801 offset 3->3 sprite 8804 absent false
[2026-10-03 17:05:20] dbg: [driver:1] OpenTT3D: retained river selector tile 66,83 feature 6 base 8801 offset 7->7 sprite 8808 absent false
[2026-10-03 17:05:20] dbg: [driver:1] OpenTT3D: retained river selector tile 67,83 feature 5 base 8461 offset 0->0 sprite 8461 absent false
[2026-10-03 17:05:20] dbg: [driver:1] OpenTT3D: retained river selector tile 67,83 feature 6 base 8801 offset 3->3 sprite 8804 absent false
[2026-10-03 17:05:20] dbg: [driver:1] OpenTT3D: retained river selector tile 67,83 feature 6 base 8801 offset 9->9 sprite 8810 absent false
[2026-10-03 17:05:20] dbg: [driver:1] OpenTT3D: retained river selector tile 66,84 feature 5 base 8421 offset 0->0 sprite 8421 absent false
[2026-10-03 17:05:20] dbg: [driver:1] OpenTT3D: retained river selector tile 66,84 feature 6 base 8801 offset 0->0 sprite 8801 absent false
[2026-10-03 17:05:20] dbg: [driver:1] OpenTT3D: retained river selector tile 66,84 feature 6 base 8801 offset 9->9 sprite 8810 absent false
[2026-10-03 17:05:20] dbg: [driver:1] OpenTT3D: retained river selector tile 67,84 feature 5 base 8491 offset 0->0 sprite 8491 absent false
[2026-10-03 17:05:20] dbg: [driver:1] OpenTT3D: retained river selector tile 67,84 feature 6 base 8801 offset 1->1 sprite 8802 absent false
[2026-10-03 17:05:20] dbg: [driver:1] OpenTT3D: retained river selector tile 67,84 feature 6 base 8801 offset 2->2 sprite 8803 absent false
[2026-10-03 17:05:20] dbg: [driver:1] OpenTT3D: retained river selector tile 67,84 feature 6 base 8801 offset 5->5 sprite 8806 absent false
[2026-10-03 17:05:20] dbg: [driver:1] OpenTT3D: 77 ground-detail tiles rendered with raised crops, hay, rocks or turf
[2026-10-03 17:05:20] dbg: [driver:2] OpenTT3D: pre-existing OpenGL error before mesh pass (1286)
[2026-10-03 17:05:20] dbg: [driver:1] OpenTT3D: depth-tested mesh renderer initialized
[2026-10-03 17:05:20] dbg: [driver:1] OpenTT3D: live voxel house ground 46 construction stage 3 captured at 54,73
[2026-10-03 17:05:20] dbg: [driver:1] OpenTT3D: live voxel house ground 46 construction stage 3 variant 0 captured
[2026-10-03 17:05:20] dbg: [driver:1] OpenTT3D: live voxel house 46 construction stage 3 captured at 54,73
[2026-10-03 17:05:20] dbg: [driver:1] OpenTT3D: live voxel house 46 construction stage 3 variant 0 captured
[2026-10-03 17:05:20] dbg: [driver:1] OpenTT3D: live voxel house ground 58 construction stage 3 captured at 56,73
[2026-10-03 17:05:20] dbg: [driver:1] OpenTT3D: live voxel house ground 58 construction stage 3 variant 1 captured
[2026-10-03 17:05:20] dbg: [driver:1] OpenTT3D: live voxel house 58 construction stage 3 captured at 56,73
[2026-10-03 17:05:20] dbg: [driver:1] OpenTT3D: live voxel house 58 construction stage 3 variant 1 captured
[2026-10-03 17:05:20] dbg: [driver:1] OpenTT3D: live voxel house ground 48 construction stage 3 captured at 54,74
[2026-10-03 17:05:20] dbg: [driver:1] OpenTT3D: live voxel house ground 48 construction stage 3 variant 3 captured
[2026-10-03 17:05:20] dbg: [driver:1] OpenTT3D: live voxel house 48 construction stage 3 captured at 54,74
[2026-10-03 17:05:20] dbg: [driver:1] OpenTT3D: live voxel house 48 construction stage 3 variant 3 captured
[2026-10-03 17:05:20] dbg: [driver:1] OpenTT3D: live voxel house ground 46 construction stage 3 captured at 56,74
[2026-10-03 17:05:20] dbg: [driver:1] OpenTT3D: live voxel house ground 46 construction stage 3 variant 2 captured
[2026-10-03 17:05:20] dbg: [driver:1] OpenTT3D: live voxel house 46 construction stage 3 captured at 56,74
[2026-10-03 17:05:20] dbg: [driver:1] OpenTT3D: live voxel house 46 construction stage 3 variant 2 captured
[2026-10-03 17:05:20] dbg: [driver:1] OpenTT3D: live voxel house ground 56 construction stage 3 captured at 52,75
[2026-10-03 17:05:20] dbg: [driver:1] OpenTT3D: live voxel house ground 56 construction stage 3 variant 0 captured
[2026-10-03 17:05:20] dbg: [driver:1] OpenTT3D: live voxel house 56 construction stage 3 captured at 52,75
[2026-10-03 17:05:20] dbg: [driver:1] OpenTT3D: live voxel house 56 construction stage 3 variant 0 captured
[2026-10-03 17:05:20] dbg: [driver:1] OpenTT3D: live voxel house ground 46 construction stage 3 captured at 53,75
[2026-10-03 17:05:20] dbg: [driver:1] OpenTT3D: live voxel house ground 46 construction stage 3 variant 1 captured
[2026-10-03 17:05:20] dbg: [driver:1] OpenTT3D: live voxel house 46 construction stage 3 captured at 53,75
[2026-10-03 17:05:20] dbg: [driver:1] OpenTT3D: live voxel house 46 construction stage 3 variant 1 captured
[2026-10-03 17:05:20] dbg: [driver:1] OpenTT3D: live voxel house 9 construction stage 3 captured at 54,75
[2026-10-03 17:05:20] dbg: [driver:1] OpenTT3D: live voxel house 9 construction stage 3 variant 2 captured
[2026-10-03 17:05:20] dbg: [driver:1] OpenTT3D: live voxel house ground 62 construction stage 3 captured at 52,76
[2026-10-03 17:05:20] dbg: [driver:1] OpenTT3D: live voxel house ground 62 construction stage 3 variant 2 captured
[2026-10-03 17:05:20] dbg: [driver:1] OpenTT3D: live voxel house 62 construction stage 3 captured at 52,76
[2026-10-03 17:05:20] dbg: [driver:1] OpenTT3D: live voxel house 62 construction stage 3 variant 2 captured
[2026-10-03 17:05:20] dbg: [driver:1] OpenTT3D: live voxel house ground 60 construction stage 1 captured at 54,77
[2026-10-03 17:05:20] dbg: [driver:1] OpenTT3D: live voxel house ground 60 construction stage 1 variant 3 captured
[2026-10-03 17:05:20] dbg: [driver:1] OpenTT3D: live voxel house 60 construction stage 1 captured at 54,77
[2026-10-03 17:05:20] dbg: [driver:1] OpenTT3D: live voxel house 60 construction stage 1 variant 3 captured
[2026-10-03 17:05:20] dbg: [driver:1] OpenTT3D: live voxel house ground 44 construction stage 3 captured at 56,77
[2026-10-03 17:05:20] dbg: [driver:1] OpenTT3D: live voxel house ground 44 construction stage 3 variant 0 captured
[2026-10-03 17:05:20] dbg: [driver:1] OpenTT3D: live voxel house 44 construction stage 3 captured at 56,77
[2026-10-03 17:05:20] dbg: [driver:1] OpenTT3D: live voxel house 44 construction stage 3 variant 0 captured
[2026-10-03 17:05:20] dbg: [driver:1] OpenTT3D: live voxel house ground 64 construction stage 3 captured at 52,78
[2026-10-03 17:05:20] dbg: [driver:1] OpenTT3D: live voxel house ground 64 construction stage 3 variant 0 captured
[2026-10-03 17:05:20] dbg: [driver:1] OpenTT3D: live voxel house 64 construction stage 3 captured at 52,78
[2026-10-03 17:05:20] dbg: [driver:1] OpenTT3D: live voxel house 64 construction stage 3 variant 0 captured
[2026-10-03 17:05:20] dbg: [driver:1] OpenTT3D: live voxel house ground 64 construction stage 3 captured at 56,78
[2026-10-03 17:05:20] dbg: [driver:1] OpenTT3D: live voxel house ground 64 construction stage 3 variant 1 captured
[2026-10-03 17:05:20] dbg: [driver:1] OpenTT3D: live voxel house 64 construction stage 3 captured at 56,78
[2026-10-03 17:05:20] dbg: [driver:1] OpenTT3D: live voxel house 64 construction stage 3 variant 1 captured
[2026-10-03 17:05:20] dbg: [driver:1] OpenTT3D: live voxel house ground 44 construction stage 3 captured at 58,78
[2026-10-03 17:05:20] dbg: [driver:1] OpenTT3D: live voxel house ground 44 construction stage 3 variant 3 captured
[2026-10-03 17:05:20] dbg: [driver:1] OpenTT3D: live voxel house ground 62 construction stage 3 captured at 58,79
[2026-10-03 17:05:20] dbg: [driver:1] OpenTT3D: live voxel house ground 62 construction stage 3 variant 0 captured
[2026-10-03 17:05:20] dbg: [driver:1] OpenTT3D: live projected tree 1730 stage 2 captured at 55,80
[2026-10-03 17:05:20] dbg: [driver:1] OpenTT3D: live projected tree 1716 stage 0 captured at 56,81
[2026-10-03 17:05:20] dbg: [driver:1] OpenTT3D: retained river selector tile 69,81 feature 5 base 8446 offset 0->0 sprite 8446 absent false
[2026-10-03 17:05:20] dbg: [driver:1] OpenTT3D: retained river selector tile 69,81 feature 6 base 8801 offset 0->0 sprite 8801 absent false
[2026-10-03 17:05:20] dbg: [driver:1] OpenTT3D: retained river selector tile 69,81 feature 6 base 8801 offset 3->3 sprite 8804 absent false
[2026-10-03 17:05:20] dbg: [driver:1] OpenTT3D: retained river selector tile 69,81 feature 6 base 8801 offset 7->7 sprite 8808 absent false
[2026-10-03 17:05:20] dbg: [driver:1] OpenTT3D: retained river selector tile 68,82 feature 5 base 8471 offset 0->0 sprite 8471 absent false
[2026-10-03 17:05:20] dbg: [driver:1] OpenTT3D: retained river selector tile 68,82 feature 6 base 8801 offset 0->0 sprite 8801 absent false
[2026-10-03 17:05:20] dbg: [driver:1] OpenTT3D: retained river selector tile 68,82 feature 6 base 8801 offset 3->3 sprite 8804 absent false
[2026-10-03 17:05:20] dbg: [driver:1] OpenTT3D: retained river selector tile 68,82 feature 6 base 8801 offset 7->7 sprite 8808 absent false
[2026-10-03 17:05:20] dbg: [driver:1] OpenTT3D: retained river selector tile 69,82 feature 5 base 8441 offset 0->0 sprite 8441 absent false
[2026-10-03 17:05:20] dbg: [driver:1] OpenTT3D: retained river selector tile 69,82 feature 6 base 8801 offset 9->9 sprite 8810 absent false
[2026-10-03 17:05:20] dbg: [driver:1] OpenTT3D: retained river selector tile 69,82 feature 6 base 8801 offset 11->11 sprite 8812 absent false
[2026-10-03 17:05:20] dbg: [driver:1] OpenTT3D: retained river selector tile 68,83 feature 5 base 8436 offset 0->0 sprite 8436 absent false
[2026-10-03 17:05:20] dbg: [driver:1] OpenTT3D: retained river selector tile 68,83 feature 6 base 8801 offset 1->1 sprite 8802 absent false
[2026-10-03 17:05:20] dbg: [driver:1] OpenTT3D: retained river selector tile 68,83 feature 6 base 8801 offset 11->11 sprite 8812 absent false
[2026-10-03 17:05:20] dbg: [driver:1] OpenTT3D: retained river selector tile 69,83 feature 5 base 8456 offset 0->0 sprite 8456 absent false
[2026-10-03 17:05:20] dbg: [driver:1] OpenTT3D: retained river selector tile 69,83 feature 6 base 8801 offset 1->1 sprite 8802 absent false
[2026-10-03 17:05:20] dbg: [driver:1] OpenTT3D: retained river selector tile 69,83 feature 6 base 8801 offset 2->2 sprite 8803 absent false
[2026-10-03 17:05:20] dbg: [driver:1] OpenTT3D: retained river selector tile 69,83 feature 6 base 8801 offset 5->5 sprite 8806 absent false
[2026-10-03 17:05:20] dbg: [driver:1] OpenTT3D: retained river selector tile 66,85 feature 5 base 8456 offset 0->0 sprite 8456 absent false
[2026-10-03 17:05:20] dbg: [driver:1] OpenTT3D: retained river selector tile 66,85 feature 6 base 8801 offset 0->0 sprite 8801 absent false
[2026-10-03 17:05:20] dbg: [driver:1] OpenTT3D: retained river selector tile 66,85 feature 6 base 8801 offset 2->2 sprite 8803 absent false
[2026-10-03 17:05:20] dbg: [driver:1] OpenTT3D: retained river selector tile 64,86 feature 5 base 8446 offset 0->0 sprite 8446 absent false
[2026-10-03 17:05:20] dbg: [driver:1] OpenTT3D: retained river selector tile 64,86 feature 6 base 8801 offset 0->0 sprite 8801 absent false
[2026-10-03 17:05:20] dbg: [driver:1] OpenTT3D: retained river selector tile 64,86 feature 6 base 8801 offset 3->3 sprite 8804 absent false
[2026-10-03 17:05:20] dbg: [driver:1] OpenTT3D: retained river selector tile 64,86 feature 6 base 8801 offset 7->7 sprite 8808 absent false
[2026-10-03 17:05:20] dbg: [driver:1] OpenTT3D: retained river selector tile 65,86 feature 5 base 8436 offset 0->0 sprite 8436 absent false
[2026-10-03 17:05:20] dbg: [driver:1] OpenTT3D: retained river selector tile 65,86 feature 6 base 8801 offset 3->3 sprite 8804 absent false
[2026-10-03 17:05:20] dbg: [driver:1] OpenTT3D: retained river selector tile 66,86 feature 5 base 8436 offset 0->0 sprite 8436 absent false
[2026-10-03 17:05:20] dbg: [driver:1] OpenTT3D: retained river selector tile 66,86 feature 6 base 8801 offset 2->2 sprite 8803 absent false
[2026-10-03 17:05:20] dbg: [driver:1] OpenTT3D: retained river selector tile 66,86 feature 6 base 8801 offset 11->11 sprite 8812 absent false
[2026-10-03 17:05:20] dbg: [driver:1] OpenTT3D: retained river selector tile 62,87 feature 5 base 8436 offset 0->0 sprite 8436 absent false
[2026-10-03 17:05:20] dbg: [driver:1] OpenTT3D: retained river selector tile 62,87 feature 6 base 8801 offset 0->0 sprite 8801 absent false
[2026-10-03 17:05:20] dbg: [driver:1] OpenTT3D: retained river selector tile 62,87 feature 6 base 8801 offset 3->3 sprite 8804 absent false
[2026-10-03 17:05:20] dbg: [driver:1] OpenTT3D: retained river selector tile 62,87 feature 6 base 8801 offset 7->7 sprite 8808 absent false
[2026-10-03 17:05:20] dbg: [driver:1] OpenTT3D: retained river selector tile 63,87 feature 5 base 8471 offset 0->0 sprite 8471 absent false
[2026-10-03 17:05:20] dbg: [driver:1] OpenTT3D: retained river selector tile 63,87 feature 6 base 8801 offset 3->3 sprite 8804 absent false
[2026-10-03 17:05:20] dbg: [driver:1] OpenTT3D: retained river selector tile 64,87 feature 5 base 8481 offset 0->0 sprite 8481 absent false
[2026-10-03 17:05:20] dbg: [driver:1] OpenTT3D: retained river selector tile 64,87 feature 6 base 8801 offset 11->11 sprite 8812 absent false
[2026-10-03 17:05:20] dbg: [driver:1] OpenTT3D: retained river selector tile 65,87 feature 5 base 8436 offset 0->0 sprite 8436 absent false
[2026-10-03 17:05:20] dbg: [driver:1] OpenTT3D: retained river selector tile 65,87 feature 6 base 8801 offset 9->9 sprite 8810 absent false
[2026-10-03 17:05:20] dbg: [driver:1] OpenTT3D: retained river selector tile 66,87 feature 5 base 8431 offset 0->0 sprite 8431 absent false
[2026-10-03 17:05:20] dbg: [driver:1] OpenTT3D: retained river selector tile 66,87 feature 6 base 8801 offset 1->1 sprite 8802 absent false
[2026-10-03 17:05:20] dbg: [driver:1] OpenTT3D: retained river selector tile 66,87 feature 6 base 8801 offset 2->2 sprite 8803 absent false
[2026-10-03 17:05:20] dbg: [driver:1] OpenTT3D: retained river selector tile 66,87 feature 6 base 8801 offset 5->5 sprite 8806 absent false
[2026-10-03 17:05:20] dbg: [driver:1] OpenTT3D: retained river selector tile 58,88 feature 5 base 8476 offset 0->0 sprite 8476 absent false
[2026-10-03 17:05:20] dbg: [driver:1] OpenTT3D: retained river selector tile 58,88 feature 6 base 8801 offset 0->0 sprite 8801 absent false
[2026-10-03 17:05:20] dbg: [driver:1] OpenTT3D: retained river selector tile 58,88 feature 6 base 8801 offset 3->3 sprite 8804 absent false
[2026-10-03 17:05:20] dbg: [driver:1] OpenTT3D: retained river selector tile 58,88 feature 6 base 8801 offset 7->7 sprite 8808 absent false
[2026-10-03 17:05:20] dbg: [driver:1] OpenTT3D: retained river selector tile 59,88 feature 5 base 8476 offset 0->0 sprite 8476 absent false
[2026-10-03 17:05:20] dbg: [driver:1] OpenTT3D: retained river selector tile 59,88 feature 6 base 8801 offset 3->3 sprite 8804 absent false
[2026-10-03 17:05:20] dbg: [driver:1] OpenTT3D: retained river selector tile 60,88 feature 5 base 8466 offset 0->0 sprite 8466 absent false
[2026-10-03 17:05:20] dbg: [driver:1] OpenTT3D: retained river selector tile 60,88 feature 6 base 8801 offset 3->3 sprite 8804 absent false
[2026-10-03 17:05:20] dbg: [driver:1] OpenTT3D: retained river selector tile 61,88 feature 5 base 8446 offset 0->0 sprite 8446 absent false
[2026-10-03 17:05:20] dbg: [driver:1] OpenTT3D: retained river selector tile 61,88 feature 6 base 8801 offset 3->3 sprite 8804 absent false
[2026-10-03 17:05:20] dbg: [driver:1] OpenTT3D: retained river selector tile 62,88 feature 5 base 8421 offset 0->0 sprite 8421 absent false
[2026-10-03 17:05:20] dbg: [driver:1] OpenTT3D: retained river selector tile 62,88 feature 6 base 8801 offset 11->11 sprite 8812 absent false
[2026-10-03 17:05:20] dbg: [driver:1] OpenTT3D: retained river selector tile 63,88 feature 5 base 8471 offset 0->0 sprite 8471 absent false
[2026-10-03 17:05:20] dbg: [driver:1] OpenTT3D: retained river selector tile 64,88 feature 5 base 8466 offset 0->0 sprite 8466 absent false
[2026-10-03 17:05:20] dbg: [driver:1] OpenTT3D: retained river selector tile 65,88 feature 5 base 8491 offset 0->0 sprite 8491 absent false
[2026-10-03 17:05:20] dbg: [driver:1] OpenTT3D: retained river selector tile 65,88 feature 6 base 8801 offset 2->2 sprite 8803 absent false
[2026-10-03 17:05:20] dbg: [driver:1] OpenTT3D: retained river selector tile 57,89 feature 5 base 8451 offset 0->0 sprite 8451 absent false
[2026-10-03 17:05:20] dbg: [driver:1] OpenTT3D: retained river selector tile 57,89 feature 6 base 8801 offset 0->0 sprite 8801 absent false
[2026-10-03 17:05:20] dbg: [driver:1] OpenTT3D: retained river selector tile 57,89 feature 6 base 8801 offset 3->3 sprite 8804 absent false
[2026-10-03 17:05:20] dbg: [driver:1] OpenTT3D: retained river selector tile 57,89 feature 6 base 8801 offset 7->7 sprite 8808 absent false
[2026-10-03 17:05:20] dbg: [driver:1] OpenTT3D: retained river selector tile 58,89 feature 5 base 8446 offset 0->0 sprite 8446 absent false
[2026-10-03 17:05:20] dbg: [driver:1] OpenTT3D: retained river selector tile 58,89 feature 6 base 8801 offset 11->11 sprite 8812 absent false
[2026-10-03 17:05:20] dbg: [driver:1] OpenTT3D: retained river selector tile 59,89 feature 5 base 8481 offset 0->0 sprite 8481 absent false
[2026-10-03 17:05:20] dbg: [driver:1] OpenTT3D: retained river selector tile 60,89 feature 5 base 8486 offset 0->0 sprite 8486 absent false
[2026-10-03 17:05:20] dbg: [driver:1] OpenTT3D: retained river selector tile 61,89 feature 5 base 8431 offset 0->0 sprite 8431 absent false
[2026-10-03 17:05:20] dbg: [driver:1] OpenTT3D: retained river selector tile 62,89 feature 5 base 8481 offset 0->0 sprite 8481 absent false
[2026-10-03 17:05:20] dbg: [driver:1] OpenTT3D: retained river selector tile 63,89 feature 5 base 8436 offset 0->0 sprite 8436 absent false
[2026-10-03 17:05:20] dbg: [driver:1] OpenTT3D: retained river selector tile 64,89 feature 5 base 8436 offset 0->0 sprite 8436 absent false
[2026-10-03 17:05:20] dbg: [driver:1] OpenTT3D: retained river selector tile 64,89 feature 6 base 8801 offset 9->9 sprite 8810 absent false
[2026-10-03 17:05:20] dbg: [driver:1] OpenTT3D: retained river selector tile 65,89 feature 5 base 8446 offset 0->0 sprite 8446 absent false
[2026-10-03 17:05:20] dbg: [driver:1] OpenTT3D: retained river selector tile 65,89 feature 6 base 8801 offset 1->1 sprite 8802 absent false
[2026-10-03 17:05:20] dbg: [driver:1] OpenTT3D: retained river selector tile 65,89 feature 6 base 8801 offset 2->2 sprite 8803 absent false
[2026-10-03 17:05:20] dbg: [driver:1] OpenTT3D: retained river selector tile 65,89 feature 6 base 8801 offset 5->5 sprite 8806 absent false
[2026-10-03 17:05:20] dbg: [driver:1] OpenTT3D: retained river selector tile 42,90 feature 5 base 8441 offset 3->3 sprite 8444 absent false
[2026-10-03 17:05:20] dbg: [driver:1] OpenTT3D: retained live water source tile 42,90 role ground sprite 8444 at original height 0
[2026-10-03 17:05:20] dbg: [driver:1] OpenTT3D: retained river selector tile 42,90 feature 6 base 8741 offset 39->39 sprite 8780 absent false
[2026-10-03 17:05:20] dbg: [driver:1] OpenTT3D: retained live water source tile 42,90 role ground sprite 8780 at original height 0
[2026-10-03 17:05:20] dbg: [driver:1] OpenTT3D: retained river selector tile 43,90 feature 5 base 8486 offset 0->0 sprite 8486 absent false
[2026-10-03 17:05:20] dbg: [driver:1] OpenTT3D: retained river selector tile 43,90 feature 6 base 8801 offset 3->3 sprite 8804 absent false
[2026-10-03 17:05:20] dbg: [driver:1] OpenTT3D: retained river selector tile 44,90 feature 5 base 8461 offset 0->0 sprite 8461 absent false
[2026-10-03 17:05:20] dbg: [driver:1] OpenTT3D: retained river selector tile 44,90 feature 6 base 8801 offset 2->2 sprite 8803 absent false
[2026-10-03 17:05:20] dbg: [driver:1] OpenTT3D: retained river selector tile 44,90 feature 6 base 8801 offset 3->3 sprite 8804 absent false
[2026-10-03 17:05:20] dbg: [driver:1] OpenTT3D: retained river selector tile 44,90 feature 6 base 8801 offset 6->6 sprite 8807 absent false
[2026-10-03 17:05:20] dbg: [driver:1] OpenTT3D: retained river selector tile 53,90 feature 5 base 8461 offset 0->0 sprite 8461 absent false
[2026-10-03 17:05:20] dbg: [driver:1] OpenTT3D: retained river selector tile 53,90 feature 6 base 8801 offset 0->0 sprite 8801 absent false
[2026-10-03 17:05:20] dbg: [driver:1] OpenTT3D: retained river selector tile 53,90 feature 6 base 8801 offset 3->3 sprite 8804 absent false
[2026-10-03 17:05:20] dbg: [driver:1] OpenTT3D: retained river selector tile 53,90 feature 6 base 8801 offset 7->7 sprite 8808 absent false
[2026-10-03 17:05:20] dbg: [driver:1] OpenTT3D: retained river selector tile 54,90 feature 5 base 8466 offset 0->0 sprite 8466 absent false
[2026-10-03 17:05:20] dbg: [driver:1] OpenTT3D: retained river selector tile 54,90 feature 6 base 8801 offset 3->3 sprite 8804 absent false
[2026-10-03 17:05:20] dbg: [driver:1] OpenTT3D: retained river selector tile 55,90 feature 5 base 8461 offset 0->0 sprite 8461 absent false
[2026-10-03 17:05:20] dbg: [driver:1] OpenTT3D: retained river selector tile 55,90 feature 6 base 8801 offset 3->3 sprite 8804 absent false
[2026-10-03 17:05:20] dbg: [driver:1] OpenTT3D: retained river selector tile 56,90 feature 5 base 8491 offset 0->0 sprite 8491 absent false
[2026-10-03 17:05:20] dbg: [driver:1] OpenTT3D: retained river selector tile 56,90 feature 6 base 8801 offset 3->3 sprite 8804 absent false
[2026-10-03 17:05:20] dbg: [driver:1] OpenTT3D: retained river selector tile 57,90 feature 5 base 8471 offset 0->0 sprite 8471 absent false
[2026-10-03 17:05:20] dbg: [driver:1] OpenTT3D: retained river selector tile 57,90 feature 6 base 8801 offset 11->11 sprite 8812 absent false
[2026-10-03 17:05:20] dbg: [driver:1] OpenTT3D: retained river selector tile 58,90 feature 5 base 8421 offset 0->0 sprite 8421 absent false
[2026-10-03 17:05:20] dbg: [driver:1] OpenTT3D: retained river selector tile 58,90 feature 6 base 8801 offset 9->9 sprite 8810 absent false
[2026-10-03 17:05:20] dbg: [driver:1] OpenTT3D: retained river selector tile 59,90 feature 5 base 8431 offset 0->0 sprite 8431 absent false
[2026-10-03 17:05:20] dbg: [driver:1] OpenTT3D: retained river selector tile 59,90 feature 6 base 8801 offset 1->1 sprite 8802 absent false
[2026-10-03 17:05:20] dbg: [driver:1] OpenTT3D: retained river selector tile 60,90 feature 5 base 8421 offset 0->0 sprite 8421 absent false
[2026-10-03 17:05:20] dbg: [driver:1] OpenTT3D: retained river selector tile 60,90 feature 6 base 8801 offset 1->1 sprite 8802 absent false
[2026-10-03 17:05:20] dbg: [driver:1] OpenTT3D: retained river selector tile 61,90 feature 5 base 8496 offset 0->0 sprite 8496 absent false
[2026-10-03 17:05:20] dbg: [driver:1] OpenTT3D: retained river selector tile 61,90 feature 6 base 8801 offset 1->1 sprite 8802 absent false
[2026-10-03 17:05:20] dbg: [driver:1] OpenTT3D: retained river selector tile 62,90 feature 5 base 8421 offset 0->0 sprite 8421 absent false
[2026-10-03 17:05:20] dbg: [driver:1] OpenTT3D: retained river selector tile 62,90 feature 6 base 8801 offset 1->1 sprite 8802 absent false
[2026-10-03 17:05:20] dbg: [driver:1] OpenTT3D: retained river selector tile 63,90 feature 5 base 8421 offset 0->0 sprite 8421 absent false
[2026-10-03 17:05:20] dbg: [driver:1] OpenTT3D: retained river selector tile 63,90 feature 6 base 8801 offset 1->1 sprite 8802 absent false
[2026-10-03 17:05:20] dbg: [driver:1] OpenTT3D: retained river selector tile 64,90 feature 5 base 8481 offset 0->0 sprite 8481 absent false
[2026-10-03 17:05:20] dbg: [driver:1] OpenTT3D: retained river selector tile 64,90 feature 6 base 8801 offset 1->1 sprite 8802 absent false
[2026-10-03 17:05:20] dbg: [driver:1] OpenTT3D: retained river selector tile 64,90 feature 6 base 8801 offset 2->2 sprite 8803 absent false
[2026-10-03 17:05:20] dbg: [driver:1] OpenTT3D: retained river selector tile 64,90 feature 6 base 8801 offset 5->5 sprite 8806 absent false
[2026-10-03 17:05:20] dbg: [driver:1] OpenTT3D: retained river selector tile 42,91 feature 5 base 8466 offset 3->3 sprite 8469 absent false
[2026-10-03 17:05:20] dbg: [driver:1] OpenTT3D: retained live water source tile 42,91 role ground sprite 8469 at original height 0
[2026-10-03 17:05:20] dbg: [driver:1] OpenTT3D: retained river selector tile 43,91 feature 5 base 8461 offset 0->0 sprite 8461 absent false
[2026-10-03 17:05:20] dbg: [driver:1] OpenTT3D: retained river selector tile 44,91 feature 5 base 8471 offset 0->0 sprite 8471 absent false
[2026-10-03 17:05:20] dbg: [driver:1] OpenTT3D: retained river selector tile 44,91 feature 6 base 8801 offset 10->10 sprite 8811 absent false
[2026-10-03 17:05:20] dbg: [driver:1] OpenTT3D: retained river selector tile 45,91 feature 5 base 8461 offset 0->0 sprite 8461 absent false
[2026-10-03 17:05:20] dbg: [driver:1] OpenTT3D: retained river selector tile 45,91 feature 6 base 8801 offset 3->3 sprite 8804 absent false
[2026-10-03 17:05:20] dbg: [driver:1] OpenTT3D: retained river selector tile 46,91 feature 5 base 8431 offset 0->0 sprite 8431 absent false
[2026-10-03 17:05:20] dbg: [driver:1] OpenTT3D: retained river selector tile 46,91 feature 6 base 8801 offset 3->3 sprite 8804 absent false
[2026-10-03 17:05:20] dbg: [driver:1] OpenTT3D: retained river selector tile 47,91 feature 5 base 8441 offset 0->0 sprite 8441 absent false
[2026-10-03 17:05:20] dbg: [driver:1] OpenTT3D: retained river selector tile 47,91 feature 6 base 8801 offset 3->3 sprite 8804 absent false
[2026-10-03 17:05:20] dbg: [driver:1] OpenTT3D: retained river selector tile 48,91 feature 5 base 8421 offset 0->0 sprite 8421 absent false
[2026-10-03 17:05:20] dbg: [driver:1] OpenTT3D: retained river selector tile 48,91 feature 6 base 8801 offset 3->3 sprite 8804 absent false
[2026-10-03 17:05:20] dbg: [driver:1] OpenTT3D: retained river selector tile 49,91 feature 5 base 8461 offset 0->0 sprite 8461 absent false
[2026-10-03 17:05:20] dbg: [driver:1] OpenTT3D: retained river selector tile 49,91 feature 6 base 8801 offset 3->3 sprite 8804 absent false
[2026-10-03 17:05:20] dbg: [driver:1] OpenTT3D: retained river selector tile 50,91 feature 5 base 8461 offset 0->0 sprite 8461 absent false
[2026-10-03 17:05:20] dbg: [driver:1] OpenTT3D: retained river selector tile 50,91 feature 6 base 8801 offset 3->3 sprite 8804 absent false
[2026-10-03 17:05:20] dbg: [driver:1] OpenTT3D: retained river selector tile 51,91 feature 5 base 8461 offset 0->0 sprite 8461 absent false
[2026-10-03 17:05:20] dbg: [driver:1] OpenTT3D: retained river selector tile 51,91 feature 6 base 8801 offset 3->3 sprite 8804 absent false
[2026-10-03 17:05:20] dbg: [driver:1] OpenTT3D: retained river selector tile 52,91 feature 5 base 8451 offset 0->0 sprite 8451 absent false
[2026-10-03 17:05:20] dbg: [driver:1] OpenTT3D: retained river selector tile 52,91 feature 6 base 8801 offset 3->3 sprite 8804 absent false
[2026-10-03 17:05:20] dbg: [driver:1] OpenTT3D: retained river selector tile 53,91 feature 5 base 8456 offset 0->0 sprite 8456 absent false
[2026-10-03 17:05:20] dbg: [driver:1] OpenTT3D: retained river selector tile 53,91 feature 6 base 8801 offset 11->11 sprite 8812 absent false
[2026-10-03 17:05:20] dbg: [driver:1] OpenTT3D: retained river selector tile 54,91 feature 5 base 8446 offset 0->0 sprite 8446 absent false
[2026-10-03 17:05:20] dbg: [driver:1] OpenTT3D: retained river selector tile 55,91 feature 5 base 8481 offset 0->0 sprite 8481 absent false
[2026-10-03 17:05:20] dbg: [driver:1] OpenTT3D: retained river selector tile 56,91 feature 5 base 8476 offset 0->0 sprite 8476 absent false
[2026-10-03 17:05:20] dbg: [driver:1] OpenTT3D: retained river selector tile 57,91 feature 5 base 8421 offset 0->0 sprite 8421 absent false
[2026-10-03 17:05:20] dbg: [driver:1] OpenTT3D: retained river selector tile 58,91 feature 5 base 8441 offset 0->0 sprite 8441 absent false
[2026-10-03 17:05:20] dbg: [driver:1] OpenTT3D: retained river selector tile 58,91 feature 6 base 8801 offset 2->2 sprite 8803 absent false
[2026-10-03 17:05:20] dbg: [driver:1] OpenTT3D: retained river selector tile 42,92 feature 5 base 8421 offset 3->3 sprite 8424 absent false
[2026-10-03 17:05:20] dbg: [driver:1] OpenTT3D: retained live water source tile 42,92 role ground sprite 8424 at original height 0
[2026-10-03 17:05:20] dbg: [driver:1] OpenTT3D: retained river selector tile 42,92 feature 6 base 8741 offset 37->37 sprite 8778 absent false
[2026-10-03 17:05:20] dbg: [driver:1] OpenTT3D: retained live water source tile 42,92 role ground sprite 8778 at original height 0
[2026-10-03 17:05:20] dbg: [driver:1] OpenTT3D: retained river selector tile 43,92 feature 5 base 8421 offset 0->0 sprite 8421 absent false
[2026-10-03 17:05:20] dbg: [driver:1] OpenTT3D: retained river selector tile 43,92 feature 6 base 8801 offset 8->8 sprite 8809 absent false
[2026-10-03 17:05:20] dbg: [driver:1] OpenTT3D: retained river selector tile 44,92 feature 5 base 8441 offset 0->0 sprite 8441 absent false
[2026-10-03 17:05:20] dbg: [driver:1] OpenTT3D: retained river selector tile 45,92 feature 5 base 8446 offset 0->0 sprite 8446 absent false
[2026-10-03 17:05:20] dbg: [driver:1] OpenTT3D: retained river selector tile 46,92 feature 5 base 8496 offset 0->0 sprite 8496 absent false
[2026-10-03 17:05:20] dbg: [driver:1] OpenTT3D: retained river selector tile 47,92 feature 5 base 8456 offset 0->0 sprite 8456 absent false
[2026-10-03 17:05:20] dbg: [driver:1] OpenTT3D: retained river selector tile 48,92 feature 5 base 8431 offset 0->0 sprite 8431 absent false
[2026-10-03 17:05:20] dbg: [driver:1] OpenTT3D: retained river selector tile 49,92 feature 5 base 8471 offset 0->0 sprite 8471 absent false
[2026-10-03 17:05:20] dbg: [driver:1] OpenTT3D: retained river selector tile 50,92 feature 5 base 8491 offset 0->0 sprite 8491 absent false
[2026-10-03 17:05:20] dbg: [driver:1] OpenTT3D: retained river selector tile 51,92 feature 5 base 8486 offset 0->0 sprite 8486 absent false
[2026-10-03 17:05:20] dbg: [driver:1] OpenTT3D: retained river selector tile 52,92 feature 5 base 8491 offset 0->0 sprite 8491 absent false
[2026-10-03 17:05:20] dbg: [driver:1] OpenTT3D: retained river selector tile 52,92 feature 6 base 8801 offset 9->9 sprite 8810 absent false
[2026-10-03 17:05:20] dbg: [driver:1] OpenTT3D: retained river selector tile 53,92 feature 5 base 8436 offset 0->0 sprite 8436 absent false
[2026-10-03 17:05:20] dbg: [driver:1] OpenTT3D: retained river selector tile 53,92 feature 6 base 8801 offset 1->1 sprite 8802 absent false
[2026-10-03 17:05:20] dbg: [driver:1] OpenTT3D: retained river selector tile 54,92 feature 5 base 8436 offset 0->0 sprite 8436 absent false
[2026-10-03 17:05:20] dbg: [driver:1] OpenTT3D: retained river selector tile 54,92 feature 6 base 8801 offset 1->1 sprite 8802 absent false
[2026-10-03 17:05:20] dbg: [driver:1] OpenTT3D: retained river selector tile 55,92 feature 5 base 8461 offset 0->0 sprite 8461 absent false
[2026-10-03 17:05:20] dbg: [driver:1] OpenTT3D: retained river selector tile 55,92 feature 6 base 8801 offset 1->1 sprite 8802 absent false
[2026-10-03 17:05:20] dbg: [driver:1] OpenTT3D: retained river selector tile 56,92 feature 5 base 8491 offset 0->0 sprite 8491 absent false
[2026-10-03 17:05:20] dbg: [driver:1] OpenTT3D: retained river selector tile 56,92 feature 6 base 8801 offset 1->1 sprite 8802 absent false
[2026-10-03 17:05:20] dbg: [driver:1] OpenTT3D: retained river selector tile 57,92 feature 5 base 8491 offset 0->0 sprite 8491 absent false
[2026-10-03 17:05:20] dbg: [driver:1] OpenTT3D: retained river selector tile 57,92 feature 6 base 8801 offset 1->1 sprite 8802 absent false
[2026-10-03 17:05:20] dbg: [driver:1] OpenTT3D: retained river selector tile 58,92 feature 5 base 8476 offset 0->0 sprite 8476 absent false
[2026-10-03 17:05:20] dbg: [driver:1] OpenTT3D: retained river selector tile 58,92 feature 6 base 8801 offset 1->1 sprite 8802 absent false
[2026-10-03 17:05:20] dbg: [driver:1] OpenTT3D: retained river selector tile 58,92 feature 6 base 8801 offset 2->2 sprite 8803 absent false
[2026-10-03 17:05:20] dbg: [driver:1] OpenTT3D: retained river selector tile 58,92 feature 6 base 8801 offset 5->5 sprite 8806 absent false
[2026-10-03 17:05:20] dbg: [driver:1] OpenTT3D: retained river selector tile 43,93 feature 5 base 8431 offset 0->0 sprite 8431 absent false
[2026-10-03 17:05:20] dbg: [driver:1] OpenTT3D: retained river selector tile 43,93 feature 6 base 8801 offset 0->0 sprite 8801 absent false
[2026-10-03 17:05:20] dbg: [driver:1] OpenTT3D: retained river selector tile 43,93 feature 6 base 8801 offset 1->1 sprite 8802 absent false
[2026-10-03 17:05:20] dbg: [driver:1] OpenTT3D: retained river selector tile 43,93 feature 6 base 8801 offset 4->4 sprite 8805 absent false
[2026-10-03 17:05:20] dbg: [driver:1] OpenTT3D: retained river selector tile 44,93 feature 5 base 8491 offset 0->0 sprite 8491 absent false
[2026-10-03 17:05:20] dbg: [driver:1] OpenTT3D: retained river selector tile 44,93 feature 6 base 8801 offset 1->1 sprite 8802 absent false
[2026-10-03 17:05:20] dbg: [driver:1] OpenTT3D: retained river selector tile 45,93 feature 5 base 8421 offset 0->0 sprite 8421 absent false
[2026-10-03 17:05:20] dbg: [driver:1] OpenTT3D: retained river selector tile 45,93 feature 6 base 8801 offset 1->1 sprite 8802 absent false
[2026-10-03 17:05:20] dbg: [driver:1] OpenTT3D: retained river selector tile 46,93 feature 5 base 8431 offset 0->0 sprite 8431 absent false
[2026-10-03 17:05:20] dbg: [driver:1] OpenTT3D: retained river selector tile 46,93 feature 6 base 8801 offset 1->1 sprite 8802 absent false
[2026-10-03 17:05:20] dbg: [driver:1] OpenTT3D: retained river selector tile 47,93 feature 5 base 8421 offset 0->0 sprite 8421 absent false
[2026-10-03 17:05:20] dbg: [driver:1] OpenTT3D: retained river selector tile 47,93 feature 6 base 8801 offset 1->1 sprite 8802 absent false
[2026-10-03 17:05:20] dbg: [driver:1] OpenTT3D: retained river selector tile 48,93 feature 5 base 8431 offset 0->0 sprite 8431 absent false
[2026-10-03 17:05:20] dbg: [driver:1] OpenTT3D: retained river selector tile 48,93 feature 6 base 8801 offset 1->1 sprite 8802 absent false
[2026-10-03 17:05:20] dbg: [driver:1] OpenTT3D: retained river selector tile 49,93 feature 5 base 8486 offset 0->0 sprite 8486 absent false
[2026-10-03 17:05:20] dbg: [driver:1] OpenTT3D: retained river selector tile 49,93 feature 6 base 8801 offset 1->1 sprite 8802 absent false
[2026-10-03 17:05:20] dbg: [driver:1] OpenTT3D: retained river selector tile 50,93 feature 5 base 8451 offset 0->0 sprite 8451 absent false
[2026-10-03 17:05:20] dbg: [driver:1] OpenTT3D: retained river selector tile 50,93 feature 6 base 8801 offset 1->1 sprite 8802 absent false
[2026-10-03 17:05:20] dbg: [driver:1] OpenTT3D: retained river selector tile 51,93 feature 5 base 8496 offset 0->0 sprite 8496 absent false
[2026-10-03 17:05:20] dbg: [driver:1] OpenTT3D: retained river selector tile 51,93 feature 6 base 8801 offset 1->1 sprite 8802 absent false
[2026-10-03 17:05:20] dbg: [driver:1] OpenTT3D: retained river selector tile 52,93 feature 5 base 8486 offset 0->0 sprite 8486 absent false
[2026-10-03 17:05:20] dbg: [driver:1] OpenTT3D: retained river selector tile 52,93 feature 6 base 8801 offset 1->1 sprite 8802 absent false
[2026-10-03 17:05:20] dbg: [driver:1] OpenTT3D: retained river selector tile 52,93 feature 6 base 8801 offset 2->2 sprite 8803 absent false
[2026-10-03 17:05:20] dbg: [driver:1] OpenTT3D: retained river selector tile 52,93 feature 6 base 8801 offset 5->5 sprite 8806 absent false
[2026-10-03 17:05:20] dbg: [driver:1] OpenTT3D: 6 slope foundations rendered with complete retaining walls
[2026-10-03 17:05:20] dbg: [driver:1] OpenTT3D: retained river selector tile 75,59 feature 5 base 8471 offset 0->0 sprite 8471 absent false
[2026-10-03 17:05:20] dbg: [driver:1] OpenTT3D: retained river selector tile 75,59 feature 6 base 8921 offset 0->0 sprite 8921 absent false
[2026-10-03 17:05:20] dbg: [driver:1] OpenTT3D: retained river selector tile 75,59 feature 6 base 8921 offset 2->2 sprite 8923 absent false
[2026-10-03 17:05:20] dbg: [driver:1] OpenTT3D: retained river selector tile 75,60 feature 5 base 8431 offset 0->0 sprite 8431 absent false
[2026-10-03 17:05:20] dbg: [driver:1] OpenTT3D: retained river selector tile 75,60 feature 6 base 8921 offset 0->0 sprite 8921 absent false
[2026-10-03 17:05:20] dbg: [driver:1] OpenTT3D: retained river selector tile 75,60 feature 6 base 8921 offset 2->2 sprite 8923 absent false
[2026-10-03 17:05:20] dbg: [driver:1] OpenTT3D: retained river selector tile 75,61 feature 5 base 8461 offset 0->0 sprite 8461 absent false
[2026-10-03 17:05:20] dbg: [driver:1] OpenTT3D: retained river selector tile 75,61 feature 6 base 8921 offset 0->0 sprite 8921 absent false
[2026-10-03 17:05:20] dbg: [driver:1] OpenTT3D: retained river selector tile 75,61 feature 6 base 8921 offset 1->1 sprite 8922 absent false
[2026-10-03 17:05:20] dbg: [driver:1] OpenTT3D: retained river selector tile 75,61 feature 6 base 8921 offset 2->2 sprite 8923 absent false
[2026-10-03 17:05:20] dbg: [driver:1] OpenTT3D: retained river selector tile 75,61 feature 6 base 8921 offset 4->4 sprite 8925 absent false
[2026-10-03 17:05:20] dbg: [driver:1] OpenTT3D: retained river selector tile 75,61 feature 6 base 8921 offset 5->5 sprite 8926 absent false
[2026-10-03 17:05:20] dbg: [driver:1] OpenTT3D: retained river selector tile 86,66 feature 5 base 8421 offset 0->0 sprite 8421 absent false
[2026-10-03 17:05:20] dbg: [driver:1] OpenTT3D: retained river selector tile 86,66 feature 6 base 8921 offset 0->0 sprite 8921 absent false
[2026-10-03 17:05:20] dbg: [driver:1] OpenTT3D: retained river selector tile 86,66 feature 6 base 8921 offset 1->1 sprite 8922 absent false
[2026-10-03 17:05:20] dbg: [driver:1] OpenTT3D: retained river selector tile 86,66 feature 6 base 8921 offset 3->3 sprite 8924 absent false
[2026-10-03 17:05:20] dbg: [driver:1] OpenTT3D: retained river selector tile 86,66 feature 6 base 8921 offset 4->4 sprite 8925 absent false
[2026-10-03 17:05:20] dbg: [driver:1] OpenTT3D: retained river selector tile 86,66 feature 6 base 8921 offset 7->7 sprite 8928 absent false
[2026-10-03 17:05:20] dbg: [driver:1] OpenTT3D: retained river selector tile 87,66 feature 5 base 8441 offset 0->0 sprite 8441 absent false
[2026-10-03 17:05:20] dbg: [driver:1] OpenTT3D: retained river selector tile 87,66 feature 6 base 8921 offset 1->1 sprite 8922 absent false
[2026-10-03 17:05:20] dbg: [driver:1] OpenTT3D: retained river selector tile 87,66 feature 6 base 8921 offset 3->3 sprite 8924 absent false
[2026-10-03 17:05:20] dbg: [driver:1] OpenTT3D: retained river selector tile 88,66 feature 5 base 8426 offset 0->0 sprite 8426 absent false
[2026-10-03 17:05:20] dbg: [driver:1] OpenTT3D: retained river selector tile 88,66 feature 6 base 8921 offset 2->2 sprite 8923 absent false
[2026-10-03 17:05:20] dbg: [driver:1] OpenTT3D: retained river selector tile 88,66 feature 6 base 8921 offset 3->3 sprite 8924 absent false
[2026-10-03 17:05:20] dbg: [driver:1] OpenTT3D: retained river selector tile 88,66 feature 6 base 8921 offset 8->8 sprite 8929 absent false
[2026-10-03 17:05:20] dbg: [driver:1] OpenTT3D: retained river selector tile 88,66 feature 6 base 8921 offset 6->6 sprite 8927 absent false
[2026-10-03 17:05:20] dbg: [driver:1] OpenTT3D: retained river selector tile 88,67 feature 5 base 8441 offset 4->4 sprite 8445 absent false
[2026-10-03 17:05:20] dbg: [driver:1] OpenTT3D: retained live water source tile 88,67 role ground sprite 8445 at original height 32
[2026-10-03 17:05:20] dbg: [driver:1] OpenTT3D: retained river selector tile 88,67 feature 6 base 9221 offset 48->48 sprite 9269 absent false
[2026-10-03 17:05:20] dbg: [driver:1] OpenTT3D: retained live water source tile 88,67 role ground sprite 9269 at original height 32
[2026-10-03 17:05:20] dbg: [driver:1] OpenTT3D: retained river selector tile 88,67 feature 6 base 9221 offset 50->50 sprite 9271 absent false
[2026-10-03 17:05:20] dbg: [driver:1] OpenTT3D: retained live water source tile 88,67 role ground sprite 9271 at original height 32
[2026-10-03 17:05:20] dbg: [driver:1] OpenTT3D: retained river selector tile 88,68 feature 5 base 8486 offset 0->0 sprite 8486 absent false
[2026-10-03 17:05:20] dbg: [driver:1] OpenTT3D: retained river selector tile 88,68 feature 6 base 9221 offset 0->0 sprite 9221 absent false
[2026-10-03 17:05:20] dbg: [driver:1] OpenTT3D: retained river selector tile 88,68 feature 6 base 9221 offset 2->2 sprite 9223 absent false
[2026-10-03 17:05:20] dbg: [driver:1] OpenTT3D: retained river selector tile 88,69 feature 5 base 8451 offset 0->0 sprite 8451 absent false
[2026-10-03 17:05:20] dbg: [driver:1] OpenTT3D: retained river selector tile 88,69 feature 6 base 9221 offset 0->0 sprite 9221 absent false
[2026-10-03 17:05:20] dbg: [driver:1] OpenTT3D: retained river selector tile 88,69 feature 6 base 9221 offset 2->2 sprite 9223 absent false
[2026-10-03 17:05:20] dbg: [driver:1] OpenTT3D: live projected tree 1779 stage 3 captured at 61,70
[2026-10-03 17:05:20] dbg: [driver:1] OpenTT3D: live projected tree 1814 stage 3 captured at 61,70
[2026-10-03 17:05:20] dbg: [driver:1] OpenTT3D: retained river selector tile 88,70 feature 5 base 8476 offset 4->4 sprite 8480 absent false
[2026-10-03 17:05:20] dbg: [driver:1] OpenTT3D: retained live water source tile 88,70 role ground sprite 8480 at original height 24
[2026-10-03 17:05:20] dbg: [driver:1] OpenTT3D: retained river selector tile 88,70 feature 6 base 9161 offset 48->48 sprite 9209 absent false
[2026-10-03 17:05:20] dbg: [driver:1] OpenTT3D: retained live water source tile 88,70 role ground sprite 9209 at original height 24
[2026-10-03 17:05:20] dbg: [driver:1] OpenTT3D: retained river selector tile 88,70 feature 6 base 9161 offset 50->50 sprite 9211 absent false
[2026-10-03 17:05:20] dbg: [driver:1] OpenTT3D: retained live water source tile 88,70 role ground sprite 9211 at original height 24
[2026-10-03 17:05:20] dbg: [driver:1] OpenTT3D: retained river selector tile 88,71 feature 5 base 8461 offset 0->0 sprite 8461 absent false
[2026-10-03 17:05:20] dbg: [driver:1] OpenTT3D: retained river selector tile 88,71 feature 6 base 9161 offset 0->0 sprite 9161 absent false
[2026-10-03 17:05:20] dbg: [driver:1] OpenTT3D: retained river selector tile 88,71 feature 6 base 9161 offset 2->2 sprite 9163 absent false
[2026-10-03 17:05:20] dbg: [driver:1] OpenTT3D: retained river selector tile 88,72 feature 5 base 8461 offset 0->0 sprite 8461 absent false
[2026-10-03 17:05:20] dbg: [driver:1] OpenTT3D: retained river selector tile 88,72 feature 6 base 9161 offset 0->0 sprite 9161 absent false
[2026-10-03 17:05:20] dbg: [driver:1] OpenTT3D: retained river selector tile 88,72 feature 6 base 9161 offset 2->2 sprite 9163 absent false
[2026-10-03 17:05:20] dbg: [driver:1] OpenTT3D: live voxel house ground 62 construction stage 3 captured at 58,73
[2026-10-03 17:05:20] dbg: [driver:1] OpenTT3D: live voxel house ground 62 construction stage 3 variant 3 captured
[2026-10-03 17:05:20] dbg: [driver:1] OpenTT3D: live voxel house 62 construction stage 3 captured at 58,73
[2026-10-03 17:05:20] dbg: [driver:1] OpenTT3D: live voxel house 62 construction stage 3 variant 3 captured
[2026-10-03 17:05:20] dbg: [driver:1] OpenTT3D: live projected tree 1709 stage 2 captured at 63,73
[2026-10-03 17:05:20] dbg: [driver:1] OpenTT3D: retained river selector tile 88,73 feature 5 base 8446 offset 4->4 sprite 8450 absent false
[2026-10-03 17:05:20] dbg: [driver:1] OpenTT3D: retained live water source tile 88,73 role ground sprite 8450 at original height 16
[2026-10-03 17:05:20] dbg: [driver:1] OpenTT3D: retained river selector tile 88,73 feature 6 base 9101 offset 48->48 sprite 9149 absent false
[2026-10-03 17:05:20] dbg: [driver:1] OpenTT3D: retained live water source tile 88,73 role ground sprite 9149 at original height 16
[2026-10-03 17:05:20] dbg: [driver:1] OpenTT3D: retained river selector tile 88,73 feature 6 base 9101 offset 50->50 sprite 9151 absent false
[2026-10-03 17:05:20] dbg: [driver:1] OpenTT3D: retained live water source tile 88,73 role ground sprite 9151 at original height 16
[2026-10-03 17:05:20] dbg: [driver:1] OpenTT3D: live voxel house 62 construction stage 3 captured at 58,74
[2026-10-03 17:05:20] dbg: [driver:1] OpenTT3D: live voxel house 62 construction stage 3 variant 0 captured
[2026-10-03 17:05:20] dbg: [driver:1] OpenTT3D: retained river selector tile 88,74 feature 5 base 8431 offset 0->0 sprite 8431 absent false
[2026-10-03 17:05:20] dbg: [driver:1] OpenTT3D: retained river selector tile 88,74 feature 6 base 9101 offset 0->0 sprite 9101 absent false
[2026-10-03 17:05:20] dbg: [driver:1] OpenTT3D: retained river selector tile 88,74 feature 6 base 9101 offset 2->2 sprite 9103 absent false
[2026-10-03 17:05:20] dbg: [driver:1] OpenTT3D: retained river selector tile 87,75 feature 5 base 8431 offset 0->0 sprite 8431 absent false
[2026-10-03 17:05:20] dbg: [driver:1] OpenTT3D: retained river selector tile 87,75 feature 6 base 9101 offset 0->0 sprite 9101 absent false
[2026-10-03 17:05:20] dbg: [driver:1] OpenTT3D: retained river selector tile 87,75 feature 6 base 9101 offset 3->3 sprite 9104 absent false
[2026-10-03 17:05:20] dbg: [driver:1] OpenTT3D: retained river selector tile 87,75 feature 6 base 9101 offset 9->9 sprite 9110 absent false
[2026-10-03 17:05:20] dbg: [driver:1] OpenTT3D: retained river selector tile 87,75 feature 6 base 9101 offset 7->7 sprite 9108 absent false
[2026-10-03 17:05:20] dbg: [driver:1] OpenTT3D: retained river selector tile 88,75 feature 5 base 8451 offset 0->0 sprite 8451 absent false
[2026-10-03 17:05:20] dbg: [driver:1] OpenTT3D: retained river selector tile 88,75 feature 6 base 9101 offset 1->1 sprite 9102 absent false
[2026-10-03 17:05:20] dbg: [driver:1] OpenTT3D: retained river selector tile 88,75 feature 6 base 9101 offset 2->2 sprite 9103 absent false
[2026-10-03 17:05:20] dbg: [driver:1] OpenTT3D: retained river selector tile 88,75 feature 6 base 9101 offset 5->5 sprite 9106 absent false
[2026-10-03 17:05:20] dbg: [driver:1] OpenTT3D: retained river selector tile 88,75 feature 6 base 9101 offset 11->11 sprite 9112 absent false
[2026-10-03 17:05:20] dbg: [driver:1] OpenTT3D: retained river selector tile 87,76 feature 5 base 8441 offset 0->0 sprite 8441 absent false
[2026-10-03 17:05:20] dbg: [driver:1] OpenTT3D: retained river selector tile 87,76 feature 6 base 9101 offset 0->0 sprite 9101 absent false
[2026-10-03 17:05:20] dbg: [driver:1] OpenTT3D: retained river selector tile 87,76 feature 6 base 9101 offset 2->2 sprite 9103 absent false
[2026-10-03 17:05:20] dbg: [driver:1] OpenTT3D: retained river selector tile 87,77 feature 5 base 8471 offset 0->0 sprite 8471 absent false
[2026-10-03 17:05:20] dbg: [driver:1] OpenTT3D: retained river selector tile 87,77 feature 6 base 9101 offset 0->0 sprite 9101 absent false
[2026-10-03 17:05:20] dbg: [driver:1] OpenTT3D: retained river selector tile 87,77 feature 6 base 9101 offset 2->2 sprite 9103 absent false
[2026-10-03 17:05:20] dbg: [driver:1] OpenTT3D: retained river selector tile 87,78 feature 5 base 8471 offset 4->4 sprite 8475 absent false
[2026-10-03 17:05:20] dbg: [driver:1] OpenTT3D: retained live water source tile 87,78 role ground sprite 8475 at original height 8
[2026-10-03 17:05:20] dbg: [driver:1] OpenTT3D: retained river selector tile 87,78 feature 6 base 8801 offset 48->48 sprite 8849 absent false
[2026-10-03 17:05:20] dbg: [driver:1] OpenTT3D: retained live water source tile 87,78 role ground sprite 8849 at original height 8
[2026-10-03 17:05:20] dbg: [driver:1] OpenTT3D: retained river selector tile 87,78 feature 6 base 8801 offset 50->50 sprite 8851 absent false
[2026-10-03 17:05:20] dbg: [driver:1] OpenTT3D: retained live water source tile 87,78 role ground sprite 8851 at original height 8
[2026-10-03 17:05:20] dbg: [driver:1] OpenTT3D: live projected tree 1723 stage 5 captured at 62,79
[2026-10-03 17:05:20] dbg: [driver:1] OpenTT3D: retained river selector tile 76,79 feature 5 base 8426 offset 0->0 sprite 8426 absent false
[2026-10-03 17:05:20] dbg: [driver:1] OpenTT3D: retained river selector tile 76,79 feature 6 base 8801 offset 0->0 sprite 8801 absent false
[2026-10-03 17:05:20] dbg: [driver:1] OpenTT3D: retained river selector tile 76,79 feature 6 base 8801 offset 3->3 sprite 8804 absent false
[2026-10-03 17:05:20] dbg: [driver:1] OpenTT3D: retained river selector tile 76,79 feature 6 base 8801 offset 7->7 sprite 8808 absent false
[2026-10-03 17:05:20] dbg: [driver:1] OpenTT3D: retained river selector tile 77,79 feature 5 base 8456 offset 0->0 sprite 8456 absent false
[2026-10-03 17:05:20] dbg: [driver:1] OpenTT3D: retained river selector tile 77,79 feature 6 base 8801 offset 3->3 sprite 8804 absent false
[2026-10-03 17:05:20] dbg: [driver:1] OpenTT3D: retained river selector tile 78,79 feature 5 base 8426 offset 0->0 sprite 8426 absent false
[2026-10-03 17:05:20] dbg: [driver:1] OpenTT3D: retained river selector tile 78,79 feature 6 base 8801 offset 3->3 sprite 8804 absent false
[2026-10-03 17:05:20] dbg: [driver:1] OpenTT3D: retained river selector tile 79,79 feature 5 base 8461 offset 0->0 sprite 8461 absent false
[2026-10-03 17:05:20] dbg: [driver:1] OpenTT3D: retained river selector tile 79,79 feature 6 base 8801 offset 3->3 sprite 8804 absent false
[2026-10-03 17:05:20] dbg: [driver:1] OpenTT3D: retained river selector tile 79,79 feature 6 base 8801 offset 9->9 sprite 8810 absent false
[2026-10-03 17:05:20] dbg: [driver:1] OpenTT3D: retained river selector tile 80,79 feature 5 base 8426 offset 0->0 sprite 8426 absent false
[2026-10-03 17:05:20] dbg: [driver:1] OpenTT3D: retained river selector tile 80,79 feature 6 base 8801 offset 1->1 sprite 8802 absent false
[2026-10-03 17:05:20] dbg: [driver:1] OpenTT3D: retained river selector tile 80,79 feature 6 base 8801 offset 3->3 sprite 8804 absent false
[2026-10-03 17:05:20] dbg: [driver:1] OpenTT3D: retained river selector tile 81,79 feature 5 base 8431 offset 0->0 sprite 8431 absent false
[2026-10-03 17:05:20] dbg: [driver:1] OpenTT3D: retained river selector tile 81,79 feature 6 base 8801 offset 1->1 sprite 8802 absent false
[2026-10-03 17:05:20] dbg: [driver:1] OpenTT3D: retained river selector tile 81,79 feature 6 base 8801 offset 3->3 sprite 8804 absent false
[2026-10-03 17:05:20] dbg: [driver:1] OpenTT3D: retained river selector tile 82,79 feature 5 base 8461 offset 0->0 sprite 8461 absent false
[2026-10-03 17:05:20] dbg: [driver:1] OpenTT3D: retained river selector tile 82,79 feature 6 base 8801 offset 1->1 sprite 8802 absent false
[2026-10-03 17:05:20] dbg: [driver:1] OpenTT3D: retained river selector tile 82,79 feature 6 base 8801 offset 3->3 sprite 8804 absent false
[2026-10-03 17:05:20] dbg: [driver:1] OpenTT3D: retained river selector tile 83,79 feature 5 base 8496 offset 0->0 sprite 8496 absent false
[2026-10-03 17:05:20] dbg: [driver:1] OpenTT3D: retained river selector tile 83,79 feature 6 base 8801 offset 1->1 sprite 8802 absent false
[2026-10-03 17:05:20] dbg: [driver:1] OpenTT3D: retained river selector tile 83,79 feature 6 base 8801 offset 3->3 sprite 8804 absent false
[2026-10-03 17:05:20] dbg: [driver:1] OpenTT3D: retained river selector tile 84,79 feature 5 base 8486 offset 0->0 sprite 8486 absent false
[2026-10-03 17:05:20] dbg: [driver:1] OpenTT3D: retained river selector tile 84,79 feature 6 base 8801 offset 1->1 sprite 8802 absent false
[2026-10-03 17:05:20] dbg: [driver:1] OpenTT3D: retained river selector tile 84,79 feature 6 base 8801 offset 3->3 sprite 8804 absent false
[2026-10-03 17:05:20] dbg: [driver:1] OpenTT3D: retained river selector tile 85,79 feature 5 base 8421 offset 0->0 sprite 8421 absent false
[2026-10-03 17:05:20] dbg: [driver:1] OpenTT3D: retained river selector tile 85,79 feature 6 base 8801 offset 1->1 sprite 8802 absent false
[2026-10-03 17:05:20] dbg: [driver:1] OpenTT3D: retained river selector tile 85,79 feature 6 base 8801 offset 3->3 sprite 8804 absent false
[2026-10-03 17:05:20] dbg: [driver:1] OpenTT3D: retained river selector tile 86,79 feature 5 base 8486 offset 0->0 sprite 8486 absent false
[2026-10-03 17:05:20] dbg: [driver:1] OpenTT3D: retained river selector tile 86,79 feature 6 base 8801 offset 1->1 sprite 8802 absent false
[2026-10-03 17:05:20] dbg: [driver:1] OpenTT3D: retained river selector tile 86,79 feature 6 base 8801 offset 3->3 sprite 8804 absent false
[2026-10-03 17:05:20] dbg: [driver:1] OpenTT3D: retained river selector tile 87,79 feature 5 base 8491 offset 0->0 sprite 8491 absent false
[2026-10-03 17:05:20] dbg: [driver:1] OpenTT3D: retained river selector tile 87,79 feature 6 base 8801 offset 1->1 sprite 8802 absent false
[2026-10-03 17:05:20] dbg: [driver:1] OpenTT3D: retained river selector tile 87,79 feature 6 base 8801 offset 2->2 sprite 8803 absent false
[2026-10-03 17:05:20] dbg: [driver:1] OpenTT3D: retained river selector tile 87,79 feature 6 base 8801 offset 5->5 sprite 8806 absent false
[2026-10-03 17:05:20] dbg: [driver:1] OpenTT3D: retained river selector tile 87,79 feature 6 base 8801 offset 11->11 sprite 8812 absent false
[2026-10-03 17:05:20] dbg: [driver:1] OpenTT3D: retained river selector tile 76,80 feature 5 base 8446 offset 0->0 sprite 8446 absent false
[2026-10-03 17:05:20] dbg: [driver:1] OpenTT3D: retained river selector tile 76,80 feature 6 base 8801 offset 0->0 sprite 8801 absent false
[2026-10-03 17:05:20] dbg: [driver:1] OpenTT3D: retained river selector tile 77,80 feature 5 base 8421 offset 0->0 sprite 8421 absent false
[2026-10-03 17:05:20] dbg: [driver:1] OpenTT3D: retained river selector tile 77,80 feature 6 base 8801 offset 9->9 sprite 8810 absent false
[2026-10-03 17:05:20] dbg: [driver:1] OpenTT3D: retained river selector tile 78,80 feature 5 base 8421 offset 0->0 sprite 8421 absent false
[2026-10-03 17:05:20] dbg: [driver:1] OpenTT3D: retained river selector tile 78,80 feature 6 base 8801 offset 1->1 sprite 8802 absent false
[2026-10-03 17:05:20] dbg: [driver:1] OpenTT3D: retained river selector tile 79,80 feature 5 base 8421 offset 0->0 sprite 8421 absent false
[2026-10-03 17:05:20] dbg: [driver:1] OpenTT3D: retained river selector tile 79,80 feature 6 base 8801 offset 1->1 sprite 8802 absent false
[2026-10-03 17:05:20] dbg: [driver:1] OpenTT3D: retained river selector tile 79,80 feature 6 base 8801 offset 2->2 sprite 8803 absent false
[2026-10-03 17:05:20] dbg: [driver:1] OpenTT3D: retained river selector tile 79,80 feature 6 base 8801 offset 5->5 sprite 8806 absent false
[2026-10-03 17:05:20] dbg: [driver:1] OpenTT3D: retained river selector tile 70,81 feature 5 base 8421 offset 0->0 sprite 8421 absent false
[2026-10-03 17:05:20] dbg: [driver:1] OpenTT3D: retained river selector tile 70,81 feature 6 base 8801 offset 3->3 sprite 8804 absent false
[2026-10-03 17:05:20] dbg: [driver:1] OpenTT3D: retained river selector tile 71,81 feature 5 base 8431 offset 0->0 sprite 8431 absent false
[2026-10-03 17:05:20] dbg: [driver:1] OpenTT3D: retained river selector tile 71,81 feature 6 base 8801 offset 3->3 sprite 8804 absent false
[2026-10-03 17:05:20] dbg: [driver:1] OpenTT3D: retained river selector tile 72,81 feature 5 base 8476 offset 0->0 sprite 8476 absent false
[2026-10-03 17:05:20] dbg: [driver:1] OpenTT3D: retained river selector tile 72,81 feature 6 base 8801 offset 3->3 sprite 8804 absent false
[2026-10-03 17:05:20] dbg: [driver:1] OpenTT3D: retained river selector tile 73,81 feature 5 base 8456 offset 0->0 sprite 8456 absent false
[2026-10-03 17:05:20] dbg: [driver:1] OpenTT3D: retained river selector tile 73,81 feature 6 base 8801 offset 3->3 sprite 8804 absent false
[2026-10-03 17:05:20] dbg: [driver:1] OpenTT3D: retained river selector tile 74,81 feature 5 base 8476 offset 0->0 sprite 8476 absent false
[2026-10-03 17:05:20] dbg: [driver:1] OpenTT3D: retained river selector tile 74,81 feature 6 base 8801 offset 3->3 sprite 8804 absent false
[2026-10-03 17:05:20] dbg: [driver:1] OpenTT3D: retained river selector tile 75,81 feature 5 base 8446 offset 0->0 sprite 8446 absent false
[2026-10-03 17:05:20] dbg: [driver:1] OpenTT3D: retained river selector tile 75,81 feature 6 base 8801 offset 3->3 sprite 8804 absent false
[2026-10-03 17:05:20] dbg: [driver:1] OpenTT3D: retained river selector tile 76,81 feature 5 base 8431 offset 0->0 sprite 8431 absent false
[2026-10-03 17:05:20] dbg: [driver:1] OpenTT3D: retained river selector tile 76,81 feature 6 base 8801 offset 11->11 sprite 8812 absent false
[2026-10-03 17:05:20] dbg: [driver:1] OpenTT3D: retained river selector tile 77,81 feature 5 base 8436 offset 0->0 sprite 8436 absent false
[2026-10-03 17:05:20] dbg: [driver:1] OpenTT3D: retained river selector tile 77,81 feature 6 base 8801 offset 2->2 sprite 8803 absent false
[2026-10-03 17:05:20] dbg: [driver:1] OpenTT3D: retained river selector tile 70,82 feature 5 base 8446 offset 0->0 sprite 8446 absent false
[2026-10-03 17:05:20] dbg: [driver:1] OpenTT3D: retained river selector tile 70,82 feature 6 base 8801 offset 1->1 sprite 8802 absent false
[2026-10-03 17:05:20] dbg: [driver:1] OpenTT3D: retained river selector tile 71,82 feature 5 base 8476 offset 0->0 sprite 8476 absent false
[2026-10-03 17:05:20] dbg: [driver:1] OpenTT3D: retained river selector tile 71,82 feature 6 base 8801 offset 1->1 sprite 8802 absent false
[2026-10-03 17:05:20] dbg: [driver:1] OpenTT3D: retained river selector tile 72,82 feature 5 base 8441 offset 0->0 sprite 8441 absent false
[2026-10-03 17:05:20] dbg: [driver:1] OpenTT3D: retained river selector tile 72,82 feature 6 base 8801 offset 1->1 sprite 8802 absent false
[2026-10-03 17:05:20] dbg: [driver:1] OpenTT3D: retained river selector tile 73,82 feature 5 base 8486 offset 0->0 sprite 8486 absent false
[2026-10-03 17:05:20] dbg: [driver:1] OpenTT3D: retained river selector tile 73,82 feature 6 base 8801 offset 1->1 sprite 8802 absent false
[2026-10-03 17:05:20] dbg: [driver:1] OpenTT3D: retained river selector tile 74,82 feature 5 base 8471 offset 0->0 sprite 8471 absent false
[2026-10-03 17:05:20] dbg: [driver:1] OpenTT3D: retained river selector tile 74,82 feature 6 base 8801 offset 1->1 sprite 8802 absent false
[2026-10-03 17:05:20] dbg: [driver:1] OpenTT3D: retained river selector tile 75,82 feature 5 base 8426 offset 0->0 sprite 8426 absent false
[2026-10-03 17:05:20] dbg: [driver:1] OpenTT3D: retained river selector tile 75,82 feature 6 base 8801 offset 1->1 sprite 8802 absent false
[2026-10-03 17:05:20] dbg: [driver:1] OpenTT3D: retained river selector tile 76,82 feature 5 base 8496 offset 0->0 sprite 8496 absent false
[2026-10-03 17:05:20] dbg: [driver:1] OpenTT3D: retained river selector tile 76,82 feature 6 base 8801 offset 1->1 sprite 8802 absent false
[2026-10-03 17:05:20] dbg: [driver:1] OpenTT3D: retained river selector tile 77,82 feature 5 base 8466 offset 0->0 sprite 8466 absent false
[2026-10-03 17:05:20] dbg: [driver:1] OpenTT3D: retained river selector tile 77,82 feature 6 base 8801 offset 1->1 sprite 8802 absent false
[2026-10-03 17:05:20] dbg: [driver:1] OpenTT3D: retained river selector tile 77,82 feature 6 base 8801 offset 2->2 sprite 8803 absent false
[2026-10-03 17:05:20] dbg: [driver:1] OpenTT3D: retained river selector tile 77,82 feature 6 base 8801 offset 5->5 sprite 8806 absent false
[2026-10-03 17:05:20] dbg: [driver:1] OpenTT3D: retained river selector tile 91,98 feature 5 base 8496 offset 0->0 sprite 8496 absent false
[2026-10-03 17:05:20] dbg: [driver:1] OpenTT3D: retained river selector tile 91,98 feature 6 base 8921 offset 0->0 sprite 8921 absent false
[2026-10-03 17:05:20] dbg: [driver:1] OpenTT3D: retained river selector tile 91,98 feature 6 base 8921 offset 2->2 sprite 8923 absent false
[2026-10-03 17:05:20] dbg: [driver:1] OpenTT3D: retained river selector tile 91,98 feature 6 base 8921 offset 3->3 sprite 8924 absent false
[2026-10-03 17:05:20] dbg: [driver:1] OpenTT3D: retained river selector tile 91,98 feature 6 base 8921 offset 6->6 sprite 8927 absent false
[2026-10-03 17:05:20] dbg: [driver:1] OpenTT3D: retained river selector tile 91,98 feature 6 base 8921 offset 7->7 sprite 8928 absent false
[2026-10-03 17:05:20] dbg: [driver:1] OpenTT3D: retained river selector tile 91,99 feature 5 base 8486 offset 0->0 sprite 8486 absent false
[2026-10-03 17:05:20] dbg: [driver:1] OpenTT3D: retained river selector tile 91,99 feature 6 base 8921 offset 0->0 sprite 8921 absent false
[2026-10-03 17:05:20] dbg: [driver:1] OpenTT3D: retained river selector tile 91,99 feature 6 base 8921 offset 1->1 sprite 8922 absent false
[2026-10-03 17:05:20] dbg: [driver:1] OpenTT3D: retained river selector tile 91,99 feature 6 base 8921 offset 4->4 sprite 8925 absent false
[2026-10-03 17:05:20] dbg: [driver:1] OpenTT3D: retained river selector tile 91,99 feature 6 base 8921 offset 10->10 sprite 8931 absent false
[2026-10-03 17:05:20] dbg: [driver:1] OpenTT3D: retained river selector tile 92,99 feature 5 base 8446 offset 0->0 sprite 8446 absent false
[2026-10-03 17:05:20] dbg: [driver:1] OpenTT3D: retained river selector tile 92,99 feature 6 base 8921 offset 2->2 sprite 8923 absent false
[2026-10-03 17:05:20] dbg: [driver:1] OpenTT3D: retained river selector tile 92,99 feature 6 base 8921 offset 3->3 sprite 8924 absent false
[2026-10-03 17:05:20] dbg: [driver:1] OpenTT3D: retained river selector tile 92,99 feature 6 base 8921 offset 8->8 sprite 8929 absent false
[2026-10-03 17:05:20] dbg: [driver:1] OpenTT3D: retained river selector tile 92,99 feature 6 base 8921 offset 6->6 sprite 8927 absent false
[2026-10-03 17:05:20] dbg: [driver:1] OpenTT3D: retained river selector tile 92,100 feature 5 base 8471 offset 0->0 sprite 8471 absent false
[2026-10-03 17:05:20] dbg: [driver:1] OpenTT3D: retained river selector tile 92,100 feature 6 base 8921 offset 0->0 sprite 8921 absent false
[2026-10-03 17:05:20] dbg: [driver:1] OpenTT3D: retained river selector tile 92,100 feature 6 base 8921 offset 2->2 sprite 8923 absent false
[2026-10-03 17:05:20] dbg: [driver:1] OpenTT3D: retained river selector tile 92,101 feature 5 base 8421 offset 4->4 sprite 8425 absent false
[2026-10-03 17:05:20] dbg: [driver:1] OpenTT3D: retained live water source tile 92,101 role ground sprite 8425 at original height 48
[2026-10-03 17:05:21] dbg: [driver:1] OpenTT3D: retained river selector tile 92,101 feature 6 base 8921 offset 48->48 sprite 8969 absent false
[2026-10-03 17:05:21] dbg: [driver:1] OpenTT3D: retained live water source tile 92,101 role ground sprite 8969 at original height 48
[2026-10-03 17:05:21] dbg: [driver:1] OpenTT3D: retained river selector tile 92,101 feature 6 base 8921 offset 50->50 sprite 8971 absent false
[2026-10-03 17:05:21] dbg: [driver:1] OpenTT3D: retained live water source tile 92,101 role ground sprite 8971 at original height 48
[2026-10-03 17:05:21] dbg: [driver:1] OpenTT3D: retained river selector tile 91,102 feature 5 base 8476 offset 0->0 sprite 8476 absent false
[2026-10-03 17:05:21] dbg: [driver:1] OpenTT3D: retained river selector tile 91,102 feature 6 base 8921 offset 0->0 sprite 8921 absent false
[2026-10-03 17:05:21] dbg: [driver:1] OpenTT3D: retained river selector tile 91,102 feature 6 base 8921 offset 1->1 sprite 8922 absent false
[2026-10-03 17:05:21] dbg: [driver:1] OpenTT3D: retained river selector tile 91,102 feature 6 base 8921 offset 3->3 sprite 8924 absent false
[2026-10-03 17:05:21] dbg: [driver:1] OpenTT3D: retained river selector tile 91,102 feature 6 base 8921 offset 4->4 sprite 8925 absent false
[2026-10-03 17:05:21] dbg: [driver:1] OpenTT3D: retained river selector tile 91,102 feature 6 base 8921 offset 7->7 sprite 8928 absent false
[2026-10-03 17:05:21] dbg: [driver:1] OpenTT3D: retained river selector tile 92,102 feature 5 base 8446 offset 0->0 sprite 8446 absent false
[2026-10-03 17:05:21] dbg: [driver:1] OpenTT3D: retained river selector tile 92,102 feature 6 base 8921 offset 2->2 sprite 8923 absent false
[2026-10-03 17:05:21] dbg: [driver:1] OpenTT3D: retained river selector tile 92,102 feature 6 base 8921 offset 8->8 sprite 8929 absent false
[2026-10-03 17:05:21] dbg: [driver:1] OpenTT3D: retained river selector tile 92,102 feature 6 base 8921 offset 11->11 sprite 8932 absent false
[2026-10-03 17:05:21] dbg: [driver:1] OpenTT3D: retained river selector tile 92,103 feature 5 base 8456 offset 4->4 sprite 8460 absent false
[2026-10-03 17:05:21] dbg: [driver:1] OpenTT3D: retained live water source tile 92,103 role ground sprite 8460 at original height 40
[2026-10-03 17:05:21] dbg: [driver:1] OpenTT3D: retained river selector tile 92,103 feature 6 base 8921 offset 48->48 sprite 8969 absent false
[2026-10-03 17:05:21] dbg: [driver:1] OpenTT3D: retained live water source tile 92,103 role ground sprite 8969 at original height 40
[2026-10-03 17:05:21] dbg: [driver:1] OpenTT3D: retained river selector tile 92,103 feature 6 base 8921 offset 50->50 sprite 8971 absent false
[2026-10-03 17:05:21] dbg: [driver:1] OpenTT3D: retained live water source tile 92,103 role ground sprite 8971 at original height 40
[2026-10-03 17:05:21] dbg: [driver:1] OpenTT3D: retained river selector tile 91,104 feature 5 base 8436 offset 0->0 sprite 8436 absent false
[2026-10-03 17:05:21] dbg: [driver:1] OpenTT3D: retained river selector tile 91,104 feature 6 base 8921 offset 0->0 sprite 8921 absent false
[2026-10-03 17:05:21] dbg: [driver:1] OpenTT3D: retained river selector tile 91,104 feature 6 base 8921 offset 3->3 sprite 8924 absent false
[2026-10-03 17:05:21] dbg: [driver:1] OpenTT3D: retained river selector tile 91,104 feature 6 base 8921 offset 9->9 sprite 8930 absent false
[2026-10-03 17:05:21] dbg: [driver:1] OpenTT3D: retained river selector tile 91,104 feature 6 base 8921 offset 7->7 sprite 8928 absent false
[2026-10-03 17:05:21] dbg: [driver:1] OpenTT3D: retained river selector tile 92,104 feature 5 base 8476 offset 0->0 sprite 8476 absent false
[2026-10-03 17:05:21] dbg: [driver:1] OpenTT3D: retained river selector tile 92,104 feature 6 base 8921 offset 1->1 sprite 8922 absent false
[2026-10-03 17:05:21] dbg: [driver:1] OpenTT3D: retained river selector tile 92,104 feature 6 base 8921 offset 2->2 sprite 8923 absent false
[2026-10-03 17:05:21] dbg: [driver:1] OpenTT3D: retained river selector tile 92,104 feature 6 base 8921 offset 5->5 sprite 8926 absent false
[2026-10-03 17:05:21] dbg: [driver:1] OpenTT3D: retained river selector tile 92,104 feature 6 base 8921 offset 11->11 sprite 8932 absent false
[2026-10-03 17:05:21] dbg: [driver:1] OpenTT3D: retained river selector tile 91,105 feature 5 base 8481 offset 4->4 sprite 8485 absent false
[2026-10-03 17:05:21] dbg: [driver:1] OpenTT3D: retained live water source tile 91,105 role ground sprite 8485 at original height 32
[2026-10-03 17:05:21] dbg: [driver:1] OpenTT3D: retained river selector tile 91,105 feature 6 base 9221 offset 48->48 sprite 9269 absent false
[2026-10-03 17:05:21] dbg: [driver:1] OpenTT3D: retained live water source tile 91,105 role ground sprite 9269 at original height 32
[2026-10-03 17:05:21] dbg: [driver:1] OpenTT3D: retained river selector tile 91,105 feature 6 base 9221 offset 50->50 sprite 9271 absent false
[2026-10-03 17:05:21] dbg: [driver:1] OpenTT3D: retained live water source tile 91,105 role ground sprite 9271 at original height 32
[2026-10-03 17:05:21] dbg: [driver:1] OpenTT3D: retained river selector tile 91,106 feature 5 base 8451 offset 0->0 sprite 8451 absent false
[2026-10-03 17:05:21] dbg: [driver:1] OpenTT3D: retained river selector tile 91,106 feature 6 base 9221 offset 0->0 sprite 9221 absent false
[2026-10-03 17:05:21] dbg: [driver:1] OpenTT3D: retained river selector tile 91,106 feature 6 base 9221 offset 2->2 sprite 9223 absent false
[2026-10-03 17:05:21] dbg: [driver:1] OpenTT3D: retained river selector tile 91,107 feature 5 base 8431 offset 4->4 sprite 8435 absent false
[2026-10-03 17:05:21] dbg: [driver:1] OpenTT3D: retained live water source tile 91,107 role ground sprite 8435 at original height 24
[2026-10-03 17:05:21] dbg: [driver:1] OpenTT3D: retained river selector tile 91,107 feature 6 base 9161 offset 48->48 sprite 9209 absent false
[2026-10-03 17:05:21] dbg: [driver:1] OpenTT3D: retained live water source tile 91,107 role ground sprite 9209 at original height 24
[2026-10-03 17:05:21] dbg: [driver:1] OpenTT3D: retained river selector tile 91,107 feature 6 base 9161 offset 50->50 sprite 9211 absent false
[2026-10-03 17:05:21] dbg: [driver:1] OpenTT3D: retained live water source tile 91,107 role ground sprite 9211 at original height 24
[2026-10-03 17:05:21] dbg: [driver:1] OpenTT3D: retained river selector tile 91,108 feature 5 base 8426 offset 0->0 sprite 8426 absent false
[2026-10-03 17:05:21] dbg: [driver:1] OpenTT3D: retained river selector tile 91,108 feature 6 base 9161 offset 0->0 sprite 9161 absent false
[2026-10-03 17:05:21] dbg: [driver:1] OpenTT3D: retained river selector tile 91,108 feature 6 base 9161 offset 2->2 sprite 9163 absent false
[2026-10-03 17:05:21] dbg: [driver:1] OpenTT3D: 3 unmodelled reference sprites in this view (release coverage is incomplete)
[2026-10-03 17:05:21] dbg: [driver:1] OpenTT3D: retained river selector tile 45,28 feature 5 base 8456 offset 0->0 sprite 8456 absent false
[2026-10-03 17:05:21] dbg: [driver:1] OpenTT3D: retained river selector tile 45,28 feature 6 base 9101 offset 0->0 sprite 9101 absent false
[2026-10-03 17:05:21] dbg: [driver:1] OpenTT3D: retained river selector tile 45,28 feature 6 base 9101 offset 2->2 sprite 9103 absent false
[2026-10-03 17:05:21] dbg: [driver:1] OpenTT3D: retained river selector tile 55,28 feature 5 base 8456 offset 4->4 sprite 8460 absent false
[2026-10-03 17:05:21] dbg: [driver:1] OpenTT3D: retained live water source tile 55,28 role ground sprite 8460 at original height 8
[2026-10-03 17:05:21] dbg: [driver:1] OpenTT3D: retained river selector tile 55,28 feature 6 base 8801 offset 48->48 sprite 8849 absent false
[2026-10-03 17:05:21] dbg: [driver:1] OpenTT3D: retained live water source tile 55,28 role ground sprite 8849 at original height 8
[2026-10-03 17:05:21] dbg: [driver:1] OpenTT3D: retained river selector tile 55,28 feature 6 base 8801 offset 50->50 sprite 8851 absent false
[2026-10-03 17:05:21] dbg: [driver:1] OpenTT3D: retained live water source tile 55,28 role ground sprite 8851 at original height 8
[2026-10-03 17:05:21] dbg: [driver:1] OpenTT3D: retained river selector tile 45,29 feature 5 base 8421 offset 4->4 sprite 8425 absent false
[2026-10-03 17:05:21] dbg: [driver:1] OpenTT3D: retained live water source tile 45,29 role ground sprite 8425 at original height 8
[2026-10-03 17:05:21] dbg: [driver:1] OpenTT3D: retained river selector tile 45,29 feature 6 base 8801 offset 48->48 sprite 8849 absent false
[2026-10-03 17:05:21] dbg: [driver:1] OpenTT3D: retained live water source tile 45,29 role ground sprite 8849 at original height 8
[2026-10-03 17:05:21] dbg: [driver:1] OpenTT3D: retained river selector tile 45,29 feature 6 base 8801 offset 50->50 sprite 8851 absent false
[2026-10-03 17:05:21] dbg: [driver:1] OpenTT3D: retained live water source tile 45,29 role ground sprite 8851 at original height 8
[2026-10-03 17:05:21] dbg: [driver:1] OpenTT3D: retained river selector tile 55,29 feature 5 base 8471 offset 0->0 sprite 8471 absent false
[2026-10-03 17:05:21] dbg: [driver:1] OpenTT3D: retained river selector tile 55,29 feature 6 base 8801 offset 0->0 sprite 8801 absent false
[2026-10-03 17:05:21] dbg: [driver:1] OpenTT3D: retained river selector tile 55,29 feature 6 base 8801 offset 2->2 sprite 8803 absent false
[2026-10-03 17:05:21] dbg: [driver:1] OpenTT3D: retained river selector tile 45,30 feature 5 base 8436 offset 0->0 sprite 8436 absent false
[2026-10-03 17:05:21] dbg: [driver:1] OpenTT3D: retained river selector tile 45,30 feature 6 base 8801 offset 0->0 sprite 8801 absent false
[2026-10-03 17:05:21] dbg: [driver:1] OpenTT3D: retained river selector tile 45,30 feature 6 base 8801 offset 9->9 sprite 8810 absent false
[2026-10-03 17:05:21] dbg: [driver:1] OpenTT3D: retained river selector tile 45,30 feature 6 base 8801 offset 10->10 sprite 8811 absent false
[2026-10-03 17:05:21] dbg: [driver:1] OpenTT3D: retained river selector tile 46,30 feature 5 base 8456 offset 0->0 sprite 8456 absent false
[2026-10-03 17:05:21] dbg: [driver:1] OpenTT3D: retained river selector tile 46,30 feature 6 base 8801 offset 1->1 sprite 8802 absent false
[2026-10-03 17:05:21] dbg: [driver:1] OpenTT3D: retained river selector tile 46,30 feature 6 base 8801 offset 3->3 sprite 8804 absent false
[2026-10-03 17:05:21] dbg: [driver:1] OpenTT3D: retained river selector tile 47,30 feature 5 base 8461 offset 0->0 sprite 8461 absent false
[2026-10-03 17:05:21] dbg: [driver:1] OpenTT3D: retained river selector tile 47,30 feature 6 base 8801 offset 1->1 sprite 8802 absent false
[2026-10-03 17:05:21] dbg: [driver:1] OpenTT3D: retained river selector tile 47,30 feature 6 base 8801 offset 3->3 sprite 8804 absent false
[2026-10-03 17:05:21] dbg: [driver:1] OpenTT3D: retained river selector tile 48,30 feature 5 base 8426 offset 0->0 sprite 8426 absent false
[2026-10-03 17:05:21] dbg: [driver:1] OpenTT3D: retained river selector tile 48,30 feature 6 base 8801 offset 1->1 sprite 8802 absent false
[2026-10-03 17:05:21] dbg: [driver:1] OpenTT3D: retained river selector tile 48,30 feature 6 base 8801 offset 3->3 sprite 8804 absent false
[2026-10-03 17:05:21] dbg: [driver:1] OpenTT3D: retained river selector tile 49,30 feature 5 base 8456 offset 0->0 sprite 8456 absent false
[2026-10-03 17:05:21] dbg: [driver:1] OpenTT3D: retained river selector tile 49,30 feature 6 base 8801 offset 1->1 sprite 8802 absent false
[2026-10-03 17:05:21] dbg: [driver:1] OpenTT3D: retained river selector tile 49,30 feature 6 base 8801 offset 3->3 sprite 8804 absent false
[2026-10-03 17:05:21] dbg: [driver:1] OpenTT3D: retained river selector tile 50,30 feature 5 base 8441 offset 0->0 sprite 8441 absent false
[2026-10-03 17:05:21] dbg: [driver:1] OpenTT3D: retained river selector tile 50,30 feature 6 base 8801 offset 1->1 sprite 8802 absent false
[2026-10-03 17:05:21] dbg: [driver:1] OpenTT3D: retained river selector tile 50,30 feature 6 base 8801 offset 3->3 sprite 8804 absent false
[2026-10-03 17:05:21] dbg: [driver:1] OpenTT3D: retained river selector tile 51,30 feature 5 base 8491 offset 0->0 sprite 8491 absent false
[2026-10-03 17:05:21] dbg: [driver:1] OpenTT3D: retained river selector tile 51,30 feature 6 base 8801 offset 1->1 sprite 8802 absent false
[2026-10-03 17:05:21] dbg: [driver:1] OpenTT3D: retained river selector tile 51,30 feature 6 base 8801 offset 3->3 sprite 8804 absent false
[2026-10-03 17:05:21] dbg: [driver:1] OpenTT3D: retained river selector tile 52,30 feature 5 base 8496 offset 0->0 sprite 8496 absent false
[2026-10-03 17:05:21] dbg: [driver:1] OpenTT3D: retained river selector tile 52,30 feature 6 base 8801 offset 1->1 sprite 8802 absent false
[2026-10-03 17:05:21] dbg: [driver:1] OpenTT3D: retained river selector tile 52,30 feature 6 base 8801 offset 3->3 sprite 8804 absent false
[2026-10-03 17:05:21] dbg: [driver:1] OpenTT3D: retained river selector tile 53,30 feature 5 base 8491 offset 0->0 sprite 8491 absent false
[2026-10-03 17:05:21] dbg: [driver:1] OpenTT3D: retained river selector tile 53,30 feature 6 base 8801 offset 1->1 sprite 8802 absent false
[2026-10-03 17:05:21] dbg: [driver:1] OpenTT3D: retained river selector tile 53,30 feature 6 base 8801 offset 3->3 sprite 8804 absent false
[2026-10-03 17:05:21] dbg: [driver:1] OpenTT3D: retained river selector tile 54,30 feature 5 base 8456 offset 0->0 sprite 8456 absent false
[2026-10-03 17:05:21] dbg: [driver:1] OpenTT3D: retained river selector tile 54,30 feature 6 base 8801 offset 1->1 sprite 8802 absent false
[2026-10-03 17:05:21] dbg: [driver:1] OpenTT3D: retained river selector tile 54,30 feature 6 base 8801 offset 3->3 sprite 8804 absent false
[2026-10-03 17:05:21] dbg: [driver:1] OpenTT3D: retained river selector tile 55,30 feature 5 base 8431 offset 0->0 sprite 8431 absent false
[2026-10-03 17:05:21] dbg: [driver:1] OpenTT3D: retained river selector tile 55,30 feature 6 base 8801 offset 1->1 sprite 8802 absent false
[2026-10-03 17:05:21] dbg: [driver:1] OpenTT3D: retained river selector tile 55,30 feature 6 base 8801 offset 2->2 sprite 8803 absent false
[2026-10-03 17:05:21] dbg: [driver:1] OpenTT3D: retained river selector tile 55,30 feature 6 base 8801 offset 5->5 sprite 8806 absent false
[2026-10-03 17:05:21] dbg: [driver:1] OpenTT3D: retained river selector tile 55,30 feature 6 base 8801 offset 11->11 sprite 8812 absent false
[2026-10-03 17:05:21] dbg: [driver:1] OpenTT3D: retained river selector tile 45,31 feature 5 base 8481 offset 0->0 sprite 8481 absent false
[2026-10-03 17:05:21] dbg: [driver:1] OpenTT3D: retained river selector tile 45,31 feature 6 base 8801 offset 0->0 sprite 8801 absent false
[2026-10-03 17:05:21] dbg: [driver:1] OpenTT3D: retained river selector tile 45,31 feature 6 base 8801 offset 2->2 sprite 8803 absent false
[2026-10-03 17:05:21] dbg: [driver:1] OpenTT3D: retained river selector tile 44,32 feature 5 base 8426 offset 0->0 sprite 8426 absent false
[2026-10-03 17:05:21] dbg: [driver:1] OpenTT3D: retained river selector tile 44,32 feature 6 base 8801 offset 1->1 sprite 8802 absent false
[2026-10-03 17:05:21] dbg: [driver:1] OpenTT3D: retained river selector tile 44,32 feature 6 base 8801 offset 3->3 sprite 8804 absent false
[2026-10-03 17:05:21] dbg: [driver:1] OpenTT3D: retained river selector tile 45,32 feature 5 base 8486 offset 0->0 sprite 8486 absent false
[2026-10-03 17:05:21] dbg: [driver:1] OpenTT3D: retained river selector tile 45,32 feature 6 base 8801 offset 1->1 sprite 8802 absent false
[2026-10-03 17:05:21] dbg: [driver:1] OpenTT3D: retained river selector tile 45,32 feature 6 base 8801 offset 2->2 sprite 8803 absent false
[2026-10-03 17:05:21] dbg: [driver:1] OpenTT3D: retained river selector tile 45,32 feature 6 base 8801 offset 5->5 sprite 8806 absent false
[2026-10-03 17:05:21] dbg: [driver:1] OpenTT3D: retained river selector tile 45,32 feature 6 base 8801 offset 11->11 sprite 8812 absent false
[2026-10-03 17:05:21] dbg: [driver:1] OpenTT3D: retained river selector tile 79,46 feature 5 base 8441 offset 0->0 sprite 8441 absent false
[2026-10-03 17:05:21] dbg: [driver:1] OpenTT3D: retained river selector tile 79,46 feature 6 base 9101 offset 0->0 sprite 9101 absent false
[2026-10-03 17:05:21] dbg: [driver:1] OpenTT3D: retained river selector tile 79,46 feature 6 base 9101 offset 3->3 sprite 9104 absent false
[2026-10-03 17:05:21] dbg: [driver:1] OpenTT3D: retained river selector tile 79,46 feature 6 base 9101 offset 9->9 sprite 9110 absent false
[2026-10-03 17:05:21] dbg: [driver:1] OpenTT3D: retained river selector tile 79,46 feature 6 base 9101 offset 7->7 sprite 9108 absent false
[2026-10-03 17:05:21] dbg: [driver:1] OpenTT3D: retained river selector tile 80,46 feature 5 base 8461 offset 0->0 sprite 8461 absent false
[2026-10-03 17:05:21] dbg: [driver:1] OpenTT3D: retained river selector tile 80,46 feature 6 base 9101 offset 1->1 sprite 9102 absent false
[2026-10-03 17:05:21] dbg: [driver:1] OpenTT3D: retained river selector tile 80,46 feature 6 base 9101 offset 3->3 sprite 9104 absent false
[2026-10-03 17:05:21] dbg: [driver:1] OpenTT3D: retained river selector tile 81,46 feature 5 base 8461 offset 0->0 sprite 8461 absent false
[2026-10-03 17:05:21] dbg: [driver:1] OpenTT3D: retained river selector tile 81,46 feature 6 base 9101 offset 3->3 sprite 9104 absent false
[2026-10-03 17:05:21] dbg: [driver:1] OpenTT3D: retained river selector tile 81,46 feature 6 base 9101 offset 8->8 sprite 9109 absent false
[2026-10-03 17:05:21] dbg: [driver:1] OpenTT3D: retained river selector tile 81,46 feature 6 base 9101 offset 9->9 sprite 9110 absent false
[2026-10-03 17:05:21] dbg: [driver:1] OpenTT3D: retained river selector tile 82,46 feature 5 base 8436 offset 2->2 sprite 8438 absent false
[2026-10-03 17:05:21] dbg: [driver:1] OpenTT3D: retained live water source tile 82,46 role ground sprite 8438 at original height 8
[2026-10-03 17:05:21] dbg: [driver:1] OpenTT3D: retained river selector tile 82,46 feature 6 base 8801 offset 25->25 sprite 8826 absent false
[2026-10-03 17:05:21] dbg: [driver:1] OpenTT3D: retained live water source tile 82,46 role ground sprite 8826 at original height 8
[2026-10-03 17:05:21] dbg: [driver:1] OpenTT3D: retained river selector tile 82,46 feature 6 base 8801 offset 27->27 sprite 8828 absent false
[2026-10-03 17:05:21] dbg: [driver:1] OpenTT3D: retained live water source tile 82,46 role ground sprite 8828 at original height 8
[2026-10-03 17:05:21] dbg: [driver:1] OpenTT3D: retained river selector tile 83,46 feature 5 base 8446 offset 0->0 sprite 8446 absent false
[2026-10-03 17:05:21] dbg: [driver:1] OpenTT3D: retained river selector tile 83,46 feature 6 base 8801 offset 3->3 sprite 8804 absent false
[2026-10-03 17:05:21] dbg: [driver:1] OpenTT3D: retained river selector tile 83,46 feature 6 base 8801 offset 8->8 sprite 8809 absent false
[2026-10-03 17:05:21] dbg: [driver:1] OpenTT3D: retained river selector tile 84,46 feature 5 base 8471 offset 0->0 sprite 8471 absent false
[2026-10-03 17:05:21] dbg: [driver:1] OpenTT3D: retained river selector tile 84,46 feature 6 base 8801 offset 2->2 sprite 8803 absent false
[2026-10-03 17:05:21] dbg: [driver:1] OpenTT3D: retained river selector tile 84,46 feature 6 base 8801 offset 3->3 sprite 8804 absent false
[2026-10-03 17:05:21] dbg: [driver:1] OpenTT3D: retained river selector tile 84,46 feature 6 base 8801 offset 6->6 sprite 8807 absent false
[2026-10-03 17:05:21] dbg: [driver:1] OpenTT3D: retained river selector tile 79,47 feature 5 base 8476 offset 0->0 sprite 8476 absent false
[2026-10-03 17:05:21] dbg: [driver:1] OpenTT3D: retained river selector tile 79,47 feature 6 base 9101 offset 0->0 sprite 9101 absent false
[2026-10-03 17:05:21] dbg: [driver:1] OpenTT3D: retained river selector tile 79,47 feature 6 base 9101 offset 2->2 sprite 9103 absent false
[2026-10-03 17:05:21] dbg: [driver:1] OpenTT3D: retained river selector tile 81,47 feature 5 base 8496 offset 0->0 sprite 8496 absent false
[2026-10-03 17:05:21] dbg: [driver:1] OpenTT3D: retained river selector tile 81,47 feature 6 base 9101 offset 0->0 sprite 9101 absent false
[2026-10-03 17:05:21] dbg: [driver:1] OpenTT3D: retained river selector tile 81,47 feature 6 base 9101 offset 1->1 sprite 9102 absent false
[2026-10-03 17:05:21] dbg: [driver:1] OpenTT3D: retained river selector tile 81,47 feature 6 base 9101 offset 2->2 sprite 9103 absent false
[2026-10-03 17:05:21] dbg: [driver:1] OpenTT3D: retained river selector tile 81,47 feature 6 base 9101 offset 4->4 sprite 9105 absent false
[2026-10-03 17:05:21] dbg: [driver:1] OpenTT3D: retained river selector tile 81,47 feature 6 base 9101 offset 5->5 sprite 9106 absent false
[2026-10-03 17:05:21] dbg: [driver:1] OpenTT3D: retained river selector tile 83,47 feature 5 base 8421 offset 0->0 sprite 8421 absent false
[2026-10-03 17:05:21] dbg: [driver:1] OpenTT3D: retained river selector tile 83,47 feature 6 base 8801 offset 0->0 sprite 8801 absent false
[2026-10-03 17:05:21] dbg: [driver:1] OpenTT3D: retained river selector tile 84,47 feature 5 base 8421 offset 0->0 sprite 8421 absent false
[2026-10-03 17:05:21] dbg: [driver:1] OpenTT3D: retained river selector tile 84,47 feature 6 base 8801 offset 2->2 sprite 8803 absent false
[2026-10-03 17:05:21] dbg: [driver:1] OpenTT3D: retained river selector tile 87,47 feature 5 base 8426 offset 0->0 sprite 8426 absent false
[2026-10-03 17:05:21] dbg: [driver:1] OpenTT3D: retained river selector tile 87,47 feature 6 base 8801 offset 0->0 sprite 8801 absent false
[2026-10-03 17:05:21] dbg: [driver:1] OpenTT3D: retained river selector tile 87,47 feature 6 base 8801 offset 3->3 sprite 8804 absent false
[2026-10-03 17:05:21] dbg: [driver:1] OpenTT3D: retained river selector tile 87,47 feature 6 base 8801 offset 7->7 sprite 8808 absent false
[2026-10-03 17:05:21] dbg: [driver:1] OpenTT3D: retained river selector tile 88,47 feature 5 base 8456 offset 0->0 sprite 8456 absent false
[2026-10-03 17:05:21] dbg: [driver:1] OpenTT3D: retained river selector tile 88,47 feature 6 base 8801 offset 3->3 sprite 8804 absent false
[2026-10-03 17:05:21] dbg: [driver:1] OpenTT3D: retained river selector tile 89,47 feature 5 base 8476 offset 0->0 sprite 8476 absent false
[2026-10-03 17:05:21] dbg: [driver:1] OpenTT3D: retained river selector tile 89,47 feature 6 base 8801 offset 3->3 sprite 8804 absent false
[2026-10-03 17:05:21] dbg: [driver:1] OpenTT3D: retained river selector tile 90,47 feature 5 base 8471 offset 0->0 sprite 8471 absent false
[2026-10-03 17:05:21] dbg: [driver:1] OpenTT3D: retained river selector tile 90,47 feature 6 base 8801 offset 3->3 sprite 8804 absent false
[2026-10-03 17:05:21] dbg: [driver:1] OpenTT3D: retained river selector tile 91,47 feature 5 base 8446 offset 0->0 sprite 8446 absent false
[2026-10-03 17:05:21] dbg: [driver:1] OpenTT3D: retained river selector tile 91,47 feature 6 base 8801 offset 3->3 sprite 8804 absent false
[2026-10-03 17:05:21] dbg: [driver:1] OpenTT3D: retained river selector tile 92,47 feature 5 base 8446 offset 0->0 sprite 8446 absent false
[2026-10-03 17:05:21] dbg: [driver:1] OpenTT3D: retained river selector tile 92,47 feature 6 base 8801 offset 3->3 sprite 8804 absent false
[2026-10-03 17:05:21] dbg: [driver:1] OpenTT3D: retained river selector tile 93,47 feature 5 base 8461 offset 0->0 sprite 8461 absent false
[2026-10-03 17:05:21] dbg: [driver:1] OpenTT3D: retained river selector tile 93,47 feature 6 base 8801 offset 2->2 sprite 8803 absent false
[2026-10-03 17:05:21] dbg: [driver:1] OpenTT3D: retained river selector tile 93,47 feature 6 base 8801 offset 3->3 sprite 8804 absent false
[2026-10-03 17:05:21] dbg: [driver:1] OpenTT3D: retained river selector tile 93,47 feature 6 base 8801 offset 6->6 sprite 8807 absent false
[2026-10-03 17:05:21] dbg: [driver:1] OpenTT3D: retained river selector tile 78,48 feature 5 base 8451 offset 0->0 sprite 8451 absent false
[2026-10-03 17:05:21] dbg: [driver:1] OpenTT3D: retained river selector tile 78,48 feature 6 base 9101 offset 0->0 sprite 9101 absent false
[2026-10-03 17:05:21] dbg: [driver:1] OpenTT3D: retained river selector tile 78,48 feature 6 base 9101 offset 3->3 sprite 9104 absent false
[2026-10-03 17:05:21] dbg: [driver:1] OpenTT3D: retained river selector tile 78,48 feature 6 base 9101 offset 9->9 sprite 9110 absent false
[2026-10-03 17:05:21] dbg: [driver:1] OpenTT3D: retained river selector tile 78,48 feature 6 base 9101 offset 7->7 sprite 9108 absent false
[2026-10-03 17:05:21] dbg: [driver:1] OpenTT3D: retained river selector tile 79,48 feature 5 base 8496 offset 0->0 sprite 8496 absent false
[2026-10-03 17:05:21] dbg: [driver:1] OpenTT3D: retained river selector tile 79,48 feature 6 base 9101 offset 1->1 sprite 9102 absent false
[2026-10-03 17:05:21] dbg: [driver:1] OpenTT3D: retained river selector tile 79,48 feature 6 base 9101 offset 2->2 sprite 9103 absent false
[2026-10-03 17:05:21] dbg: [driver:1] OpenTT3D: retained river selector tile 79,48 feature 6 base 9101 offset 5->5 sprite 9106 absent false
[2026-10-03 17:05:21] dbg: [driver:1] OpenTT3D: retained river selector tile 79,48 feature 6 base 9101 offset 11->11 sprite 9112 absent false
[2026-10-03 17:05:21] dbg: [driver:1] OpenTT3D: retained river selector tile 83,48 feature 5 base 8476 offset 0->0 sprite 8476 absent false
[2026-10-03 17:05:21] dbg: [driver:1] OpenTT3D: retained river selector tile 83,48 feature 6 base 8801 offset 0->0 sprite 8801 absent false
[2026-10-03 17:05:21] dbg: [driver:1] OpenTT3D: retained river selector tile 83,48 feature 6 base 8801 offset 1->1 sprite 8802 absent false
[2026-10-03 17:05:21] dbg: [driver:1] OpenTT3D: retained river selector tile 83,48 feature 6 base 8801 offset 4->4 sprite 8805 absent false
[2026-10-03 17:05:21] dbg: [driver:1] OpenTT3D: retained river selector tile 84,48 feature 5 base 8456 offset 0->0 sprite 8456 absent false
[2026-10-03 17:05:21] dbg: [driver:1] OpenTT3D: retained river selector tile 84,48 feature 6 base 8801 offset 1->1 sprite 8802 absent false
[2026-10-03 17:05:21] dbg: [driver:1] OpenTT3D: retained river selector tile 84,48 feature 6 base 8801 offset 10->10 sprite 8811 absent false
[2026-10-03 17:05:21] dbg: [driver:1] OpenTT3D: retained river selector tile 85,48 feature 5 base 8451 offset 0->0 sprite 8451 absent false
[2026-10-03 17:05:21] dbg: [driver:1] OpenTT3D: retained river selector tile 85,48 feature 6 base 8801 offset 1->1 sprite 8802 absent false
[2026-10-03 17:05:21] dbg: [driver:1] OpenTT3D: retained river selector tile 85,48 feature 6 base 8801 offset 3->3 sprite 8804 absent false
[2026-10-03 17:05:21] dbg: [driver:1] OpenTT3D: retained river selector tile 86,48 feature 5 base 8491 offset 0->0 sprite 8491 absent false
[2026-10-03 17:05:21] dbg: [driver:1] OpenTT3D: retained river selector tile 86,48 feature 6 base 8801 offset 3->3 sprite 8804 absent false
[2026-10-03 17:05:21] dbg: [driver:1] OpenTT3D: retained river selector tile 86,48 feature 6 base 8801 offset 8->8 sprite 8809 absent false
[2026-10-03 17:05:21] dbg: [driver:1] OpenTT3D: retained river selector tile 87,48 feature 5 base 8476 offset 0->0 sprite 8476 absent false
[2026-10-03 17:05:21] dbg: [driver:1] OpenTT3D: retained river selector tile 87,48 feature 6 base 8801 offset 11->11 sprite 8812 absent false
[2026-10-03 17:05:21] dbg: [driver:1] OpenTT3D: retained river selector tile 88,48 feature 5 base 8451 offset 0->0 sprite 8451 absent false
[2026-10-03 17:05:21] dbg: [driver:1] OpenTT3D: retained river selector tile 88,48 feature 6 base 8801 offset 9->9 sprite 8810 absent false
[2026-10-03 17:05:21] dbg: [driver:1] OpenTT3D: retained river selector tile 89,48 feature 5 base 8486 offset 0->0 sprite 8486 absent false
[2026-10-03 17:05:21] dbg: [driver:1] OpenTT3D: retained river selector tile 89,48 feature 6 base 8801 offset 1->1 sprite 8802 absent false
[2026-10-03 17:05:21] dbg: [driver:1] OpenTT3D: retained river selector tile 90,48 feature 5 base 8446 offset 0->0 sprite 8446 absent false
[2026-10-03 17:05:21] dbg: [driver:1] OpenTT3D: retained river selector tile 90,48 feature 6 base 8801 offset 1->1 sprite 8802 absent false
[2026-10-03 17:05:21] dbg: [driver:1] OpenTT3D: retained river selector tile 91,48 feature 5 base 8481 offset 0->0 sprite 8481 absent false
[2026-10-03 17:05:21] dbg: [driver:1] OpenTT3D: retained river selector tile 91,48 feature 6 base 8801 offset 1->1 sprite 8802 absent false
[2026-10-03 17:05:21] dbg: [driver:1] OpenTT3D: retained river selector tile 92,48 feature 5 base 8461 offset 0->0 sprite 8461 absent false
[2026-10-03 17:05:21] dbg: [driver:1] OpenTT3D: retained river selector tile 92,48 feature 6 base 8801 offset 8->8 sprite 8809 absent false
[2026-10-03 17:05:21] dbg: [driver:1] OpenTT3D: retained river selector tile 93,48 feature 5 base 8491 offset 0->0 sprite 8491 absent false
[2026-10-03 17:05:21] dbg: [driver:1] OpenTT3D: retained river selector tile 93,48 feature 6 base 8801 offset 10->10 sprite 8811 absent false
[2026-10-03 17:05:21] dbg: [driver:1] OpenTT3D: retained river selector tile 76,49 feature 5 base 8486 offset 0->0 sprite 8486 absent false
[2026-10-03 17:05:21] dbg: [driver:1] OpenTT3D: retained river selector tile 76,49 feature 6 base 9101 offset 0->0 sprite 9101 absent false
[2026-10-03 17:05:21] dbg: [driver:1] OpenTT3D: retained river selector tile 76,49 feature 6 base 9101 offset 3->3 sprite 9104 absent false
[2026-10-03 17:05:21] dbg: [driver:1] OpenTT3D: retained river selector tile 76,49 feature 6 base 9101 offset 9->9 sprite 9110 absent false
[2026-10-03 17:05:21] dbg: [driver:1] OpenTT3D: retained river selector tile 76,49 feature 6 base 9101 offset 7->7 sprite 9108 absent false
[2026-10-03 17:05:21] dbg: [driver:1] OpenTT3D: retained river selector tile 77,49 feature 5 base 8436 offset 0->0 sprite 8436 absent false
[2026-10-03 17:05:21] dbg: [driver:1] OpenTT3D: retained river selector tile 77,49 feature 6 base 9101 offset 1->1 sprite 9102 absent false
[2026-10-03 17:05:21] dbg: [driver:1] OpenTT3D: retained river selector tile 77,49 feature 6 base 9101 offset 3->3 sprite 9104 absent false
[2026-10-03 17:05:21] dbg: [driver:1] OpenTT3D: retained river selector tile 78,49 feature 5 base 8426 offset 0->0 sprite 8426 absent false
[2026-10-03 17:05:21] dbg: [driver:1] OpenTT3D: retained river selector tile 78,49 feature 6 base 9101 offset 1->1 sprite 9102 absent false
[2026-10-03 17:05:21] dbg: [driver:1] OpenTT3D: retained river selector tile 78,49 feature 6 base 9101 offset 2->2 sprite 9103 absent false
[2026-10-03 17:05:21] dbg: [driver:1] OpenTT3D: retained river selector tile 78,49 feature 6 base 9101 offset 5->5 sprite 9106 absent false
[2026-10-03 17:05:21] dbg: [driver:1] OpenTT3D: retained river selector tile 78,49 feature 6 base 9101 offset 11->11 sprite 9112 absent false
[2026-10-03 17:05:21] dbg: [driver:1] OpenTT3D: retained river selector tile 86,49 feature 5 base 8481 offset 0->0 sprite 8481 absent false
[2026-10-03 17:05:21] dbg: [driver:1] OpenTT3D: retained river selector tile 86,49 feature 6 base 8801 offset 0->0 sprite 8801 absent false
[2026-10-03 17:05:21] dbg: [driver:1] OpenTT3D: retained river selector tile 86,49 feature 6 base 8801 offset 1->1 sprite 8802 absent false
[2026-10-03 17:05:21] dbg: [driver:1] OpenTT3D: retained river selector tile 86,49 feature 6 base 8801 offset 4->4 sprite 8805 absent false
[2026-10-03 17:05:21] dbg: [driver:1] OpenTT3D: retained river selector tile 87,49 feature 5 base 8466 offset 0->0 sprite 8466 absent false
[2026-10-03 17:05:21] dbg: [driver:1] OpenTT3D: retained river selector tile 87,49 feature 6 base 8801 offset 1->1 sprite 8802 absent false
[2026-10-03 17:05:21] dbg: [driver:1] OpenTT3D: retained river selector tile 88,49 feature 5 base 8436 offset 0->0 sprite 8436 absent false
[2026-10-03 17:05:21] dbg: [driver:1] OpenTT3D: retained river selector tile 88,49 feature 6 base 8801 offset 1->1 sprite 8802 absent false
[2026-10-03 17:05:21] dbg: [driver:1] OpenTT3D: retained river selector tile 88,49 feature 6 base 8801 offset 2->2 sprite 8803 absent false
[2026-10-03 17:05:21] dbg: [driver:1] OpenTT3D: retained river selector tile 88,49 feature 6 base 8801 offset 5->5 sprite 8806 absent false
[2026-10-03 17:05:21] dbg: [driver:1] OpenTT3D: retained river selector tile 92,49 feature 5 base 8461 offset 0->0 sprite 8461 absent false
[2026-10-03 17:05:21] dbg: [driver:1] OpenTT3D: retained river selector tile 92,49 feature 6 base 8801 offset 0->0 sprite 8801 absent false
[2026-10-03 17:05:21] dbg: [driver:1] OpenTT3D: retained river selector tile 92,49 feature 6 base 8801 offset 1->1 sprite 8802 absent false
[2026-10-03 17:05:21] dbg: [driver:1] OpenTT3D: retained river selector tile 92,49 feature 6 base 8801 offset 4->4 sprite 8805 absent false
[2026-10-03 17:05:21] dbg: [driver:1] OpenTT3D: retained river selector tile 93,49 feature 5 base 8476 offset 0->0 sprite 8476 absent false
[2026-10-03 17:05:21] dbg: [driver:1] OpenTT3D: retained river selector tile 93,49 feature 6 base 8801 offset 1->1 sprite 8802 absent false
[2026-10-03 17:05:21] dbg: [driver:1] OpenTT3D: retained river selector tile 76,50 feature 5 base 8431 offset 1->1 sprite 8432 absent false
[2026-10-03 17:05:21] dbg: [driver:1] OpenTT3D: retained live water source tile 76,50 role ground sprite 8432 at original height 16
[2026-10-03 17:05:21] dbg: [driver:1] OpenTT3D: retained river selector tile 76,50 feature 6 base 9101 offset 12->12 sprite 9113 absent false
[2026-10-03 17:05:21] dbg: [driver:1] OpenTT3D: retained live water source tile 76,50 role ground sprite 9113 at original height 16
[2026-10-03 17:05:21] dbg: [driver:1] OpenTT3D: retained river selector tile 76,50 feature 6 base 9101 offset 14->14 sprite 9115 absent false
[2026-10-03 17:05:21] dbg: [driver:1] OpenTT3D: retained live water source tile 76,50 role ground sprite 9115 at original height 16
[2026-10-03 17:05:21] dbg: [driver:1] OpenTT3D: retained river selector tile 76,51 feature 5 base 8441 offset 0->0 sprite 8441 absent false
[2026-10-03 17:05:21] dbg: [driver:1] OpenTT3D: retained river selector tile 76,51 feature 6 base 9161 offset 0->0 sprite 9161 absent false
[2026-10-03 17:05:21] dbg: [driver:1] OpenTT3D: retained river selector tile 76,51 feature 6 base 9161 offset 2->2 sprite 9163 absent false
[2026-10-03 17:05:21] dbg: [driver:1] OpenTT3D: retained river selector tile 76,52 feature 5 base 8466 offset 0->0 sprite 8466 absent false
[2026-10-03 17:05:21] dbg: [driver:1] OpenTT3D: retained river selector tile 76,52 feature 6 base 9161 offset 0->0 sprite 9161 absent false
[2026-10-03 17:05:21] dbg: [driver:1] OpenTT3D: retained river selector tile 76,52 feature 6 base 9161 offset 2->2 sprite 9163 absent false
[2026-10-03 17:05:21] dbg: [driver:1] OpenTT3D: retained river selector tile 76,53 feature 5 base 8496 offset 0->0 sprite 8496 absent false
[2026-10-03 17:05:21] dbg: [driver:1] OpenTT3D: retained river selector tile 76,53 feature 6 base 9161 offset 0->0 sprite 9161 absent false
[2026-10-03 17:05:21] dbg: [driver:1] OpenTT3D: retained river selector tile 76,53 feature 6 base 9161 offset 2->2 sprite 9163 absent false
[2026-10-03 17:05:21] dbg: [driver:1] OpenTT3D: retained river selector tile 76,54 feature 5 base 8471 offset 0->0 sprite 8471 absent false
[2026-10-03 17:05:21] dbg: [driver:1] OpenTT3D: retained river selector tile 76,54 feature 6 base 9161 offset 0->0 sprite 9161 absent false
[2026-10-03 17:05:21] dbg: [driver:1] OpenTT3D: retained river selector tile 76,54 feature 6 base 9161 offset 2->2 sprite 9163 absent false
[2026-10-03 17:05:21] dbg: [driver:1] OpenTT3D: retained river selector tile 76,55 feature 5 base 8481 offset 0->0 sprite 8481 absent false
[2026-10-03 17:05:21] dbg: [driver:1] OpenTT3D: retained river selector tile 76,55 feature 6 base 9161 offset 0->0 sprite 9161 absent false
[2026-10-03 17:05:21] dbg: [driver:1] OpenTT3D: retained river selector tile 76,55 feature 6 base 9161 offset 2->2 sprite 9163 absent false
[2026-10-03 17:05:21] dbg: [driver:1] OpenTT3D: retained river selector tile 76,56 feature 5 base 8486 offset 1->1 sprite 8487 absent false
[2026-10-03 17:05:21] dbg: [driver:1] OpenTT3D: retained live water source tile 76,56 role ground sprite 8487 at original height 24
[2026-10-03 17:05:21] dbg: [driver:1] OpenTT3D: retained river selector tile 76,56 feature 6 base 9161 offset 12->12 sprite 9173 absent false
[2026-10-03 17:05:21] dbg: [driver:1] OpenTT3D: retained live water source tile 76,56 role ground sprite 9173 at original height 24
[2026-10-03 17:05:21] dbg: [driver:1] OpenTT3D: retained river selector tile 76,56 feature 6 base 9161 offset 14->14 sprite 9175 absent false
[2026-10-03 17:05:21] dbg: [driver:1] OpenTT3D: retained live water source tile 76,56 role ground sprite 9175 at original height 24
[2026-10-03 17:05:21] dbg: [driver:1] OpenTT3D: retained river selector tile 75,57 feature 5 base 8476 offset 0->0 sprite 8476 absent false
[2026-10-03 17:05:21] dbg: [driver:1] OpenTT3D: retained river selector tile 75,57 feature 6 base 9221 offset 0->0 sprite 9221 absent false
[2026-10-03 17:05:21] dbg: [driver:1] OpenTT3D: retained river selector tile 75,57 feature 6 base 9221 offset 3->3 sprite 9224 absent false
[2026-10-03 17:05:21] dbg: [driver:1] OpenTT3D: retained river selector tile 75,57 feature 6 base 9221 offset 9->9 sprite 9230 absent false
[2026-10-03 17:05:22] dbg: [driver:1] OpenTT3D: retained river selector tile 75,57 feature 6 base 9221 offset 7->7 sprite 9228 absent false
[2026-10-03 17:05:22] dbg: [driver:1] OpenTT3D: retained river selector tile 76,57 feature 5 base 8491 offset 0->0 sprite 8491 absent false
[2026-10-03 17:05:22] dbg: [driver:1] OpenTT3D: retained river selector tile 76,57 feature 6 base 9221 offset 1->1 sprite 9222 absent false
[2026-10-03 17:05:22] dbg: [driver:1] OpenTT3D: retained river selector tile 76,57 feature 6 base 9221 offset 2->2 sprite 9223 absent false
[2026-10-03 17:05:22] dbg: [driver:1] OpenTT3D: retained river selector tile 76,57 feature 6 base 9221 offset 5->5 sprite 9226 absent false
[2026-10-03 17:05:22] dbg: [driver:1] OpenTT3D: retained river selector tile 76,57 feature 6 base 9221 offset 11->11 sprite 9232 absent false
[2026-10-03 17:05:22] dbg: [driver:1] OpenTT3D: retained river selector tile 75,58 feature 5 base 8431 offset 1->1 sprite 8432 absent false
[2026-10-03 17:05:22] dbg: [driver:1] OpenTT3D: retained live water source tile 75,58 role ground sprite 8432 at original height 32
[2026-10-03 17:05:22] dbg: [driver:1] OpenTT3D: retained river selector tile 75,58 feature 6 base 9221 offset 12->12 sprite 9233 absent false
[2026-10-03 17:05:22] dbg: [driver:1] OpenTT3D: retained live water source tile 75,58 role ground sprite 9233 at original height 32
[2026-10-03 17:05:22] dbg: [driver:1] OpenTT3D: retained river selector tile 75,58 feature 6 base 9221 offset 14->14 sprite 9235 absent false
[2026-10-03 17:05:22] dbg: [driver:1] OpenTT3D: retained live water source tile 75,58 role ground sprite 9235 at original height 32
[2026-10-03 17:05:22] dbg: [driver:1] OpenTT3D: live projected tree 1758 stage 2 captured at 56,65
[2026-10-03 17:05:22] dbg: [driver:1] OpenTT3D: live projected tree 1751 stage 2 captured at 57,67
[2026-10-03 17:05:22] dbg: [driver:1] OpenTT3D: live projected tree 1716 stage 2 captured at 58,67
[2026-10-03 17:05:22] dbg: [driver:1] OpenTT3D: live projected tree 1730 stage 1 captured at 57,68
[2026-10-03 17:05:22] dbg: [driver:1] OpenTT3D: live projected tree 1772 stage 3 captured at 59,68
[2026-10-03 17:05:22] dbg: [driver:1] OpenTT3D: live projected tree 1765 stage 3 captured at 59,68
[2026-10-03 17:05:22] dbg: [driver:1] OpenTT3D: live projected tree 1786 stage 3 captured at 59,68
[2026-10-03 17:05:22] dbg: [driver:1] OpenTT3D: live projected tree 1807 stage 3 captured at 60,68
[2026-10-03 17:05:22] dbg: [driver:1] OpenTT3D: live projected tree 1814 stage 6 captured at 60,69
[2026-10-03 17:05:22] dbg: [driver:1] OpenTT3D: live projected tree 1793 stage 3 captured at 60,69
[2026-10-03 17:05:22] dbg: [driver:1] OpenTT3D: 64 roof/wall pixels select their owning tile across four rotations, with independent vehicle picking
[2026-10-03 17:05:22] dbg: [driver:1] OpenTT3D: live projected tree 1723 stage 2 captured at 113,11
[2026-10-03 17:05:22] dbg: [driver:1] OpenTT3D: live projected tree 1723 stage 6 captured at 107,12
[2026-10-03 17:05:22] dbg: [driver:1] OpenTT3D: live projected tree 1758 stage 6 captured at 55,13
[2026-10-03 17:05:22] dbg: [driver:1] OpenTT3D: live projected tree 1758 stage 1 captured at 59,13
[2026-10-03 17:05:22] dbg: [driver:1] OpenTT3D: live projected tree 1744 stage 6 captured at 60,13
[2026-10-03 17:05:22] dbg: [driver:1] OpenTT3D: live projected tree 1751 stage 4 captured at 61,13
[2026-10-03 17:05:22] dbg: [driver:1] OpenTT3D: live projected tree 1737 stage 1 captured at 62,13
[2026-10-03 17:05:22] dbg: [driver:1] OpenTT3D: live projected tree 1709 stage 5 captured at 74,13
[2026-10-03 17:05:22] dbg: [driver:1] OpenTT3D: live projected tree 1758 stage 4 captured at 5,14
[2026-10-03 17:05:22] dbg: [driver:1] OpenTT3D: live projected tree 1758 stage 5 captured at 20,14
[2026-10-03 17:05:22] dbg: [driver:1] OpenTT3D: live projected tree 1744 stage 1 captured at 54,14
[2026-10-03 17:05:22] dbg: [driver:1] OpenTT3D: live projected tree 1744 stage 5 captured at 57,14
[2026-10-03 17:05:22] dbg: [driver:1] OpenTT3D: live projected tree 1737 stage 2 captured at 61,14
[2026-10-03 17:05:22] dbg: [driver:1] OpenTT3D: live projected tree 1758 stage 0 captured at 14,15
[2026-10-03 17:05:22] dbg: [driver:1] OpenTT3D: live projected tree 1737 stage 4 captured at 49,15
[2026-10-03 17:05:22] dbg: [driver:1] OpenTT3D: live projected tree 1730 stage 4 captured at 51,15
[2026-10-03 17:05:22] dbg: [driver:1] OpenTT3D: live projected tree 1744 stage 4 captured at 52,15
[2026-10-03 17:05:22] dbg: [driver:1] OpenTT3D: live projected tree 1723 stage 4 captured at 55,15
[2026-10-03 17:05:22] dbg: [driver:1] OpenTT3D: live projected tree 1751 stage 5 captured at 59,15
[2026-10-03 17:05:22] dbg: [driver:1] OpenTT3D: live projected tree 1723 stage 1 captured at 72,15
[2026-10-03 17:05:22] dbg: [driver:1] OpenTT3D: live projected tree 1730 stage 5 captured at 54,16
[2026-10-03 17:05:22] dbg: [driver:1] OpenTT3D: live projected tree 1716 stage 6 captured at 55,16
[2026-10-03 17:05:22] dbg: [driver:1] OpenTT3D: live projected tree 1744 stage 0 captured at 91,16
[2026-10-03 17:05:22] dbg: [driver:1] OpenTT3D: live projected tree 1709 stage 0 captured at 101,16
[2026-10-03 17:05:22] dbg: [driver:1] OpenTT3D: live projected tree 1709 stage 4 captured at 114,16
[2026-10-03 17:05:22] dbg: [driver:1] OpenTT3D: live projected tree 1751 stage 1 captured at 64,17
[2026-10-03 17:05:22] dbg: [driver:1] OpenTT3D: live projected tree 1737 stage 5 captured at 114,17
[2026-10-03 17:05:22] dbg: [driver:1] OpenTT3D: live projected tree 1716 stage 4 captured at 38,18
[2026-10-03 17:05:22] dbg: [driver:1] OpenTT3D: live projected tree 1800 stage 3 captured at 57,18
[2026-10-03 17:05:22] dbg: [driver:1] OpenTT3D: live projected tree 1793 stage 0 captured at 57,18
[2026-10-03 17:05:22] dbg: [driver:1] OpenTT3D: live projected tree 1786 stage 0 captured at 61,18
[2026-10-03 17:05:22] dbg: [driver:1] OpenTT3D: live projected tree 1737 stage 0 captured at 101,18
[2026-10-03 17:05:22] dbg: [driver:1] OpenTT3D: live projected tree 1814 stage 5 captured at 58,19
[2026-10-03 17:05:22] dbg: [driver:1] OpenTT3D: live projected tree 1793 stage 2 captured at 53,20
[2026-10-03 17:05:22] dbg: [driver:1] OpenTT3D: live projected tree 1765 stage 1 captured at 55,20
[2026-10-03 17:05:22] dbg: [driver:1] OpenTT3D: retained river selector tile 57,20 feature 5 base 8461 offset 0->0 sprite 8461 absent false
[2026-10-03 17:05:22] dbg: [driver:1] OpenTT3D: retained river selector tile 57,20 feature 6 base 9221 offset 0->0 sprite 9221 absent false
[2026-10-03 17:05:22] dbg: [driver:1] OpenTT3D: retained river selector tile 57,20 feature 6 base 9221 offset 2->2 sprite 9223 absent false
[2026-10-03 17:05:22] dbg: [driver:1] OpenTT3D: retained river selector tile 57,20 feature 6 base 9221 offset 3->3 sprite 9224 absent false
[2026-10-03 17:05:22] dbg: [driver:1] OpenTT3D: retained river selector tile 57,20 feature 6 base 9221 offset 6->6 sprite 9227 absent false
[2026-10-03 17:05:22] dbg: [driver:1] OpenTT3D: retained river selector tile 57,20 feature 6 base 9221 offset 7->7 sprite 9228 absent false
[2026-10-03 17:05:22] dbg: [driver:1] OpenTT3D: live projected tree 1737 stage 6 captured at 29,21
[2026-10-03 17:05:22] dbg: [driver:1] OpenTT3D: retained river selector tile 55,21 feature 5 base 8436 offset 0->0 sprite 8436 absent false
[2026-10-03 17:05:22] dbg: [driver:1] OpenTT3D: retained river selector tile 55,21 feature 6 base 9221 offset 0->0 sprite 9221 absent false
[2026-10-03 17:05:22] dbg: [driver:1] OpenTT3D: retained river selector tile 55,21 feature 6 base 9221 offset 3->3 sprite 9224 absent false
[2026-10-03 17:05:22] dbg: [driver:1] OpenTT3D: retained river selector tile 55,21 feature 6 base 9221 offset 9->9 sprite 9230 absent false
[2026-10-03 17:05:22] dbg: [driver:1] OpenTT3D: retained river selector tile 55,21 feature 6 base 9221 offset 7->7 sprite 9228 absent false
[2026-10-03 17:05:22] dbg: [driver:1] OpenTT3D: retained river selector tile 56,21 feature 5 base 8456 offset 0->0 sprite 8456 absent false
[2026-10-03 17:05:22] dbg: [driver:1] OpenTT3D: retained river selector tile 56,21 feature 6 base 9221 offset 1->1 sprite 9222 absent false
[2026-10-03 17:05:22] dbg: [driver:1] OpenTT3D: retained river selector tile 56,21 feature 6 base 9221 offset 3->3 sprite 9224 absent false
[2026-10-03 17:05:22] dbg: [driver:1] OpenTT3D: retained river selector tile 57,21 feature 5 base 8451 offset 0->0 sprite 8451 absent false
[2026-10-03 17:05:22] dbg: [driver:1] OpenTT3D: retained river selector tile 57,21 feature 6 base 9221 offset 1->1 sprite 9222 absent false
[2026-10-03 17:05:22] dbg: [driver:1] OpenTT3D: retained river selector tile 57,21 feature 6 base 9221 offset 2->2 sprite 9223 absent false
[2026-10-03 17:05:22] dbg: [driver:1] OpenTT3D: retained river selector tile 57,21 feature 6 base 9221 offset 5->5 sprite 9226 absent false
[2026-10-03 17:05:22] dbg: [driver:1] OpenTT3D: retained river selector tile 57,21 feature 6 base 9221 offset 11->11 sprite 9232 absent false
[2026-10-03 17:05:22] dbg: [driver:1] OpenTT3D: retained river selector tile 20,22 feature 5 base 8476 offset 0->0 sprite 8476 absent false
[2026-10-03 17:05:22] dbg: [driver:1] OpenTT3D: retained river selector tile 20,22 feature 6 base 8801 offset 0->0 sprite 8801 absent false
[2026-10-03 17:05:22] dbg: [driver:1] OpenTT3D: retained river selector tile 20,22 feature 6 base 8801 offset 3->3 sprite 8804 absent false
[2026-10-03 17:05:22] dbg: [driver:1] OpenTT3D: retained river selector tile 20,22 feature 6 base 8801 offset 9->9 sprite 8810 absent false
[2026-10-03 17:05:22] dbg: [driver:1] OpenTT3D: retained river selector tile 20,22 feature 6 base 8801 offset 7->7 sprite 8808 absent false
[2026-10-03 17:05:22] dbg: [driver:1] OpenTT3D: retained river selector tile 21,22 feature 5 base 8476 offset 3->3 sprite 8479 absent false
[2026-10-03 17:05:22] dbg: [driver:1] OpenTT3D: retained live water source tile 21,22 role ground sprite 8479 at original height 8
[2026-10-03 17:05:22] dbg: [driver:1] OpenTT3D: retained river selector tile 21,22 feature 6 base 8801 offset 37->37 sprite 8838 absent false
[2026-10-03 17:05:22] dbg: [driver:1] OpenTT3D: retained live water source tile 21,22 role ground sprite 8838 at original height 8
[2026-10-03 17:05:22] dbg: [driver:1] OpenTT3D: retained river selector tile 21,22 feature 6 base 8801 offset 39->39 sprite 8840 absent false
[2026-10-03 17:05:22] dbg: [driver:1] OpenTT3D: retained live water source tile 21,22 role ground sprite 8840 at original height 8
[2026-10-03 17:05:22] dbg: [driver:1] OpenTT3D: retained river selector tile 22,22 feature 5 base 8436 offset 0->0 sprite 8436 absent false
[2026-10-03 17:05:22] dbg: [driver:1] OpenTT3D: retained river selector tile 22,22 feature 6 base 9101 offset 1->1 sprite 9102 absent false
[2026-10-03 17:05:22] dbg: [driver:1] OpenTT3D: retained river selector tile 22,22 feature 6 base 9101 offset 3->3 sprite 9104 absent false
[2026-10-03 17:05:22] dbg: [driver:1] OpenTT3D: retained river selector tile 23,22 feature 5 base 8436 offset 0->0 sprite 8436 absent false
[2026-10-03 17:05:22] dbg: [driver:1] OpenTT3D: retained river selector tile 23,22 feature 6 base 9101 offset 2->2 sprite 9103 absent false
[2026-10-03 17:05:22] dbg: [driver:1] OpenTT3D: retained river selector tile 23,22 feature 6 base 9101 offset 3->3 sprite 9104 absent false
[2026-10-03 17:05:22] dbg: [driver:1] OpenTT3D: retained river selector tile 23,22 feature 6 base 9101 offset 8->8 sprite 9109 absent false
[2026-10-03 17:05:22] dbg: [driver:1] OpenTT3D: retained river selector tile 23,22 feature 6 base 9101 offset 6->6 sprite 9107 absent false
[2026-10-03 17:05:22] dbg: [driver:1] OpenTT3D: live projected tree 1793 stage 6 captured at 42,22
[2026-10-03 17:05:22] dbg: [driver:1] OpenTT3D: live projected tree 1786 stage 6 captured at 51,22
[2026-10-03 17:05:22] dbg: [driver:1] OpenTT3D: live projected tree 1772 stage 1 captured at 52,22
[2026-10-03 17:05:22] dbg: [driver:1] OpenTT3D: retained river selector tile 55,22 feature 5 base 8461 offset 0->0 sprite 8461 absent false
[2026-10-03 17:05:22] dbg: [driver:1] OpenTT3D: retained river selector tile 55,22 feature 6 base 9221 offset 0->0 sprite 9221 absent false
[2026-10-03 17:05:22] dbg: [driver:1] OpenTT3D: retained river selector tile 55,22 feature 6 base 9221 offset 2->2 sprite 9223 absent false
[2026-10-03 17:05:22] dbg: [driver:1] OpenTT3D: retained river selector tile 19,23 feature 5 base 8446 offset 0->0 sprite 8446 absent false
[2026-10-03 17:05:22] dbg: [driver:1] OpenTT3D: retained river selector tile 19,23 feature 6 base 8801 offset 0->0 sprite 8801 absent false
[2026-10-03 17:05:22] dbg: [driver:1] OpenTT3D: retained river selector tile 19,23 feature 6 base 8801 offset 3->3 sprite 8804 absent false
[2026-10-03 17:05:22] dbg: [driver:1] OpenTT3D: retained river selector tile 19,23 feature 6 base 8801 offset 9->9 sprite 8810 absent false
[2026-10-03 17:05:22] dbg: [driver:1] OpenTT3D: retained river selector tile 19,23 feature 6 base 8801 offset 7->7 sprite 8808 absent false
[2026-10-03 17:05:22] dbg: [driver:1] OpenTT3D: retained river selector tile 20,23 feature 5 base 8481 offset 0->0 sprite 8481 absent false
[2026-10-03 17:05:22] dbg: [driver:1] OpenTT3D: retained river selector tile 20,23 feature 6 base 8801 offset 1->1 sprite 8802 absent false
[2026-10-03 17:05:22] dbg: [driver:1] OpenTT3D: retained river selector tile 20,23 feature 6 base 8801 offset 2->2 sprite 8803 absent false
[2026-10-03 17:05:22] dbg: [driver:1] OpenTT3D: retained river selector tile 20,23 feature 6 base 8801 offset 5->5 sprite 8806 absent false
[2026-10-03 17:05:22] dbg: [driver:1] OpenTT3D: retained river selector tile 20,23 feature 6 base 8801 offset 11->11 sprite 8812 absent false
[2026-10-03 17:05:22] dbg: [driver:1] OpenTT3D: retained river selector tile 23,23 feature 5 base 8461 offset 0->0 sprite 8461 absent false
[2026-10-03 17:05:22] dbg: [driver:1] OpenTT3D: retained river selector tile 23,23 feature 6 base 9101 offset 0->0 sprite 9101 absent false
[2026-10-03 17:05:22] dbg: [driver:1] OpenTT3D: retained river selector tile 23,23 feature 6 base 9101 offset 1->1 sprite 9102 absent false
[2026-10-03 17:05:22] dbg: [driver:1] OpenTT3D: retained river selector tile 23,23 feature 6 base 9101 offset 4->4 sprite 9105 absent false
[2026-10-03 17:05:22] dbg: [driver:1] OpenTT3D: retained river selector tile 23,23 feature 6 base 9101 offset 10->10 sprite 9111 absent false
[2026-10-03 17:05:22] dbg: [driver:1] OpenTT3D: retained river selector tile 24,23 feature 5 base 8461 offset 0->0 sprite 8461 absent false
[2026-10-03 17:05:22] dbg: [driver:1] OpenTT3D: retained river selector tile 24,23 feature 6 base 9101 offset 1->1 sprite 9102 absent false
[2026-10-03 17:05:22] dbg: [driver:1] OpenTT3D: retained river selector tile 24,23 feature 6 base 9101 offset 3->3 sprite 9104 absent false
[2026-10-03 17:05:22] dbg: [driver:1] OpenTT3D: retained river selector tile 25,23 feature 5 base 8436 offset 0->0 sprite 8436 absent false
[2026-10-03 17:05:22] dbg: [driver:1] OpenTT3D: retained river selector tile 25,23 feature 6 base 9101 offset 2->2 sprite 9103 absent false
[2026-10-03 17:05:22] dbg: [driver:1] OpenTT3D: retained river selector tile 25,23 feature 6 base 9101 offset 3->3 sprite 9104 absent false
[2026-10-03 17:05:22] dbg: [driver:1] OpenTT3D: retained river selector tile 25,23 feature 6 base 9101 offset 8->8 sprite 9109 absent false
[2026-10-03 17:05:22] dbg: [driver:1] OpenTT3D: retained river selector tile 25,23 feature 6 base 9101 offset 6->6 sprite 9107 absent false
[2026-10-03 17:05:22] dbg: [driver:1] OpenTT3D: live projected tree 1800 stage 5 captured at 53,23
[2026-10-03 17:05:22] dbg: [driver:1] OpenTT3D: live projected tree 1800 stage 6 captured at 54,23
[2026-10-03 17:05:22] dbg: [driver:1] OpenTT3D: retained river selector tile 55,23 feature 5 base 8441 offset 0->0 sprite 8441 absent false
[2026-10-03 17:05:22] dbg: [driver:1] OpenTT3D: retained river selector tile 55,23 feature 6 base 9221 offset 0->0 sprite 9221 absent false
[2026-10-03 17:05:22] dbg: [driver:1] OpenTT3D: retained river selector tile 55,23 feature 6 base 9221 offset 2->2 sprite 9223 absent false
[2026-10-03 17:05:22] dbg: [driver:1] OpenTT3D: retained river selector tile 19,24 feature 5 base 8436 offset 0->0 sprite 8436 absent false
[2026-10-03 17:05:22] dbg: [driver:1] OpenTT3D: retained river selector tile 19,24 feature 6 base 8801 offset 0->0 sprite 8801 absent false
[2026-10-03 17:05:22] dbg: [driver:1] OpenTT3D: retained river selector tile 19,24 feature 6 base 8801 offset 2->2 sprite 8803 absent false
[2026-10-03 17:05:22] dbg: [driver:1] OpenTT3D: retained river selector tile 25,24 feature 5 base 8476 offset 0->0 sprite 8476 absent false
[2026-10-03 17:05:22] dbg: [driver:1] OpenTT3D: retained river selector tile 25,24 feature 6 base 9101 offset 0->0 sprite 9101 absent false
[2026-10-03 17:05:22] dbg: [driver:1] OpenTT3D: retained river selector tile 25,24 feature 6 base 9101 offset 1->1 sprite 9102 absent false
[2026-10-03 17:05:22] dbg: [driver:1] OpenTT3D: retained river selector tile 25,24 feature 6 base 9101 offset 4->4 sprite 9105 absent false
[2026-10-03 17:05:22] dbg: [driver:1] OpenTT3D: retained river selector tile 25,24 feature 6 base 9101 offset 10->10 sprite 9111 absent false
[2026-10-03 17:05:22] dbg: [driver:1] OpenTT3D: retained river selector tile 26,24 feature 5 base 8456 offset 0->0 sprite 8456 absent false
[2026-10-03 17:05:22] dbg: [driver:1] OpenTT3D: retained river selector tile 26,24 feature 6 base 9101 offset 1->1 sprite 9102 absent false
[2026-10-03 17:05:22] dbg: [driver:1] OpenTT3D: retained river selector tile 26,24 feature 6 base 9101 offset 2->2 sprite 9103 absent false
[2026-10-03 17:05:22] dbg: [driver:1] OpenTT3D: retained river selector tile 26,24 feature 6 base 9101 offset 3->3 sprite 9104 absent false
[2026-10-03 17:05:22] dbg: [driver:1] OpenTT3D: retained river selector tile 26,24 feature 6 base 9101 offset 5->5 sprite 9106 absent false
[2026-10-03 17:05:22] dbg: [driver:1] OpenTT3D: retained river selector tile 26,24 feature 6 base 9101 offset 6->6 sprite 9107 absent false
[2026-10-03 17:05:22] dbg: [driver:1] OpenTT3D: retained river selector tile 55,24 feature 5 base 8421 offset 4->4 sprite 8425 absent false
[2026-10-03 17:05:22] dbg: [driver:1] OpenTT3D: retained live water source tile 55,24 role ground sprite 8425 at original height 24
[2026-10-03 17:05:22] dbg: [driver:1] OpenTT3D: retained river selector tile 55,24 feature 6 base 9161 offset 48->48 sprite 9209 absent false
[2026-10-03 17:05:22] dbg: [driver:1] OpenTT3D: retained live water source tile 55,24 role ground sprite 9209 at original height 24
[2026-10-03 17:05:22] dbg: [driver:1] OpenTT3D: retained river selector tile 55,24 feature 6 base 9161 offset 50->50 sprite 9211 absent false
[2026-10-03 17:05:22] dbg: [driver:1] OpenTT3D: retained live water source tile 55,24 role ground sprite 9211 at original height 24
[2026-10-03 17:05:22] dbg: [driver:1] OpenTT3D: retained river selector tile 10,25 feature 5 base 8436 offset 0->0 sprite 8436 absent false
[2026-10-03 17:05:22] dbg: [driver:1] OpenTT3D: retained river selector tile 10,25 feature 6 base 8801 offset 0->0 sprite 8801 absent false
[2026-10-03 17:05:22] dbg: [driver:1] OpenTT3D: retained river selector tile 10,25 feature 6 base 8801 offset 3->3 sprite 8804 absent false
[2026-10-03 17:05:22] dbg: [driver:1] OpenTT3D: retained river selector tile 10,25 feature 6 base 8801 offset 9->9 sprite 8810 absent false
[2026-10-03 17:05:22] dbg: [driver:1] OpenTT3D: retained river selector tile 10,25 feature 6 base 8801 offset 7->7 sprite 8808 absent false
[2026-10-03 17:05:22] dbg: [driver:1] OpenTT3D: retained river selector tile 11,25 feature 5 base 8481 offset 0->0 sprite 8481 absent false
[2026-10-03 17:05:22] dbg: [driver:1] OpenTT3D: retained river selector tile 11,25 feature 6 base 8801 offset 1->1 sprite 8802 absent false
[2026-10-03 17:05:22] dbg: [driver:1] OpenTT3D: retained river selector tile 11,25 feature 6 base 8801 offset 3->3 sprite 8804 absent false
[2026-10-03 17:05:22] dbg: [driver:1] OpenTT3D: retained river selector tile 12,25 feature 5 base 8421 offset 0->0 sprite 8421 absent false
[2026-10-03 17:05:22] dbg: [driver:1] OpenTT3D: retained river selector tile 12,25 feature 6 base 8801 offset 1->1 sprite 8802 absent false
[2026-10-03 17:05:22] dbg: [driver:1] OpenTT3D: retained river selector tile 12,25 feature 6 base 8801 offset 3->3 sprite 8804 absent false
[2026-10-03 17:05:22] dbg: [driver:1] OpenTT3D: retained river selector tile 13,25 feature 5 base 8476 offset 0->0 sprite 8476 absent false
[2026-10-03 17:05:22] dbg: [driver:1] OpenTT3D: retained river selector tile 13,25 feature 6 base 8801 offset 1->1 sprite 8802 absent false
[2026-10-03 17:05:22] dbg: [driver:1] OpenTT3D: retained river selector tile 13,25 feature 6 base 8801 offset 3->3 sprite 8804 absent false
[2026-10-03 17:05:22] dbg: [driver:1] OpenTT3D: retained river selector tile 14,25 feature 5 base 8441 offset 0->0 sprite 8441 absent false
[2026-10-03 17:05:22] dbg: [driver:1] OpenTT3D: retained river selector tile 14,25 feature 6 base 8801 offset 1->1 sprite 8802 absent false
[2026-10-03 17:05:22] dbg: [driver:1] OpenTT3D: retained river selector tile 14,25 feature 6 base 8801 offset 3->3 sprite 8804 absent false
[2026-10-03 17:05:22] dbg: [driver:1] OpenTT3D: retained river selector tile 15,25 feature 5 base 8446 offset 0->0 sprite 8446 absent false
[2026-10-03 17:05:22] dbg: [driver:1] OpenTT3D: retained river selector tile 15,25 feature 6 base 8801 offset 1->1 sprite 8802 absent false
[2026-10-03 17:05:22] dbg: [driver:1] OpenTT3D: retained river selector tile 15,25 feature 6 base 8801 offset 3->3 sprite 8804 absent false
[2026-10-03 17:05:22] dbg: [driver:1] OpenTT3D: retained river selector tile 16,25 feature 5 base 8451 offset 0->0 sprite 8451 absent false
[2026-10-03 17:05:22] dbg: [driver:1] OpenTT3D: retained river selector tile 16,25 feature 6 base 8801 offset 1->1 sprite 8802 absent false
[2026-10-03 17:05:22] dbg: [driver:1] OpenTT3D: retained river selector tile 16,25 feature 6 base 8801 offset 3->3 sprite 8804 absent false
[2026-10-03 17:05:22] dbg: [driver:1] OpenTT3D: retained river selector tile 17,25 feature 5 base 8486 offset 0->0 sprite 8486 absent false
[2026-10-03 17:05:22] dbg: [driver:1] OpenTT3D: retained river selector tile 17,25 feature 6 base 8801 offset 1->1 sprite 8802 absent false
[2026-10-03 17:05:22] dbg: [driver:1] OpenTT3D: retained river selector tile 17,25 feature 6 base 8801 offset 3->3 sprite 8804 absent false
[2026-10-03 17:05:22] dbg: [driver:1] OpenTT3D: retained river selector tile 18,25 feature 5 base 8451 offset 0->0 sprite 8451 absent false
[2026-10-03 17:05:22] dbg: [driver:1] OpenTT3D: retained river selector tile 18,25 feature 6 base 8801 offset 1->1 sprite 8802 absent false
[2026-10-03 17:05:22] dbg: [driver:1] OpenTT3D: retained river selector tile 18,25 feature 6 base 8801 offset 3->3 sprite 8804 absent false
[2026-10-03 17:05:22] dbg: [driver:1] OpenTT3D: retained river selector tile 19,25 feature 5 base 8496 offset 0->0 sprite 8496 absent false
[2026-10-03 17:05:22] dbg: [driver:1] OpenTT3D: retained river selector tile 19,25 feature 6 base 8801 offset 1->1 sprite 8802 absent false
[2026-10-03 17:05:22] dbg: [driver:1] OpenTT3D: retained river selector tile 19,25 feature 6 base 8801 offset 2->2 sprite 8803 absent false
[2026-10-03 17:05:22] dbg: [driver:1] OpenTT3D: retained river selector tile 19,25 feature 6 base 8801 offset 5->5 sprite 8806 absent false
[2026-10-03 17:05:22] dbg: [driver:1] OpenTT3D: retained river selector tile 19,25 feature 6 base 8801 offset 11->11 sprite 8812 absent false
[2026-10-03 17:05:22] dbg: [driver:1] OpenTT3D: retained river selector tile 55,25 feature 5 base 8481 offset 0->0 sprite 8481 absent false
[2026-10-03 17:05:22] dbg: [driver:1] OpenTT3D: retained river selector tile 55,25 feature 6 base 9161 offset 0->0 sprite 9161 absent false
[2026-10-03 17:05:22] dbg: [driver:1] OpenTT3D: retained river selector tile 55,25 feature 6 base 9161 offset 2->2 sprite 9163 absent false
[2026-10-03 17:05:22] dbg: [driver:1] OpenTT3D: retained river selector tile 10,26 feature 5 base 8441 offset 0->0 sprite 8441 absent false
[2026-10-03 17:05:22] dbg: [driver:1] OpenTT3D: retained river selector tile 10,26 feature 6 base 8801 offset 0->0 sprite 8801 absent false
[2026-10-03 17:05:22] dbg: [driver:1] OpenTT3D: retained river selector tile 10,26 feature 6 base 8801 offset 2->2 sprite 8803 absent false
[2026-10-03 17:05:22] dbg: [driver:1] OpenTT3D: retained river selector tile 45,26 feature 5 base 8436 offset 0->0 sprite 8436 absent false
[2026-10-03 17:05:22] dbg: [driver:1] OpenTT3D: retained river selector tile 45,26 feature 6 base 9161 offset 0->0 sprite 9161 absent false
[2026-10-03 17:05:22] dbg: [driver:1] OpenTT3D: retained river selector tile 45,26 feature 6 base 9161 offset 2->2 sprite 9163 absent false
[2026-10-03 17:05:22] dbg: [driver:1] OpenTT3D: retained river selector tile 45,26 feature 6 base 9161 offset 3->3 sprite 9164 absent false
[2026-10-03 17:05:22] dbg: [driver:1] OpenTT3D: retained river selector tile 45,26 feature 6 base 9161 offset 6->6 sprite 9167 absent false
[2026-10-03 17:05:22] dbg: [driver:1] OpenTT3D: retained river selector tile 45,26 feature 6 base 9161 offset 7->7 sprite 9168 absent false
[2026-10-03 17:05:22] dbg: [driver:1] OpenTT3D: retained river selector tile 55,26 feature 5 base 8431 offset 4->4 sprite 8435 absent false
[2026-10-03 17:05:22] dbg: [driver:1] OpenTT3D: retained live water source tile 55,26 role ground sprite 8435 at original height 16
[2026-10-03 17:05:22] dbg: [driver:1] OpenTT3D: retained river selector tile 55,26 feature 6 base 9101 offset 48->48 sprite 9149 absent false
[2026-10-03 17:05:22] dbg: [driver:1] OpenTT3D: retained live water source tile 55,26 role ground sprite 9149 at original height 16
[2026-10-03 17:05:22] dbg: [driver:1] OpenTT3D: retained river selector tile 55,26 feature 6 base 9101 offset 50->50 sprite 9151 absent false
[2026-10-03 17:05:22] dbg: [driver:1] OpenTT3D: retained live water source tile 55,26 role ground sprite 9151 at original height 16
[2026-10-03 17:05:22] dbg: [driver:1] OpenTT3D: retained river selector tile 9,27 feature 5 base 8486 offset 0->0 sprite 8486 absent false
[2026-10-03 17:05:22] dbg: [driver:1] OpenTT3D: retained river selector tile 9,27 feature 6 base 8801 offset 0->0 sprite 8801 absent false
[2026-10-03 17:05:22] dbg: [driver:1] OpenTT3D: retained river selector tile 9,27 feature 6 base 8801 offset 3->3 sprite 8804 absent false
[2026-10-03 17:05:22] dbg: [driver:1] OpenTT3D: retained river selector tile 9,27 feature 6 base 8801 offset 7->7 sprite 8808 absent false
[2026-10-03 17:05:22] dbg: [driver:1] OpenTT3D: retained river selector tile 10,27 feature 5 base 8471 offset 0->0 sprite 8471 absent false
[2026-10-03 17:05:22] dbg: [driver:1] OpenTT3D: retained river selector tile 10,27 feature 6 base 8801 offset 2->2 sprite 8803 absent false
[2026-10-03 17:05:22] dbg: [driver:1] OpenTT3D: retained river selector tile 10,27 feature 6 base 8801 offset 11->11 sprite 8812 absent false
[2026-10-03 17:05:22] dbg: [driver:1] OpenTT3D: retained river selector tile 45,27 feature 5 base 8471 offset 4->4 sprite 8475 absent false
[2026-10-03 17:05:22] dbg: [driver:1] OpenTT3D: retained live water source tile 45,27 role ground sprite 8475 at original height 16
[2026-10-03 17:05:22] dbg: [driver:1] OpenTT3D: retained river selector tile 45,27 feature 6 base 9101 offset 48->48 sprite 9149 absent false
[2026-10-03 17:05:22] dbg: [driver:1] OpenTT3D: retained live water source tile 45,27 role ground sprite 9149 at original height 16
[2026-10-03 17:05:22] dbg: [driver:1] OpenTT3D: retained river selector tile 45,27 feature 6 base 9101 offset 50->50 sprite 9151 absent false
[2026-10-03 17:05:22] dbg: [driver:1] OpenTT3D: retained live water source tile 45,27 role ground sprite 9151 at original height 16
[2026-10-03 17:05:22] dbg: [driver:1] OpenTT3D: retained river selector tile 55,27 feature 5 base 8426 offset 0->0 sprite 8426 absent false
[2026-10-03 17:05:22] dbg: [driver:1] OpenTT3D: retained river selector tile 55,27 feature 6 base 9101 offset 0->0 sprite 9101 absent false
[2026-10-03 17:05:22] dbg: [driver:1] OpenTT3D: retained river selector tile 55,27 feature 6 base 9101 offset 2->2 sprite 9103 absent false
[2026-10-03 17:05:22] dbg: [driver:1] OpenTT3D: retained river selector tile 9,28 feature 5 base 8486 offset 0->0 sprite 8486 absent false
[2026-10-03 17:05:22] dbg: [driver:1] OpenTT3D: retained river selector tile 9,28 feature 6 base 8801 offset 0->0 sprite 8801 absent false
[2026-10-03 17:05:22] dbg: [driver:1] OpenTT3D: retained river selector tile 10,28 feature 5 base 8441 offset 0->0 sprite 8441 absent false
[2026-10-03 17:05:22] dbg: [driver:1] OpenTT3D: retained river selector tile 10,28 feature 6 base 8801 offset 2->2 sprite 8803 absent false
[2026-10-03 17:05:22] dbg: [driver:1] OpenTT3D: retained river selector tile 9,29 feature 5 base 8491 offset 4->4 sprite 8495 absent false
[2026-10-03 17:05:22] dbg: [driver:1] OpenTT3D: retained live water source tile 9,29 role ground sprite 8495 at original height 0
[2026-10-03 17:05:22] dbg: [driver:1] OpenTT3D: retained river selector tile 9,29 feature 6 base 8741 offset 48->48 sprite 8789 absent false
[2026-10-03 17:05:22] dbg: [driver:1] OpenTT3D: retained live water source tile 9,29 role ground sprite 8789 at original height 0
[2026-10-03 17:05:22] dbg: [driver:1] OpenTT3D: retained river selector tile 10,29 feature 5 base 8456 offset 4->4 sprite 8460 absent false
[2026-10-03 17:05:22] dbg: [driver:1] OpenTT3D: retained live water source tile 10,29 role ground sprite 8460 at original height 0
[2026-10-03 17:05:23] dbg: [driver:1] OpenTT3D: retained river selector tile 10,29 feature 6 base 8741 offset 50->50 sprite 8791 absent false
[2026-10-03 17:05:23] dbg: [driver:1] OpenTT3D: retained live water source tile 10,29 role ground sprite 8791 at original height 0
[2026-10-03 17:05:23] dbg: [driver:1] OpenTT3D: retained river selector tile 43,32 feature 5 base 8471 offset 0->0 sprite 8471 absent false
[2026-10-03 17:05:23] dbg: [driver:1] OpenTT3D: retained river selector tile 43,32 feature 6 base 8801 offset 0->0 sprite 8801 absent false
[2026-10-03 17:05:23] dbg: [driver:1] OpenTT3D: retained river selector tile 43,32 feature 6 base 8801 offset 3->3 sprite 8804 absent false
[2026-10-03 17:05:23] dbg: [driver:1] OpenTT3D: retained river selector tile 43,32 feature 6 base 8801 offset 9->9 sprite 8810 absent false
[2026-10-03 17:05:23] dbg: [driver:1] OpenTT3D: retained river selector tile 43,32 feature 6 base 8801 offset 7->7 sprite 8808 absent false
[2026-10-03 17:05:23] dbg: [driver:1] OpenTT3D: retained river selector tile 43,33 feature 5 base 8421 offset 0->0 sprite 8421 absent false
[2026-10-03 17:05:23] dbg: [driver:1] OpenTT3D: retained river selector tile 43,33 feature 6 base 8801 offset 0->0 sprite 8801 absent false
[2026-10-03 17:05:23] dbg: [driver:1] OpenTT3D: retained river selector tile 43,33 feature 6 base 8801 offset 2->2 sprite 8803 absent false
[2026-10-03 17:05:23] dbg: [driver:1] OpenTT3D: retained river selector tile 43,34 feature 5 base 8451 offset 0->0 sprite 8451 absent false
[2026-10-03 17:05:23] dbg: [driver:1] OpenTT3D: retained river selector tile 43,34 feature 6 base 8801 offset 0->0 sprite 8801 absent false
[2026-10-03 17:05:23] dbg: [driver:1] OpenTT3D: retained river selector tile 43,34 feature 6 base 8801 offset 2->2 sprite 8803 absent false
[2026-10-03 17:05:23] dbg: [driver:1] OpenTT3D: live projected tree 1814 stage 1 captured at 74,39
[2026-10-03 17:05:23] dbg: [driver:1] OpenTT3D: live projected tree 1800 stage 4 captured at 122,42
[2026-10-03 17:05:23] dbg: [driver:1] OpenTT3D: live projected tree 1779 stage 1 captured at 64,43
[2026-10-03 17:05:23] dbg: [driver:1] OpenTT3D: live projected tree 1807 stage 4 captured at 67,43
[2026-10-03 17:05:23] dbg: [driver:1] OpenTT3D: live projected tree 1807 stage 6 captured at 66,44
[2026-10-03 17:05:23] dbg: [driver:1] OpenTT3D: live projected tree 1793 stage 1 captured at 63,45
[2026-10-03 17:05:23] dbg: [driver:1] OpenTT3D: live projected tree 1800 stage 0 captured at 67,45
[2026-10-03 17:05:23] dbg: [driver:1] OpenTT3D: live projected tree 1786 stage 2 captured at 68,45
[2026-10-03 17:05:23] dbg: [driver:1] OpenTT3D: live projected tree 1765 stage 6 captured at 69,45
[2026-10-03 17:05:23] dbg: [driver:1] OpenTT3D: live projected tree 1772 stage 6 captured at 70,45
[2026-10-03 17:05:23] dbg: [driver:1] OpenTT3D: live projected tree 1779 stage 6 captured at 65,46
[2026-10-03 17:05:23] dbg: [driver:1] OpenTT3D: live projected tree 1807 stage 1 captured at 67,46
[2026-10-03 17:05:23] dbg: [driver:1] OpenTT3D: live projected tree 1772 stage 0 captured at 69,46
[2026-10-03 17:05:23] dbg: [driver:1] OpenTT3D: live projected tree 1765 stage 4 captured at 70,46
[2026-10-03 17:05:23] dbg: [driver:1] OpenTT3D: live projected tree 1807 stage 5 captured at 62,47
[2026-10-03 17:05:23] dbg: [driver:1] OpenTT3D: live projected tree 1814 stage 2 captured at 63,47
[2026-10-03 17:05:23] dbg: [driver:1] OpenTT3D: live projected tree 1779 stage 5 captured at 64,47
[2026-10-03 17:05:23] dbg: [driver:1] OpenTT3D: live projected tree 1765 stage 2 captured at 63,48
[2026-10-03 17:05:23] dbg: [driver:1] OpenTT3D: live projected tree 1800 stage 2 captured at 68,48
[2026-10-03 17:05:23] dbg: [driver:1] OpenTT3D: retained river selector tile 94,48 feature 5 base 8436 offset 0->0 sprite 8436 absent false
[2026-10-03 17:05:23] dbg: [driver:1] OpenTT3D: retained river selector tile 94,48 feature 6 base 8801 offset 3->3 sprite 8804 absent false
[2026-10-03 17:05:23] dbg: [driver:1] OpenTT3D: retained river selector tile 95,48 feature 5 base 8496 offset 0->0 sprite 8496 absent false
[2026-10-03 17:05:23] dbg: [driver:1] OpenTT3D: retained river selector tile 95,48 feature 6 base 8801 offset 2->2 sprite 8803 absent false
[2026-10-03 17:05:23] dbg: [driver:1] OpenTT3D: retained river selector tile 95,48 feature 6 base 8801 offset 3->3 sprite 8804 absent false
[2026-10-03 17:05:23] dbg: [driver:1] OpenTT3D: retained river selector tile 95,48 feature 6 base 8801 offset 6->6 sprite 8807 absent false
[2026-10-03 17:05:23] dbg: [driver:1] OpenTT3D: retained river selector tile 94,49 feature 5 base 8451 offset 0->0 sprite 8451 absent false
[2026-10-03 17:05:23] dbg: [driver:1] OpenTT3D: retained river selector tile 94,49 feature 6 base 8801 offset 8->8 sprite 8809 absent false
[2026-10-03 17:05:23] dbg: [driver:1] OpenTT3D: retained river selector tile 95,49 feature 5 base 8486 offset 0->0 sprite 8486 absent false
[2026-10-03 17:05:23] dbg: [driver:1] OpenTT3D: retained river selector tile 95,49 feature 6 base 8801 offset 10->10 sprite 8811 absent false
[2026-10-03 17:05:23] dbg: [driver:1] OpenTT3D: retained river selector tile 96,49 feature 5 base 8421 offset 0->0 sprite 8421 absent false
[2026-10-03 17:05:23] dbg: [driver:1] OpenTT3D: retained river selector tile 96,49 feature 6 base 8801 offset 3->3 sprite 8804 absent false
[2026-10-03 17:05:23] dbg: [driver:1] OpenTT3D: retained river selector tile 97,49 feature 5 base 8431 offset 0->0 sprite 8431 absent false
[2026-10-03 17:05:23] dbg: [driver:1] OpenTT3D: retained river selector tile 97,49 feature 6 base 8801 offset 2->2 sprite 8803 absent false
[2026-10-03 17:05:23] dbg: [driver:1] OpenTT3D: retained river selector tile 97,49 feature 6 base 8801 offset 3->3 sprite 8804 absent false
[2026-10-03 17:05:23] dbg: [driver:1] OpenTT3D: retained river selector tile 97,49 feature 6 base 8801 offset 6->6 sprite 8807 absent false
[2026-10-03 17:05:23] dbg: [driver:1] OpenTT3D: live projected tree 1814 stage 4 captured at 60,50
[2026-10-03 17:05:23] dbg: [driver:1] OpenTT3D: live projected tree 1765 stage 5 captured at 66,50
[2026-10-03 17:05:23] dbg: [driver:1] OpenTT3D: live projected tree 1779 stage 4 captured at 67,50
[2026-10-03 17:05:23] dbg: [driver:1] OpenTT3D: retained river selector tile 94,50 feature 5 base 8476 offset 0->0 sprite 8476 absent false
[2026-10-03 17:05:23] dbg: [driver:1] OpenTT3D: retained river selector tile 94,50 feature 6 base 8801 offset 0->0 sprite 8801 absent false
[2026-10-03 17:05:23] dbg: [driver:1] OpenTT3D: retained river selector tile 94,50 feature 6 base 8801 offset 1->1 sprite 8802 absent false
[2026-10-03 17:05:23] dbg: [driver:1] OpenTT3D: retained river selector tile 94,50 feature 6 base 8801 offset 4->4 sprite 8805 absent false
[2026-10-03 17:05:23] dbg: [driver:1] OpenTT3D: retained river selector tile 95,50 feature 5 base 8466 offset 0->0 sprite 8466 absent false
[2026-10-03 17:05:23] dbg: [driver:1] OpenTT3D: retained river selector tile 95,50 feature 6 base 8801 offset 1->1 sprite 8802 absent false
[2026-10-03 17:05:23] dbg: [driver:1] OpenTT3D: retained river selector tile 96,50 feature 5 base 8486 offset 0->0 sprite 8486 absent false
[2026-10-03 17:05:23] dbg: [driver:1] OpenTT3D: retained river selector tile 96,50 feature 6 base 8801 offset 8->8 sprite 8809 absent false
[2026-10-03 17:05:23] dbg: [driver:1] OpenTT3D: retained river selector tile 97,50 feature 5 base 8476 offset 0->0 sprite 8476 absent false
[2026-10-03 17:05:23] dbg: [driver:1] OpenTT3D: retained river selector tile 97,50 feature 6 base 8801 offset 2->2 sprite 8803 absent false
[2026-10-03 17:05:23] dbg: [driver:1] OpenTT3D: retained river selector tile 96,51 feature 5 base 8451 offset 0->0 sprite 8451 absent false
[2026-10-03 17:05:23] dbg: [driver:1] OpenTT3D: retained river selector tile 96,51 feature 6 base 8801 offset 0->0 sprite 8801 absent false
[2026-10-03 17:05:23] dbg: [driver:1] OpenTT3D: retained river selector tile 97,51 feature 5 base 8461 offset 0->0 sprite 8461 absent false
[2026-10-03 17:05:23] dbg: [driver:1] OpenTT3D: retained river selector tile 97,51 feature 6 base 8801 offset 2->2 sprite 8803 absent false
[2026-10-03 17:05:23] dbg: [driver:1] OpenTT3D: retained river selector tile 96,52 feature 5 base 8461 offset 0->0 sprite 8461 absent false
[2026-10-03 17:05:23] dbg: [driver:1] OpenTT3D: retained river selector tile 96,52 feature 6 base 8801 offset 0->0 sprite 8801 absent false
[2026-10-03 17:05:23] dbg: [driver:1] OpenTT3D: retained river selector tile 97,52 feature 5 base 8481 offset 0->0 sprite 8481 absent false
[2026-10-03 17:05:23] dbg: [driver:1] OpenTT3D: retained river selector tile 97,52 feature 6 base 8801 offset 10->10 sprite 8811 absent false
[2026-10-03 17:05:23] dbg: [driver:1] OpenTT3D: retained river selector tile 98,52 feature 5 base 8471 offset 0->0 sprite 8471 absent false
[2026-10-03 17:05:23] dbg: [driver:1] OpenTT3D: retained river selector tile 98,52 feature 6 base 8801 offset 2->2 sprite 8803 absent false
[2026-10-03 17:05:23] dbg: [driver:1] OpenTT3D: retained river selector tile 98,52 feature 6 base 8801 offset 3->3 sprite 8804 absent false
[2026-10-03 17:05:23] dbg: [driver:1] OpenTT3D: retained river selector tile 98,52 feature 6 base 8801 offset 6->6 sprite 8807 absent false
[2026-10-03 17:05:23] dbg: [driver:1] OpenTT3D: live projected tree 1786 stage 5 captured at 70,53
[2026-10-03 17:05:23] dbg: [driver:1] OpenTT3D: retained river selector tile 96,53 feature 5 base 8496 offset 0->0 sprite 8496 absent false
[2026-10-03 17:05:23] dbg: [driver:1] OpenTT3D: retained river selector tile 96,53 feature 6 base 8801 offset 0->0 sprite 8801 absent false
[2026-10-03 17:05:23] dbg: [driver:1] OpenTT3D: retained river selector tile 96,53 feature 6 base 8801 offset 1->1 sprite 8802 absent false
[2026-10-03 17:05:23] dbg: [driver:1] OpenTT3D: retained river selector tile 96,53 feature 6 base 8801 offset 4->4 sprite 8805 absent false
[2026-10-03 17:05:23] dbg: [driver:1] OpenTT3D: retained river selector tile 97,53 feature 5 base 8441 offset 0->0 sprite 8441 absent false
[2026-10-03 17:05:23] dbg: [driver:1] OpenTT3D: retained river selector tile 97,53 feature 6 base 8801 offset 1->1 sprite 8802 absent false
[2026-10-03 17:05:23] dbg: [driver:1] OpenTT3D: retained river selector tile 98,53 feature 5 base 8461 offset 0->0 sprite 8461 absent false
[2026-10-03 17:05:23] dbg: [driver:1] OpenTT3D: retained river selector tile 98,53 feature 6 base 8801 offset 8->8 sprite 8809 absent false
[2026-10-03 17:05:23] dbg: [driver:1] OpenTT3D: retained river selector tile 98,53 feature 6 base 8801 offset 10->10 sprite 8811 absent false
[2026-10-03 17:05:23] dbg: [driver:1] OpenTT3D: retained river selector tile 99,53 feature 5 base 8431 offset 0->0 sprite 8431 absent false
[2026-10-03 17:05:23] dbg: [driver:1] OpenTT3D: retained river selector tile 99,53 feature 6 base 8801 offset 3->3 sprite 8804 absent false
[2026-10-03 17:05:23] dbg: [driver:1] OpenTT3D: retained river selector tile 100,53 feature 5 base 8436 offset 0->0 sprite 8436 absent false
[2026-10-03 17:05:23] dbg: [driver:1] OpenTT3D: retained river selector tile 100,53 feature 6 base 8801 offset 2->2 sprite 8803 absent false
[2026-10-03 17:05:23] dbg: [driver:1] OpenTT3D: retained river selector tile 100,53 feature 6 base 8801 offset 3->3 sprite 8804 absent false
[2026-10-03 17:05:23] dbg: [driver:1] OpenTT3D: retained river selector tile 100,53 feature 6 base 8801 offset 6->6 sprite 8807 absent false
[2026-10-03 17:05:23] dbg: [driver:1] OpenTT3D: live projected tree 1807 stage 0 captured at 70,54
[2026-10-03 17:05:23] dbg: [driver:1] OpenTT3D: retained river selector tile 98,54 feature 5 base 8461 offset 0->0 sprite 8461 absent false
[2026-10-03 17:05:23] dbg: [driver:1] OpenTT3D: retained river selector tile 98,54 feature 6 base 8801 offset 0->0 sprite 8801 absent false
[2026-10-03 17:05:23] dbg: [driver:1] OpenTT3D: retained river selector tile 98,54 feature 6 base 8801 offset 1->1 sprite 8802 absent false
[2026-10-03 17:05:23] dbg: [driver:1] OpenTT3D: retained river selector tile 98,54 feature 6 base 8801 offset 4->4 sprite 8805 absent false
[2026-10-03 17:05:23] dbg: [driver:1] OpenTT3D: retained river selector tile 99,54 feature 5 base 8451 offset 0->0 sprite 8451 absent false
[2026-10-03 17:05:23] dbg: [driver:1] OpenTT3D: retained river selector tile 99,54 feature 6 base 8801 offset 8->8 sprite 8809 absent false
[2026-10-03 17:05:23] dbg: [driver:1] OpenTT3D: retained river selector tile 100,54 feature 5 base 8481 offset 0->0 sprite 8481 absent false
[2026-10-03 17:05:23] dbg: [driver:1] OpenTT3D: retained river selector tile 100,54 feature 6 base 8801 offset 10->10 sprite 8811 absent false
[2026-10-03 17:05:23] dbg: [driver:1] OpenTT3D: retained river selector tile 101,54 feature 5 base 8456 offset 0->0 sprite 8456 absent false
[2026-10-03 17:05:23] dbg: [driver:1] OpenTT3D: retained river selector tile 101,54 feature 6 base 8801 offset 3->3 sprite 8804 absent false
[2026-10-03 17:05:23] dbg: [driver:1] OpenTT3D: retained river selector tile 102,54 feature 5 base 8421 offset 0->0 sprite 8421 absent false
[2026-10-03 17:05:23] dbg: [driver:1] OpenTT3D: retained river selector tile 102,54 feature 6 base 8801 offset 2->2 sprite 8803 absent false
[2026-10-03 17:05:23] dbg: [driver:1] OpenTT3D: retained river selector tile 102,54 feature 6 base 8801 offset 3->3 sprite 8804 absent false
[2026-10-03 17:05:23] dbg: [driver:1] OpenTT3D: retained river selector tile 102,54 feature 6 base 8801 offset 6->6 sprite 8807 absent false
[2026-10-03 17:05:23] dbg: [driver:1] OpenTT3D: retained river selector tile 99,55 feature 5 base 8476 offset 0->0 sprite 8476 absent false
[2026-10-03 17:05:23] dbg: [driver:1] OpenTT3D: retained river selector tile 99,55 feature 6 base 8801 offset 0->0 sprite 8801 absent false
[2026-10-03 17:05:23] dbg: [driver:1] OpenTT3D: retained river selector tile 99,55 feature 6 base 8801 offset 1->1 sprite 8802 absent false
[2026-10-03 17:05:23] dbg: [driver:1] OpenTT3D: retained river selector tile 99,55 feature 6 base 8801 offset 4->4 sprite 8805 absent false
[2026-10-03 17:05:23] dbg: [driver:1] OpenTT3D: retained river selector tile 100,55 feature 5 base 8486 offset 0->0 sprite 8486 absent false
[2026-10-03 17:05:23] dbg: [driver:1] OpenTT3D: retained river selector tile 100,55 feature 6 base 8801 offset 1->1 sprite 8802 absent false
[2026-10-03 17:05:23] dbg: [driver:1] OpenTT3D: retained river selector tile 101,55 feature 5 base 8491 offset 0->0 sprite 8491 absent false
[2026-10-03 17:05:23] dbg: [driver:1] OpenTT3D: retained river selector tile 101,55 feature 6 base 8801 offset 8->8 sprite 8809 absent false
[2026-10-03 17:05:23] dbg: [driver:1] OpenTT3D: retained river selector tile 102,55 feature 5 base 8431 offset 0->0 sprite 8431 absent false
[2026-10-03 17:05:23] dbg: [driver:1] OpenTT3D: retained river selector tile 102,55 feature 6 base 8801 offset 10->10 sprite 8811 absent false
[2026-10-03 17:05:23] dbg: [driver:1] OpenTT3D: retained river selector tile 103,55 feature 5 base 8481 offset 0->0 sprite 8481 absent false
[2026-10-03 17:05:23] dbg: [driver:1] OpenTT3D: retained river selector tile 103,55 feature 6 base 8801 offset 2->2 sprite 8803 absent false
[2026-10-03 17:05:23] dbg: [driver:1] OpenTT3D: retained river selector tile 103,55 feature 6 base 8801 offset 3->3 sprite 8804 absent false
[2026-10-03 17:05:23] dbg: [driver:1] OpenTT3D: retained river selector tile 103,55 feature 6 base 8801 offset 6->6 sprite 8807 absent false
[2026-10-03 17:05:23] dbg: [driver:1] OpenTT3D: live projected tree 1807 stage 2 captured at 74,56
[2026-10-03 17:05:23] dbg: [driver:1] OpenTT3D: retained river selector tile 101,56 feature 5 base 8496 offset 0->0 sprite 8496 absent false
[2026-10-03 17:05:23] dbg: [driver:1] OpenTT3D: retained river selector tile 101,56 feature 6 base 8801 offset 0->0 sprite 8801 absent false
[2026-10-03 17:05:23] dbg: [driver:1] OpenTT3D: retained river selector tile 101,56 feature 6 base 8801 offset 1->1 sprite 8802 absent false
[2026-10-03 17:05:23] dbg: [driver:1] OpenTT3D: retained river selector tile 101,56 feature 6 base 8801 offset 4->4 sprite 8805 absent false
[2026-10-03 17:05:23] dbg: [driver:1] OpenTT3D: retained river selector tile 102,56 feature 5 base 8461 offset 0->0 sprite 8461 absent false
[2026-10-03 17:05:23] dbg: [driver:1] OpenTT3D: retained river selector tile 102,56 feature 6 base 8801 offset 8->8 sprite 8809 absent false
[2026-10-03 17:05:23] dbg: [driver:1] OpenTT3D: retained river selector tile 103,56 feature 5 base 8481 offset 0->0 sprite 8481 absent false
[2026-10-03 17:05:23] dbg: [driver:1] OpenTT3D: retained river selector tile 103,56 feature 6 base 8801 offset 10->10 sprite 8811 absent false
[2026-10-03 17:05:23] dbg: [driver:1] OpenTT3D: retained river selector tile 104,56 feature 5 base 8486 offset 0->0 sprite 8486 absent false
[2026-10-03 17:05:23] dbg: [driver:1] OpenTT3D: retained river selector tile 104,56 feature 6 base 8801 offset 2->2 sprite 8803 absent false
[2026-10-03 17:05:23] dbg: [driver:1] OpenTT3D: retained river selector tile 104,56 feature 6 base 8801 offset 3->3 sprite 8804 absent false
[2026-10-03 17:05:23] dbg: [driver:1] OpenTT3D: retained river selector tile 104,56 feature 6 base 8801 offset 6->6 sprite 8807 absent false
[2026-10-03 17:05:23] dbg: [driver:1] OpenTT3D: live projected tree 1765 stage 0 captured at 61,57
[2026-10-03 17:05:23] dbg: [driver:1] OpenTT3D: live projected tree 1793 stage 5 captured at 69,57
[2026-10-03 17:05:23] dbg: [driver:1] OpenTT3D: live projected tree 1779 stage 2 captured at 70,57
[2026-10-03 17:05:23] dbg: [driver:1] OpenTT3D: live projected tree 1772 stage 4 captured at 80,57
[2026-10-03 17:05:23] dbg: [driver:1] OpenTT3D: live projected tree 1793 stage 4 captured at 82,57
[2026-10-03 17:05:23] dbg: [driver:1] OpenTT3D: retained river selector tile 102,57 feature 5 base 8481 offset 0->0 sprite 8481 absent false
[2026-10-03 17:05:23] dbg: [driver:1] OpenTT3D: retained river selector tile 102,57 feature 6 base 8801 offset 0->0 sprite 8801 absent false
[2026-10-03 17:05:23] dbg: [driver:1] OpenTT3D: retained river selector tile 102,57 feature 6 base 8801 offset 1->1 sprite 8802 absent false
[2026-10-03 17:05:23] dbg: [driver:1] OpenTT3D: retained river selector tile 102,57 feature 6 base 8801 offset 4->4 sprite 8805 absent false
[2026-10-03 17:05:23] dbg: [driver:1] OpenTT3D: retained river selector tile 103,57 feature 5 base 8436 offset 0->0 sprite 8436 absent false
[2026-10-03 17:05:23] dbg: [driver:1] OpenTT3D: retained river selector tile 103,57 feature 6 base 8801 offset 8->8 sprite 8809 absent false
[2026-10-03 17:05:23] dbg: [driver:1] OpenTT3D: retained river selector tile 104,57 feature 5 base 8496 offset 0->0 sprite 8496 absent false
[2026-10-03 17:05:23] dbg: [driver:1] OpenTT3D: retained river selector tile 104,57 feature 6 base 8801 offset 10->10 sprite 8811 absent false
[2026-10-03 17:05:23] dbg: [driver:1] OpenTT3D: retained river selector tile 105,57 feature 5 base 8466 offset 0->0 sprite 8466 absent false
[2026-10-03 17:05:23] dbg: [driver:1] OpenTT3D: retained river selector tile 105,57 feature 6 base 8801 offset 3->3 sprite 8804 absent false
[2026-10-03 17:05:23] dbg: [driver:1] OpenTT3D: retained river selector tile 106,57 feature 5 base 8441 offset 0->0 sprite 8441 absent false
[2026-10-03 17:05:23] dbg: [driver:1] OpenTT3D: retained river selector tile 106,57 feature 6 base 8801 offset 3->3 sprite 8804 absent false
[2026-10-03 17:05:23] dbg: [driver:1] OpenTT3D: retained river selector tile 107,57 feature 5 base 8486 offset 0->0 sprite 8486 absent false
[2026-10-03 17:05:24] dbg: [driver:1] OpenTT3D: retained river selector tile 107,57 feature 6 base 8801 offset 3->3 sprite 8804 absent false
[2026-10-03 17:05:24] dbg: [driver:1] OpenTT3D: retained river selector tile 108,57 feature 5 base 8431 offset 0->0 sprite 8431 absent false
[2026-10-03 17:05:24] dbg: [driver:1] OpenTT3D: retained river selector tile 108,57 feature 6 base 8801 offset 2->2 sprite 8803 absent false
[2026-10-03 17:05:24] dbg: [driver:1] OpenTT3D: retained river selector tile 108,57 feature 6 base 8801 offset 3->3 sprite 8804 absent false
[2026-10-03 17:05:24] dbg: [driver:1] OpenTT3D: retained river selector tile 108,57 feature 6 base 8801 offset 6->6 sprite 8807 absent false
[2026-10-03 17:05:24] dbg: [driver:1] OpenTT3D: live projected tree 1772 stage 5 captured at 79,58
[2026-10-03 17:05:24] dbg: [driver:1] OpenTT3D: retained river selector tile 103,58 feature 5 base 8446 offset 0->0 sprite 8446 absent false
[2026-10-03 17:05:24] dbg: [driver:1] OpenTT3D: retained river selector tile 103,58 feature 6 base 8801 offset 0->0 sprite 8801 absent false
[2026-10-03 17:05:24] dbg: [driver:1] OpenTT3D: retained river selector tile 103,58 feature 6 base 8801 offset 1->1 sprite 8802 absent false
[2026-10-03 17:05:24] dbg: [driver:1] OpenTT3D: retained river selector tile 103,58 feature 6 base 8801 offset 4->4 sprite 8805 absent false
[2026-10-03 17:05:24] dbg: [driver:1] OpenTT3D: retained river selector tile 104,58 feature 5 base 8496 offset 0->0 sprite 8496 absent false
[2026-10-03 17:05:24] dbg: [driver:1] OpenTT3D: retained river selector tile 104,58 feature 6 base 8801 offset 1->1 sprite 8802 absent false
[2026-10-03 17:05:24] dbg: [driver:1] OpenTT3D: retained river selector tile 105,58 feature 5 base 8476 offset 0->0 sprite 8476 absent false
[2026-10-03 17:05:24] dbg: [driver:1] OpenTT3D: retained river selector tile 105,58 feature 6 base 8801 offset 1->1 sprite 8802 absent false
[2026-10-03 17:05:24] dbg: [driver:1] OpenTT3D: retained river selector tile 106,58 feature 5 base 8461 offset 0->0 sprite 8461 absent false
[2026-10-03 17:05:24] dbg: [driver:1] OpenTT3D: retained river selector tile 106,58 feature 6 base 8801 offset 1->1 sprite 8802 absent false
[2026-10-03 17:05:24] dbg: [driver:1] OpenTT3D: retained river selector tile 107,58 feature 5 base 8421 offset 0->0 sprite 8421 absent false
[2026-10-03 17:05:24] dbg: [driver:1] OpenTT3D: retained river selector tile 107,58 feature 6 base 8801 offset 8->8 sprite 8809 absent false
[2026-10-03 17:05:24] dbg: [driver:1] OpenTT3D: retained river selector tile 108,58 feature 5 base 8491 offset 0->0 sprite 8491 absent false
[2026-10-03 17:05:24] dbg: [driver:1] OpenTT3D: retained river selector tile 108,58 feature 6 base 8801 offset 10->10 sprite 8811 absent false
[2026-10-03 17:05:24] dbg: [driver:1] OpenTT3D: retained river selector tile 109,58 feature 5 base 8456 offset 0->0 sprite 8456 absent false
[2026-10-03 17:05:24] dbg: [driver:1] OpenTT3D: retained river selector tile 109,58 feature 6 base 8801 offset 2->2 sprite 8803 absent false
[2026-10-03 17:05:24] dbg: [driver:1] OpenTT3D: retained river selector tile 109,58 feature 6 base 8801 offset 3->3 sprite 8804 absent false
[2026-10-03 17:05:24] dbg: [driver:1] OpenTT3D: retained river selector tile 109,58 feature 6 base 8801 offset 6->6 sprite 8807 absent false
[2026-10-03 17:05:24] dbg: [driver:1] OpenTT3D: live projected tree 1772 stage 2 captured at 64,59
[2026-10-03 17:05:24] dbg: [driver:1] OpenTT3D: live projected tree 1800 stage 1 captured at 69,59
[2026-10-03 17:05:24] dbg: [driver:1] OpenTT3D: live projected tree 1786 stage 1 captured at 76,59
[2026-10-03 17:05:24] dbg: [driver:1] OpenTT3D: retained river selector tile 107,59 feature 5 base 8446 offset 0->0 sprite 8446 absent false
[2026-10-03 17:05:24] dbg: [driver:1] OpenTT3D: retained river selector tile 107,59 feature 6 base 8801 offset 0->0 sprite 8801 absent false
[2026-10-03 17:05:24] dbg: [driver:1] OpenTT3D: retained river selector tile 107,59 feature 6 base 8801 offset 1->1 sprite 8802 absent false
[2026-10-03 17:05:24] dbg: [driver:1] OpenTT3D: retained river selector tile 107,59 feature 6 base 8801 offset 4->4 sprite 8805 absent false
[2026-10-03 17:05:24] dbg: [driver:1] OpenTT3D: retained river selector tile 108,59 feature 5 base 8481 offset 0->0 sprite 8481 absent false
[2026-10-03 17:05:24] dbg: [driver:1] OpenTT3D: retained river selector tile 108,59 feature 6 base 8801 offset 8->8 sprite 8809 absent false
[2026-10-03 17:05:24] dbg: [driver:1] OpenTT3D: retained river selector tile 109,59 feature 5 base 8451 offset 0->0 sprite 8451 absent false
[2026-10-03 17:05:24] dbg: [driver:1] OpenTT3D: retained river selector tile 109,59 feature 6 base 8801 offset 2->2 sprite 8803 absent false
[2026-10-03 17:05:24] dbg: [driver:1] OpenTT3D: live projected tree 1779 stage 0 captured at 2,60
[2026-10-03 17:05:24] dbg: [driver:1] OpenTT3D: retained river selector tile 108,60 feature 5 base 8431 offset 0->0 sprite 8431 absent false
[2026-10-03 17:05:24] dbg: [driver:1] OpenTT3D: retained river selector tile 108,60 feature 6 base 8801 offset 0->0 sprite 8801 absent false
[2026-10-03 17:05:24] dbg: [driver:1] OpenTT3D: retained river selector tile 109,60 feature 5 base 8486 offset 0->0 sprite 8486 absent false
[2026-10-03 17:05:24] dbg: [driver:1] OpenTT3D: retained river selector tile 109,60 feature 6 base 8801 offset 10->10 sprite 8811 absent false
[2026-10-03 17:05:24] dbg: [driver:1] OpenTT3D: retained river selector tile 110,60 feature 5 base 8436 offset 0->0 sprite 8436 absent false
[2026-10-03 17:05:24] dbg: [driver:1] OpenTT3D: retained river selector tile 110,60 feature 6 base 8801 offset 3->3 sprite 8804 absent false
[2026-10-03 17:05:24] dbg: [driver:1] OpenTT3D: retained river selector tile 111,60 feature 5 base 8451 offset 0->0 sprite 8451 absent false
[2026-10-03 17:05:24] dbg: [driver:1] OpenTT3D: retained river selector tile 111,60 feature 6 base 8801 offset 3->3 sprite 8804 absent false
[2026-10-03 17:05:24] dbg: [driver:1] OpenTT3D: retained river selector tile 112,60 feature 5 base 8426 offset 0->0 sprite 8426 absent false
[2026-10-03 17:05:24] dbg: [driver:1] OpenTT3D: retained river selector tile 112,60 feature 6 base 8801 offset 2->2 sprite 8803 absent false
[2026-10-03 17:05:24] dbg: [driver:1] OpenTT3D: retained river selector tile 112,60 feature 6 base 8801 offset 3->3 sprite 8804 absent false
[2026-10-03 17:05:24] dbg: [driver:1] OpenTT3D: retained river selector tile 112,60 feature 6 base 8801 offset 6->6 sprite 8807 absent false
[2026-10-03 17:05:24] dbg: [driver:1] OpenTT3D: retained river selector tile 108,61 feature 5 base 8421 offset 0->0 sprite 8421 absent false
[2026-10-03 17:05:24] dbg: [driver:1] OpenTT3D: retained river selector tile 108,61 feature 6 base 8801 offset 0->0 sprite 8801 absent false
[2026-10-03 17:05:24] dbg: [driver:1] OpenTT3D: retained river selector tile 108,61 feature 6 base 8801 offset 1->1 sprite 8802 absent false
[2026-10-03 17:05:24] dbg: [driver:1] OpenTT3D: retained river selector tile 108,61 feature 6 base 8801 offset 4->4 sprite 8805 absent false
[2026-10-03 17:05:24] dbg: [driver:1] OpenTT3D: retained river selector tile 109,61 feature 5 base 8436 offset 0->0 sprite 8436 absent false
[2026-10-03 17:05:24] dbg: [driver:1] OpenTT3D: retained river selector tile 109,61 feature 6 base 8801 offset 1->1 sprite 8802 absent false
[2026-10-03 17:05:24] dbg: [driver:1] OpenTT3D: retained river selector tile 110,61 feature 5 base 8456 offset 0->0 sprite 8456 absent false
[2026-10-03 17:05:24] dbg: [driver:1] OpenTT3D: retained river selector tile 110,61 feature 6 base 8801 offset 1->1 sprite 8802 absent false
[2026-10-03 17:05:24] dbg: [driver:1] OpenTT3D: retained river selector tile 111,61 feature 5 base 8481 offset 0->0 sprite 8481 absent false
[2026-10-03 17:05:24] dbg: [driver:1] OpenTT3D: retained river selector tile 111,61 feature 6 base 8801 offset 8->8 sprite 8809 absent false
[2026-10-03 17:05:24] dbg: [driver:1] OpenTT3D: retained river selector tile 112,61 feature 5 base 8491 offset 0->0 sprite 8491 absent false
[2026-10-03 17:05:24] dbg: [driver:1] OpenTT3D: retained river selector tile 112,61 feature 6 base 8801 offset 10->10 sprite 8811 absent false
[2026-10-03 17:05:24] dbg: [driver:1] OpenTT3D: retained river selector tile 113,61 feature 5 base 8431 offset 0->0 sprite 8431 absent false
[2026-10-03 17:05:24] dbg: [driver:1] OpenTT3D: retained river selector tile 113,61 feature 6 base 8801 offset 3->3 sprite 8804 absent false
[2026-10-03 17:05:24] dbg: [driver:1] OpenTT3D: retained river selector tile 114,61 feature 5 base 8431 offset 0->0 sprite 8431 absent false
[2026-10-03 17:05:24] dbg: [driver:1] OpenTT3D: retained river selector tile 114,61 feature 6 base 8801 offset 2->2 sprite 8803 absent false
[2026-10-03 17:05:24] dbg: [driver:1] OpenTT3D: retained river selector tile 114,61 feature 6 base 8801 offset 3->3 sprite 8804 absent false
[2026-10-03 17:05:24] dbg: [driver:1] OpenTT3D: retained river selector tile 114,61 feature 6 base 8801 offset 6->6 sprite 8807 absent false
[2026-10-03 17:05:24] dbg: [driver:1] OpenTT3D: live projected tree 1786 stage 4 captured at 5,62
[2026-10-03 17:05:24] dbg: [driver:1] OpenTT3D: live projected tree 1814 stage 0 captured at 81,62
[2026-10-03 17:05:24] dbg: [driver:1] OpenTT3D: retained river selector tile 111,62 feature 5 base 8476 offset 4->4 sprite 8480 absent false
[2026-10-03 17:05:24] dbg: [driver:1] OpenTT3D: retained live water source tile 111,62 role ground sprite 8480 at original height 0
[2026-10-03 17:05:24] dbg: [driver:1] OpenTT3D: retained river selector tile 111,62 feature 6 base 8741 offset 48->48 sprite 8789 absent false
[2026-10-03 17:05:24] dbg: [driver:1] OpenTT3D: retained live water source tile 111,62 role ground sprite 8789 at original height 0
[2026-10-03 17:05:24] dbg: [driver:1] OpenTT3D: retained river selector tile 112,62 feature 5 base 8466 offset 4->4 sprite 8470 absent false
[2026-10-03 17:05:24] dbg: [driver:1] OpenTT3D: retained live water source tile 112,62 role ground sprite 8470 at original height 0
[2026-10-03 17:05:24] dbg: [driver:1] OpenTT3D: retained river selector tile 113,62 feature 5 base 8436 offset 4->4 sprite 8440 absent false
[2026-10-03 17:05:24] dbg: [driver:1] OpenTT3D: retained live water source tile 113,62 role ground sprite 8440 at original height 0
[2026-10-03 17:05:24] dbg: [driver:1] OpenTT3D: retained river selector tile 114,62 feature 5 base 8451 offset 4->4 sprite 8455 absent false
[2026-10-03 17:05:24] dbg: [driver:1] OpenTT3D: retained live water source tile 114,62 role ground sprite 8455 at original height 0
[2026-10-03 17:05:24] dbg: [driver:1] OpenTT3D: retained river selector tile 114,62 feature 6 base 8741 offset 50->50 sprite 8791 absent false
[2026-10-03 17:05:24] dbg: [driver:1] OpenTT3D: retained live water source tile 114,62 role ground sprite 8791 at original height 0
[2026-10-03 17:05:24] dbg: [driver:1] OpenTT3D: live voxel house ground 62 construction stage 3 captured at 58,76
[2026-10-03 17:05:24] dbg: [driver:1] OpenTT3D: live voxel house ground 62 construction stage 3 variant 1 captured
[2026-10-03 17:05:24] dbg: [driver:1] OpenTT3D: live voxel house 62 construction stage 3 captured at 58,76
[2026-10-03 17:05:24] dbg: [driver:1] OpenTT3D: live voxel house 62 construction stage 3 variant 1 captured
[2026-10-03 17:05:24] dbg: [driver:1] OpenTT3D: live voxel house 44 construction stage 3 captured at 58,78
[2026-10-03 17:05:24] dbg: [driver:1] OpenTT3D: live voxel house 44 construction stage 3 variant 3 captured
[2026-10-03 17:05:24] dbg: [driver:1] OpenTT3D: retained river selector tile 122,101 feature 5 base 8456 offset 0->0 sprite 8456 absent false
[2026-10-03 17:05:24] dbg: [driver:1] OpenTT3D: retained river selector tile 122,101 feature 6 base 8921 offset 0->0 sprite 8921 absent false
[2026-10-03 17:05:24] dbg: [driver:1] OpenTT3D: retained river selector tile 122,101 feature 6 base 8921 offset 1->1 sprite 8922 absent false
[2026-10-03 17:05:24] dbg: [driver:1] OpenTT3D: retained river selector tile 122,101 feature 6 base 8921 offset 3->3 sprite 8924 absent false
[2026-10-03 17:05:24] dbg: [driver:1] OpenTT3D: retained river selector tile 122,101 feature 6 base 8921 offset 4->4 sprite 8925 absent false
[2026-10-03 17:05:24] dbg: [driver:1] OpenTT3D: retained river selector tile 122,101 feature 6 base 8921 offset 7->7 sprite 8928 absent false
[2026-10-03 17:05:24] dbg: [driver:1] OpenTT3D: retained river selector tile 123,101 feature 5 base 8466 offset 0->0 sprite 8466 absent false
[2026-10-03 17:05:24] dbg: [driver:1] OpenTT3D: retained river selector tile 123,101 feature 6 base 8921 offset 1->1 sprite 8922 absent false
[2026-10-03 17:05:24] dbg: [driver:1] OpenTT3D: retained river selector tile 123,101 feature 6 base 8921 offset 3->3 sprite 8924 absent false
[2026-10-03 17:05:24] dbg: [driver:1] OpenTT3D: retained river selector tile 124,101 feature 5 base 8481 offset 0->0 sprite 8481 absent false
[2026-10-03 17:05:24] dbg: [driver:1] OpenTT3D: retained river selector tile 124,101 feature 6 base 8921 offset 1->1 sprite 8922 absent false
[2026-10-03 17:05:24] dbg: [driver:1] OpenTT3D: retained river selector tile 124,101 feature 6 base 8921 offset 3->3 sprite 8924 absent false
[2026-10-03 17:05:24] dbg: [driver:1] OpenTT3D: retained river selector tile 125,101 feature 5 base 8441 offset 2->2 sprite 8443 absent false
[2026-10-03 17:05:24] dbg: [driver:1] OpenTT3D: retained live water source tile 125,101 role ground sprite 8443 at original height 32
[2026-10-03 17:05:24] dbg: [driver:1] OpenTT3D: retained river selector tile 125,101 feature 6 base 9221 offset 25->25 sprite 9246 absent false
[2026-10-03 17:05:24] dbg: [driver:1] OpenTT3D: retained live water source tile 125,101 role ground sprite 9246 at original height 32
[2026-10-03 17:05:24] dbg: [driver:1] OpenTT3D: retained river selector tile 125,101 feature 6 base 9221 offset 27->27 sprite 9248 absent false
[2026-10-03 17:05:24] dbg: [driver:1] OpenTT3D: retained live water source tile 125,101 role ground sprite 9248 at original height 32
[2026-10-03 17:05:24] dbg: [driver:1] OpenTT3D: retained river selector tile 126,101 feature 5 base 8431 offset 0->0 sprite 8431 absent false
[2026-10-03 17:05:24] dbg: [driver:1] OpenTT3D: retained river selector tile 126,101 feature 6 base 9221 offset 3->3 sprite 9224 absent false
[2026-10-03 17:05:24] dbg: [driver:1] OpenTT3D: retained river selector tile 126,101 feature 6 base 9221 offset 8->8 sprite 9229 absent false
[2026-10-03 17:05:24] dbg: [driver:1] OpenTT3D: retained river selector tile 126,102 feature 5 base 8456 offset 0->0 sprite 8456 absent false
[2026-10-03 17:05:24] dbg: [driver:1] OpenTT3D: retained river selector tile 126,102 feature 6 base 9221 offset 0->0 sprite 9221 absent false
[2026-10-03 17:05:24] dbg: [driver:1] OpenTT3D: retained river selector tile 126,103 feature 5 base 8461 offset 0->0 sprite 8461 absent false
[2026-10-03 17:05:24] dbg: [driver:1] OpenTT3D: retained river selector tile 126,103 feature 6 base 9221 offset 0->0 sprite 9221 absent false
[2026-10-03 17:05:24] dbg: [driver:1] OpenTT3D: retained river selector tile 126,104 feature 5 base 8481 offset 0->0 sprite 8481 absent false
[2026-10-03 17:05:24] dbg: [driver:1] OpenTT3D: retained river selector tile 126,104 feature 6 base 9221 offset 0->0 sprite 9221 absent false
[2026-10-03 17:05:24] dbg: [driver:1] OpenTT3D: retained river selector tile 126,105 feature 5 base 8431 offset 0->0 sprite 8431 absent false
[2026-10-03 17:05:24] dbg: [driver:1] OpenTT3D: retained river selector tile 126,105 feature 6 base 9221 offset 0->0 sprite 9221 absent false
[2026-10-03 17:05:24] dbg: [driver:1] OpenTT3D: retained river selector tile 126,106 feature 5 base 8441 offset 0->0 sprite 8441 absent false
[2026-10-03 17:05:24] dbg: [driver:1] OpenTT3D: retained river selector tile 126,106 feature 6 base 9221 offset 0->0 sprite 9221 absent false
[2026-10-03 17:05:24] dbg: [driver:1] OpenTT3D: retained river selector tile 126,107 feature 5 base 8441 offset 0->0 sprite 8441 absent false
[2026-10-03 17:05:24] dbg: [driver:1] OpenTT3D: retained river selector tile 126,107 feature 6 base 9221 offset 0->0 sprite 9221 absent false
[2026-10-03 17:05:24] dbg: [driver:1] OpenTT3D: retained river selector tile 126,108 feature 5 base 8431 offset 0->0 sprite 8431 absent false
[2026-10-03 17:05:24] dbg: [driver:1] OpenTT3D: retained river selector tile 126,108 feature 6 base 9221 offset 0->0 sprite 9221 absent false
[2026-10-03 17:05:24] dbg: [driver:1] OpenTT3D: retained river selector tile 91,109 feature 5 base 8491 offset 0->0 sprite 8491 absent false
[2026-10-03 17:05:24] dbg: [driver:1] OpenTT3D: retained river selector tile 91,109 feature 6 base 9161 offset 0->0 sprite 9161 absent false
[2026-10-03 17:05:24] dbg: [driver:1] OpenTT3D: retained river selector tile 91,109 feature 6 base 9161 offset 2->2 sprite 9163 absent false
[2026-10-03 17:05:24] dbg: [driver:1] OpenTT3D: retained river selector tile 126,109 feature 5 base 8431 offset 4->4 sprite 8435 absent false
[2026-10-03 17:05:24] dbg: [driver:1] OpenTT3D: retained live water source tile 126,109 role ground sprite 8435 at original height 24
[2026-10-03 17:05:24] dbg: [driver:1] OpenTT3D: retained river selector tile 126,109 feature 6 base 9161 offset 48->48 sprite 9209 absent false
[2026-10-03 17:05:24] dbg: [driver:1] OpenTT3D: retained live water source tile 126,109 role ground sprite 9209 at original height 24
[2026-10-03 17:05:24] dbg: [driver:1] OpenTT3D: retained river selector tile 91,110 feature 5 base 8486 offset 4->4 sprite 8490 absent false
[2026-10-03 17:05:24] dbg: [driver:1] OpenTT3D: retained live water source tile 91,110 role ground sprite 8490 at original height 16
[2026-10-03 17:05:24] dbg: [driver:1] OpenTT3D: retained river selector tile 91,110 feature 6 base 9101 offset 48->48 sprite 9149 absent false
[2026-10-03 17:05:24] dbg: [driver:1] OpenTT3D: retained live water source tile 91,110 role ground sprite 9149 at original height 16
[2026-10-03 17:05:24] dbg: [driver:1] OpenTT3D: retained river selector tile 91,110 feature 6 base 9101 offset 50->50 sprite 9151 absent false
[2026-10-03 17:05:24] dbg: [driver:1] OpenTT3D: retained live water source tile 91,110 role ground sprite 9151 at original height 16
[2026-10-03 17:05:24] dbg: [driver:1] OpenTT3D: retained river selector tile 126,110 feature 5 base 8421 offset 0->0 sprite 8421 absent false
[2026-10-03 17:05:24] dbg: [driver:1] OpenTT3D: retained river selector tile 126,110 feature 6 base 9161 offset 0->0 sprite 9161 absent false
[2026-10-03 17:05:24] dbg: [driver:1] OpenTT3D: retained river selector tile 91,111 feature 5 base 8421 offset 0->0 sprite 8421 absent false
[2026-10-03 17:05:24] dbg: [driver:1] OpenTT3D: retained river selector tile 91,111 feature 6 base 9101 offset 0->0 sprite 9101 absent false
[2026-10-03 17:05:24] dbg: [driver:1] OpenTT3D: retained river selector tile 91,111 feature 6 base 9101 offset 2->2 sprite 9103 absent false
[2026-10-03 17:05:24] dbg: [driver:1] OpenTT3D: retained river selector tile 126,111 feature 5 base 8431 offset 0->0 sprite 8431 absent false
[2026-10-03 17:05:24] dbg: [driver:1] OpenTT3D: retained river selector tile 126,111 feature 6 base 9161 offset 0->0 sprite 9161 absent false
[2026-10-03 17:05:24] dbg: [driver:1] OpenTT3D: retained river selector tile 91,112 feature 5 base 8426 offset 0->0 sprite 8426 absent false
[2026-10-03 17:05:25] dbg: [driver:1] OpenTT3D: retained river selector tile 91,112 feature 6 base 9101 offset 0->0 sprite 9101 absent false
[2026-10-03 17:05:25] dbg: [driver:1] OpenTT3D: retained river selector tile 91,112 feature 6 base 9101 offset 2->2 sprite 9103 absent false
[2026-10-03 17:05:25] dbg: [driver:1] OpenTT3D: retained river selector tile 126,112 feature 5 base 8476 offset 0->0 sprite 8476 absent false
[2026-10-03 17:05:25] dbg: [driver:1] OpenTT3D: retained river selector tile 126,112 feature 6 base 9161 offset 0->0 sprite 9161 absent false
[2026-10-03 17:05:25] dbg: [driver:1] OpenTT3D: retained river selector tile 91,113 feature 5 base 8441 offset 4->4 sprite 8445 absent false
[2026-10-03 17:05:25] dbg: [driver:1] OpenTT3D: retained live water source tile 91,113 role ground sprite 8445 at original height 8
[2026-10-03 17:05:25] dbg: [driver:1] OpenTT3D: retained river selector tile 91,113 feature 6 base 8801 offset 48->48 sprite 8849 absent false
[2026-10-03 17:05:25] dbg: [driver:1] OpenTT3D: retained live water source tile 91,113 role ground sprite 8849 at original height 8
[2026-10-03 17:05:25] dbg: [driver:1] OpenTT3D: retained river selector tile 91,113 feature 6 base 8801 offset 50->50 sprite 8851 absent false
[2026-10-03 17:05:25] dbg: [driver:1] OpenTT3D: retained live water source tile 91,113 role ground sprite 8851 at original height 8
[2026-10-03 17:05:25] dbg: [driver:1] OpenTT3D: retained river selector tile 126,113 feature 5 base 8441 offset 4->4 sprite 8445 absent false
[2026-10-03 17:05:25] dbg: [driver:1] OpenTT3D: retained live water source tile 126,113 role ground sprite 8445 at original height 16
[2026-10-03 17:05:25] dbg: [driver:1] OpenTT3D: retained river selector tile 126,113 feature 6 base 9101 offset 48->48 sprite 9149 absent false
[2026-10-03 17:05:25] dbg: [driver:1] OpenTT3D: retained live water source tile 126,113 role ground sprite 9149 at original height 16
[2026-10-03 17:05:25] dbg: [driver:1] OpenTT3D: retained river selector tile 91,114 feature 5 base 8481 offset 0->0 sprite 8481 absent false
[2026-10-03 17:05:25] dbg: [driver:1] OpenTT3D: retained river selector tile 91,114 feature 6 base 8801 offset 0->0 sprite 8801 absent false
[2026-10-03 17:05:25] dbg: [driver:1] OpenTT3D: retained river selector tile 91,114 feature 6 base 8801 offset 2->2 sprite 8803 absent false
[2026-10-03 17:05:25] dbg: [driver:1] OpenTT3D: retained river selector tile 126,114 feature 5 base 8421 offset 0->0 sprite 8421 absent false
[2026-10-03 17:05:25] dbg: [driver:1] OpenTT3D: retained river selector tile 126,114 feature 6 base 9101 offset 0->0 sprite 9101 absent false
[2026-10-03 17:05:25] dbg: [driver:1] OpenTT3D: retained river selector tile 91,115 feature 5 base 8456 offset 0->0 sprite 8456 absent false
[2026-10-03 17:05:25] dbg: [driver:1] OpenTT3D: retained river selector tile 91,115 feature 6 base 8801 offset 0->0 sprite 8801 absent false
[2026-10-03 17:05:25] dbg: [driver:1] OpenTT3D: retained river selector tile 91,115 feature 6 base 8801 offset 2->2 sprite 8803 absent false
[2026-10-03 17:05:25] dbg: [driver:1] OpenTT3D: retained river selector tile 126,115 feature 5 base 8431 offset 4->4 sprite 8435 absent false
[2026-10-03 17:05:25] dbg: [driver:1] OpenTT3D: retained live water source tile 126,115 role ground sprite 8435 at original height 8
[2026-10-03 17:05:25] dbg: [driver:1] OpenTT3D: retained river selector tile 126,115 feature 6 base 8801 offset 48->48 sprite 8849 absent false
[2026-10-03 17:05:25] dbg: [driver:1] OpenTT3D: retained live water source tile 126,115 role ground sprite 8849 at original height 8
[2026-10-03 17:05:25] dbg: [driver:1] OpenTT3D: retained river selector tile 91,116 feature 5 base 8481 offset 0->0 sprite 8481 absent false
[2026-10-03 17:05:25] dbg: [driver:1] OpenTT3D: retained river selector tile 91,116 feature 6 base 8801 offset 0->0 sprite 8801 absent false
[2026-10-03 17:05:25] dbg: [driver:1] OpenTT3D: retained river selector tile 91,116 feature 6 base 8801 offset 2->2 sprite 8803 absent false
[2026-10-03 17:05:25] dbg: [driver:1] OpenTT3D: retained river selector tile 126,116 feature 5 base 8496 offset 0->0 sprite 8496 absent false
[2026-10-03 17:05:25] dbg: [driver:1] OpenTT3D: retained river selector tile 126,116 feature 6 base 8801 offset 0->0 sprite 8801 absent false
[2026-10-03 17:05:25] dbg: [driver:1] OpenTT3D: retained river selector tile 91,117 feature 5 base 8496 offset 0->0 sprite 8496 absent false
[2026-10-03 17:05:25] dbg: [driver:1] OpenTT3D: retained river selector tile 91,117 feature 6 base 8801 offset 0->0 sprite 8801 absent false
[2026-10-03 17:05:25] dbg: [driver:1] OpenTT3D: retained river selector tile 91,117 feature 6 base 8801 offset 2->2 sprite 8803 absent false
[2026-10-03 17:05:25] dbg: [driver:1] OpenTT3D: retained river selector tile 125,117 feature 5 base 8461 offset 0->0 sprite 8461 absent false
[2026-10-03 17:05:25] dbg: [driver:1] OpenTT3D: retained river selector tile 125,117 feature 6 base 8801 offset 0->0 sprite 8801 absent false
[2026-10-03 17:05:25] dbg: [driver:1] OpenTT3D: retained river selector tile 125,117 feature 6 base 8801 offset 3->3 sprite 8804 absent false
[2026-10-03 17:05:25] dbg: [driver:1] OpenTT3D: retained river selector tile 125,117 feature 6 base 8801 offset 7->7 sprite 8808 absent false
[2026-10-03 17:05:25] dbg: [driver:1] OpenTT3D: retained river selector tile 126,117 feature 5 base 8491 offset 0->0 sprite 8491 absent false
[2026-10-03 17:05:25] dbg: [driver:1] OpenTT3D: retained river selector tile 126,117 feature 6 base 8801 offset 11->11 sprite 8812 absent false
[2026-10-03 17:05:25] dbg: [driver:1] OpenTT3D: retained river selector tile 91,118 feature 5 base 8486 offset 0->0 sprite 8486 absent false
[2026-10-03 17:05:25] dbg: [driver:1] OpenTT3D: retained river selector tile 91,118 feature 6 base 8801 offset 0->0 sprite 8801 absent false
[2026-10-03 17:05:25] dbg: [driver:1] OpenTT3D: retained river selector tile 91,118 feature 6 base 8801 offset 10->10 sprite 8811 absent false
[2026-10-03 17:05:25] dbg: [driver:1] OpenTT3D: retained river selector tile 92,118 feature 5 base 8436 offset 0->0 sprite 8436 absent false
[2026-10-03 17:05:25] dbg: [driver:1] OpenTT3D: retained river selector tile 92,118 feature 6 base 8801 offset 2->2 sprite 8803 absent false
[2026-10-03 17:05:25] dbg: [driver:1] OpenTT3D: retained river selector tile 92,118 feature 6 base 8801 offset 3->3 sprite 8804 absent false
[2026-10-03 17:05:25] dbg: [driver:1] OpenTT3D: retained river selector tile 92,118 feature 6 base 8801 offset 6->6 sprite 8807 absent false
[2026-10-03 17:05:25] dbg: [driver:1] OpenTT3D: retained river selector tile 125,118 feature 5 base 8436 offset 0->0 sprite 8436 absent false
[2026-10-03 17:05:25] dbg: [driver:1] OpenTT3D: retained river selector tile 125,118 feature 6 base 8801 offset 0->0 sprite 8801 absent false
[2026-10-03 17:05:25] dbg: [driver:1] OpenTT3D: retained river selector tile 126,118 feature 5 base 8426 offset 0->0 sprite 8426 absent false
[2026-10-03 17:05:25] dbg: [driver:1] OpenTT3D: retained river selector tile 91,119 feature 5 base 8436 offset 4->4 sprite 8440 absent false
[2026-10-03 17:05:25] dbg: [driver:1] OpenTT3D: retained live water source tile 91,119 role ground sprite 8440 at original height 0
[2026-10-03 17:05:25] dbg: [driver:1] OpenTT3D: retained river selector tile 91,119 feature 6 base 8741 offset 48->48 sprite 8789 absent false
[2026-10-03 17:05:25] dbg: [driver:1] OpenTT3D: retained live water source tile 91,119 role ground sprite 8789 at original height 0
[2026-10-03 17:05:25] dbg: [driver:1] OpenTT3D: retained river selector tile 92,119 feature 5 base 8461 offset 4->4 sprite 8465 absent false
[2026-10-03 17:05:25] dbg: [driver:1] OpenTT3D: retained live water source tile 92,119 role ground sprite 8465 at original height 0
[2026-10-03 17:05:25] dbg: [driver:1] OpenTT3D: retained river selector tile 92,119 feature 6 base 8741 offset 50->50 sprite 8791 absent false
[2026-10-03 17:05:25] dbg: [driver:1] OpenTT3D: retained live water source tile 92,119 role ground sprite 8791 at original height 0
[2026-10-03 17:05:25] dbg: [driver:1] OpenTT3D: retained river selector tile 125,119 feature 5 base 8431 offset 4->4 sprite 8435 absent false
[2026-10-03 17:05:25] dbg: [driver:1] OpenTT3D: retained live water source tile 125,119 role ground sprite 8435 at original height 0
[2026-10-03 17:05:25] dbg: [driver:1] OpenTT3D: retained river selector tile 125,119 feature 6 base 8741 offset 48->48 sprite 8789 absent false
[2026-10-03 17:05:25] dbg: [driver:1] OpenTT3D: retained live water source tile 125,119 role ground sprite 8789 at original height 0
[2026-10-03 17:05:25] dbg: [driver:1] OpenTT3D: retained river selector tile 126,119 feature 5 base 8461 offset 4->4 sprite 8465 absent false
[2026-10-03 17:05:25] dbg: [driver:1] OpenTT3D: retained live water source tile 126,119 role ground sprite 8465 at original height 0
[2026-10-03 17:05:25] dbg: [driver:1] OpenTT3D: whole-world atlas relocation preserves 1228800 exact RGBA/picking pixels across repack, clear and forced row relocation
[2026-10-03 17:05:25] dbg: [driver:1] OpenTT3D: captured OpenGL presentation with 1 GPU viewport regions
