[2026-10-03 16:45:11] dbg: [driver:1] Successfully loaded blitter '32bpp-optimized'
[2026-10-03 16:45:11] dbg: [driver:1] OpenTT3D: Cocoa process 40275
[2026-10-03 16:45:11] dbg: [driver:1] OpenGL driver: Apple - Apple M3 Pro (4.1 Metal - 90.5)
[2026-10-03 16:45:11] dbg: [driver:2] OpenGL shading language version: 4.10, texture units = 80
[2026-10-03 16:45:11] dbg: [driver:1] Successfully loaded video driver 'cocoa-opengl'
[2026-10-03 16:45:11] dbg: [driver:1] Successfully loaded sound driver 'null'
[2026-10-03 16:45:11] dbg: [driver:1] Successfully loaded music driver 'null'
[2026-10-03 16:45:12] dbg: [driver:1] OpenTT3D: background Cocoa window active=false, key=false, visible=false, policy=2
[2026-10-03 16:45:12] dbg: [driver:1] using thread for game-loop
[2026-10-03 16:45:12] dbg: [driver:1] OpenTT3D: loaded 62 profiles from opentt3d-trees.json
[2026-10-03 16:45:12] dbg: [driver:1] OpenTT3D: retained live water source tile 8,39 role ground sprite 9952 at original height 8
[2026-10-03 16:45:25] dbg: [driver:1] OpenTT3D: loaded 1831 authored voxel models, 17420235 occupied cells, 12070638 exposed cell faces merged to 2656043 conforming rectangles / 20271120 triangles
[2026-10-03 16:45:25] dbg: [driver:1] OpenTT3D: retained lossless voxel sources use 36385568 bytes instead of 1727438004 dense cell bytes, with one shared palette
[2026-10-03 16:45:25] dbg: [driver:1] OpenTT3D: CPU voxel surfaces retain 1066079056 bytes under a scene-pinned soft budget, including 185267056 exact restoration bytes
[2026-10-03 16:45:28] dbg: [driver:1] OpenTT3D: retained live water source tile 8,39 role body sprite 10011 at original height 8
[2026-10-03 16:45:28] dbg: [driver:1] OpenTT3D: retained live water source tile 8,39 role body sprite 10015 at original height 8
[2026-10-03 16:45:28] dbg: [driver:1] OpenTT3D: retained live water source tile 8,40 role ground sprite 9956 at original height 0
[2026-10-03 16:45:28] dbg: [driver:1] OpenTT3D: retained live water source tile 8,40 role body sprite 9995 at original height 0
[2026-10-03 16:45:28] dbg: [driver:1] OpenTT3D: retained live water source tile 8,40 role body sprite 9999 at original height 0
[2026-10-03 16:45:28] dbg: [driver:1] OpenTT3D: retained live water source tile 8,41 role ground sprite 9952 at original height 0
[2026-10-03 16:45:28] dbg: [driver:1] OpenTT3D: retained live water source tile 8,41 role body sprite 10003 at original height 0
[2026-10-03 16:45:28] dbg: [driver:1] OpenTT3D: retained live water source tile 8,41 role body sprite 10007 at original height 0
[2026-10-03 16:45:28] dbg: [driver:1] OpenTT3D: live projected tree 1758 stage 6 captured at 12,63
[2026-10-03 16:45:28] dbg: [driver:1] OpenTT3D: live projected tree 1751 stage 2 captured at 12,65
[2026-10-03 16:45:28] dbg: [driver:1] OpenTT3D: live projected tree 1716 stage 3 captured at 11,66
[2026-10-03 16:45:28] dbg: [driver:1] OpenTT3D: live projected tree 1723 stage 6 captured at 11,66
[2026-10-03 16:45:28] dbg: [driver:1] OpenTT3D: live projected tree 1716 stage 1 captured at 12,66
[2026-10-03 16:45:28] dbg: [driver:1] OpenTT3D: live projected tree 1744 stage 6 captured at 11,67
[2026-10-03 16:45:28] dbg: [driver:1] OpenTT3D: live projected tree 1737 stage 3 captured at 13,67
[2026-10-03 16:45:28] dbg: [driver:1] OpenTT3D: live projected tree 1758 stage 2 captured at 13,67
[2026-10-03 16:45:28] dbg: [driver:1] OpenTT3D: live projected tree 1723 stage 3 captured at 13,67
[2026-10-03 16:45:28] dbg: [driver:1] OpenTT3D: live projected tree 1730 stage 3 captured at 13,67
[2026-10-03 16:45:28] dbg: [driver:1] OpenTT3D: live projected tree 1709 stage 5 captured at 14,68
[2026-10-03 16:45:28] dbg: [driver:1] OpenTT3D: live projected tree 1709 stage 3 captured at 14,68
[2026-10-03 16:45:28] dbg: [driver:1] OpenTT3D: live voxel house ground 62 construction stage 3 captured at 18,68
[2026-10-03 16:45:28] dbg: [driver:1] OpenTT3D: live voxel house ground 62 construction stage 3 variant 1 captured
[2026-10-03 16:45:28] dbg: [driver:1] OpenTT3D: live voxel house 62 construction stage 3 captured at 18,68
[2026-10-03 16:45:28] dbg: [driver:1] OpenTT3D: live voxel house 62 construction stage 3 variant 1 captured
[2026-10-03 16:45:28] dbg: [driver:1] OpenTT3D: live projected tree 1716 stage 4 captured at 10,70
[2026-10-03 16:45:28] dbg: [driver:2] OpenTT3D: source texture 4426 mip family request 2 decode 0.100 ms, preparation 1.445 ms
[2026-10-03 16:45:28] dbg: [driver:1] OpenTT3D: 10 ground-detail tiles rendered with raised crops, hay, rocks or turf
[2026-10-03 16:45:28] dbg: [driver:1] OpenTT3D: 6 unmodelled reference sprites in this view (release coverage is incomplete)
[2026-10-03 16:45:28] dbg: [driver:2] OpenTT3D: pre-existing OpenGL error before mesh pass (1286)
[2026-10-03 16:45:28] dbg: [driver:1] OpenTT3D: depth-tested mesh renderer initialized
[2026-10-03 16:45:28] dbg: [driver:1] OpenTT3D: live projected tree 1709 stage 4 captured at 17,70
[2026-10-03 16:45:28] dbg: [driver:1] OpenTT3D: live voxel house ground 60 construction stage 3 captured at 18,70
[2026-10-03 16:45:28] dbg: [driver:1] OpenTT3D: live voxel house ground 60 construction stage 3 variant 3 captured
[2026-10-03 16:45:28] dbg: [driver:1] OpenTT3D: live voxel house 60 construction stage 3 captured at 18,70
[2026-10-03 16:45:28] dbg: [driver:1] OpenTT3D: live voxel house 60 construction stage 3 variant 3 captured
[2026-10-03 16:45:28] dbg: [driver:1] OpenTT3D: live voxel house ground 46 construction stage 3 captured at 17,72
[2026-10-03 16:45:28] dbg: [driver:1] OpenTT3D: live voxel house ground 46 construction stage 3 variant 3 captured
[2026-10-03 16:45:28] dbg: [driver:1] OpenTT3D: live voxel house 46 construction stage 3 captured at 17,72
[2026-10-03 16:45:28] dbg: [driver:1] OpenTT3D: live voxel house 46 construction stage 3 variant 3 captured
[2026-10-03 16:45:28] dbg: [driver:1] OpenTT3D: live voxel house ground 48 construction stage 3 captured at 18,72
[2026-10-03 16:45:28] dbg: [driver:1] OpenTT3D: live voxel house ground 48 construction stage 3 variant 0 captured
[2026-10-03 16:45:28] dbg: [driver:1] OpenTT3D: live voxel house 48 construction stage 3 captured at 18,72
[2026-10-03 16:45:28] dbg: [driver:1] OpenTT3D: live voxel house 48 construction stage 3 variant 0 captured
[2026-10-03 16:45:28] dbg: [driver:1] OpenTT3D: live projected tree 1744 stage 3 captured at 12,73
[2026-10-03 16:45:28] dbg: [driver:1] OpenTT3D: live projected tree 1758 stage 4 captured at 12,73
[2026-10-03 16:45:28] dbg: [driver:1] OpenTT3D: live voxel house ground 56 construction stage 3 captured at 15,73
[2026-10-03 16:45:28] dbg: [driver:1] OpenTT3D: live voxel house ground 56 construction stage 3 variant 3 captured
[2026-10-03 16:45:28] dbg: [driver:1] OpenTT3D: live voxel house 56 construction stage 3 captured at 15,73
[2026-10-03 16:45:28] dbg: [driver:1] OpenTT3D: live voxel house 56 construction stage 3 variant 3 captured
[2026-10-03 16:45:28] dbg: [driver:1] OpenTT3D: live voxel house ground 62 construction stage 3 captured at 17,73
[2026-10-03 16:45:28] dbg: [driver:1] OpenTT3D: live voxel house ground 62 construction stage 3 variant 2 captured
[2026-10-03 16:45:28] dbg: [driver:1] OpenTT3D: live voxel house 62 construction stage 3 captured at 17,73
[2026-10-03 16:45:28] dbg: [driver:1] OpenTT3D: live voxel house 62 construction stage 3 variant 2 captured
[2026-10-03 16:45:28] dbg: [driver:1] OpenTT3D: live projected tree 1758 stage 3 captured at 16,75
[2026-10-03 16:45:28] dbg: [driver:1] OpenTT3D: live projected tree 1758 stage 5 captured at 16,75
[2026-10-03 16:45:28] dbg: [driver:1] OpenTT3D: live voxel house ground 62 construction stage 3 captured at 17,75
[2026-10-03 16:45:28] dbg: [driver:1] OpenTT3D: live voxel house ground 62 construction stage 3 variant 0 captured
[2026-10-03 16:45:28] dbg: [driver:1] OpenTT3D: live voxel house 62 construction stage 3 captured at 17,75
[2026-10-03 16:45:28] dbg: [driver:1] OpenTT3D: live voxel house 62 construction stage 3 variant 0 captured
[2026-10-03 16:45:28] dbg: [driver:1] OpenTT3D: live voxel house ground 46 construction stage 3 captured at 19,75
[2026-10-03 16:45:28] dbg: [driver:1] OpenTT3D: live voxel house ground 46 construction stage 3 variant 2 captured
[2026-10-03 16:45:28] dbg: [driver:1] OpenTT3D: live voxel house 46 construction stage 3 captured at 19,75
[2026-10-03 16:45:28] dbg: [driver:1] OpenTT3D: live voxel house 46 construction stage 3 variant 2 captured
[2026-10-03 16:45:28] dbg: [driver:1] OpenTT3D: live projected tree 1737 stage 2 captured at 22,67
[2026-10-03 16:45:28] dbg: [driver:1] OpenTT3D: live projected tree 1723 stage 4 captured at 25,68
[2026-10-03 16:45:28] dbg: [driver:1] OpenTT3D: live projected tree 1730 stage 6 captured at 23,69
[2026-10-03 16:45:28] dbg: [driver:1] OpenTT3D: live projected tree 1737 stage 6 captured at 25,69
[2026-10-03 16:45:28] dbg: [driver:1] OpenTT3D: live voxel house ground 48 construction stage 3 captured at 20,70
[2026-10-03 16:45:28] dbg: [driver:1] OpenTT3D: live voxel house ground 48 construction stage 3 variant 2 captured
[2026-10-03 16:45:28] dbg: [driver:1] OpenTT3D: live voxel house 48 construction stage 3 captured at 20,70
[2026-10-03 16:45:28] dbg: [driver:1] OpenTT3D: live voxel house 48 construction stage 3 variant 2 captured
[2026-10-03 16:45:28] dbg: [driver:1] OpenTT3D: live projected tree 1737 stage 5 captured at 24,70
[2026-10-03 16:45:28] dbg: [driver:1] OpenTT3D: live voxel house ground 56 construction stage 3 captured at 20,71
[2026-10-03 16:45:28] dbg: [driver:1] OpenTT3D: live voxel house ground 56 construction stage 3 variant 1 captured
[2026-10-03 16:45:28] dbg: [driver:1] OpenTT3D: live voxel house 56 construction stage 3 captured at 20,71
[2026-10-03 16:45:28] dbg: [driver:1] OpenTT3D: live voxel house 56 construction stage 3 variant 1 captured
[2026-10-03 16:45:28] dbg: [driver:1] OpenTT3D: live voxel house ground 48 construction stage 3 captured at 21,73
[2026-10-03 16:45:28] dbg: [driver:1] OpenTT3D: live voxel house ground 48 construction stage 3 variant 3 captured
[2026-10-03 16:45:28] dbg: [driver:1] OpenTT3D: live voxel house 48 construction stage 3 captured at 21,73
[2026-10-03 16:45:28] dbg: [driver:1] OpenTT3D: live voxel house 48 construction stage 3 variant 3 captured
[2026-10-03 16:45:28] dbg: [driver:1] OpenTT3D: live projected tree 1758 stage 1 captured at 23,74
[2026-10-03 16:45:28] dbg: [driver:1] OpenTT3D: retained river selector tile 32,33 feature 5 base 11264 offset 1->1 sprite 11265 absent false
[2026-10-03 16:45:28] dbg: [driver:1] OpenTT3D: retained live water source tile 32,33 role ground sprite 11265 at original height 0
[2026-10-03 16:45:28] dbg: [driver:1] OpenTT3D: retained river selector tile 32,33 feature 6 base 10364 offset 12->12 sprite 10376 absent false
[2026-10-03 16:45:28] dbg: [driver:1] OpenTT3D: retained live water source tile 32,33 role ground sprite 10376 at original height 0
[2026-10-03 16:45:28] dbg: [driver:1] OpenTT3D: retained river selector tile 32,33 feature 6 base 10364 offset 14->14 sprite 10378 absent false
[2026-10-03 16:45:28] dbg: [driver:1] OpenTT3D: retained live water source tile 32,33 role ground sprite 10378 at original height 0
[2026-10-03 16:45:28] dbg: [driver:1] OpenTT3D: retained river selector tile 32,34 feature 5 base 11269 offset 0->0 sprite 11269 absent false
[2026-10-03 16:45:28] dbg: [driver:1] OpenTT3D: retained river selector tile 32,34 feature 6 base 10244 offset 0->0 sprite 10244 absent false
[2026-10-03 16:45:28] dbg: [driver:1] OpenTT3D: retained river selector tile 32,34 feature 6 base 10244 offset 1->1 sprite 10245 absent false
[2026-10-03 16:45:28] dbg: [driver:1] OpenTT3D: retained river selector tile 32,34 feature 6 base 10244 offset 4->4 sprite 10248 absent false
[2026-10-03 16:45:28] dbg: [driver:1] OpenTT3D: retained river selector tile 32,34 feature 6 base 10244 offset 10->10 sprite 10254 absent false
[2026-10-03 16:45:28] dbg: [driver:1] OpenTT3D: retained river selector tile 33,34 feature 5 base 11269 offset 0->0 sprite 11269 absent false
[2026-10-03 16:45:28] dbg: [driver:1] OpenTT3D: retained river selector tile 33,34 feature 6 base 10244 offset 1->1 sprite 10245 absent false
[2026-10-03 16:45:28] dbg: [driver:1] OpenTT3D: retained river selector tile 33,34 feature 6 base 10244 offset 3->3 sprite 10247 absent false
[2026-10-03 16:45:28] dbg: [driver:1] OpenTT3D: retained river selector tile 34,34 feature 5 base 11269 offset 0->0 sprite 11269 absent false
[2026-10-03 16:45:28] dbg: [driver:1] OpenTT3D: retained river selector tile 34,34 feature 6 base 10244 offset 1->1 sprite 10245 absent false
[2026-10-03 16:45:28] dbg: [driver:1] OpenTT3D: retained river selector tile 34,34 feature 6 base 10244 offset 3->3 sprite 10247 absent false
[2026-10-03 16:45:28] dbg: [driver:1] OpenTT3D: retained river selector tile 35,34 feature 5 base 11269 offset 0->0 sprite 11269 absent false
[2026-10-03 16:45:28] dbg: [driver:1] OpenTT3D: retained river selector tile 35,34 feature 6 base 10244 offset 2->2 sprite 10246 absent false
[2026-10-03 16:45:28] dbg: [driver:1] OpenTT3D: retained river selector tile 35,34 feature 6 base 10244 offset 3->3 sprite 10247 absent false
[2026-10-03 16:45:28] dbg: [driver:1] OpenTT3D: retained river selector tile 35,34 feature 6 base 10244 offset 8->8 sprite 10252 absent false
[2026-10-03 16:45:28] dbg: [driver:1] OpenTT3D: retained river selector tile 35,34 feature 6 base 10244 offset 6->6 sprite 10250 absent false
[2026-10-03 16:45:28] dbg: [driver:1] OpenTT3D: retained river selector tile 35,35 feature 5 base 11269 offset 0->0 sprite 11269 absent false
[2026-10-03 16:45:28] dbg: [driver:1] OpenTT3D: retained river selector tile 35,35 feature 6 base 10244 offset 0->0 sprite 10244 absent false
[2026-10-03 16:45:28] dbg: [driver:1] OpenTT3D: retained river selector tile 35,35 feature 6 base 10244 offset 1->1 sprite 10245 absent false
[2026-10-03 16:45:28] dbg: [driver:1] OpenTT3D: retained river selector tile 35,35 feature 6 base 10244 offset 4->4 sprite 10248 absent false
[2026-10-03 16:45:28] dbg: [driver:1] OpenTT3D: retained river selector tile 35,35 feature 6 base 10244 offset 10->10 sprite 10254 absent false
[2026-10-03 16:45:28] dbg: [driver:1] OpenTT3D: retained river selector tile 36,35 feature 5 base 11269 offset 0->0 sprite 11269 absent false
[2026-10-03 16:45:28] dbg: [driver:1] OpenTT3D: retained river selector tile 36,35 feature 6 base 10244 offset 1->1 sprite 10245 absent false
[2026-10-03 16:45:28] dbg: [driver:1] OpenTT3D: retained river selector tile 36,35 feature 6 base 10244 offset 3->3 sprite 10247 absent false
[2026-10-03 16:45:28] dbg: [driver:1] OpenTT3D: retained river selector tile 37,35 feature 5 base 11269 offset 0->0 sprite 11269 absent false
[2026-10-03 16:45:28] dbg: [driver:1] OpenTT3D: retained river selector tile 37,35 feature 6 base 10244 offset 2->2 sprite 10246 absent false
[2026-10-03 16:45:28] dbg: [driver:1] OpenTT3D: retained river selector tile 37,35 feature 6 base 10244 offset 3->3 sprite 10247 absent false
[2026-10-03 16:45:28] dbg: [driver:1] OpenTT3D: retained river selector tile 37,35 feature 6 base 10244 offset 8->8 sprite 10252 absent false
[2026-10-03 16:45:28] dbg: [driver:1] OpenTT3D: retained river selector tile 37,35 feature 6 base 10244 offset 6->6 sprite 10250 absent false
[2026-10-03 16:45:28] dbg: [driver:1] OpenTT3D: retained river selector tile 37,36 feature 5 base 11269 offset 0->0 sprite 11269 absent false
[2026-10-03 16:45:28] dbg: [driver:1] OpenTT3D: retained river selector tile 37,36 feature 6 base 10244 offset 0->0 sprite 10244 absent false
[2026-10-03 16:45:28] dbg: [driver:1] OpenTT3D: retained river selector tile 37,36 feature 6 base 10244 offset 1->1 sprite 10245 absent false
[2026-10-03 16:45:28] dbg: [driver:1] OpenTT3D: retained river selector tile 37,36 feature 6 base 10244 offset 4->4 sprite 10248 absent false
[2026-10-03 16:45:28] dbg: [driver:1] OpenTT3D: retained river selector tile 37,36 feature 6 base 10244 offset 10->10 sprite 10254 absent false
[2026-10-03 16:45:28] dbg: [driver:1] OpenTT3D: retained river selector tile 38,36 feature 5 base 11269 offset 0->0 sprite 11269 absent false
[2026-10-03 16:45:28] dbg: [driver:1] OpenTT3D: retained river selector tile 38,36 feature 6 base 10244 offset 2->2 sprite 10246 absent false
[2026-10-03 16:45:28] dbg: [driver:1] OpenTT3D: retained river selector tile 38,36 feature 6 base 10244 offset 3->3 sprite 10247 absent false
[2026-10-03 16:45:28] dbg: [driver:1] OpenTT3D: retained river selector tile 38,36 feature 6 base 10244 offset 8->8 sprite 10252 absent false
[2026-10-03 16:45:28] dbg: [driver:1] OpenTT3D: retained river selector tile 38,36 feature 6 base 10244 offset 6->6 sprite 10250 absent false
[2026-10-03 16:45:28] dbg: [driver:1] OpenTT3D: retained river selector tile 38,37 feature 5 base 11269 offset 0->0 sprite 11269 absent false
[2026-10-03 16:45:28] dbg: [driver:1] OpenTT3D: retained river selector tile 38,37 feature 6 base 10244 offset 0->0 sprite 10244 absent false
[2026-10-03 16:45:28] dbg: [driver:1] OpenTT3D: retained river selector tile 38,37 feature 6 base 10244 offset 1->1 sprite 10245 absent false
[2026-10-03 16:45:28] dbg: [driver:1] OpenTT3D: retained river selector tile 38,37 feature 6 base 10244 offset 4->4 sprite 10248 absent false
[2026-10-03 16:45:28] dbg: [driver:1] OpenTT3D: retained river selector tile 38,37 feature 6 base 10244 offset 10->10 sprite 10254 absent false
[2026-10-03 16:45:28] dbg: [driver:1] OpenTT3D: retained river selector tile 39,37 feature 5 base 11269 offset 0->0 sprite 11269 absent false
[2026-10-03 16:45:28] dbg: [driver:1] OpenTT3D: retained river selector tile 39,37 feature 6 base 10244 offset 1->1 sprite 10245 absent false
[2026-10-03 16:45:28] dbg: [driver:1] OpenTT3D: retained river selector tile 39,37 feature 6 base 10244 offset 3->3 sprite 10247 absent false
[2026-10-03 16:45:28] dbg: [driver:1] OpenTT3D: retained river selector tile 40,37 feature 5 base 11269 offset 0->0 sprite 11269 absent false
[2026-10-03 16:45:28] dbg: [driver:1] OpenTT3D: retained river selector tile 40,37 feature 6 base 10244 offset 2->2 sprite 10246 absent false
[2026-10-03 16:45:28] dbg: [driver:1] OpenTT3D: retained river selector tile 40,37 feature 6 base 10244 offset 3->3 sprite 10247 absent false
[2026-10-03 16:45:28] dbg: [driver:1] OpenTT3D: retained river selector tile 40,37 feature 6 base 10244 offset 8->8 sprite 10252 absent false
[2026-10-03 16:45:28] dbg: [driver:1] OpenTT3D: retained river selector tile 40,37 feature 6 base 10244 offset 6->6 sprite 10250 absent false
[2026-10-03 16:45:28] dbg: [driver:1] OpenTT3D: retained river selector tile 40,38 feature 5 base 11269 offset 0->0 sprite 11269 absent false
[2026-10-03 16:45:28] dbg: [driver:1] OpenTT3D: retained river selector tile 40,38 feature 6 base 10244 offset 0->0 sprite 10244 absent false
[2026-10-03 16:45:28] dbg: [driver:1] OpenTT3D: retained river selector tile 40,38 feature 6 base 10244 offset 1->1 sprite 10245 absent false
[2026-10-03 16:45:28] dbg: [driver:1] OpenTT3D: retained river selector tile 40,38 feature 6 base 10244 offset 4->4 sprite 10248 absent false
[2026-10-03 16:45:28] dbg: [driver:1] OpenTT3D: retained river selector tile 40,38 feature 6 base 10244 offset 10->10 sprite 10254 absent false
[2026-10-03 16:45:28] dbg: [driver:1] OpenTT3D: retained river selector tile 41,38 feature 5 base 11269 offset 0->0 sprite 11269 absent false
[2026-10-03 16:45:28] dbg: [driver:1] OpenTT3D: retained river selector tile 41,38 feature 6 base 10244 offset 2->2 sprite 10246 absent false
[2026-10-03 16:45:28] dbg: [driver:1] OpenTT3D: retained river selector tile 41,38 feature 6 base 10244 offset 3->3 sprite 10247 absent false
[2026-10-03 16:45:28] dbg: [driver:1] OpenTT3D: retained river selector tile 41,38 feature 6 base 10244 offset 8->8 sprite 10252 absent false
[2026-10-03 16:45:28] dbg: [driver:1] OpenTT3D: retained river selector tile 41,38 feature 6 base 10244 offset 6->6 sprite 10250 absent false
[2026-10-03 16:45:28] dbg: [driver:1] OpenTT3D: retained river selector tile 41,39 feature 5 base 11269 offset 0->0 sprite 11269 absent false
[2026-10-03 16:45:28] dbg: [driver:1] OpenTT3D: retained river selector tile 41,39 feature 6 base 10244 offset 0->0 sprite 10244 absent false
[2026-10-03 16:45:28] dbg: [driver:1] OpenTT3D: retained river selector tile 41,39 feature 6 base 10244 offset 2->2 sprite 10246 absent false
[2026-10-03 16:45:28] dbg: [driver:1] OpenTT3D: retained river selector tile 41,40 feature 5 base 11269 offset 0->0 sprite 11269 absent false
[2026-10-03 16:45:28] dbg: [driver:1] OpenTT3D: retained river selector tile 41,40 feature 6 base 10244 offset 0->0 sprite 10244 absent false
[2026-10-03 16:45:28] dbg: [driver:1] OpenTT3D: retained river selector tile 41,40 feature 6 base 10244 offset 2->2 sprite 10246 absent false
[2026-10-03 16:45:28] dbg: [driver:1] OpenTT3D: retained river selector tile 41,41 feature 5 base 11269 offset 0->0 sprite 11269 absent false
[2026-10-03 16:45:28] dbg: [driver:1] OpenTT3D: retained river selector tile 41,41 feature 6 base 10244 offset 0->0 sprite 10244 absent false
[2026-10-03 16:45:28] dbg: [driver:1] OpenTT3D: retained river selector tile 41,41 feature 6 base 10244 offset 1->1 sprite 10245 absent false
[2026-10-03 16:45:28] dbg: [driver:1] OpenTT3D: retained river selector tile 41,41 feature 6 base 10244 offset 2->2 sprite 10246 absent false
[2026-10-03 16:45:28] dbg: [driver:1] OpenTT3D: retained river selector tile 41,41 feature 6 base 10244 offset 4->4 sprite 10248 absent false
[2026-10-03 16:45:28] dbg: [driver:1] OpenTT3D: retained river selector tile 41,41 feature 6 base 10244 offset 5->5 sprite 10249 absent false
[2026-10-03 16:45:28] dbg: [driver:1] OpenTT3D: live projected tree 1730 stage 4 captured at 20,61
[2026-10-03 16:45:28] dbg: [driver:1] OpenTT3D: live projected tree 1723 stage 1 captured at 20,63
[2026-10-03 16:45:28] dbg: [driver:1] OpenTT3D: 64 roof/wall pixels select their owning tile across four rotations, with independent vehicle picking
[2026-10-03 16:45:28] dbg: [driver:1] OpenTT3D: live projected tree 1730 stage 1 captured at 70,1
[2026-10-03 16:45:28] dbg: [driver:1] OpenTT3D: live projected tree 1751 stage 3 captured at 70,1
[2026-10-03 16:45:28] dbg: [driver:1] OpenTT3D: live projected tree 1709 stage 6 captured at 88,1
[2026-10-03 16:45:28] dbg: [driver:1] OpenTT3D: retained live water source tile 49,3 role ground sprite 9952 at original height 0
[2026-10-03 16:45:28] dbg: [driver:1] OpenTT3D: retained live water source tile 49,3 role body sprite 10000 at original height 0
[2026-10-03 16:45:28] dbg: [driver:1] OpenTT3D: retained live water source tile 49,3 role body sprite 10004 at original height 0
[2026-10-03 16:45:28] dbg: [driver:1] OpenTT3D: live projected tree 1737 stage 4 captured at 68,3
[2026-10-03 16:45:28] dbg: [driver:1] OpenTT3D: live projected tree 1709 stage 2 captured at 84,3
[2026-10-03 16:45:28] dbg: [driver:1] OpenTT3D: live projected tree 1730 stage 0 captured at 95,3
[2026-10-03 16:45:28] dbg: [driver:1] OpenTT3D: live projected tree 1730 stage 2 captured at 97,3
[2026-10-03 16:45:28] dbg: [driver:1] OpenTT3D: retained live water source tile 49,4 role ground sprite 9953 at original height 0
[2026-10-03 16:45:28] dbg: [driver:1] OpenTT3D: retained live water source tile 49,4 role body sprite 9992 at original height 0
[2026-10-03 16:45:28] dbg: [driver:1] OpenTT3D: retained live water source tile 49,4 role body sprite 9996 at original height 0
[2026-10-03 16:45:28] dbg: [driver:1] OpenTT3D: retained river selector tile 52,4 feature 5 base 11269 offset 0->0 sprite 11269 absent false
[2026-10-03 16:45:28] dbg: [driver:1] OpenTT3D: retained river selector tile 52,4 feature 6 base 10244 offset 0->0 sprite 10244 absent false
[2026-10-03 16:45:28] dbg: [driver:1] OpenTT3D: retained river selector tile 52,4 feature 6 base 10244 offset 3->3 sprite 10247 absent false
[2026-10-03 16:45:28] dbg: [driver:1] OpenTT3D: retained river selector tile 52,4 feature 6 base 10244 offset 9->9 sprite 10253 absent false
[2026-10-03 16:45:28] dbg: [driver:1] OpenTT3D: retained river selector tile 52,4 feature 6 base 10244 offset 7->7 sprite 10251 absent false
[2026-10-03 16:45:28] dbg: [driver:1] OpenTT3D: retained river selector tile 53,4 feature 5 base 11269 offset 0->0 sprite 11269 absent false
[2026-10-03 16:45:28] dbg: [driver:1] OpenTT3D: retained river selector tile 53,4 feature 6 base 10244 offset 1->1 sprite 10245 absent false
[2026-10-03 16:45:28] dbg: [driver:1] OpenTT3D: retained river selector tile 53,4 feature 6 base 10244 offset 3->3 sprite 10247 absent false
[2026-10-03 16:45:28] dbg: [driver:1] OpenTT3D: retained river selector tile 54,4 feature 5 base 11269 offset 0->0 sprite 11269 absent false
[2026-10-03 16:45:28] dbg: [driver:1] OpenTT3D: retained river selector tile 54,4 feature 6 base 10244 offset 1->1 sprite 10245 absent false
[2026-10-03 16:45:28] dbg: [driver:1] OpenTT3D: retained river selector tile 54,4 feature 6 base 10244 offset 3->3 sprite 10247 absent false
[2026-10-03 16:45:28] dbg: [driver:1] OpenTT3D: retained river selector tile 55,4 feature 5 base 11269 offset 0->0 sprite 11269 absent false
[2026-10-03 16:45:28] dbg: [driver:1] OpenTT3D: retained river selector tile 55,4 feature 6 base 10244 offset 2->2 sprite 10246 absent false
[2026-10-03 16:45:28] dbg: [driver:1] OpenTT3D: retained river selector tile 55,4 feature 6 base 10244 offset 3->3 sprite 10247 absent false
[2026-10-03 16:45:28] dbg: [driver:1] OpenTT3D: retained river selector tile 55,4 feature 6 base 10244 offset 8->8 sprite 10252 absent false
[2026-10-03 16:45:28] dbg: [driver:1] OpenTT3D: retained river selector tile 55,4 feature 6 base 10244 offset 6->6 sprite 10250 absent false
[2026-10-03 16:45:28] dbg: [driver:1] OpenTT3D: live projected tree 1751 stage 4 captured at 58,4
[2026-10-03 16:45:28] dbg: [driver:1] OpenTT3D: live projected tree 1730 stage 5 captured at 93,4
[2026-10-03 16:45:28] dbg: [driver:1] OpenTT3D: retained live water source tile 100,4 role ground sprite 9952 at original height 8
[2026-10-03 16:45:28] dbg: [driver:1] OpenTT3D: retained live water source tile 100,4 role body sprite 10009 at original height 8
[2026-10-03 16:45:28] dbg: [driver:1] OpenTT3D: retained live water source tile 100,4 role body sprite 10013 at original height 8
[2026-10-03 16:45:28] dbg: [driver:1] OpenTT3D: retained live water source tile 101,4 role ground sprite 9954 at original height 0
[2026-10-03 16:45:28] dbg: [driver:1] OpenTT3D: retained live water source tile 101,4 role body sprite 9993 at original height 0
[2026-10-03 16:45:28] dbg: [driver:1] OpenTT3D: retained live water source tile 101,4 role body sprite 9997 at original height 0
[2026-10-03 16:45:28] dbg: [driver:1] OpenTT3D: retained live water source tile 102,4 role ground sprite 9952 at original height 0
[2026-10-03 16:45:28] dbg: [driver:1] OpenTT3D: retained live water source tile 102,4 role body sprite 10001 at original height 0
[2026-10-03 16:45:28] dbg: [driver:1] OpenTT3D: retained live water source tile 102,4 role body sprite 10005 at original height 0
[2026-10-03 16:45:28] dbg: [driver:1] OpenTT3D: retained live water source tile 49,5 role ground sprite 9952 at original height 8
[2026-10-03 16:45:28] dbg: [driver:1] OpenTT3D: retained live water source tile 49,5 role body sprite 10008 at original height 8
[2026-10-03 16:45:28] dbg: [driver:1] OpenTT3D: retained live water source tile 49,5 role body sprite 10012 at original height 8
[2026-10-03 16:45:28] dbg: [driver:1] OpenTT3D: retained river selector tile 50,5 feature 5 base 11269 offset 0->0 sprite 11269 absent false
[2026-10-03 16:45:28] dbg: [driver:1] OpenTT3D: retained river selector tile 50,5 feature 6 base 10244 offset 0->0 sprite 10244 absent false
[2026-10-03 16:45:28] dbg: [driver:1] OpenTT3D: retained river selector tile 50,5 feature 6 base 10244 offset 1->1 sprite 10245 absent false
[2026-10-03 16:45:28] dbg: [driver:1] OpenTT3D: retained river selector tile 50,5 feature 6 base 10244 offset 3->3 sprite 10247 absent false
[2026-10-03 16:45:28] dbg: [driver:1] OpenTT3D: retained river selector tile 50,5 feature 6 base 10244 offset 4->4 sprite 10248 absent false
[2026-10-03 16:45:28] dbg: [driver:1] OpenTT3D: retained river selector tile 50,5 feature 6 base 10244 offset 7->7 sprite 10251 absent false
[2026-10-03 16:45:28] dbg: [driver:1] OpenTT3D: retained river selector tile 51,5 feature 5 base 11269 offset 0->0 sprite 11269 absent false
[2026-10-03 16:45:28] dbg: [driver:1] OpenTT3D: retained river selector tile 51,5 feature 6 base 10244 offset 1->1 sprite 10245 absent false
[2026-10-03 16:45:28] dbg: [driver:1] OpenTT3D: retained river selector tile 51,5 feature 6 base 10244 offset 3->3 sprite 10247 absent false
[2026-10-03 16:45:28] dbg: [driver:1] OpenTT3D: retained river selector tile 52,5 feature 5 base 11269 offset 0->0 sprite 11269 absent false
[2026-10-03 16:45:28] dbg: [driver:1] OpenTT3D: retained river selector tile 52,5 feature 6 base 10244 offset 1->1 sprite 10245 absent false
[2026-10-03 16:45:28] dbg: [driver:1] OpenTT3D: retained river selector tile 52,5 feature 6 base 10244 offset 2->2 sprite 10246 absent false
[2026-10-03 16:45:28] dbg: [driver:1] OpenTT3D: retained river selector tile 52,5 feature 6 base 10244 offset 5->5 sprite 10249 absent false
[2026-10-03 16:45:28] dbg: [driver:1] OpenTT3D: retained river selector tile 52,5 feature 6 base 10244 offset 11->11 sprite 10255 absent false
[2026-10-03 16:45:28] dbg: [driver:1] OpenTT3D: retained river selector tile 55,5 feature 5 base 11269 offset 0->0 sprite 11269 absent false
[2026-10-03 16:45:28] dbg: [driver:1] OpenTT3D: retained river selector tile 55,5 feature 6 base 10244 offset 0->0 sprite 10244 absent false
[2026-10-03 16:45:28] dbg: [driver:1] OpenTT3D: retained river selector tile 55,5 feature 6 base 10244 offset 1->1 sprite 10245 absent false
[2026-10-03 16:45:28] dbg: [driver:1] OpenTT3D: retained river selector tile 55,5 feature 6 base 10244 offset 4->4 sprite 10248 absent false
[2026-10-03 16:45:28] dbg: [driver:1] OpenTT3D: retained river selector tile 55,5 feature 6 base 10244 offset 10->10 sprite 10254 absent false
[2026-10-03 16:45:28] dbg: [driver:1] OpenTT3D: retained river selector tile 56,5 feature 5 base 11269 offset 0->0 sprite 11269 absent false
[2026-10-03 16:45:28] dbg: [driver:1] OpenTT3D: retained river selector tile 56,5 feature 6 base 10244 offset 1->1 sprite 10245 absent false
[2026-10-03 16:45:28] dbg: [driver:1] OpenTT3D: retained river selector tile 56,5 feature 6 base 10244 offset 3->3 sprite 10247 absent false
[2026-10-03 16:45:28] dbg: [driver:1] OpenTT3D: retained river selector tile 57,5 feature 5 base 11269 offset 0->0 sprite 11269 absent false
[2026-10-03 16:45:28] dbg: [driver:1] OpenTT3D: retained river selector tile 57,5 feature 6 base 10244 offset 1->1 sprite 10245 absent false
[2026-10-03 16:45:28] dbg: [driver:1] OpenTT3D: retained river selector tile 57,5 feature 6 base 10244 offset 3->3 sprite 10247 absent false
[2026-10-03 16:45:28] dbg: [driver:1] OpenTT3D: retained river selector tile 58,5 feature 5 base 11269 offset 0->0 sprite 11269 absent false
[2026-10-03 16:45:28] dbg: [driver:1] OpenTT3D: retained river selector tile 58,5 feature 6 base 10244 offset 1->1 sprite 10245 absent false
[2026-10-03 16:45:28] dbg: [driver:1] OpenTT3D: retained river selector tile 58,5 feature 6 base 10244 offset 3->3 sprite 10247 absent false
[2026-10-03 16:45:28] dbg: [driver:1] OpenTT3D: retained river selector tile 59,5 feature 5 base 11269 offset 0->0 sprite 11269 absent false
[2026-10-03 16:45:28] dbg: [driver:1] OpenTT3D: retained river selector tile 59,5 feature 6 base 10244 offset 1->1 sprite 10245 absent false
[2026-10-03 16:45:28] dbg: [driver:1] OpenTT3D: retained river selector tile 59,5 feature 6 base 10244 offset 3->3 sprite 10247 absent false
[2026-10-03 16:45:28] dbg: [driver:1] OpenTT3D: retained river selector tile 60,5 feature 5 base 11269 offset 0->0 sprite 11269 absent false
[2026-10-03 16:45:28] dbg: [driver:1] OpenTT3D: retained river selector tile 60,5 feature 6 base 10244 offset 1->1 sprite 10245 absent false
[2026-10-03 16:45:28] dbg: [driver:1] OpenTT3D: retained river selector tile 60,5 feature 6 base 10244 offset 3->3 sprite 10247 absent false
[2026-10-03 16:45:28] dbg: [driver:1] OpenTT3D: retained river selector tile 61,5 feature 5 base 11269 offset 0->0 sprite 11269 absent false
[2026-10-03 16:45:28] dbg: [driver:1] OpenTT3D: retained river selector tile 61,5 feature 6 base 10244 offset 1->1 sprite 10245 absent false
[2026-10-03 16:45:28] dbg: [driver:1] OpenTT3D: retained river selector tile 61,5 feature 6 base 10244 offset 3->3 sprite 10247 absent false
[2026-10-03 16:45:28] dbg: [driver:1] OpenTT3D: retained river selector tile 62,5 feature 5 base 11269 offset 0->0 sprite 11269 absent false
[2026-10-03 16:45:28] dbg: [driver:1] OpenTT3D: retained river selector tile 62,5 feature 6 base 10244 offset 1->1 sprite 10245 absent false
[2026-10-03 16:45:28] dbg: [driver:1] OpenTT3D: retained river selector tile 62,5 feature 6 base 10244 offset 3->3 sprite 10247 absent false
[2026-10-03 16:45:28] dbg: [driver:1] OpenTT3D: retained river selector tile 63,5 feature 5 base 11269 offset 0->0 sprite 11269 absent false
[2026-10-03 16:45:28] dbg: [driver:1] OpenTT3D: retained river selector tile 63,5 feature 6 base 10244 offset 1->1 sprite 10245 absent false
[2026-10-03 16:45:28] dbg: [driver:1] OpenTT3D: retained river selector tile 63,5 feature 6 base 10244 offset 2->2 sprite 10246 absent false
[2026-10-03 16:45:28] dbg: [driver:1] OpenTT3D: retained river selector tile 63,5 feature 6 base 10244 offset 3->3 sprite 10247 absent false
[2026-10-03 16:45:28] dbg: [driver:1] OpenTT3D: retained river selector tile 63,5 feature 6 base 10244 offset 5->5 sprite 10249 absent false
[2026-10-03 16:45:28] dbg: [driver:1] OpenTT3D: retained river selector tile 63,5 feature 6 base 10244 offset 6->6 sprite 10250 absent false
[2026-10-03 16:45:28] dbg: [driver:1] OpenTT3D: retained live water source tile 64,5 role ground sprite 9957 at original height 8
[2026-10-03 16:45:28] dbg: [driver:2] OpenTT3D: source texture 9957 mip family request 5 decode 0.265 ms, preparation 0.897 ms
[2026-10-03 16:45:28] dbg: [driver:1] OpenTT3D: retained live water source tile 64,5 role body sprite 10024 at original height 8
[2026-10-03 16:45:28] dbg: [driver:1] OpenTT3D: retained live water source tile 64,5 role body sprite 10028 at original height 8
[2026-10-03 16:45:28] dbg: [driver:1] OpenTT3D: retained river selector tile 65,5 feature 5 base 11269 offset 0->0 sprite 11269 absent false
[2026-10-03 16:45:28] dbg: [driver:1] OpenTT3D: retained river selector tile 65,5 feature 6 base 10244 offset 0->0 sprite 10244 absent false
[2026-10-03 16:45:28] dbg: [driver:1] OpenTT3D: retained river selector tile 65,5 feature 6 base 10244 offset 1->1 sprite 10245 absent false
[2026-10-03 16:45:28] dbg: [driver:1] OpenTT3D: retained river selector tile 65,5 feature 6 base 10244 offset 3->3 sprite 10247 absent false
[2026-10-03 16:45:28] dbg: [driver:1] OpenTT3D: retained river selector tile 65,5 feature 6 base 10244 offset 4->4 sprite 10248 absent false
[2026-10-03 16:45:28] dbg: [driver:1] OpenTT3D: retained river selector tile 65,5 feature 6 base 10244 offset 7->7 sprite 10251 absent false
[2026-10-03 16:45:28] dbg: [driver:1] OpenTT3D: retained river selector tile 66,5 feature 5 base 11269 offset 0->0 sprite 11269 absent false
[2026-10-03 16:45:28] dbg: [driver:1] OpenTT3D: retained river selector tile 66,5 feature 6 base 10244 offset 1->1 sprite 10245 absent false
[2026-10-03 16:45:28] dbg: [driver:1] OpenTT3D: retained river selector tile 66,5 feature 6 base 10244 offset 3->3 sprite 10247 absent false
[2026-10-03 16:45:28] dbg: [driver:1] OpenTT3D: retained river selector tile 67,5 feature 5 base 11269 offset 0->0 sprite 11269 absent false
[2026-10-03 16:45:28] dbg: [driver:1] OpenTT3D: retained river selector tile 67,5 feature 6 base 10244 offset 2->2 sprite 10246 absent false
[2026-10-03 16:45:28] dbg: [driver:1] OpenTT3D: retained river selector tile 67,5 feature 6 base 10244 offset 3->3 sprite 10247 absent false
[2026-10-03 16:45:28] dbg: [driver:1] OpenTT3D: retained river selector tile 67,5 feature 6 base 10244 offset 8->8 sprite 10252 absent false
[2026-10-03 16:45:28] dbg: [driver:1] OpenTT3D: retained river selector tile 67,5 feature 6 base 10244 offset 6->6 sprite 10250 absent false
[2026-10-03 16:45:28] dbg: [driver:1] OpenTT3D: live projected tree 1744 stage 0 captured at 81,5
[2026-10-03 16:45:28] dbg: [driver:1] OpenTT3D: live projected tree 1751 stage 5 captured at 56,6
[2026-10-03 16:45:28] dbg: [driver:1] OpenTT3D: retained live water source tile 64,6 role ground sprite 9958 at original height 8
[2026-10-03 16:45:28] dbg: [driver:1] OpenTT3D: retained live water source tile 64,6 role body sprite 10016 at original height 8
[2026-10-03 16:45:28] dbg: [driver:1] OpenTT3D: retained live water source tile 64,6 role body sprite 10020 at original height 8
[2026-10-03 16:45:28] dbg: [driver:1] OpenTT3D: retained river selector tile 67,6 feature 5 base 11269 offset 0->0 sprite 11269 absent false
[2026-10-03 16:45:28] dbg: [driver:1] OpenTT3D: retained river selector tile 67,6 feature 6 base 10244 offset 0->0 sprite 10244 absent false
[2026-10-03 16:45:28] dbg: [driver:1] OpenTT3D: retained river selector tile 67,6 feature 6 base 10244 offset 1->1 sprite 10245 absent false
[2026-10-03 16:45:28] dbg: [driver:1] OpenTT3D: retained river selector tile 67,6 feature 6 base 10244 offset 2->2 sprite 10246 absent false
[2026-10-03 16:45:28] dbg: [driver:1] OpenTT3D: retained river selector tile 67,6 feature 6 base 10244 offset 4->4 sprite 10248 absent false
[2026-10-03 16:45:28] dbg: [driver:1] OpenTT3D: retained river selector tile 67,6 feature 6 base 10244 offset 5->5 sprite 10249 absent false
[2026-10-03 16:45:28] dbg: [driver:1] OpenTT3D: live projected tree 1709 stage 0 captured at 89,6
[2026-10-03 16:45:28] dbg: [driver:1] OpenTT3D: live projected tree 1709 stage 1 captured at 52,7
[2026-10-03 16:45:28] dbg: [driver:1] OpenTT3D: retained live water source tile 64,7 role ground sprite 9957 at original height 16
[2026-10-03 16:45:28] dbg: [driver:1] OpenTT3D: retained live water source tile 64,7 role body sprite 10032 at original height 16
[2026-10-03 16:45:28] dbg: [driver:1] OpenTT3D: retained live water source tile 64,7 role body sprite 10036 at original height 16
[2026-10-03 16:45:28] dbg: [driver:1] OpenTT3D: retained river selector tile 104,7 feature 5 base 11264 offset 1->1 sprite 11265 absent false
[2026-10-03 16:45:28] dbg: [driver:1] OpenTT3D: retained live water source tile 104,7 role ground sprite 11265 at original height 0
[2026-10-03 16:45:28] dbg: [driver:2] OpenTT3D: source texture 11265 mip family request 5 decode 0.736 ms, preparation 1.158 ms
[2026-10-03 16:45:28] dbg: [driver:1] OpenTT3D: retained river selector tile 104,7 feature 6 base 10364 offset 12->12 sprite 10376 absent false
[2026-10-03 16:45:28] dbg: [driver:1] OpenTT3D: retained live water source tile 104,7 role ground sprite 10376 at original height 0
[2026-10-03 16:45:28] dbg: [driver:1] OpenTT3D: retained river selector tile 105,7 feature 5 base 11264 offset 1->1 sprite 11265 absent false
[2026-10-03 16:45:28] dbg: [driver:1] OpenTT3D: retained live water source tile 105,7 role ground sprite 11265 at original height 0
[2026-10-03 16:45:28] dbg: [driver:1] OpenTT3D: retained river selector tile 105,7 feature 6 base 10364 offset 14->14 sprite 10378 absent false
[2026-10-03 16:45:28] dbg: [driver:1] OpenTT3D: retained live water source tile 105,7 role ground sprite 10378 at original height 0
[2026-10-03 16:45:28] dbg: [driver:1] OpenTT3D: retained river selector tile 103,8 feature 5 base 11269 offset 0->0 sprite 11269 absent false
[2026-10-03 16:45:28] dbg: [driver:1] OpenTT3D: retained river selector tile 103,8 feature 6 base 10244 offset 0->0 sprite 10244 absent false
[2026-10-03 16:45:28] dbg: [driver:1] OpenTT3D: retained river selector tile 103,8 feature 6 base 10244 offset 3->3 sprite 10247 absent false
[2026-10-03 16:45:28] dbg: [driver:1] OpenTT3D: retained river selector tile 103,8 feature 6 base 10244 offset 7->7 sprite 10251 absent false
[2026-10-03 16:45:28] dbg: [driver:1] OpenTT3D: retained river selector tile 104,8 feature 5 base 11269 offset 0->0 sprite 11269 absent false
[2026-10-03 16:45:28] dbg: [driver:1] OpenTT3D: retained river selector tile 104,8 feature 6 base 10244 offset 11->11 sprite 10255 absent false
[2026-10-03 16:45:28] dbg: [driver:1] OpenTT3D: retained river selector tile 105,8 feature 5 base 11269 offset 0->0 sprite 11269 absent false
[2026-10-03 16:45:28] dbg: [driver:1] OpenTT3D: retained river selector tile 105,8 feature 6 base 10244 offset 2->2 sprite 10246 absent false
[2026-10-03 16:45:28] dbg: [driver:1] OpenTT3D: live projected tree 1744 stage 1 captured at 65,9
[2026-10-03 16:45:28] dbg: [driver:1] OpenTT3D: live projected tree 1716 stage 6 captured at 86,9
[2026-10-03 16:45:28] dbg: [driver:1] OpenTT3D: retained river selector tile 100,9 feature 5 base 11269 offset 0->0 sprite 11269 absent false
[2026-10-03 16:45:28] dbg: [driver:1] OpenTT3D: retained river selector tile 100,9 feature 6 base 10244 offset 0->0 sprite 10244 absent false
[2026-10-03 16:45:28] dbg: [driver:1] OpenTT3D: retained river selector tile 100,9 feature 6 base 10244 offset 3->3 sprite 10247 absent false
[2026-10-03 16:45:28] dbg: [driver:1] OpenTT3D: retained river selector tile 100,9 feature 6 base 10244 offset 9->9 sprite 10253 absent false
[2026-10-03 16:45:28] dbg: [driver:1] OpenTT3D: retained river selector tile 100,9 feature 6 base 10244 offset 7->7 sprite 10251 absent false
[2026-10-03 16:45:28] dbg: [driver:1] OpenTT3D: retained river selector tile 101,9 feature 5 base 11269 offset 0->0 sprite 11269 absent false
[2026-10-03 16:45:28] dbg: [driver:1] OpenTT3D: retained river selector tile 101,9 feature 6 base 10244 offset 1->1 sprite 10245 absent false
[2026-10-03 16:45:28] dbg: [driver:1] OpenTT3D: retained river selector tile 101,9 feature 6 base 10244 offset 3->3 sprite 10247 absent false
[2026-10-03 16:45:28] dbg: [driver:1] OpenTT3D: retained river selector tile 102,9 feature 5 base 11269 offset 0->0 sprite 11269 absent false
[2026-10-03 16:45:28] dbg: [driver:1] OpenTT3D: retained river selector tile 102,9 feature 6 base 10244 offset 3->3 sprite 10247 absent false
[2026-10-03 16:45:28] dbg: [driver:1] OpenTT3D: retained river selector tile 102,9 feature 6 base 10244 offset 8->8 sprite 10252 absent false
[2026-10-03 16:45:28] dbg: [driver:1] OpenTT3D: retained river selector tile 103,9 feature 5 base 11269 offset 0->0 sprite 11269 absent false
[2026-10-03 16:45:28] dbg: [driver:1] OpenTT3D: retained river selector tile 103,9 feature 6 base 10244 offset 9->9 sprite 10253 absent false
[2026-10-03 16:45:29] dbg: [driver:1] OpenTT3D: retained river selector tile 103,9 feature 6 base 10244 offset 11->11 sprite 10255 absent false
[2026-10-03 16:45:29] dbg: [driver:1] OpenTT3D: retained river selector tile 104,9 feature 5 base 11269 offset 0->0 sprite 11269 absent false
[2026-10-03 16:45:29] dbg: [driver:1] OpenTT3D: retained river selector tile 104,9 feature 6 base 10244 offset 1->1 sprite 10245 absent false
[2026-10-03 16:45:29] dbg: [driver:1] OpenTT3D: retained river selector tile 105,9 feature 5 base 11269 offset 0->0 sprite 11269 absent false
[2026-10-03 16:45:29] dbg: [driver:1] OpenTT3D: retained river selector tile 105,9 feature 6 base 10244 offset 1->1 sprite 10245 absent false
[2026-10-03 16:45:29] dbg: [driver:1] OpenTT3D: retained river selector tile 105,9 feature 6 base 10244 offset 2->2 sprite 10246 absent false
[2026-10-03 16:45:29] dbg: [driver:1] OpenTT3D: retained river selector tile 105,9 feature 6 base 10244 offset 5->5 sprite 10249 absent false
[2026-10-03 16:45:29] dbg: [driver:1] OpenTT3D: live projected tree 1723 stage 2 captured at 84,10
[2026-10-03 16:45:29] dbg: [driver:1] OpenTT3D: live projected tree 1744 stage 5 captured at 88,10
[2026-10-03 16:45:29] dbg: [driver:1] OpenTT3D: retained river selector tile 100,10 feature 5 base 11269 offset 0->0 sprite 11269 absent false
[2026-10-03 16:45:29] dbg: [driver:1] OpenTT3D: retained river selector tile 100,10 feature 6 base 10244 offset 0->0 sprite 10244 absent false
[2026-10-03 16:45:29] dbg: [driver:1] OpenTT3D: retained river selector tile 100,10 feature 6 base 10244 offset 2->2 sprite 10246 absent false
[2026-10-03 16:45:29] dbg: [driver:1] OpenTT3D: retained river selector tile 102,10 feature 5 base 11269 offset 0->0 sprite 11269 absent false
[2026-10-03 16:45:29] dbg: [driver:1] OpenTT3D: retained river selector tile 102,10 feature 6 base 10244 offset 0->0 sprite 10244 absent false
[2026-10-03 16:45:29] dbg: [driver:1] OpenTT3D: retained river selector tile 102,10 feature 6 base 10244 offset 1->1 sprite 10245 absent false
[2026-10-03 16:45:29] dbg: [driver:1] OpenTT3D: retained river selector tile 102,10 feature 6 base 10244 offset 4->4 sprite 10248 absent false
[2026-10-03 16:45:29] dbg: [driver:1] OpenTT3D: retained river selector tile 103,10 feature 5 base 11269 offset 0->0 sprite 11269 absent false
[2026-10-03 16:45:29] dbg: [driver:1] OpenTT3D: retained river selector tile 103,10 feature 6 base 10244 offset 1->1 sprite 10245 absent false
[2026-10-03 16:45:29] dbg: [driver:1] OpenTT3D: retained river selector tile 103,10 feature 6 base 10244 offset 2->2 sprite 10246 absent false
[2026-10-03 16:45:29] dbg: [driver:1] OpenTT3D: retained river selector tile 103,10 feature 6 base 10244 offset 5->5 sprite 10249 absent false
[2026-10-03 16:45:29] dbg: [driver:1] OpenTT3D: live projected tree 1716 stage 5 captured at 122,10
[2026-10-03 16:45:29] dbg: [driver:1] OpenTT3D: live projected tree 1723 stage 0 captured at 73,11
[2026-10-03 16:45:29] dbg: [driver:1] OpenTT3D: retained river selector tile 97,11 feature 5 base 11269 offset 0->0 sprite 11269 absent false
[2026-10-03 16:45:29] dbg: [driver:1] OpenTT3D: retained river selector tile 97,11 feature 6 base 10244 offset 0->0 sprite 10244 absent false
[2026-10-03 16:45:29] dbg: [driver:1] OpenTT3D: retained river selector tile 97,11 feature 6 base 10244 offset 3->3 sprite 10247 absent false
[2026-10-03 16:45:29] dbg: [driver:1] OpenTT3D: retained river selector tile 97,11 feature 6 base 10244 offset 9->9 sprite 10253 absent false
[2026-10-03 16:45:29] dbg: [driver:1] OpenTT3D: retained river selector tile 97,11 feature 6 base 10244 offset 7->7 sprite 10251 absent false
[2026-10-03 16:45:29] dbg: [driver:1] OpenTT3D: retained river selector tile 98,11 feature 5 base 11269 offset 0->0 sprite 11269 absent false
[2026-10-03 16:45:29] dbg: [driver:1] OpenTT3D: retained river selector tile 98,11 feature 6 base 10244 offset 1->1 sprite 10245 absent false
[2026-10-03 16:45:29] dbg: [driver:1] OpenTT3D: retained river selector tile 98,11 feature 6 base 10244 offset 3->3 sprite 10247 absent false
[2026-10-03 16:45:29] dbg: [driver:1] OpenTT3D: retained river selector tile 99,11 feature 5 base 11269 offset 0->0 sprite 11269 absent false
[2026-10-03 16:45:29] dbg: [driver:1] OpenTT3D: retained river selector tile 99,11 feature 6 base 10244 offset 1->1 sprite 10245 absent false
[2026-10-03 16:45:29] dbg: [driver:1] OpenTT3D: retained river selector tile 99,11 feature 6 base 10244 offset 3->3 sprite 10247 absent false
[2026-10-03 16:45:29] dbg: [driver:1] OpenTT3D: retained river selector tile 100,11 feature 5 base 11269 offset 0->0 sprite 11269 absent false
[2026-10-03 16:45:29] dbg: [driver:1] OpenTT3D: retained river selector tile 100,11 feature 6 base 10244 offset 1->1 sprite 10245 absent false
[2026-10-03 16:45:29] dbg: [driver:1] OpenTT3D: retained river selector tile 100,11 feature 6 base 10244 offset 2->2 sprite 10246 absent false
[2026-10-03 16:45:29] dbg: [driver:1] OpenTT3D: retained river selector tile 100,11 feature 6 base 10244 offset 5->5 sprite 10249 absent false
[2026-10-03 16:45:29] dbg: [driver:1] OpenTT3D: retained river selector tile 100,11 feature 6 base 10244 offset 11->11 sprite 10255 absent false
[2026-10-03 16:45:29] dbg: [driver:1] OpenTT3D: live projected tree 1751 stage 6 captured at 111,11
[2026-10-03 16:45:29] dbg: [driver:1] OpenTT3D: live projected tree 1723 stage 5 captured at 114,11
[2026-10-03 16:45:29] dbg: [driver:1] OpenTT3D: live projected tree 1716 stage 2 captured at 122,11
[2026-10-03 16:45:29] dbg: [driver:1] OpenTT3D: retained live water source tile 38,12 role ground sprite 9952 at original height 0
[2026-10-03 16:45:29] dbg: [driver:1] OpenTT3D: retained live water source tile 38,12 role body sprite 10002 at original height 0
[2026-10-03 16:45:29] dbg: [driver:1] OpenTT3D: retained live water source tile 38,12 role body sprite 10006 at original height 0
[2026-10-03 16:45:29] dbg: [driver:1] OpenTT3D: retained live water source tile 39,12 role ground sprite 9955 at original height 0
[2026-10-03 16:45:29] dbg: [driver:1] OpenTT3D: retained live water source tile 39,12 role body sprite 9994 at original height 0
[2026-10-03 16:45:29] dbg: [driver:1] OpenTT3D: retained live water source tile 39,12 role body sprite 9998 at original height 0
[2026-10-03 16:45:29] dbg: [driver:1] OpenTT3D: retained live water source tile 40,12 role ground sprite 9952 at original height 8
[2026-10-03 16:45:29] dbg: [driver:1] OpenTT3D: retained live water source tile 40,12 role body sprite 10010 at original height 8
[2026-10-03 16:45:29] dbg: [driver:1] OpenTT3D: retained live water source tile 40,12 role body sprite 10014 at original height 8
[2026-10-03 16:45:29] dbg: [driver:2] OpenTT3D: source texture 10014 mip family request 5 decode 1.420 ms, preparation 0.001 ms
[2026-10-03 16:45:29] dbg: [driver:1] OpenTT3D: live projected tree 1744 stage 4 captured at 60,12
[2026-10-03 16:45:29] dbg: [driver:1] OpenTT3D: retained river selector tile 97,12 feature 5 base 11269 offset 0->0 sprite 11269 absent false
[2026-10-03 16:45:29] dbg: [driver:1] OpenTT3D: retained river selector tile 97,12 feature 6 base 10244 offset 0->0 sprite 10244 absent false
[2026-10-03 16:45:29] dbg: [driver:1] OpenTT3D: retained river selector tile 97,12 feature 6 base 10244 offset 2->2 sprite 10246 absent false
[2026-10-03 16:45:29] dbg: [driver:1] OpenTT3D: live projected tree 1758 stage 0 captured at 74,13
[2026-10-03 16:45:29] dbg: [driver:1] OpenTT3D: live projected tree 1751 stage 1 captured at 87,13
[2026-10-03 16:45:29] dbg: [driver:1] OpenTT3D: retained river selector tile 96,13 feature 5 base 11269 offset 0->0 sprite 11269 absent false
[2026-10-03 16:45:29] dbg: [driver:1] OpenTT3D: retained river selector tile 96,13 feature 6 base 10244 offset 0->0 sprite 10244 absent false
[2026-10-03 16:45:29] dbg: [driver:1] OpenTT3D: retained river selector tile 96,13 feature 6 base 10244 offset 3->3 sprite 10247 absent false
[2026-10-03 16:45:29] dbg: [driver:1] OpenTT3D: retained river selector tile 96,13 feature 6 base 10244 offset 9->9 sprite 10253 absent false
[2026-10-03 16:45:29] dbg: [driver:1] OpenTT3D: retained river selector tile 96,13 feature 6 base 10244 offset 7->7 sprite 10251 absent false
[2026-10-03 16:45:29] dbg: [driver:1] OpenTT3D: retained river selector tile 97,13 feature 5 base 11269 offset 0->0 sprite 11269 absent false
[2026-10-03 16:45:29] dbg: [driver:1] OpenTT3D: retained river selector tile 97,13 feature 6 base 10244 offset 1->1 sprite 10245 absent false
[2026-10-03 16:45:29] dbg: [driver:1] OpenTT3D: retained river selector tile 97,13 feature 6 base 10244 offset 2->2 sprite 10246 absent false
[2026-10-03 16:45:29] dbg: [driver:1] OpenTT3D: retained river selector tile 97,13 feature 6 base 10244 offset 5->5 sprite 10249 absent false
[2026-10-03 16:45:29] dbg: [driver:1] OpenTT3D: retained river selector tile 97,13 feature 6 base 10244 offset 11->11 sprite 10255 absent false
[2026-10-03 16:45:29] dbg: [driver:1] OpenTT3D: retained live water source tile 87,14 role ground sprite 9957 at original height 16
[2026-10-03 16:45:29] dbg: [driver:1] OpenTT3D: retained live water source tile 87,14 role body sprite 10033 at original height 16
[2026-10-03 16:45:29] dbg: [driver:1] OpenTT3D: retained live water source tile 87,14 role body sprite 10037 at original height 16
[2026-10-03 16:45:29] dbg: [driver:1] OpenTT3D: retained live water source tile 88,14 role ground sprite 9959 at original height 8
[2026-10-03 16:45:29] dbg: [driver:1] OpenTT3D: retained live water source tile 88,14 role body sprite 10017 at original height 8
[2026-10-03 16:45:29] dbg: [driver:1] OpenTT3D: retained live water source tile 88,14 role body sprite 10021 at original height 8
[2026-10-03 16:45:29] dbg: [driver:1] OpenTT3D: retained live water source tile 89,14 role ground sprite 9957 at original height 8
[2026-10-03 16:45:29] dbg: [driver:1] OpenTT3D: retained live water source tile 89,14 role body sprite 10025 at original height 8
[2026-10-03 16:45:29] dbg: [driver:1] OpenTT3D: retained live water source tile 89,14 role body sprite 10029 at original height 8
[2026-10-03 16:45:29] dbg: [driver:1] OpenTT3D: retained river selector tile 96,14 feature 5 base 11269 offset 0->0 sprite 11269 absent false
[2026-10-03 16:45:29] dbg: [driver:1] OpenTT3D: retained river selector tile 96,14 feature 6 base 10244 offset 0->0 sprite 10244 absent false
[2026-10-03 16:45:29] dbg: [driver:1] OpenTT3D: retained river selector tile 96,14 feature 6 base 10244 offset 2->2 sprite 10246 absent false
[2026-10-03 16:45:29] dbg: [driver:1] OpenTT3D: live projected tree 1751 stage 0 captured at 72,15
[2026-10-03 16:45:29] dbg: [driver:1] OpenTT3D: retained river selector tile 94,15 feature 5 base 11269 offset 0->0 sprite 11269 absent false
[2026-10-03 16:45:29] dbg: [driver:1] OpenTT3D: retained river selector tile 94,15 feature 6 base 10244 offset 0->0 sprite 10244 absent false
[2026-10-03 16:45:29] dbg: [driver:1] OpenTT3D: retained river selector tile 94,15 feature 6 base 10244 offset 3->3 sprite 10247 absent false
[2026-10-03 16:45:29] dbg: [driver:1] OpenTT3D: retained river selector tile 94,15 feature 6 base 10244 offset 9->9 sprite 10253 absent false
[2026-10-03 16:45:29] dbg: [driver:1] OpenTT3D: retained river selector tile 94,15 feature 6 base 10244 offset 7->7 sprite 10251 absent false
[2026-10-03 16:45:29] dbg: [driver:1] OpenTT3D: retained river selector tile 95,15 feature 5 base 11269 offset 0->0 sprite 11269 absent false
[2026-10-03 16:45:29] dbg: [driver:1] OpenTT3D: retained river selector tile 95,15 feature 6 base 10244 offset 1->1 sprite 10245 absent false
[2026-10-03 16:45:29] dbg: [driver:1] OpenTT3D: retained river selector tile 95,15 feature 6 base 10244 offset 3->3 sprite 10247 absent false
[2026-10-03 16:45:29] dbg: [driver:1] OpenTT3D: retained river selector tile 96,15 feature 5 base 11269 offset 0->0 sprite 11269 absent false
[2026-10-03 16:45:29] dbg: [driver:1] OpenTT3D: retained river selector tile 96,15 feature 6 base 10244 offset 1->1 sprite 10245 absent false
[2026-10-03 16:45:29] dbg: [driver:1] OpenTT3D: retained river selector tile 96,15 feature 6 base 10244 offset 2->2 sprite 10246 absent false
[2026-10-03 16:45:29] dbg: [driver:1] OpenTT3D: retained river selector tile 96,15 feature 6 base 10244 offset 5->5 sprite 10249 absent false
[2026-10-03 16:45:29] dbg: [driver:1] OpenTT3D: retained river selector tile 96,15 feature 6 base 10244 offset 11->11 sprite 10255 absent false
[2026-10-03 16:45:29] dbg: [driver:1] OpenTT3D: retained river selector tile 94,16 feature 5 base 11269 offset 0->0 sprite 11269 absent false
[2026-10-03 16:45:29] dbg: [driver:1] OpenTT3D: retained river selector tile 94,16 feature 6 base 10244 offset 0->0 sprite 10244 absent false
[2026-10-03 16:45:29] dbg: [driver:1] OpenTT3D: retained river selector tile 94,16 feature 6 base 10244 offset 2->2 sprite 10246 absent false
[2026-10-03 16:45:29] dbg: [driver:1] OpenTT3D: retained live water source tile 106,16 role ground sprite 9957 at original height 8
[2026-10-03 16:45:29] dbg: [driver:1] OpenTT3D: retained live water source tile 106,16 role body sprite 10026 at original height 8
[2026-10-03 16:45:29] dbg: [driver:1] OpenTT3D: retained live water source tile 106,16 role body sprite 10030 at original height 8
[2026-10-03 16:45:29] dbg: [driver:1] OpenTT3D: retained live water source tile 107,16 role ground sprite 9960 at original height 8
[2026-10-03 16:45:29] dbg: [driver:1] OpenTT3D: retained live water source tile 107,16 role body sprite 10018 at original height 8
[2026-10-03 16:45:29] dbg: [driver:1] OpenTT3D: retained live water source tile 107,16 role body sprite 10022 at original height 8
[2026-10-03 16:45:29] dbg: [driver:1] OpenTT3D: retained live water source tile 108,16 role ground sprite 9957 at original height 16
[2026-10-03 16:45:29] dbg: [driver:1] OpenTT3D: retained live water source tile 108,16 role body sprite 10034 at original height 16
[2026-10-03 16:45:29] dbg: [driver:1] OpenTT3D: retained live water source tile 108,16 role body sprite 10038 at original height 16
[2026-10-03 16:45:29] dbg: [driver:1] OpenTT3D: retained river selector tile 94,17 feature 5 base 11269 offset 0->0 sprite 11269 absent false
[2026-10-03 16:45:29] dbg: [driver:1] OpenTT3D: retained river selector tile 94,17 feature 6 base 10244 offset 0->0 sprite 10244 absent false
[2026-10-03 16:45:29] dbg: [driver:1] OpenTT3D: retained river selector tile 94,17 feature 6 base 10244 offset 2->2 sprite 10246 absent false
[2026-10-03 16:45:29] dbg: [driver:1] OpenTT3D: live projected tree 1744 stage 2 captured at 116,17
[2026-10-03 16:45:29] dbg: [driver:1] OpenTT3D: live projected tree 1737 stage 0 captured at 53,18
[2026-10-03 16:45:29] dbg: [driver:1] OpenTT3D: retained river selector tile 94,18 feature 5 base 11269 offset 0->0 sprite 11269 absent false
[2026-10-03 16:45:29] dbg: [driver:1] OpenTT3D: retained river selector tile 94,18 feature 6 base 10244 offset 0->0 sprite 10244 absent false
[2026-10-03 16:45:29] dbg: [driver:1] OpenTT3D: retained river selector tile 94,18 feature 6 base 10244 offset 2->2 sprite 10246 absent false
[2026-10-03 16:45:29] dbg: [driver:1] OpenTT3D: live projected tree 1737 stage 1 captured at 117,18
[2026-10-03 16:45:29] dbg: [driver:1] OpenTT3D: retained river selector tile 94,19 feature 5 base 11269 offset 0->0 sprite 11269 absent false
[2026-10-03 16:45:29] dbg: [driver:1] OpenTT3D: retained river selector tile 94,19 feature 6 base 10244 offset 0->0 sprite 10244 absent false
[2026-10-03 16:45:29] dbg: [driver:1] OpenTT3D: retained river selector tile 94,19 feature 6 base 10244 offset 1->1 sprite 10245 absent false
[2026-10-03 16:45:29] dbg: [driver:1] OpenTT3D: retained river selector tile 94,19 feature 6 base 10244 offset 2->2 sprite 10246 absent false
[2026-10-03 16:45:29] dbg: [driver:1] OpenTT3D: retained river selector tile 94,19 feature 6 base 10244 offset 4->4 sprite 10248 absent false
[2026-10-03 16:45:29] dbg: [driver:1] OpenTT3D: retained river selector tile 94,19 feature 6 base 10244 offset 5->5 sprite 10249 absent false
[2026-10-03 16:45:29] dbg: [driver:1] OpenTT3D: live projected tree 1716 stage 0 captured at 25,34
[2026-10-03 16:45:29] dbg: [driver:1] OpenTT3D: retained live water source tile 95,44 role ground sprite 9957 at original height 16
[2026-10-03 16:45:29] dbg: [driver:1] OpenTT3D: retained live water source tile 95,44 role body sprite 10035 at original height 16
[2026-10-03 16:45:29] dbg: [driver:1] OpenTT3D: retained live water source tile 95,44 role body sprite 10039 at original height 16
[2026-10-03 16:45:29] dbg: [driver:1] OpenTT3D: retained live water source tile 95,45 role ground sprite 9961 at original height 8
[2026-10-03 16:45:29] dbg: [driver:1] OpenTT3D: retained live water source tile 95,45 role body sprite 10019 at original height 8
[2026-10-03 16:45:29] dbg: [driver:1] OpenTT3D: retained live water source tile 95,45 role body sprite 10023 at original height 8
[2026-10-03 16:45:29] dbg: [driver:1] OpenTT3D: retained live water source tile 95,46 role ground sprite 9957 at original height 8
[2026-10-03 16:45:29] dbg: [driver:1] OpenTT3D: retained live water source tile 95,46 role body sprite 10027 at original height 8
[2026-10-03 16:45:29] dbg: [driver:1] OpenTT3D: retained live water source tile 95,46 role body sprite 10031 at original height 8
[2026-10-03 16:45:29] dbg: [driver:1] OpenTT3D: retained river selector tile 60,62 feature 5 base 11269 offset 0->0 sprite 11269 absent false
[2026-10-03 16:45:29] dbg: [driver:1] OpenTT3D: retained river selector tile 60,62 feature 6 base 10244 offset 0->0 sprite 10244 absent false
[2026-10-03 16:45:29] dbg: [driver:1] OpenTT3D: retained river selector tile 60,62 feature 6 base 10244 offset 1->1 sprite 10245 absent false
[2026-10-03 16:45:29] dbg: [driver:1] OpenTT3D: retained river selector tile 60,62 feature 6 base 10244 offset 3->3 sprite 10247 absent false
[2026-10-03 16:45:29] dbg: [driver:1] OpenTT3D: retained river selector tile 60,62 feature 6 base 10244 offset 4->4 sprite 10248 absent false
[2026-10-03 16:45:29] dbg: [driver:1] OpenTT3D: retained river selector tile 60,62 feature 6 base 10244 offset 7->7 sprite 10251 absent false
[2026-10-03 16:45:29] dbg: [driver:1] OpenTT3D: retained river selector tile 61,62 feature 5 base 11269 offset 0->0 sprite 11269 absent false
[2026-10-03 16:45:29] dbg: [driver:1] OpenTT3D: retained river selector tile 61,62 feature 6 base 10244 offset 1->1 sprite 10245 absent false
[2026-10-03 16:45:29] dbg: [driver:1] OpenTT3D: retained river selector tile 61,62 feature 6 base 10244 offset 3->3 sprite 10247 absent false
[2026-10-03 16:45:29] dbg: [driver:1] OpenTT3D: retained river selector tile 62,62 feature 5 base 11269 offset 0->0 sprite 11269 absent false
[2026-10-03 16:45:29] dbg: [driver:1] OpenTT3D: retained river selector tile 62,62 feature 6 base 10244 offset 2->2 sprite 10246 absent false
[2026-10-03 16:45:29] dbg: [driver:1] OpenTT3D: retained river selector tile 62,62 feature 6 base 10244 offset 3->3 sprite 10247 absent false
[2026-10-03 16:45:29] dbg: [driver:1] OpenTT3D: retained river selector tile 62,62 feature 6 base 10244 offset 8->8 sprite 10252 absent false
[2026-10-03 16:45:29] dbg: [driver:1] OpenTT3D: retained river selector tile 62,62 feature 6 base 10244 offset 6->6 sprite 10250 absent false
[2026-10-03 16:45:29] dbg: [driver:1] OpenTT3D: retained river selector tile 62,63 feature 5 base 11269 offset 0->0 sprite 11269 absent false
[2026-10-03 16:45:29] dbg: [driver:1] OpenTT3D: retained river selector tile 62,63 feature 6 base 10244 offset 0->0 sprite 10244 absent false
[2026-10-03 16:45:29] dbg: [driver:1] OpenTT3D: retained river selector tile 62,63 feature 6 base 10244 offset 2->2 sprite 10246 absent false
[2026-10-03 16:45:29] dbg: [driver:1] OpenTT3D: retained river selector tile 62,64 feature 5 base 11269 offset 0->0 sprite 11269 absent false
[2026-10-03 16:45:29] dbg: [driver:1] OpenTT3D: retained river selector tile 62,64 feature 6 base 10244 offset 0->0 sprite 10244 absent false
[2026-10-03 16:45:29] dbg: [driver:1] OpenTT3D: retained river selector tile 62,64 feature 6 base 10244 offset 2->2 sprite 10246 absent false
[2026-10-03 16:45:29] dbg: [driver:1] OpenTT3D: retained river selector tile 62,65 feature 5 base 11269 offset 0->0 sprite 11269 absent false
[2026-10-03 16:45:29] dbg: [driver:1] OpenTT3D: retained river selector tile 62,65 feature 6 base 10244 offset 0->0 sprite 10244 absent false
[2026-10-03 16:45:29] dbg: [driver:1] OpenTT3D: retained river selector tile 62,65 feature 6 base 10244 offset 2->2 sprite 10246 absent false
[2026-10-03 16:45:29] dbg: [driver:1] OpenTT3D: retained river selector tile 62,66 feature 5 base 11269 offset 0->0 sprite 11269 absent false
[2026-10-03 16:45:29] dbg: [driver:1] OpenTT3D: retained river selector tile 62,66 feature 6 base 10244 offset 0->0 sprite 10244 absent false
[2026-10-03 16:45:29] dbg: [driver:1] OpenTT3D: retained river selector tile 62,66 feature 6 base 10244 offset 2->2 sprite 10246 absent false
[2026-10-03 16:45:29] dbg: [driver:1] OpenTT3D: retained river selector tile 62,67 feature 5 base 11269 offset 0->0 sprite 11269 absent false
[2026-10-03 16:45:29] dbg: [driver:1] OpenTT3D: retained river selector tile 62,67 feature 6 base 10244 offset 0->0 sprite 10244 absent false
[2026-10-03 16:45:29] dbg: [driver:1] OpenTT3D: retained river selector tile 62,67 feature 6 base 10244 offset 2->2 sprite 10246 absent false
[2026-10-03 16:45:29] dbg: [driver:1] OpenTT3D: retained river selector tile 62,68 feature 5 base 11269 offset 0->0 sprite 11269 absent false
[2026-10-03 16:45:29] dbg: [driver:1] OpenTT3D: retained river selector tile 62,68 feature 6 base 10244 offset 0->0 sprite 10244 absent false
[2026-10-03 16:45:29] dbg: [driver:1] OpenTT3D: retained river selector tile 62,68 feature 6 base 10244 offset 2->2 sprite 10246 absent false
[2026-10-03 16:45:29] dbg: [driver:1] OpenTT3D: retained river selector tile 62,69 feature 5 base 11269 offset 0->0 sprite 11269 absent false
[2026-10-03 16:45:29] dbg: [driver:1] OpenTT3D: retained river selector tile 62,69 feature 6 base 10244 offset 0->0 sprite 10244 absent false
[2026-10-03 16:45:29] dbg: [driver:1] OpenTT3D: retained river selector tile 62,69 feature 6 base 10244 offset 1->1 sprite 10245 absent false
[2026-10-03 16:45:29] dbg: [driver:1] OpenTT3D: retained river selector tile 62,69 feature 6 base 10244 offset 4->4 sprite 10248 absent false
[2026-10-03 16:45:29] dbg: [driver:1] OpenTT3D: retained river selector tile 62,69 feature 6 base 10244 offset 10->10 sprite 10254 absent false
[2026-10-03 16:45:29] dbg: [driver:1] OpenTT3D: retained river selector tile 63,69 feature 5 base 11269 offset 0->0 sprite 11269 absent false
[2026-10-03 16:45:29] dbg: [driver:1] OpenTT3D: retained river selector tile 63,69 feature 6 base 10244 offset 2->2 sprite 10246 absent false
[2026-10-03 16:45:29] dbg: [driver:1] OpenTT3D: retained river selector tile 63,69 feature 6 base 10244 offset 3->3 sprite 10247 absent false
[2026-10-03 16:45:29] dbg: [driver:1] OpenTT3D: retained river selector tile 63,69 feature 6 base 10244 offset 8->8 sprite 10252 absent false
[2026-10-03 16:45:29] dbg: [driver:1] OpenTT3D: retained river selector tile 63,69 feature 6 base 10244 offset 6->6 sprite 10250 absent false
[2026-10-03 16:45:29] dbg: [driver:1] OpenTT3D: retained river selector tile 63,70 feature 5 base 11269 offset 0->0 sprite 11269 absent false
[2026-10-03 16:45:29] dbg: [driver:1] OpenTT3D: retained river selector tile 63,70 feature 6 base 10244 offset 0->0 sprite 10244 absent false
[2026-10-03 16:45:29] dbg: [driver:1] OpenTT3D: retained river selector tile 63,70 feature 6 base 10244 offset 2->2 sprite 10246 absent false
[2026-10-03 16:45:29] dbg: [driver:1] OpenTT3D: retained river selector tile 63,71 feature 5 base 11269 offset 0->0 sprite 11269 absent false
[2026-10-03 16:45:29] dbg: [driver:1] OpenTT3D: retained river selector tile 63,71 feature 6 base 10244 offset 0->0 sprite 10244 absent false
[2026-10-03 16:45:29] dbg: [driver:1] OpenTT3D: retained river selector tile 63,71 feature 6 base 10244 offset 2->2 sprite 10246 absent false
[2026-10-03 16:45:29] dbg: [driver:1] OpenTT3D: retained river selector tile 63,72 feature 5 base 11269 offset 0->0 sprite 11269 absent false
[2026-10-03 16:45:29] dbg: [driver:1] OpenTT3D: retained river selector tile 63,72 feature 6 base 10244 offset 0->0 sprite 10244 absent false
[2026-10-03 16:45:29] dbg: [driver:1] OpenTT3D: retained river selector tile 63,72 feature 6 base 10244 offset 2->2 sprite 10246 absent false
[2026-10-03 16:45:29] dbg: [driver:1] OpenTT3D: retained river selector tile 63,73 feature 5 base 11269 offset 0->0 sprite 11269 absent false
[2026-10-03 16:45:29] dbg: [driver:1] OpenTT3D: retained river selector tile 63,73 feature 6 base 10244 offset 0->0 sprite 10244 absent false
[2026-10-03 16:45:29] dbg: [driver:1] OpenTT3D: retained river selector tile 63,73 feature 6 base 10244 offset 1->1 sprite 10245 absent false
[2026-10-03 16:45:29] dbg: [driver:1] OpenTT3D: retained river selector tile 63,73 feature 6 base 10244 offset 4->4 sprite 10248 absent false
[2026-10-03 16:45:29] dbg: [driver:1] OpenTT3D: retained river selector tile 63,73 feature 6 base 10244 offset 10->10 sprite 10254 absent false
[2026-10-03 16:45:29] dbg: [driver:1] OpenTT3D: retained river selector tile 64,73 feature 5 base 11269 offset 0->0 sprite 11269 absent false
[2026-10-03 16:45:29] dbg: [driver:1] OpenTT3D: retained river selector tile 64,73 feature 6 base 10244 offset 1->1 sprite 10245 absent false
[2026-10-03 16:45:29] dbg: [driver:1] OpenTT3D: retained river selector tile 64,73 feature 6 base 10244 offset 3->3 sprite 10247 absent false
[2026-10-03 16:45:29] dbg: [driver:1] OpenTT3D: retained river selector tile 65,73 feature 5 base 11269 offset 0->0 sprite 11269 absent false
[2026-10-03 16:45:29] dbg: [driver:1] OpenTT3D: retained river selector tile 65,73 feature 6 base 10244 offset 1->1 sprite 10245 absent false
[2026-10-03 16:45:29] dbg: [driver:1] OpenTT3D: retained river selector tile 65,73 feature 6 base 10244 offset 3->3 sprite 10247 absent false
[2026-10-03 16:45:29] dbg: [driver:1] OpenTT3D: retained river selector tile 66,73 feature 5 base 11269 offset 0->0 sprite 11269 absent false
[2026-10-03 16:45:29] dbg: [driver:1] OpenTT3D: retained river selector tile 66,73 feature 6 base 10244 offset 2->2 sprite 10246 absent false
[2026-10-03 16:45:29] dbg: [driver:1] OpenTT3D: retained river selector tile 66,73 feature 6 base 10244 offset 3->3 sprite 10247 absent false
[2026-10-03 16:45:29] dbg: [driver:1] OpenTT3D: retained river selector tile 66,73 feature 6 base 10244 offset 8->8 sprite 10252 absent false
[2026-10-03 16:45:29] dbg: [driver:1] OpenTT3D: retained river selector tile 66,73 feature 6 base 10244 offset 6->6 sprite 10250 absent false
[2026-10-03 16:45:29] dbg: [driver:1] OpenTT3D: live voxel house ground 48 construction stage 3 captured at 20,74
[2026-10-03 16:45:29] dbg: [driver:1] OpenTT3D: live voxel house ground 48 construction stage 3 variant 1 captured
[2026-10-03 16:45:29] dbg: [driver:1] OpenTT3D: live voxel house 48 construction stage 3 captured at 20,74
[2026-10-03 16:45:29] dbg: [driver:1] OpenTT3D: live voxel house 48 construction stage 3 variant 1 captured
[2026-10-03 16:45:29] dbg: [driver:1] OpenTT3D: retained river selector tile 66,74 feature 5 base 11269 offset 0->0 sprite 11269 absent false
[2026-10-03 16:45:29] dbg: [driver:1] OpenTT3D: retained river selector tile 66,74 feature 6 base 10244 offset 0->0 sprite 10244 absent false
[2026-10-03 16:45:29] dbg: [driver:1] OpenTT3D: retained river selector tile 66,74 feature 6 base 10244 offset 2->2 sprite 10246 absent false
[2026-10-03 16:45:29] dbg: [driver:1] OpenTT3D: retained river selector tile 66,75 feature 5 base 11269 offset 0->0 sprite 11269 absent false
[2026-10-03 16:45:29] dbg: [driver:1] OpenTT3D: retained river selector tile 66,75 feature 6 base 10244 offset 0->0 sprite 10244 absent false
[2026-10-03 16:45:29] dbg: [driver:1] OpenTT3D: retained river selector tile 66,75 feature 6 base 10244 offset 2->2 sprite 10246 absent false
[2026-10-03 16:45:29] dbg: [driver:1] OpenTT3D: retained river selector tile 66,76 feature 5 base 11269 offset 0->0 sprite 11269 absent false
[2026-10-03 16:45:29] dbg: [driver:1] OpenTT3D: retained river selector tile 66,76 feature 6 base 10244 offset 0->0 sprite 10244 absent false
[2026-10-03 16:45:29] dbg: [driver:1] OpenTT3D: retained river selector tile 66,76 feature 6 base 10244 offset 2->2 sprite 10246 absent false
[2026-10-03 16:45:29] dbg: [driver:1] OpenTT3D: retained river selector tile 66,77 feature 5 base 11269 offset 0->0 sprite 11269 absent false
[2026-10-03 16:45:29] dbg: [driver:1] OpenTT3D: retained river selector tile 66,77 feature 6 base 10244 offset 0->0 sprite 10244 absent false
[2026-10-03 16:45:29] dbg: [driver:1] OpenTT3D: retained river selector tile 66,77 feature 6 base 10244 offset 10->10 sprite 10254 absent false
[2026-10-03 16:45:29] dbg: [driver:1] OpenTT3D: retained river selector tile 67,77 feature 5 base 11269 offset 0->0 sprite 11269 absent false
[2026-10-03 16:45:29] dbg: [driver:1] OpenTT3D: retained river selector tile 67,77 feature 6 base 10244 offset 2->2 sprite 10246 absent false
[2026-10-03 16:45:29] dbg: [driver:1] OpenTT3D: retained river selector tile 67,77 feature 6 base 10244 offset 3->3 sprite 10247 absent false
[2026-10-03 16:45:29] dbg: [driver:1] OpenTT3D: retained river selector tile 67,77 feature 6 base 10244 offset 6->6 sprite 10250 absent false
[2026-10-03 16:45:29] dbg: [driver:1] OpenTT3D: retained river selector tile 66,78 feature 5 base 11269 offset 0->0 sprite 11269 absent false
[2026-10-03 16:45:29] dbg: [driver:1] OpenTT3D: retained river selector tile 66,78 feature 6 base 10244 offset 0->0 sprite 10244 absent false
[2026-10-03 16:45:29] dbg: [driver:1] OpenTT3D: retained river selector tile 67,78 feature 5 base 11269 offset 0->0 sprite 11269 absent false
[2026-10-03 16:45:29] dbg: [driver:1] OpenTT3D: retained river selector tile 67,78 feature 6 base 10244 offset 2->2 sprite 10246 absent false
[2026-10-03 16:45:29] dbg: [driver:1] OpenTT3D: retained river selector tile 66,79 feature 5 base 11269 offset 0->0 sprite 11269 absent false
[2026-10-03 16:45:29] dbg: [driver:1] OpenTT3D: retained river selector tile 66,79 feature 6 base 10244 offset 0->0 sprite 10244 absent false
[2026-10-03 16:45:29] dbg: [driver:1] OpenTT3D: retained river selector tile 67,79 feature 5 base 11269 offset 0->0 sprite 11269 absent false
[2026-10-03 16:45:29] dbg: [driver:1] OpenTT3D: retained river selector tile 67,79 feature 6 base 10244 offset 2->2 sprite 10246 absent false
[2026-10-03 16:45:29] dbg: [driver:1] OpenTT3D: retained river selector tile 66,80 feature 5 base 11269 offset 0->0 sprite 11269 absent false
[2026-10-03 16:45:29] dbg: [driver:1] OpenTT3D: retained river selector tile 66,80 feature 6 base 10244 offset 0->0 sprite 10244 absent false
[2026-10-03 16:45:29] dbg: [driver:1] OpenTT3D: retained river selector tile 67,80 feature 5 base 11269 offset 0->0 sprite 11269 absent false
[2026-10-03 16:45:29] dbg: [driver:1] OpenTT3D: retained river selector tile 67,80 feature 6 base 10244 offset 2->2 sprite 10246 absent false
[2026-10-03 16:45:29] dbg: [driver:1] OpenTT3D: retained river selector tile 66,81 feature 5 base 11269 offset 0->0 sprite 11269 absent false
[2026-10-03 16:45:29] dbg: [driver:1] OpenTT3D: retained river selector tile 66,81 feature 6 base 10244 offset 0->0 sprite 10244 absent false
[2026-10-03 16:45:29] dbg: [driver:1] OpenTT3D: retained river selector tile 67,81 feature 5 base 11269 offset 0->0 sprite 11269 absent false
[2026-10-03 16:45:29] dbg: [driver:1] OpenTT3D: retained river selector tile 67,81 feature 6 base 10244 offset 2->2 sprite 10246 absent false
[2026-10-03 16:45:29] dbg: [driver:1] OpenTT3D: retained river selector tile 66,82 feature 5 base 11269 offset 0->0 sprite 11269 absent false
[2026-10-03 16:45:29] dbg: [driver:1] OpenTT3D: retained river selector tile 66,82 feature 6 base 10244 offset 0->0 sprite 10244 absent false
[2026-10-03 16:45:29] dbg: [driver:1] OpenTT3D: retained river selector tile 67,82 feature 5 base 11269 offset 0->0 sprite 11269 absent false
[2026-10-03 16:45:29] dbg: [driver:1] OpenTT3D: retained river selector tile 67,82 feature 6 base 10244 offset 2->2 sprite 10246 absent false
[2026-10-03 16:45:29] dbg: [driver:1] OpenTT3D: retained river selector tile 66,83 feature 5 base 11269 offset 0->0 sprite 11269 absent false
[2026-10-03 16:45:29] dbg: [driver:1] OpenTT3D: retained river selector tile 66,83 feature 6 base 10244 offset 0->0 sprite 10244 absent false
[2026-10-03 16:45:29] dbg: [driver:1] OpenTT3D: retained river selector tile 67,83 feature 5 base 11269 offset 0->0 sprite 11269 absent false
[2026-10-03 16:45:29] dbg: [driver:1] OpenTT3D: retained river selector tile 67,83 feature 6 base 10244 offset 2->2 sprite 10246 absent false
[2026-10-03 16:45:29] dbg: [driver:1] OpenTT3D: retained river selector tile 66,84 feature 5 base 11269 offset 0->0 sprite 11269 absent false
[2026-10-03 16:45:29] dbg: [driver:1] OpenTT3D: retained river selector tile 66,84 feature 6 base 10244 offset 0->0 sprite 10244 absent false
[2026-10-03 16:45:29] dbg: [driver:1] OpenTT3D: retained river selector tile 67,84 feature 5 base 11269 offset 0->0 sprite 11269 absent false
[2026-10-03 16:45:29] dbg: [driver:1] OpenTT3D: retained river selector tile 67,84 feature 6 base 10244 offset 2->2 sprite 10246 absent false
[2026-10-03 16:45:29] dbg: [driver:1] OpenTT3D: retained river selector tile 66,85 feature 5 base 11269 offset 0->0 sprite 11269 absent false
[2026-10-03 16:45:29] dbg: [driver:1] OpenTT3D: retained river selector tile 66,85 feature 6 base 10244 offset 0->0 sprite 10244 absent false
[2026-10-03 16:45:29] dbg: [driver:1] OpenTT3D: retained river selector tile 67,85 feature 5 base 11269 offset 0->0 sprite 11269 absent false
[2026-10-03 16:45:29] dbg: [driver:1] OpenTT3D: retained river selector tile 67,85 feature 6 base 10244 offset 2->2 sprite 10246 absent false
[2026-10-03 16:45:29] dbg: [driver:1] OpenTT3D: retained river selector tile 66,86 feature 5 base 11269 offset 0->0 sprite 11269 absent false
[2026-10-03 16:45:29] dbg: [driver:1] OpenTT3D: retained river selector tile 66,86 feature 6 base 10244 offset 0->0 sprite 10244 absent false
[2026-10-03 16:45:29] dbg: [driver:1] OpenTT3D: retained river selector tile 67,86 feature 5 base 11269 offset 0->0 sprite 11269 absent false
[2026-10-03 16:45:29] dbg: [driver:1] OpenTT3D: retained river selector tile 67,86 feature 6 base 10244 offset 2->2 sprite 10246 absent false
[2026-10-03 16:45:29] dbg: [driver:1] OpenTT3D: retained river selector tile 66,87 feature 5 base 11269 offset 0->0 sprite 11269 absent false
[2026-10-03 16:45:29] dbg: [driver:1] OpenTT3D: retained river selector tile 66,87 feature 6 base 10244 offset 0->0 sprite 10244 absent false
[2026-10-03 16:45:29] dbg: [driver:1] OpenTT3D: retained river selector tile 67,87 feature 5 base 11269 offset 0->0 sprite 11269 absent false
[2026-10-03 16:45:29] dbg: [driver:1] OpenTT3D: retained river selector tile 67,87 feature 6 base 10244 offset 2->2 sprite 10246 absent false
[2026-10-03 16:45:29] dbg: [driver:1] OpenTT3D: retained river selector tile 66,88 feature 5 base 11269 offset 0->0 sprite 11269 absent false
[2026-10-03 16:45:29] dbg: [driver:1] OpenTT3D: retained river selector tile 66,88 feature 6 base 10244 offset 0->0 sprite 10244 absent false
[2026-10-03 16:45:29] dbg: [driver:1] OpenTT3D: retained river selector tile 67,88 feature 5 base 11269 offset 0->0 sprite 11269 absent false
[2026-10-03 16:45:29] dbg: [driver:1] OpenTT3D: retained river selector tile 67,88 feature 6 base 10244 offset 10->10 sprite 10254 absent false
[2026-10-03 16:45:29] dbg: [driver:1] OpenTT3D: retained river selector tile 68,88 feature 5 base 11269 offset 0->0 sprite 11269 absent false
[2026-10-03 16:45:29] dbg: [driver:1] OpenTT3D: retained river selector tile 68,88 feature 6 base 10244 offset 2->2 sprite 10246 absent false
[2026-10-03 16:45:29] dbg: [driver:1] OpenTT3D: retained river selector tile 68,88 feature 6 base 10244 offset 3->3 sprite 10247 absent false
[2026-10-03 16:45:29] dbg: [driver:1] OpenTT3D: retained river selector tile 68,88 feature 6 base 10244 offset 6->6 sprite 10250 absent false
[2026-10-03 16:45:29] dbg: [driver:1] OpenTT3D: retained river selector tile 66,89 feature 5 base 11269 offset 0->0 sprite 11269 absent false
[2026-10-03 16:45:29] dbg: [driver:1] OpenTT3D: retained river selector tile 66,89 feature 6 base 10244 offset 0->0 sprite 10244 absent false
[2026-10-03 16:45:29] dbg: [driver:1] OpenTT3D: retained river selector tile 66,89 feature 6 base 10244 offset 1->1 sprite 10245 absent false
[2026-10-03 16:45:29] dbg: [driver:1] OpenTT3D: retained river selector tile 66,89 feature 6 base 10244 offset 4->4 sprite 10248 absent false
[2026-10-03 16:45:29] dbg: [driver:1] OpenTT3D: retained river selector tile 67,89 feature 5 base 11269 offset 0->0 sprite 11269 absent false
[2026-10-03 16:45:29] dbg: [driver:1] OpenTT3D: retained river selector tile 67,89 feature 6 base 10244 offset 8->8 sprite 10252 absent false
[2026-10-03 16:45:29] dbg: [driver:1] OpenTT3D: retained river selector tile 68,89 feature 5 base 11269 offset 0->0 sprite 11269 absent false
[2026-10-03 16:45:29] dbg: [driver:1] OpenTT3D: retained river selector tile 68,89 feature 6 base 10244 offset 2->2 sprite 10246 absent false
[2026-10-03 16:45:29] dbg: [driver:1] OpenTT3D: retained river selector tile 67,90 feature 5 base 11269 offset 0->0 sprite 11269 absent false
[2026-10-03 16:45:29] dbg: [driver:1] OpenTT3D: retained river selector tile 67,90 feature 6 base 10244 offset 0->0 sprite 10244 absent false
[2026-10-03 16:45:29] dbg: [driver:1] OpenTT3D: retained river selector tile 68,90 feature 5 base 11269 offset 0->0 sprite 11269 absent false
[2026-10-03 16:45:29] dbg: [driver:1] OpenTT3D: retained river selector tile 68,90 feature 6 base 10244 offset 2->2 sprite 10246 absent false
[2026-10-03 16:45:29] dbg: [driver:1] OpenTT3D: retained river selector tile 67,91 feature 5 base 11269 offset 0->0 sprite 11269 absent false
[2026-10-03 16:45:29] dbg: [driver:1] OpenTT3D: retained river selector tile 67,91 feature 6 base 10244 offset 0->0 sprite 10244 absent false
[2026-10-03 16:45:29] dbg: [driver:1] OpenTT3D: retained river selector tile 68,91 feature 5 base 11269 offset 0->0 sprite 11269 absent false
[2026-10-03 16:45:29] dbg: [driver:1] OpenTT3D: retained river selector tile 68,91 feature 6 base 10244 offset 2->2 sprite 10246 absent false
[2026-10-03 16:45:29] dbg: [driver:1] OpenTT3D: retained river selector tile 67,92 feature 5 base 11269 offset 0->0 sprite 11269 absent false
[2026-10-03 16:45:29] dbg: [driver:1] OpenTT3D: retained river selector tile 67,92 feature 6 base 10244 offset 0->0 sprite 10244 absent false
[2026-10-03 16:45:29] dbg: [driver:1] OpenTT3D: retained river selector tile 68,92 feature 5 base 11269 offset 0->0 sprite 11269 absent false
[2026-10-03 16:45:29] dbg: [driver:1] OpenTT3D: retained river selector tile 68,92 feature 6 base 10244 offset 2->2 sprite 10246 absent false
[2026-10-03 16:45:29] dbg: [driver:1] OpenTT3D: retained river selector tile 67,93 feature 5 base 11269 offset 0->0 sprite 11269 absent false
[2026-10-03 16:45:29] dbg: [driver:1] OpenTT3D: retained river selector tile 67,93 feature 6 base 10244 offset 0->0 sprite 10244 absent false
[2026-10-03 16:45:29] dbg: [driver:1] OpenTT3D: retained river selector tile 68,93 feature 5 base 11269 offset 0->0 sprite 11269 absent false
[2026-10-03 16:45:29] dbg: [driver:1] OpenTT3D: retained river selector tile 68,93 feature 6 base 10244 offset 2->2 sprite 10246 absent false
[2026-10-03 16:45:29] dbg: [driver:1] OpenTT3D: retained river selector tile 67,94 feature 5 base 11269 offset 0->0 sprite 11269 absent false
[2026-10-03 16:45:29] dbg: [driver:1] OpenTT3D: retained river selector tile 67,94 feature 6 base 10244 offset 0->0 sprite 10244 absent false
[2026-10-03 16:45:29] dbg: [driver:1] OpenTT3D: retained river selector tile 68,94 feature 5 base 11269 offset 0->0 sprite 11269 absent false
[2026-10-03 16:45:29] dbg: [driver:1] OpenTT3D: retained river selector tile 68,94 feature 6 base 10244 offset 2->2 sprite 10246 absent false
[2026-10-03 16:45:29] dbg: [driver:1] OpenTT3D: retained river selector tile 67,95 feature 5 base 11269 offset 0->0 sprite 11269 absent false
[2026-10-03 16:45:29] dbg: [driver:1] OpenTT3D: retained river selector tile 67,95 feature 6 base 10244 offset 0->0 sprite 10244 absent false
[2026-10-03 16:45:29] dbg: [driver:1] OpenTT3D: retained river selector tile 68,95 feature 5 base 11269 offset 0->0 sprite 11269 absent false
[2026-10-03 16:45:29] dbg: [driver:1] OpenTT3D: retained river selector tile 68,95 feature 6 base 10244 offset 2->2 sprite 10246 absent false
[2026-10-03 16:45:29] dbg: [driver:1] OpenTT3D: retained river selector tile 66,96 feature 5 base 11269 offset 0->0 sprite 11269 absent false
[2026-10-03 16:45:29] dbg: [driver:1] OpenTT3D: retained river selector tile 66,96 feature 6 base 10244 offset 0->0 sprite 10244 absent false
[2026-10-03 16:45:29] dbg: [driver:1] OpenTT3D: retained river selector tile 66,96 feature 6 base 10244 offset 3->3 sprite 10247 absent false
[2026-10-03 16:45:29] dbg: [driver:1] OpenTT3D: retained river selector tile 66,96 feature 6 base 10244 offset 7->7 sprite 10251 absent false
[2026-10-03 16:45:29] dbg: [driver:1] OpenTT3D: retained river selector tile 67,96 feature 5 base 11269 offset 0->0 sprite 11269 absent false
[2026-10-03 16:45:29] dbg: [driver:1] OpenTT3D: retained river selector tile 67,96 feature 6 base 10244 offset 11->11 sprite 10255 absent false
[2026-10-03 16:45:29] dbg: [driver:1] OpenTT3D: retained river selector tile 68,96 feature 5 base 11269 offset 0->0 sprite 11269 absent false
[2026-10-03 16:45:29] dbg: [driver:1] OpenTT3D: retained river selector tile 68,96 feature 6 base 10244 offset 2->2 sprite 10246 absent false
[2026-10-03 16:45:29] dbg: [driver:1] OpenTT3D: retained river selector tile 66,97 feature 5 base 11269 offset 0->0 sprite 11269 absent false
[2026-10-03 16:45:29] dbg: [driver:1] OpenTT3D: retained river selector tile 66,97 feature 6 base 10244 offset 0->0 sprite 10244 absent false
[2026-10-03 16:45:29] dbg: [driver:1] OpenTT3D: retained river selector tile 67,97 feature 5 base 11269 offset 0->0 sprite 11269 absent false
[2026-10-03 16:45:29] dbg: [driver:1] OpenTT3D: retained river selector tile 68,97 feature 5 base 11269 offset 0->0 sprite 11269 absent false
[2026-10-03 16:45:29] dbg: [driver:1] OpenTT3D: retained river selector tile 68,97 feature 6 base 10244 offset 10->10 sprite 10254 absent false
[2026-10-03 16:45:29] dbg: [driver:1] OpenTT3D: retained river selector tile 69,97 feature 5 base 11269 offset 0->0 sprite 11269 absent false
[2026-10-03 16:45:29] dbg: [driver:1] OpenTT3D: retained river selector tile 69,97 feature 6 base 10244 offset 2->2 sprite 10246 absent false
[2026-10-03 16:45:29] dbg: [driver:1] OpenTT3D: retained river selector tile 69,97 feature 6 base 10244 offset 3->3 sprite 10247 absent false
[2026-10-03 16:45:29] dbg: [driver:1] OpenTT3D: retained river selector tile 69,97 feature 6 base 10244 offset 6->6 sprite 10250 absent false
[2026-10-03 16:45:29] dbg: [driver:1] OpenTT3D: retained river selector tile 66,98 feature 5 base 11269 offset 0->0 sprite 11269 absent false
[2026-10-03 16:45:29] dbg: [driver:1] OpenTT3D: retained river selector tile 66,98 feature 6 base 10244 offset 0->0 sprite 10244 absent false
[2026-10-03 16:45:29] dbg: [driver:1] OpenTT3D: retained river selector tile 67,98 feature 5 base 11269 offset 0->0 sprite 11269 absent false
[2026-10-03 16:45:29] dbg: [driver:1] OpenTT3D: retained river selector tile 68,98 feature 5 base 11269 offset 0->0 sprite 11269 absent false
[2026-10-03 16:45:29] dbg: [driver:1] OpenTT3D: retained river selector tile 69,98 feature 5 base 11269 offset 0->0 sprite 11269 absent false
[2026-10-03 16:45:29] dbg: [driver:1] OpenTT3D: retained river selector tile 69,98 feature 6 base 10244 offset 10->10 sprite 10254 absent false
[2026-10-03 16:45:29] dbg: [driver:1] OpenTT3D: retained river selector tile 70,98 feature 5 base 11269 offset 0->0 sprite 11269 absent false
[2026-10-03 16:45:29] dbg: [driver:1] OpenTT3D: retained river selector tile 70,98 feature 6 base 10244 offset 2->2 sprite 10246 absent false
[2026-10-03 16:45:29] dbg: [driver:1] OpenTT3D: retained river selector tile 70,98 feature 6 base 10244 offset 3->3 sprite 10247 absent false
[2026-10-03 16:45:29] dbg: [driver:1] OpenTT3D: retained river selector tile 70,98 feature 6 base 10244 offset 6->6 sprite 10250 absent false
[2026-10-03 16:45:29] dbg: [driver:1] OpenTT3D: retained river selector tile 66,99 feature 5 base 11269 offset 0->0 sprite 11269 absent false
[2026-10-03 16:45:29] dbg: [driver:1] OpenTT3D: retained river selector tile 66,99 feature 6 base 10244 offset 0->0 sprite 10244 absent false
[2026-10-03 16:45:29] dbg: [driver:1] OpenTT3D: retained river selector tile 66,99 feature 6 base 10244 offset 1->1 sprite 10245 absent false
[2026-10-03 16:45:29] dbg: [driver:1] OpenTT3D: retained river selector tile 66,99 feature 6 base 10244 offset 4->4 sprite 10248 absent false
[2026-10-03 16:45:29] dbg: [driver:1] OpenTT3D: retained river selector tile 67,99 feature 5 base 11269 offset 0->0 sprite 11269 absent false
[2026-10-03 16:45:29] dbg: [driver:1] OpenTT3D: retained river selector tile 67,99 feature 6 base 10244 offset 8->8 sprite 10252 absent false
[2026-10-03 16:45:29] dbg: [driver:1] OpenTT3D: retained river selector tile 68,99 feature 5 base 11269 offset 0->0 sprite 11269 absent false
[2026-10-03 16:45:29] dbg: [driver:1] OpenTT3D: retained river selector tile 69,99 feature 5 base 11269 offset 0->0 sprite 11269 absent false
[2026-10-03 16:45:29] dbg: [driver:1] OpenTT3D: retained river selector tile 70,99 feature 5 base 11269 offset 0->0 sprite 11269 absent false
[2026-10-03 16:45:29] dbg: [driver:1] OpenTT3D: retained river selector tile 70,99 feature 6 base 10244 offset 2->2 sprite 10246 absent false
[2026-10-03 16:45:29] dbg: [driver:1] OpenTT3D: retained river selector tile 67,100 feature 5 base 11269 offset 0->0 sprite 11269 absent false
[2026-10-03 16:45:29] dbg: [driver:1] OpenTT3D: retained river selector tile 67,100 feature 6 base 10244 offset 0->0 sprite 10244 absent false
[2026-10-03 16:45:29] dbg: [driver:1] OpenTT3D: retained river selector tile 67,100 feature 6 base 10244 offset 1->1 sprite 10245 absent false
[2026-10-03 16:45:29] dbg: [driver:1] OpenTT3D: retained river selector tile 67,100 feature 6 base 10244 offset 4->4 sprite 10248 absent false
[2026-10-03 16:45:29] dbg: [driver:1] OpenTT3D: retained river selector tile 68,100 feature 5 base 11269 offset 0->0 sprite 11269 absent false
[2026-10-03 16:45:29] dbg: [driver:1] OpenTT3D: retained river selector tile 68,100 feature 6 base 10244 offset 8->8 sprite 10252 absent false
[2026-10-03 16:45:29] dbg: [driver:1] OpenTT3D: retained river selector tile 69,100 feature 5 base 11269 offset 0->0 sprite 11269 absent false
[2026-10-03 16:45:29] dbg: [driver:1] OpenTT3D: retained river selector tile 70,100 feature 5 base 11269 offset 0->0 sprite 11269 absent false
[2026-10-03 16:45:29] dbg: [driver:1] OpenTT3D: retained river selector tile 70,100 feature 6 base 10244 offset 2->2 sprite 10246 absent false
[2026-10-03 16:45:29] dbg: [driver:1] OpenTT3D: retained river selector tile 68,101 feature 5 base 11269 offset 0->0 sprite 11269 absent false
[2026-10-03 16:45:29] dbg: [driver:1] OpenTT3D: retained river selector tile 68,101 feature 6 base 10244 offset 0->0 sprite 10244 absent false
[2026-10-03 16:45:29] dbg: [driver:1] OpenTT3D: retained river selector tile 69,101 feature 5 base 11269 offset 0->0 sprite 11269 absent false
[2026-10-03 16:45:29] dbg: [driver:1] OpenTT3D: retained river selector tile 70,101 feature 5 base 11269 offset 0->0 sprite 11269 absent false
[2026-10-03 16:45:29] dbg: [driver:1] OpenTT3D: retained river selector tile 70,101 feature 6 base 10244 offset 2->2 sprite 10246 absent false
[2026-10-03 16:45:29] dbg: [driver:1] OpenTT3D: retained river selector tile 68,102 feature 5 base 11269 offset 0->0 sprite 11269 absent false
[2026-10-03 16:45:29] dbg: [driver:1] OpenTT3D: retained river selector tile 68,102 feature 6 base 10244 offset 0->0 sprite 10244 absent false
[2026-10-03 16:45:29] dbg: [driver:1] OpenTT3D: retained river selector tile 69,102 feature 5 base 11269 offset 0->0 sprite 11269 absent false
[2026-10-03 16:45:29] dbg: [driver:1] OpenTT3D: retained river selector tile 70,102 feature 5 base 11269 offset 0->0 sprite 11269 absent false
[2026-10-03 16:45:29] dbg: [driver:1] OpenTT3D: retained river selector tile 70,102 feature 6 base 10244 offset 2->2 sprite 10246 absent false
[2026-10-03 16:45:29] dbg: [driver:1] OpenTT3D: retained river selector tile 68,103 feature 5 base 11269 offset 0->0 sprite 11269 absent false
[2026-10-03 16:45:29] dbg: [driver:1] OpenTT3D: retained river selector tile 68,103 feature 6 base 10244 offset 0->0 sprite 10244 absent false
[2026-10-03 16:45:29] dbg: [driver:1] OpenTT3D: retained river selector tile 69,103 feature 5 base 11269 offset 0->0 sprite 11269 absent false
[2026-10-03 16:45:29] dbg: [driver:1] OpenTT3D: retained river selector tile 70,103 feature 5 base 11269 offset 0->0 sprite 11269 absent false
[2026-10-03 16:45:30] dbg: [driver:1] OpenTT3D: retained river selector tile 70,103 feature 6 base 10244 offset 2->2 sprite 10246 absent false
[2026-10-03 16:45:30] dbg: [driver:1] OpenTT3D: retained river selector tile 68,104 feature 5 base 11269 offset 0->0 sprite 11269 absent false
[2026-10-03 16:45:30] dbg: [driver:1] OpenTT3D: retained river selector tile 68,104 feature 6 base 10244 offset 0->0 sprite 10244 absent false
[2026-10-03 16:45:30] dbg: [driver:1] OpenTT3D: retained river selector tile 69,104 feature 5 base 11269 offset 0->0 sprite 11269 absent false
[2026-10-03 16:45:30] dbg: [driver:1] OpenTT3D: retained river selector tile 70,104 feature 5 base 11269 offset 0->0 sprite 11269 absent false
[2026-10-03 16:45:30] dbg: [driver:1] OpenTT3D: retained river selector tile 70,104 feature 6 base 10244 offset 2->2 sprite 10246 absent false
[2026-10-03 16:45:30] dbg: [driver:1] OpenTT3D: retained river selector tile 68,105 feature 5 base 11269 offset 0->0 sprite 11269 absent false
[2026-10-03 16:45:30] dbg: [driver:1] OpenTT3D: retained river selector tile 68,105 feature 6 base 10244 offset 0->0 sprite 10244 absent false
[2026-10-03 16:45:30] dbg: [driver:1] OpenTT3D: retained river selector tile 69,105 feature 5 base 11269 offset 0->0 sprite 11269 absent false
[2026-10-03 16:45:30] dbg: [driver:1] OpenTT3D: retained river selector tile 70,105 feature 5 base 11269 offset 0->0 sprite 11269 absent false
[2026-10-03 16:45:30] dbg: [driver:1] OpenTT3D: retained river selector tile 70,105 feature 6 base 10244 offset 2->2 sprite 10246 absent false
[2026-10-03 16:45:30] dbg: [driver:1] OpenTT3D: retained river selector tile 68,106 feature 5 base 11269 offset 0->0 sprite 11269 absent false
[2026-10-03 16:45:30] dbg: [driver:1] OpenTT3D: retained river selector tile 68,106 feature 6 base 10244 offset 0->0 sprite 10244 absent false
[2026-10-03 16:45:30] dbg: [driver:1] OpenTT3D: retained river selector tile 69,106 feature 5 base 11269 offset 0->0 sprite 11269 absent false
[2026-10-03 16:45:30] dbg: [driver:1] OpenTT3D: retained river selector tile 70,106 feature 5 base 11269 offset 0->0 sprite 11269 absent false
[2026-10-03 16:45:30] dbg: [driver:1] OpenTT3D: retained river selector tile 70,106 feature 6 base 10244 offset 2->2 sprite 10246 absent false
[2026-10-03 16:45:30] dbg: [driver:1] OpenTT3D: retained river selector tile 68,107 feature 5 base 11269 offset 0->0 sprite 11269 absent false
[2026-10-03 16:45:30] dbg: [driver:1] OpenTT3D: retained river selector tile 68,107 feature 6 base 10244 offset 0->0 sprite 10244 absent false
[2026-10-03 16:45:30] dbg: [driver:1] OpenTT3D: retained river selector tile 69,107 feature 5 base 11269 offset 0->0 sprite 11269 absent false
[2026-10-03 16:45:30] dbg: [driver:1] OpenTT3D: retained river selector tile 70,107 feature 5 base 11269 offset 0->0 sprite 11269 absent false
[2026-10-03 16:45:30] dbg: [driver:1] OpenTT3D: retained river selector tile 70,107 feature 6 base 10244 offset 10->10 sprite 10254 absent false
[2026-10-03 16:45:30] dbg: [driver:1] OpenTT3D: retained river selector tile 71,107 feature 5 base 11269 offset 0->0 sprite 11269 absent false
[2026-10-03 16:45:30] dbg: [driver:1] OpenTT3D: retained river selector tile 71,107 feature 6 base 10244 offset 2->2 sprite 10246 absent false
[2026-10-03 16:45:30] dbg: [driver:1] OpenTT3D: retained river selector tile 71,107 feature 6 base 10244 offset 3->3 sprite 10247 absent false
[2026-10-03 16:45:30] dbg: [driver:1] OpenTT3D: retained river selector tile 71,107 feature 6 base 10244 offset 6->6 sprite 10250 absent false
[2026-10-03 16:45:30] dbg: [driver:1] OpenTT3D: retained river selector tile 68,108 feature 5 base 11269 offset 0->0 sprite 11269 absent false
[2026-10-03 16:45:30] dbg: [driver:1] OpenTT3D: retained river selector tile 68,108 feature 6 base 10244 offset 0->0 sprite 10244 absent false
[2026-10-03 16:45:30] dbg: [driver:1] OpenTT3D: retained river selector tile 69,108 feature 5 base 11269 offset 0->0 sprite 11269 absent false
[2026-10-03 16:45:30] dbg: [driver:1] OpenTT3D: retained river selector tile 70,108 feature 5 base 11269 offset 0->0 sprite 11269 absent false
[2026-10-03 16:45:30] dbg: [driver:1] OpenTT3D: retained river selector tile 71,108 feature 5 base 11269 offset 0->0 sprite 11269 absent false
[2026-10-03 16:45:30] dbg: [driver:1] OpenTT3D: retained river selector tile 71,108 feature 6 base 10244 offset 2->2 sprite 10246 absent false
[2026-10-03 16:45:30] dbg: [driver:1] OpenTT3D: retained river selector tile 68,109 feature 5 base 11269 offset 0->0 sprite 11269 absent false
[2026-10-03 16:45:30] dbg: [driver:1] OpenTT3D: retained river selector tile 68,109 feature 6 base 10244 offset 0->0 sprite 10244 absent false
[2026-10-03 16:45:30] dbg: [driver:1] OpenTT3D: retained river selector tile 68,109 feature 6 base 10244 offset 1->1 sprite 10245 absent false
[2026-10-03 16:45:30] dbg: [driver:1] OpenTT3D: retained river selector tile 68,109 feature 6 base 10244 offset 4->4 sprite 10248 absent false
[2026-10-03 16:45:30] dbg: [driver:1] OpenTT3D: retained river selector tile 69,109 feature 5 base 11269 offset 0->0 sprite 11269 absent false
[2026-10-03 16:45:30] dbg: [driver:1] OpenTT3D: retained river selector tile 69,109 feature 6 base 10244 offset 8->8 sprite 10252 absent false
[2026-10-03 16:45:30] dbg: [driver:1] OpenTT3D: retained river selector tile 70,109 feature 5 base 11269 offset 0->0 sprite 11269 absent false
[2026-10-03 16:45:30] dbg: [driver:1] OpenTT3D: retained river selector tile 71,109 feature 5 base 11269 offset 0->0 sprite 11269 absent false
[2026-10-03 16:45:30] dbg: [driver:1] OpenTT3D: retained river selector tile 71,109 feature 6 base 10244 offset 2->2 sprite 10246 absent false
[2026-10-03 16:45:30] dbg: [driver:1] OpenTT3D: live voxel object 1 size 0 part 0 body climate 1 source 2602 captured at 11,110 with original body ownership
[2026-10-03 16:45:30] dbg: [driver:1] OpenTT3D: retained river selector tile 69,110 feature 5 base 11269 offset 0->0 sprite 11269 absent false
[2026-10-03 16:45:30] dbg: [driver:1] OpenTT3D: retained river selector tile 69,110 feature 6 base 10244 offset 0->0 sprite 10244 absent false
[2026-10-03 16:45:30] dbg: [driver:1] OpenTT3D: retained river selector tile 70,110 feature 5 base 11269 offset 0->0 sprite 11269 absent false
[2026-10-03 16:45:30] dbg: [driver:1] OpenTT3D: retained river selector tile 71,110 feature 5 base 11269 offset 0->0 sprite 11269 absent false
[2026-10-03 16:45:30] dbg: [driver:1] OpenTT3D: retained river selector tile 71,110 feature 6 base 10244 offset 10->10 sprite 10254 absent false
[2026-10-03 16:45:30] dbg: [driver:1] OpenTT3D: retained river selector tile 72,110 feature 5 base 11269 offset 0->0 sprite 11269 absent false
[2026-10-03 16:45:30] dbg: [driver:1] OpenTT3D: retained river selector tile 72,110 feature 6 base 10244 offset 2->2 sprite 10246 absent false
[2026-10-03 16:45:30] dbg: [driver:1] OpenTT3D: retained river selector tile 72,110 feature 6 base 10244 offset 3->3 sprite 10247 absent false
[2026-10-03 16:45:30] dbg: [driver:1] OpenTT3D: retained river selector tile 72,110 feature 6 base 10244 offset 6->6 sprite 10250 absent false
[2026-10-03 16:45:30] dbg: [driver:1] OpenTT3D: retained river selector tile 69,111 feature 5 base 11269 offset 0->0 sprite 11269 absent false
[2026-10-03 16:45:30] dbg: [driver:1] OpenTT3D: retained river selector tile 69,111 feature 6 base 10244 offset 0->0 sprite 10244 absent false
[2026-10-03 16:45:30] dbg: [driver:1] OpenTT3D: retained river selector tile 70,111 feature 5 base 11269 offset 0->0 sprite 11269 absent false
[2026-10-03 16:45:30] dbg: [driver:1] OpenTT3D: retained river selector tile 71,111 feature 5 base 11269 offset 0->0 sprite 11269 absent false
[2026-10-03 16:45:30] dbg: [driver:1] OpenTT3D: retained river selector tile 72,111 feature 5 base 11269 offset 0->0 sprite 11269 absent false
[2026-10-03 16:45:30] dbg: [driver:1] OpenTT3D: retained river selector tile 72,111 feature 6 base 10244 offset 2->2 sprite 10246 absent false
[2026-10-03 16:45:30] dbg: [driver:1] OpenTT3D: retained river selector tile 69,112 feature 5 base 11269 offset 0->0 sprite 11269 absent false
[2026-10-03 16:45:30] dbg: [driver:1] OpenTT3D: retained river selector tile 69,112 feature 6 base 10244 offset 0->0 sprite 10244 absent false
[2026-10-03 16:45:30] dbg: [driver:1] OpenTT3D: retained river selector tile 69,112 feature 6 base 10244 offset 1->1 sprite 10245 absent false
[2026-10-03 16:45:30] dbg: [driver:1] OpenTT3D: retained river selector tile 69,112 feature 6 base 10244 offset 4->4 sprite 10248 absent false
[2026-10-03 16:45:30] dbg: [driver:1] OpenTT3D: retained river selector tile 70,112 feature 5 base 11269 offset 0->0 sprite 11269 absent false
[2026-10-03 16:45:30] dbg: [driver:1] OpenTT3D: retained river selector tile 70,112 feature 6 base 10244 offset 8->8 sprite 10252 absent false
[2026-10-03 16:45:30] dbg: [driver:1] OpenTT3D: retained river selector tile 71,112 feature 5 base 11269 offset 0->0 sprite 11269 absent false
[2026-10-03 16:45:30] dbg: [driver:1] OpenTT3D: retained river selector tile 72,112 feature 5 base 11269 offset 0->0 sprite 11269 absent false
[2026-10-03 16:45:30] dbg: [driver:1] OpenTT3D: retained river selector tile 72,112 feature 6 base 10244 offset 2->2 sprite 10246 absent false
[2026-10-03 16:45:30] dbg: [driver:1] OpenTT3D: retained river selector tile 70,113 feature 5 base 11269 offset 0->0 sprite 11269 absent false
[2026-10-03 16:45:30] dbg: [driver:1] OpenTT3D: retained river selector tile 70,113 feature 6 base 10244 offset 0->0 sprite 10244 absent false
[2026-10-03 16:45:30] dbg: [driver:1] OpenTT3D: retained river selector tile 71,113 feature 5 base 11269 offset 0->0 sprite 11269 absent false
[2026-10-03 16:45:30] dbg: [driver:1] OpenTT3D: retained river selector tile 72,113 feature 5 base 11269 offset 0->0 sprite 11269 absent false
[2026-10-03 16:45:30] dbg: [driver:1] OpenTT3D: retained river selector tile 72,113 feature 6 base 10244 offset 10->10 sprite 10254 absent false
[2026-10-03 16:45:30] dbg: [driver:1] OpenTT3D: retained river selector tile 73,113 feature 5 base 11269 offset 0->0 sprite 11269 absent false
[2026-10-03 16:45:30] dbg: [driver:1] OpenTT3D: retained river selector tile 73,113 feature 6 base 10244 offset 2->2 sprite 10246 absent false
[2026-10-03 16:45:30] dbg: [driver:1] OpenTT3D: retained river selector tile 73,113 feature 6 base 10244 offset 3->3 sprite 10247 absent false
[2026-10-03 16:45:30] dbg: [driver:1] OpenTT3D: retained river selector tile 73,113 feature 6 base 10244 offset 6->6 sprite 10250 absent false
[2026-10-03 16:45:30] dbg: [driver:1] OpenTT3D: retained river selector tile 70,114 feature 5 base 11269 offset 0->0 sprite 11269 absent false
[2026-10-03 16:45:30] dbg: [driver:1] OpenTT3D: retained river selector tile 70,114 feature 6 base 10244 offset 0->0 sprite 10244 absent false
[2026-10-03 16:45:30] dbg: [driver:1] OpenTT3D: retained river selector tile 71,114 feature 5 base 11269 offset 0->0 sprite 11269 absent false
[2026-10-03 16:45:30] dbg: [driver:1] OpenTT3D: retained river selector tile 72,114 feature 5 base 11269 offset 0->0 sprite 11269 absent false
[2026-10-03 16:45:30] dbg: [driver:1] OpenTT3D: retained river selector tile 73,114 feature 5 base 11269 offset 0->0 sprite 11269 absent false
[2026-10-03 16:45:30] dbg: [driver:1] OpenTT3D: retained river selector tile 73,114 feature 6 base 10244 offset 2->2 sprite 10246 absent false
[2026-10-03 16:45:30] dbg: [driver:1] OpenTT3D: retained river selector tile 70,115 feature 5 base 11269 offset 0->0 sprite 11269 absent false
[2026-10-03 16:45:30] dbg: [driver:1] OpenTT3D: retained river selector tile 70,115 feature 6 base 10244 offset 0->0 sprite 10244 absent false
[2026-10-03 16:45:30] dbg: [driver:1] OpenTT3D: retained river selector tile 70,115 feature 6 base 10244 offset 1->1 sprite 10245 absent false
[2026-10-03 16:45:30] dbg: [driver:1] OpenTT3D: retained river selector tile 70,115 feature 6 base 10244 offset 4->4 sprite 10248 absent false
[2026-10-03 16:45:30] dbg: [driver:1] OpenTT3D: retained river selector tile 71,115 feature 5 base 11269 offset 0->0 sprite 11269 absent false
[2026-10-03 16:45:30] dbg: [driver:1] OpenTT3D: retained river selector tile 71,115 feature 6 base 10244 offset 8->8 sprite 10252 absent false
[2026-10-03 16:45:30] dbg: [driver:1] OpenTT3D: retained river selector tile 72,115 feature 5 base 11269 offset 0->0 sprite 11269 absent false
[2026-10-03 16:45:30] dbg: [driver:1] OpenTT3D: retained river selector tile 73,115 feature 5 base 11269 offset 0->0 sprite 11269 absent false
[2026-10-03 16:45:30] dbg: [driver:1] OpenTT3D: retained river selector tile 73,115 feature 6 base 10244 offset 2->2 sprite 10246 absent false
[2026-10-03 16:45:30] dbg: [driver:1] OpenTT3D: retained river selector tile 71,116 feature 5 base 11269 offset 0->0 sprite 11269 absent false
[2026-10-03 16:45:30] dbg: [driver:1] OpenTT3D: retained river selector tile 71,116 feature 6 base 10244 offset 0->0 sprite 10244 absent false
[2026-10-03 16:45:30] dbg: [driver:1] OpenTT3D: retained river selector tile 72,116 feature 5 base 11269 offset 0->0 sprite 11269 absent false
[2026-10-03 16:45:30] dbg: [driver:1] OpenTT3D: retained river selector tile 73,116 feature 5 base 11269 offset 0->0 sprite 11269 absent false
[2026-10-03 16:45:30] dbg: [driver:1] OpenTT3D: retained river selector tile 73,116 feature 6 base 10244 offset 10->10 sprite 10254 absent false
[2026-10-03 16:45:30] dbg: [driver:1] OpenTT3D: retained river selector tile 74,116 feature 5 base 11269 offset 0->0 sprite 11269 absent false
[2026-10-03 16:45:30] dbg: [driver:1] OpenTT3D: retained river selector tile 74,116 feature 6 base 10244 offset 2->2 sprite 10246 absent false
[2026-10-03 16:45:30] dbg: [driver:1] OpenTT3D: retained river selector tile 74,116 feature 6 base 10244 offset 3->3 sprite 10247 absent false
[2026-10-03 16:45:30] dbg: [driver:1] OpenTT3D: retained river selector tile 74,116 feature 6 base 10244 offset 6->6 sprite 10250 absent false
[2026-10-03 16:45:30] dbg: [driver:1] OpenTT3D: retained river selector tile 71,117 feature 5 base 11269 offset 0->0 sprite 11269 absent false
[2026-10-03 16:45:30] dbg: [driver:1] OpenTT3D: retained river selector tile 71,117 feature 6 base 10244 offset 0->0 sprite 10244 absent false
[2026-10-03 16:45:30] dbg: [driver:1] OpenTT3D: retained river selector tile 72,117 feature 5 base 11269 offset 0->0 sprite 11269 absent false
[2026-10-03 16:45:30] dbg: [driver:1] OpenTT3D: retained river selector tile 73,117 feature 5 base 11269 offset 0->0 sprite 11269 absent false
[2026-10-03 16:45:30] dbg: [driver:1] OpenTT3D: retained river selector tile 74,117 feature 5 base 11269 offset 0->0 sprite 11269 absent false
[2026-10-03 16:45:30] dbg: [driver:1] OpenTT3D: retained river selector tile 74,117 feature 6 base 10244 offset 10->10 sprite 10254 absent false
[2026-10-03 16:45:30] dbg: [driver:1] OpenTT3D: retained river selector tile 75,117 feature 5 base 11264 offset 2->2 sprite 11266 absent false
[2026-10-03 16:45:30] dbg: [driver:1] OpenTT3D: retained live water source tile 75,117 role ground sprite 11266 at original height 0
[2026-10-03 16:45:30] dbg: [driver:1] OpenTT3D: retained river selector tile 75,117 feature 6 base 10364 offset 27->27 sprite 10391 absent false
[2026-10-03 16:45:30] dbg: [driver:1] OpenTT3D: retained live water source tile 75,117 role ground sprite 10391 at original height 0
[2026-10-03 16:45:30] dbg: [driver:1] OpenTT3D: retained river selector tile 71,118 feature 5 base 11269 offset 0->0 sprite 11269 absent false
[2026-10-03 16:45:30] dbg: [driver:1] OpenTT3D: retained river selector tile 71,118 feature 6 base 10244 offset 0->0 sprite 10244 absent false
[2026-10-03 16:45:30] dbg: [driver:1] OpenTT3D: retained river selector tile 71,118 feature 6 base 10244 offset 1->1 sprite 10245 absent false
[2026-10-03 16:45:30] dbg: [driver:1] OpenTT3D: retained river selector tile 71,118 feature 6 base 10244 offset 4->4 sprite 10248 absent false
[2026-10-03 16:45:30] dbg: [driver:1] OpenTT3D: retained river selector tile 72,118 feature 5 base 11269 offset 0->0 sprite 11269 absent false
[2026-10-03 16:45:30] dbg: [driver:1] OpenTT3D: retained river selector tile 72,118 feature 6 base 10244 offset 8->8 sprite 10252 absent false
[2026-10-03 16:45:30] dbg: [driver:1] OpenTT3D: retained river selector tile 73,118 feature 5 base 11269 offset 0->0 sprite 11269 absent false
[2026-10-03 16:45:30] dbg: [driver:1] OpenTT3D: retained river selector tile 74,118 feature 5 base 11269 offset 0->0 sprite 11269 absent false
[2026-10-03 16:45:30] dbg: [driver:1] OpenTT3D: retained river selector tile 75,118 feature 5 base 11264 offset 2->2 sprite 11266 absent false
[2026-10-03 16:45:30] dbg: [driver:1] OpenTT3D: retained live water source tile 75,118 role ground sprite 11266 at original height 0
[2026-10-03 16:45:30] dbg: [driver:1] OpenTT3D: retained river selector tile 72,119 feature 5 base 11269 offset 0->0 sprite 11269 absent false
[2026-10-03 16:45:30] dbg: [driver:1] OpenTT3D: retained river selector tile 72,119 feature 6 base 10244 offset 0->0 sprite 10244 absent false
[2026-10-03 16:45:30] dbg: [driver:1] OpenTT3D: retained river selector tile 72,119 feature 6 base 10244 offset 1->1 sprite 10245 absent false
[2026-10-03 16:45:30] dbg: [driver:1] OpenTT3D: retained river selector tile 72,119 feature 6 base 10244 offset 4->4 sprite 10248 absent false
[2026-10-03 16:45:30] dbg: [driver:1] OpenTT3D: retained river selector tile 73,119 feature 5 base 11269 offset 0->0 sprite 11269 absent false
[2026-10-03 16:45:30] dbg: [driver:1] OpenTT3D: retained river selector tile 73,119 feature 6 base 10244 offset 1->1 sprite 10245 absent false
[2026-10-03 16:45:30] dbg: [driver:1] OpenTT3D: retained river selector tile 74,119 feature 5 base 11269 offset 0->0 sprite 11269 absent false
[2026-10-03 16:45:30] dbg: [driver:1] OpenTT3D: retained river selector tile 74,119 feature 6 base 10244 offset 1->1 sprite 10245 absent false
[2026-10-03 16:45:30] dbg: [driver:1] OpenTT3D: retained river selector tile 75,119 feature 5 base 11264 offset 2->2 sprite 11266 absent false
[2026-10-03 16:45:30] dbg: [driver:1] OpenTT3D: retained live water source tile 75,119 role ground sprite 11266 at original height 0
[2026-10-03 16:45:30] dbg: [driver:1] OpenTT3D: retained river selector tile 75,119 feature 6 base 10364 offset 25->25 sprite 10389 absent false
[2026-10-03 16:45:30] dbg: [driver:1] OpenTT3D: retained live water source tile 75,119 role ground sprite 10389 at original height 0
[2026-10-03 16:45:30] dbg: [driver:1] OpenTT3D: whole-world atlas relocation preserves 1228800 exact RGBA/picking pixels across repack, clear and forced row relocation
[2026-10-03 16:45:30] dbg: [driver:1] OpenTT3D: captured OpenGL presentation with 1 GPU viewport regions
