[2026-10-03 19:48:40] dbg: [driver:1] Successfully loaded blitter '32bpp-optimized'
[2026-10-03 19:48:40] dbg: [driver:1] OpenTT3D: Cocoa process 71505
[mvk-info] MoltenVK version 1.4.2, supporting Vulkan version 1.4.357.
	The following 154 Vulkan extensions are supported:
	VK_KHR_16bit_storage v1
	VK_KHR_8bit_storage v1
	VK_KHR_bind_memory2 v1
	VK_KHR_buffer_device_address v1
	VK_KHR_calibrated_timestamps v1
	VK_KHR_copy_commands2 v1
	VK_KHR_create_renderpass2 v1
	VK_KHR_dedicated_allocation v3
	VK_KHR_deferred_host_operations v4
	VK_KHR_depth_stencil_resolve v1
	VK_KHR_descriptor_update_template v1
	VK_KHR_device_group v4
	VK_KHR_device_group_creation v1
	VK_KHR_driver_properties v1
	VK_KHR_dynamic_rendering v1
	VK_KHR_dynamic_rendering_local_read v1
	VK_KHR_external_fence v1
	VK_KHR_external_fence_capabilities v1
	VK_KHR_external_memory v1
	VK_KHR_external_memory_capabilities v1
	VK_KHR_external_semaphore v1
	VK_KHR_external_semaphore_capabilities v1
	VK_KHR_format_feature_flags2 v2
	VK_KHR_fragment_shader_barycentric v1
	VK_KHR_get_memory_requirements2 v1
	VK_KHR_get_physical_device_properties2 v2
	VK_KHR_get_surface_capabilities2 v1
	VK_KHR_global_priority v1
	VK_KHR_image_format_list v1
	VK_KHR_imageless_framebuffer v1
	VK_KHR_incremental_present v2
	VK_KHR_index_type_uint8 v1
	VK_KHR_line_rasterization v1
	VK_KHR_load_store_op_none v1
	VK_KHR_maintenance1 v2
	VK_KHR_maintenance2 v1
	VK_KHR_maintenance3 v1
	VK_KHR_maintenance4 v2
	VK_KHR_maintenance5 v1
	VK_KHR_maintenance6 v1
	VK_KHR_maintenance7 v1
	VK_KHR_maintenance8 v1
	VK_KHR_maintenance9 v1
	VK_KHR_map_memory2 v1
	VK_KHR_multiview v1
	VK_KHR_portability_subset v1
	VK_KHR_present_id v1
	VK_KHR_present_id2 v1
	VK_KHR_present_wait v1
	VK_KHR_present_wait2 v1
	VK_KHR_push_descriptor v2
	VK_KHR_relaxed_block_layout v1
	VK_KHR_robustness2 v1
	VK_KHR_sampler_mirror_clamp_to_edge v3
	VK_KHR_sampler_ycbcr_conversion v14
	VK_KHR_separate_depth_stencil_layouts v1
	VK_KHR_shader_draw_parameters v1
	VK_KHR_shader_expect_assume v1
	VK_KHR_shader_float_controls v4
	VK_KHR_shader_float_controls2 v1
	VK_KHR_shader_float16_int8 v1
	VK_KHR_shader_fma v1
	VK_KHR_shader_integer_dot_product v1
	VK_KHR_shader_maximal_reconvergence v1
	VK_KHR_shader_non_semantic_info v1
	VK_KHR_shader_quad_control v1
	VK_KHR_shader_relaxed_extended_instruction v1
	VK_KHR_shader_subgroup_extended_types v1
	VK_KHR_shader_subgroup_rotate v2
	VK_KHR_shader_subgroup_uniform_control_flow v1
	VK_KHR_shader_terminate_invocation v1
	VK_KHR_spirv_1_4 v1
	VK_KHR_storage_buffer_storage_class v1
	VK_KHR_surface v25
	VK_KHR_surface_maintenance1 v1
	VK_KHR_surface_protected_capabilities v1
	VK_KHR_swapchain v70
	VK_KHR_swapchain_maintenance1 v1
	VK_KHR_swapchain_mutable_format v1
	VK_KHR_synchronization2 v1
	VK_KHR_timeline_semaphore v2
	VK_KHR_uniform_buffer_standard_layout v1
	VK_KHR_variable_pointers v1
	VK_KHR_vertex_attribute_divisor v1
	VK_KHR_vulkan_memory_model v3
	VK_KHR_zero_initialize_workgroup_memory v1
	VK_EXT_4444_formats v1
	VK_EXT_buffer_device_address v2
	VK_EXT_calibrated_timestamps v2
	VK_EXT_debug_marker v4
	VK_EXT_debug_report v10
	VK_EXT_debug_utils v2
	VK_EXT_depth_clip_control v1
	VK_EXT_descriptor_indexing v2
	VK_EXT_extended_dynamic_state v1
	VK_EXT_extended_dynamic_state2 v1
	VK_EXT_extended_dynamic_state3 v2
	VK_EXT_external_memory_host v1
	VK_EXT_external_memory_metal v1
	VK_EXT_fragment_shader_interlock v1
	VK_EXT_global_priority v2
	VK_EXT_global_priority_query v1
	VK_EXT_hdr_metadata v3
	VK_EXT_headless_surface v1
	VK_EXT_host_image_copy v1
	VK_EXT_host_query_reset v1
	VK_EXT_image_2d_view_of_3d v1
	VK_EXT_image_robustness v1
	VK_EXT_index_type_uint8 v1
	VK_EXT_inline_uniform_block v1
	VK_EXT_layer_settings v2
	VK_EXT_legacy_dithering v2
	VK_EXT_line_rasterization v1
	VK_EXT_load_store_op_none v1
	VK_EXT_memory_budget v1
	VK_EXT_metal_objects v2
	VK_EXT_metal_surface v1
	VK_EXT_non_seamless_cube_map v1
	VK_EXT_pipeline_creation_cache_control v3
	VK_EXT_pipeline_creation_feedback v1
	VK_EXT_pipeline_robustness v1
	VK_EXT_post_depth_coverage v1
	VK_EXT_primitive_topology_list_restart v1
	VK_EXT_private_data v1
	VK_EXT_provoking_vertex v1
	VK_EXT_robustness2 v1
	VK_EXT_sample_locations v1
	VK_EXT_sampler_filter_minmax v2
	VK_EXT_scalar_block_layout v1
	VK_EXT_separate_stencil_usage v1
	VK_EXT_shader_atomic_float v1
	VK_EXT_shader_demote_to_helper_invocation v1
	VK_EXT_shader_stencil_export v1
	VK_EXT_shader_subgroup_ballot v1
	VK_EXT_shader_subgroup_vote v1
	VK_EXT_shader_viewport_index_layer v1
	VK_EXT_subgroup_size_control v2
	VK_EXT_surface_maintenance1 v1
	VK_EXT_swapchain_colorspace v5
	VK_EXT_swapchain_maintenance1 v1
	VK_EXT_texel_buffer_alignment v1
	VK_EXT_texture_compression_astc_hdr v1
	VK_EXT_tooling_info v1
	VK_EXT_vertex_attribute_divisor v3
	VK_AMD_gpu_shader_half_float v2
	VK_AMD_negative_viewport_height v1
	VK_AMD_shader_image_load_store_lod v1
	VK_AMD_shader_trinary_minmax v1
	VK_GOOGLE_display_timing v1
	VK_IMG_format_pvrtc v1
	VK_INTEL_shader_integer_functions2 v1
	VK_MVK_macos_surface v3
	VK_MVK_moltenvk v37
	VK_NV_fragment_shader_barycentric v1
[mvk-info] GPU device:
	model: Apple M3 Pro
	type: Integrated
	vendorID: 0x106b
	deviceID: 0x1a060209
	pipelineCacheUUID: DB660224-1A06-0209-0000-000100000000
	GPU memory available: 13639 MB
	GPU memory used: 0 MB
	Metal Shading Language 4.0
	supports the following GPU Features:
		GPU Family Metal 4
		GPU Family Apple 9
		GPU Family Mac 1
		GPU Family Mac 2
		Read-Write Texture Tier 2
[mvk-info] Created VkInstance for Vulkan version 1.1.357, as requested by app, with the following 2 Vulkan extensions enabled:
	VK_KHR_surface v25
	VK_EXT_metal_surface v1
[mvk-info] Vulkan semaphores using MTLEvent.
[mvk-info] Descriptor sets binding resources using Metal3 argument buffers.
[mvk-info] Created VkDevice to run on GPU Apple M3 Pro with the following 2 Vulkan extensions enabled:
	VK_KHR_portability_subset v1
	VK_KHR_swapchain v70
[mvk-warn] VK_ERROR_FEATURE_NOT_PRESENT: Blending is enabled for attachment with format VK_FORMAT_R32_UINT, which does not support it.
[mvk-warn] VK_ERROR_FEATURE_NOT_PRESENT: Blending is enabled for attachment with format VK_FORMAT_R32_UINT, which does not support it.
[mvk-warn] VK_ERROR_FEATURE_NOT_PRESENT: Blending is enabled for attachment with format VK_FORMAT_R32_UINT, which does not support it.
[mvk-warn] VK_ERROR_FEATURE_NOT_PRESENT: Blending is enabled for attachment with format VK_FORMAT_R32_UINT, which does not support it.
[2026-10-03 19:48:40] dbg: [driver:1] OpenTT3D: Vulkan instanced renderer initialized on Apple M3 Pro
[mvk-info] Created 3 swapchain images with size (1280, 960) and contents scale 2.0 in layer (null) (0xaf2807120) on screen Built-in Retina Display.
[2026-10-03 19:48:40] dbg: [driver:1] Successfully loaded video driver 'cocoa-vulkan'
[2026-10-03 19:48:40] dbg: [driver:1] Successfully loaded sound driver 'null'
[2026-10-03 19:48:40] dbg: [driver:1] Successfully loaded music driver 'null'
[2026-10-03 19:48:40] dbg: [driver:1] OpenTT3D: background Cocoa window active=false, key=false, visible=false, policy=2
[2026-10-03 19:48:40] dbg: [driver:1] using thread for game-loop
[2026-10-03 19:48:40] dbg: [driver:1] OpenTT3D: loaded 62 profiles from opentt3d-trees.json
[2026-10-03 19:48:40] dbg: [driver:1] OpenTT3D: retained live water source tile 91,33 role ground sprite 9961 at original height 8
[2026-10-03 19:48:52] dbg: [driver:1] OpenTT3D: loaded 1879 authored voxel models, 18030699 occupied cells, 12403230 exposed cell faces merged to 2716566 conforming rectangles / 20904444 triangles
[2026-10-03 19:48:52] dbg: [driver:1] OpenTT3D: retained lossless voxel sources use 37959552 bytes instead of 1735511220 dense cell bytes, with one shared palette
[2026-10-03 19:48:52] dbg: [driver:1] OpenTT3D: CPU voxel surfaces retain 1066947232 bytes under a scene-pinned soft budget, including 193335232 exact restoration bytes
[2026-10-03 19:48:53] dbg: [driver:1] OpenTT3D: retained live water source tile 91,33 role body sprite 10019 at original height 8
[2026-10-03 19:48:53] dbg: [driver:1] OpenTT3D: retained live water source tile 91,33 role body sprite 10023 at original height 8
[2026-10-03 19:48:53] dbg: [driver:1] OpenTT3D: live voxel lock wall 27 part 0 direction 3 face 0 climate 2 base 10016 family 9992 source 10019 captured at 91,33 origin 1456,528,16 opacity 1 with independent original water ground
[2026-10-03 19:48:53] dbg: [driver:1] OpenTT3D: live voxel lock wall 31 part 0 direction 3 face 1 climate 2 base 10016 family 9992 source 10023 captured at 91,33 origin 1471,528,16 opacity 1 with independent original water ground
[2026-10-03 19:48:53] dbg: [driver:1] OpenTT3D: retained live water source tile 91,34 role ground sprite 9957 at original height 8
[2026-10-03 19:48:53] dbg: [driver:1] OpenTT3D: retained live water source tile 91,34 role body sprite 10027 at original height 8
[2026-10-03 19:48:53] dbg: [driver:1] OpenTT3D: retained live water source tile 91,34 role body sprite 10031 at original height 8
[2026-10-03 19:48:53] dbg: [driver:1] OpenTT3D: live voxel lock wall 35 part 1 direction 3 face 0 climate 2 base 10016 family 9992 source 10027 captured at 91,34 origin 1456,544,16 opacity 1 with independent original water ground
[2026-10-03 19:48:53] dbg: [driver:1] OpenTT3D: live voxel lock wall 39 part 1 direction 3 face 1 climate 2 base 10016 family 9992 source 10031 captured at 91,34 origin 1471,544,16 opacity 1 with independent original water ground
[2026-10-03 19:48:53] dbg: [driver:1] OpenTT3D: live projected tree 1821 stage 5 captured at 96,59
[2026-10-03 19:48:53] dbg: [driver:1] OpenTT3D: live projected tree 1905 stage 6 captured at 97,59
[2026-10-03 19:48:53] dbg: [driver:1] OpenTT3D: live projected tree 1821 stage 0 captured at 92,62
[2026-10-03 19:48:53] dbg: [driver:1] OpenTT3D: live projected tree 1905 stage 3 captured at 92,62
[2026-10-03 19:48:53] dbg: [driver:1] OpenTT3D: live projected tree 1884 stage 3 captured at 92,62
[2026-10-03 19:48:53] dbg: [driver:1] OpenTT3D: live projected tree 1933 stage 3 captured at 98,62
[2026-10-03 19:48:53] dbg: [driver:1] OpenTT3D: live projected tree 1842 stage 3 captured at 98,62
[2026-10-03 19:48:53] dbg: [driver:1] OpenTT3D: live projected tree 1926 stage 6 captured at 98,62
[2026-10-03 19:48:53] dbg: [driver:1] OpenTT3D: live projected tree 1870 stage 3 captured at 100,62
[2026-10-03 19:48:53] dbg: [driver:1] OpenTT3D: live projected tree 1863 stage 3 captured at 96,63
[2026-10-03 19:48:53] dbg: [driver:1] OpenTT3D: live projected tree 1863 stage 6 captured at 96,63
[2026-10-03 19:48:53] dbg: [driver:1] OpenTT3D: live projected tree 1835 stage 3 captured at 96,63
[2026-10-03 19:48:53] dbg: [driver:1] OpenTT3D: live projected tree 1877 stage 3 captured at 96,63
[2026-10-03 19:48:53] dbg: [driver:1] OpenTT3D: live projected tree 1940 stage 5 captured at 98,63
[2026-10-03 19:48:53] dbg: [driver:1] OpenTT3D: live projected tree 1863 stage 0 captured at 99,63
[2026-10-03 19:48:53] dbg: [driver:1] OpenTT3D: live projected tree 1898 stage 3 captured at 101,63
[2026-10-03 19:48:53] dbg: [driver:1] OpenTT3D: live projected tree 1926 stage 3 captured at 101,63
[2026-10-03 19:48:53] dbg: [driver:1] OpenTT3D: live projected tree 1870 stage 6 captured at 95,64
[2026-10-03 19:48:53] dbg: [driver:1] OpenTT3D: live projected tree 1842 stage 1 captured at 96,64
[2026-10-03 19:48:53] dbg: [driver:1] OpenTT3D: live projected tree 1842 stage 2 captured at 97,64
[2026-10-03 19:48:53] dbg: [driver:1] OpenTT3D: live projected tree 1933 stage 6 captured at 99,64
[2026-10-03 19:48:53] dbg: [driver:1] OpenTT3D: live projected tree 1898 stage 5 captured at 98,65
[2026-10-03 19:48:53] dbg: [driver:1] OpenTT3D: live projected tree 1898 stage 4 captured at 99,65
[2026-10-03 19:48:53] dbg: [driver:1] OpenTT3D: live voxel house ground 84 construction stage 3 captured at 101,65
[2026-10-03 19:48:53] dbg: [driver:1] OpenTT3D: live voxel house ground 84 construction stage 3 variant 1 captured
[2026-10-03 19:48:53] dbg: [driver:1] OpenTT3D: live voxel house 84 construction stage 3 captured at 101,65
[2026-10-03 19:48:53] dbg: [driver:1] OpenTT3D: live voxel house 84 construction stage 3 variant 1 captured
[2026-10-03 19:48:53] dbg: [driver:1] OpenTT3D: live voxel house ground 79 construction stage 3 captured at 101,66
[2026-10-03 19:48:53] dbg: [driver:1] OpenTT3D: live voxel house ground 79 construction stage 3 variant 2 captured
[2026-10-03 19:48:53] dbg: [driver:1] OpenTT3D: live voxel house 79 construction stage 3 captured at 101,66
[2026-10-03 19:48:53] dbg: [driver:1] OpenTT3D: live voxel house 79 construction stage 3 variant 2 captured
[2026-10-03 19:48:53] dbg: [driver:1] OpenTT3D: retained river selector tile 111,66 feature 5 base 11269 offset 0->0 sprite 11269 absent false
[2026-10-03 19:48:53] dbg: [driver:1] OpenTT3D: retained river selector tile 111,66 feature 6 base 10424 offset 0->0 sprite 10424 absent false
[2026-10-03 19:48:53] dbg: [driver:1] OpenTT3D: retained river selector tile 111,66 feature 6 base 10424 offset 3->3 sprite 10427 absent false
[2026-10-03 19:48:53] dbg: [driver:1] OpenTT3D: retained river selector tile 111,66 feature 6 base 10424 offset 9->9 sprite 10433 absent false
[2026-10-03 19:48:53] dbg: [driver:1] OpenTT3D: retained river selector tile 111,66 feature 6 base 10424 offset 7->7 sprite 10431 absent false
[2026-10-03 19:48:53] dbg: [driver:1] OpenTT3D: retained river selector tile 112,66 feature 5 base 11269 offset 0->0 sprite 11269 absent false
[2026-10-03 19:48:53] dbg: [driver:1] OpenTT3D: retained river selector tile 112,66 feature 6 base 10424 offset 1->1 sprite 10425 absent false
[2026-10-03 19:48:53] dbg: [driver:1] OpenTT3D: retained river selector tile 112,66 feature 6 base 10424 offset 3->3 sprite 10427 absent false
[2026-10-03 19:48:53] dbg: [driver:1] OpenTT3D: retained river selector tile 109,67 feature 5 base 11269 offset 0->0 sprite 11269 absent false
[2026-10-03 19:48:53] dbg: [driver:1] OpenTT3D: retained river selector tile 109,67 feature 6 base 10424 offset 0->0 sprite 10424 absent false
[2026-10-03 19:48:53] dbg: [driver:1] OpenTT3D: retained river selector tile 109,67 feature 6 base 10424 offset 3->3 sprite 10427 absent false
[2026-10-03 19:48:53] dbg: [driver:1] OpenTT3D: retained river selector tile 109,67 feature 6 base 10424 offset 7->7 sprite 10431 absent false
[2026-10-03 19:48:53] dbg: [driver:1] OpenTT3D: retained river selector tile 110,67 feature 5 base 11269 offset 0->0 sprite 11269 absent false
[2026-10-03 19:48:53] dbg: [driver:1] OpenTT3D: retained river selector tile 110,67 feature 6 base 10424 offset 3->3 sprite 10427 absent false
[2026-10-03 19:48:53] dbg: [driver:1] OpenTT3D: retained river selector tile 110,67 feature 6 base 10424 offset 9->9 sprite 10433 absent false
[2026-10-03 19:48:53] dbg: [driver:1] OpenTT3D: retained river selector tile 111,67 feature 5 base 11269 offset 0->0 sprite 11269 absent false
[2026-10-03 19:48:53] dbg: [driver:1] OpenTT3D: retained river selector tile 111,67 feature 6 base 10424 offset 1->1 sprite 10425 absent false
[2026-10-03 19:48:53] dbg: [driver:1] OpenTT3D: retained river selector tile 111,67 feature 6 base 10424 offset 2->2 sprite 10426 absent false
[2026-10-03 19:48:53] dbg: [driver:1] OpenTT3D: retained river selector tile 111,67 feature 6 base 10424 offset 5->5 sprite 10429 absent false
[2026-10-03 19:48:53] dbg: [driver:1] OpenTT3D: retained river selector tile 111,67 feature 6 base 10424 offset 11->11 sprite 10435 absent false
[2026-10-03 19:48:53] dbg: [driver:1] OpenTT3D: retained river selector tile 109,68 feature 5 base 11269 offset 0->0 sprite 11269 absent false
[2026-10-03 19:48:53] dbg: [driver:1] OpenTT3D: retained river selector tile 109,68 feature 6 base 10424 offset 0->0 sprite 10424 absent false
[2026-10-03 19:48:53] dbg: [driver:1] OpenTT3D: retained river selector tile 110,68 feature 5 base 11269 offset 0->0 sprite 11269 absent false
[2026-10-03 19:48:53] dbg: [driver:1] OpenTT3D: retained river selector tile 110,68 feature 6 base 10424 offset 2->2 sprite 10426 absent false
[2026-10-03 19:48:53] dbg: [driver:1] OpenTT3D: retained river selector tile 109,69 feature 5 base 11269 offset 0->0 sprite 11269 absent false
[2026-10-03 19:48:53] dbg: [driver:1] OpenTT3D: retained river selector tile 109,69 feature 6 base 10424 offset 0->0 sprite 10424 absent false
[2026-10-03 19:48:53] dbg: [driver:1] OpenTT3D: retained river selector tile 110,69 feature 5 base 11269 offset 0->0 sprite 11269 absent false
[2026-10-03 19:48:53] dbg: [driver:1] OpenTT3D: retained river selector tile 110,69 feature 6 base 10424 offset 2->2 sprite 10426 absent false
[2026-10-03 19:48:53] dbg: [driver:1] OpenTT3D: retained river selector tile 108,70 feature 5 base 11269 offset 0->0 sprite 11269 absent false
[2026-10-03 19:48:53] dbg: [driver:1] OpenTT3D: retained river selector tile 108,70 feature 6 base 10424 offset 0->0 sprite 10424 absent false
[2026-10-03 19:48:53] dbg: [driver:1] OpenTT3D: retained river selector tile 108,70 feature 6 base 10424 offset 3->3 sprite 10427 absent false
[2026-10-03 19:48:53] dbg: [driver:1] OpenTT3D: retained river selector tile 108,70 feature 6 base 10424 offset 7->7 sprite 10431 absent false
[2026-10-03 19:48:53] dbg: [driver:1] OpenTT3D: retained river selector tile 109,70 feature 5 base 11269 offset 0->0 sprite 11269 absent false
[2026-10-03 19:48:53] dbg: [driver:1] OpenTT3D: retained river selector tile 109,70 feature 6 base 10424 offset 9->9 sprite 10433 absent false
[2026-10-03 19:48:53] dbg: [driver:1] OpenTT3D: retained river selector tile 109,70 feature 6 base 10424 offset 11->11 sprite 10435 absent false
[2026-10-03 19:48:53] dbg: [driver:1] OpenTT3D: retained river selector tile 110,70 feature 5 base 11269 offset 0->0 sprite 11269 absent false
[2026-10-03 19:48:53] dbg: [driver:1] OpenTT3D: retained river selector tile 110,70 feature 6 base 10424 offset 1->1 sprite 10425 absent false
[2026-10-03 19:48:53] dbg: [driver:1] OpenTT3D: retained river selector tile 110,70 feature 6 base 10424 offset 2->2 sprite 10426 absent false
[2026-10-03 19:48:53] dbg: [driver:1] OpenTT3D: retained river selector tile 110,70 feature 6 base 10424 offset 5->5 sprite 10429 absent false
[2026-10-03 19:48:53] dbg: [driver:1] OpenTT3D: retained river selector tile 108,71 feature 5 base 11269 offset 0->0 sprite 11269 absent false
[2026-10-03 19:48:53] dbg: [driver:1] OpenTT3D: retained river selector tile 108,71 feature 6 base 10424 offset 0->0 sprite 10424 absent false
[2026-10-03 19:48:53] dbg: [driver:1] OpenTT3D: retained river selector tile 109,71 feature 5 base 11269 offset 0->0 sprite 11269 absent false
[2026-10-03 19:48:53] dbg: [driver:1] OpenTT3D: retained river selector tile 109,71 feature 6 base 10424 offset 2->2 sprite 10426 absent false
[2026-10-03 19:48:53] dbg: [driver:1] OpenTT3D: retained river selector tile 108,72 feature 5 base 11269 offset 0->0 sprite 11269 absent false
[2026-10-03 19:48:53] dbg: [driver:1] OpenTT3D: retained river selector tile 108,72 feature 6 base 10424 offset 0->0 sprite 10424 absent false
[2026-10-03 19:48:53] dbg: [driver:1] OpenTT3D: retained river selector tile 109,72 feature 5 base 11269 offset 0->0 sprite 11269 absent false
[2026-10-03 19:48:53] dbg: [driver:1] OpenTT3D: retained river selector tile 109,72 feature 6 base 10424 offset 2->2 sprite 10426 absent false
[2026-10-03 19:48:53] dbg: [driver:1] OpenTT3D: retained river selector tile 108,73 feature 5 base 11269 offset 0->0 sprite 11269 absent false
[2026-10-03 19:48:53] dbg: [driver:1] OpenTT3D: retained river selector tile 108,73 feature 6 base 10424 offset 0->0 sprite 10424 absent false
[2026-10-03 19:48:53] dbg: [driver:1] OpenTT3D: retained river selector tile 109,73 feature 5 base 11269 offset 0->0 sprite 11269 absent false
[2026-10-03 19:48:53] dbg: [driver:1] OpenTT3D: retained river selector tile 109,73 feature 6 base 10424 offset 2->2 sprite 10426 absent false
[2026-10-03 19:48:53] dbg: [driver:1] OpenTT3D: retained river selector tile 108,74 feature 5 base 11269 offset 0->0 sprite 11269 absent false
[2026-10-03 19:48:53] dbg: [driver:1] OpenTT3D: retained river selector tile 108,74 feature 6 base 10424 offset 0->0 sprite 10424 absent false
[2026-10-03 19:48:53] dbg: [driver:1] OpenTT3D: retained river selector tile 108,74 feature 6 base 10424 offset 9->9 sprite 10433 absent false
[2026-10-03 19:48:53] dbg: [driver:1] OpenTT3D: retained river selector tile 109,74 feature 5 base 11269 offset 0->0 sprite 11269 absent false
[2026-10-03 19:48:53] dbg: [driver:1] OpenTT3D: retained river selector tile 109,74 feature 6 base 10424 offset 1->1 sprite 10425 absent false
[2026-10-03 19:48:53] dbg: [driver:1] OpenTT3D: retained river selector tile 109,74 feature 6 base 10424 offset 2->2 sprite 10426 absent false
[2026-10-03 19:48:53] dbg: [driver:1] OpenTT3D: retained river selector tile 109,74 feature 6 base 10424 offset 5->5 sprite 10429 absent false
[2026-10-03 19:48:53] dbg: [driver:1] OpenTT3D: retained river selector tile 103,75 feature 5 base 11269 offset 0->0 sprite 11269 absent false
[2026-10-03 19:48:53] dbg: [driver:1] OpenTT3D: retained river selector tile 103,75 feature 6 base 10424 offset 0->0 sprite 10424 absent false
[2026-10-03 19:48:53] dbg: [driver:1] OpenTT3D: retained river selector tile 103,75 feature 6 base 10424 offset 3->3 sprite 10427 absent false
[2026-10-03 19:48:53] dbg: [driver:1] OpenTT3D: retained river selector tile 103,75 feature 6 base 10424 offset 7->7 sprite 10431 absent false
[2026-10-03 19:48:53] dbg: [driver:1] OpenTT3D: retained river selector tile 104,75 feature 5 base 11269 offset 0->0 sprite 11269 absent false
[2026-10-03 19:48:53] dbg: [driver:1] OpenTT3D: retained river selector tile 104,75 feature 6 base 10424 offset 3->3 sprite 10427 absent false
[2026-10-03 19:48:53] dbg: [driver:1] OpenTT3D: retained river selector tile 105,75 feature 5 base 11269 offset 0->0 sprite 11269 absent false
[2026-10-03 19:48:53] dbg: [driver:1] OpenTT3D: retained river selector tile 105,75 feature 6 base 10424 offset 3->3 sprite 10427 absent false
[2026-10-03 19:48:53] dbg: [driver:1] OpenTT3D: retained river selector tile 106,75 feature 5 base 11269 offset 0->0 sprite 11269 absent false
[2026-10-03 19:48:53] dbg: [driver:1] OpenTT3D: retained river selector tile 106,75 feature 6 base 10424 offset 3->3 sprite 10427 absent false
[2026-10-03 19:48:53] dbg: [driver:1] OpenTT3D: retained river selector tile 107,75 feature 5 base 11269 offset 0->0 sprite 11269 absent false
[2026-10-03 19:48:53] dbg: [driver:1] OpenTT3D: retained river selector tile 107,75 feature 6 base 10424 offset 3->3 sprite 10427 absent false
[2026-10-03 19:48:53] dbg: [driver:1] OpenTT3D: retained river selector tile 108,75 feature 5 base 11269 offset 0->0 sprite 11269 absent false
[2026-10-03 19:48:53] dbg: [driver:1] OpenTT3D: retained river selector tile 108,75 feature 6 base 10424 offset 2->2 sprite 10426 absent false
[2026-10-03 19:48:53] dbg: [driver:1] OpenTT3D: retained river selector tile 108,75 feature 6 base 10424 offset 11->11 sprite 10435 absent false
[2026-10-03 19:48:53] dbg: [driver:1] OpenTT3D: retained river selector tile 69,76 feature 5 base 11269 offset 0->0 sprite 11269 absent false
[2026-10-03 19:48:53] dbg: [driver:1] OpenTT3D: retained river selector tile 69,76 feature 6 base 10424 offset 0->0 sprite 10424 absent false
[2026-10-03 19:48:53] dbg: [driver:1] OpenTT3D: retained river selector tile 69,76 feature 6 base 10424 offset 3->3 sprite 10427 absent false
[2026-10-03 19:48:53] dbg: [driver:1] OpenTT3D: retained river selector tile 69,76 feature 6 base 10424 offset 9->9 sprite 10433 absent false
[2026-10-03 19:48:53] dbg: [driver:1] OpenTT3D: retained river selector tile 69,76 feature 6 base 10424 offset 7->7 sprite 10431 absent false
[2026-10-03 19:48:53] dbg: [driver:1] OpenTT3D: retained river selector tile 70,76 feature 5 base 11269 offset 0->0 sprite 11269 absent false
[2026-10-03 19:48:53] dbg: [driver:1] OpenTT3D: retained river selector tile 70,76 feature 6 base 10424 offset 1->1 sprite 10425 absent false
[2026-10-03 19:48:53] dbg: [driver:1] OpenTT3D: retained river selector tile 70,76 feature 6 base 10424 offset 3->3 sprite 10427 absent false
[2026-10-03 19:48:53] dbg: [driver:1] OpenTT3D: retained river selector tile 71,76 feature 5 base 11269 offset 0->0 sprite 11269 absent false
[2026-10-03 19:48:53] dbg: [driver:1] OpenTT3D: retained river selector tile 71,76 feature 6 base 10424 offset 3->3 sprite 10427 absent false
[2026-10-03 19:48:53] dbg: [driver:1] OpenTT3D: retained river selector tile 71,76 feature 6 base 10424 offset 8->8 sprite 10432 absent false
[2026-10-03 19:48:53] dbg: [driver:1] OpenTT3D: retained river selector tile 72,76 feature 5 base 11269 offset 0->0 sprite 11269 absent false
[2026-10-03 19:48:53] dbg: [driver:1] OpenTT3D: retained river selector tile 72,76 feature 6 base 10424 offset 3->3 sprite 10427 absent false
[2026-10-03 19:48:53] dbg: [driver:1] OpenTT3D: retained river selector tile 72,76 feature 6 base 10424 offset 9->9 sprite 10433 absent false
[2026-10-03 19:48:53] dbg: [driver:1] OpenTT3D: retained river selector tile 73,76 feature 5 base 11269 offset 0->0 sprite 11269 absent false
[2026-10-03 19:48:53] dbg: [driver:1] OpenTT3D: retained river selector tile 73,76 feature 6 base 10424 offset 1->1 sprite 10425 absent false
[2026-10-03 19:48:53] dbg: [driver:1] OpenTT3D: retained river selector tile 73,76 feature 6 base 10424 offset 3->3 sprite 10427 absent false
[2026-10-03 19:48:53] dbg: [driver:1] OpenTT3D: retained river selector tile 74,76 feature 5 base 11269 offset 0->0 sprite 11269 absent false
[2026-10-03 19:48:53] dbg: [driver:1] OpenTT3D: retained river selector tile 74,76 feature 6 base 10424 offset 1->1 sprite 10425 absent false
[2026-10-03 19:48:53] dbg: [driver:1] OpenTT3D: retained river selector tile 74,76 feature 6 base 10424 offset 3->3 sprite 10427 absent false
[2026-10-03 19:48:53] dbg: [driver:1] OpenTT3D: retained river selector tile 75,76 feature 5 base 11269 offset 0->0 sprite 11269 absent false
[2026-10-03 19:48:53] dbg: [driver:1] OpenTT3D: retained river selector tile 75,76 feature 6 base 10424 offset 1->1 sprite 10425 absent false
[2026-10-03 19:48:53] dbg: [driver:1] OpenTT3D: retained river selector tile 75,76 feature 6 base 10424 offset 3->3 sprite 10427 absent false
[2026-10-03 19:48:53] dbg: [driver:1] OpenTT3D: retained river selector tile 76,76 feature 5 base 11269 offset 0->0 sprite 11269 absent false
[2026-10-03 19:48:53] dbg: [driver:1] OpenTT3D: retained river selector tile 76,76 feature 6 base 10424 offset 1->1 sprite 10425 absent false
[2026-10-03 19:48:53] dbg: [driver:1] OpenTT3D: retained river selector tile 76,76 feature 6 base 10424 offset 3->3 sprite 10427 absent false
[2026-10-03 19:48:53] dbg: [driver:1] OpenTT3D: retained river selector tile 77,76 feature 5 base 11269 offset 0->0 sprite 11269 absent false
[2026-10-03 19:48:53] dbg: [driver:1] OpenTT3D: retained river selector tile 77,76 feature 6 base 10424 offset 1->1 sprite 10425 absent false
[2026-10-03 19:48:53] dbg: [driver:1] OpenTT3D: retained river selector tile 77,76 feature 6 base 10424 offset 3->3 sprite 10427 absent false
[2026-10-03 19:48:53] dbg: [driver:1] OpenTT3D: retained river selector tile 78,76 feature 5 base 11269 offset 0->0 sprite 11269 absent false
[2026-10-03 19:48:53] dbg: [driver:1] OpenTT3D: retained river selector tile 78,76 feature 6 base 10424 offset 1->1 sprite 10425 absent false
[2026-10-03 19:48:53] dbg: [driver:1] OpenTT3D: retained river selector tile 78,76 feature 6 base 10424 offset 3->3 sprite 10427 absent false
[2026-10-03 19:48:53] dbg: [driver:1] OpenTT3D: retained river selector tile 79,76 feature 5 base 11269 offset 0->0 sprite 11269 absent false
[2026-10-03 19:48:53] dbg: [driver:1] OpenTT3D: retained river selector tile 79,76 feature 6 base 10424 offset 2->2 sprite 10426 absent false
[2026-10-03 19:48:53] dbg: [driver:1] OpenTT3D: retained river selector tile 79,76 feature 6 base 10424 offset 3->3 sprite 10427 absent false
[2026-10-03 19:48:53] dbg: [driver:1] OpenTT3D: retained river selector tile 79,76 feature 6 base 10424 offset 8->8 sprite 10432 absent false
[2026-10-03 19:48:53] dbg: [driver:1] OpenTT3D: retained river selector tile 79,76 feature 6 base 10424 offset 6->6 sprite 10430 absent false
[2026-10-03 19:48:53] dbg: [driver:1] OpenTT3D: retained river selector tile 101,76 feature 5 base 11269 offset 0->0 sprite 11269 absent false
[2026-10-03 19:48:53] dbg: [driver:1] OpenTT3D: retained river selector tile 101,76 feature 6 base 10424 offset 0->0 sprite 10424 absent false
[2026-10-03 19:48:53] dbg: [driver:1] OpenTT3D: retained river selector tile 101,76 feature 6 base 10424 offset 3->3 sprite 10427 absent false
[2026-10-03 19:48:53] dbg: [driver:1] OpenTT3D: retained river selector tile 101,76 feature 6 base 10424 offset 7->7 sprite 10431 absent false
[2026-10-03 19:48:53] dbg: [driver:1] OpenTT3D: retained river selector tile 102,76 feature 5 base 11269 offset 0->0 sprite 11269 absent false
[2026-10-03 19:48:53] dbg: [driver:1] OpenTT3D: retained river selector tile 102,76 feature 6 base 10424 offset 3->3 sprite 10427 absent false
[2026-10-03 19:48:53] dbg: [driver:1] OpenTT3D: retained river selector tile 103,76 feature 5 base 11269 offset 0->0 sprite 11269 absent false
[2026-10-03 19:48:53] dbg: [driver:1] OpenTT3D: retained river selector tile 103,76 feature 6 base 10424 offset 11->11 sprite 10435 absent false
[2026-10-03 19:48:53] dbg: [driver:1] OpenTT3D: retained river selector tile 104,76 feature 5 base 11269 offset 0->0 sprite 11269 absent false
[2026-10-03 19:48:53] dbg: [driver:1] OpenTT3D: retained river selector tile 104,76 feature 6 base 10424 offset 9->9 sprite 10433 absent false
[2026-10-03 19:48:53] dbg: [driver:1] OpenTT3D: retained river selector tile 105,76 feature 5 base 11269 offset 0->0 sprite 11269 absent false
[2026-10-03 19:48:53] dbg: [driver:1] OpenTT3D: retained river selector tile 105,76 feature 6 base 10424 offset 1->1 sprite 10425 absent false
[2026-10-03 19:48:53] dbg: [driver:1] OpenTT3D: retained river selector tile 106,76 feature 5 base 11269 offset 0->0 sprite 11269 absent false
[2026-10-03 19:48:53] dbg: [driver:1] OpenTT3D: retained river selector tile 106,76 feature 6 base 10424 offset 1->1 sprite 10425 absent false
[2026-10-03 19:48:53] dbg: [driver:1] OpenTT3D: retained river selector tile 107,76 feature 5 base 11269 offset 0->0 sprite 11269 absent false
[2026-10-03 19:48:53] dbg: [driver:1] OpenTT3D: retained river selector tile 107,76 feature 6 base 10424 offset 1->1 sprite 10425 absent false
[2026-10-03 19:48:53] dbg: [driver:1] OpenTT3D: retained river selector tile 108,76 feature 5 base 11269 offset 0->0 sprite 11269 absent false
[2026-10-03 19:48:53] dbg: [driver:1] OpenTT3D: retained river selector tile 108,76 feature 6 base 10424 offset 1->1 sprite 10425 absent false
[2026-10-03 19:48:53] dbg: [driver:1] OpenTT3D: retained river selector tile 108,76 feature 6 base 10424 offset 2->2 sprite 10426 absent false
[2026-10-03 19:48:53] dbg: [driver:1] OpenTT3D: retained river selector tile 108,76 feature 6 base 10424 offset 5->5 sprite 10429 absent false
[2026-10-03 19:48:53] dbg: [driver:1] OpenTT3D: retained river selector tile 63,77 feature 5 base 11269 offset 0->0 sprite 11269 absent false
[2026-10-03 19:48:53] dbg: [driver:1] OpenTT3D: retained river selector tile 63,77 feature 6 base 10424 offset 1->1 sprite 10425 absent false
[2026-10-03 19:48:53] dbg: [driver:1] OpenTT3D: retained river selector tile 63,77 feature 6 base 10424 offset 3->3 sprite 10427 absent false
[2026-10-03 19:48:53] dbg: [driver:1] OpenTT3D: retained river selector tile 64,77 feature 5 base 11269 offset 0->0 sprite 11269 absent false
[2026-10-03 19:48:53] dbg: [driver:1] OpenTT3D: retained river selector tile 64,77 feature 6 base 10424 offset 1->1 sprite 10425 absent false
[2026-10-03 19:48:53] dbg: [driver:1] OpenTT3D: retained river selector tile 64,77 feature 6 base 10424 offset 3->3 sprite 10427 absent false
[2026-10-03 19:48:53] dbg: [driver:1] OpenTT3D: retained river selector tile 65,77 feature 5 base 11269 offset 0->0 sprite 11269 absent false
[2026-10-03 19:48:53] dbg: [driver:1] OpenTT3D: retained river selector tile 65,77 feature 6 base 10424 offset 1->1 sprite 10425 absent false
[2026-10-03 19:48:53] dbg: [driver:1] OpenTT3D: retained river selector tile 65,77 feature 6 base 10424 offset 3->3 sprite 10427 absent false
[2026-10-03 19:48:53] dbg: [driver:1] OpenTT3D: retained river selector tile 66,77 feature 5 base 11269 offset 0->0 sprite 11269 absent false
[2026-10-03 19:48:53] dbg: [driver:1] OpenTT3D: retained river selector tile 66,77 feature 6 base 10424 offset 1->1 sprite 10425 absent false
[2026-10-03 19:48:53] dbg: [driver:1] OpenTT3D: retained river selector tile 66,77 feature 6 base 10424 offset 3->3 sprite 10427 absent false
[2026-10-03 19:48:53] dbg: [driver:1] OpenTT3D: retained river selector tile 67,77 feature 5 base 11269 offset 0->0 sprite 11269 absent false
[2026-10-03 19:48:53] dbg: [driver:1] OpenTT3D: retained river selector tile 67,77 feature 6 base 10424 offset 1->1 sprite 10425 absent false
[2026-10-03 19:48:53] dbg: [driver:1] OpenTT3D: retained river selector tile 67,77 feature 6 base 10424 offset 3->3 sprite 10427 absent false
[2026-10-03 19:48:53] dbg: [driver:1] OpenTT3D: retained river selector tile 68,77 feature 5 base 11269 offset 0->0 sprite 11269 absent false
[2026-10-03 19:48:53] dbg: [driver:1] OpenTT3D: retained river selector tile 68,77 feature 6 base 10424 offset 1->1 sprite 10425 absent false
[2026-10-03 19:48:53] dbg: [driver:1] OpenTT3D: retained river selector tile 68,77 feature 6 base 10424 offset 3->3 sprite 10427 absent false
[2026-10-03 19:48:53] dbg: [driver:1] OpenTT3D: retained river selector tile 69,77 feature 5 base 11269 offset 0->0 sprite 11269 absent false
[2026-10-03 19:48:53] dbg: [driver:1] OpenTT3D: retained river selector tile 69,77 feature 6 base 10424 offset 1->1 sprite 10425 absent false
[2026-10-03 19:48:53] dbg: [driver:1] OpenTT3D: retained river selector tile 69,77 feature 6 base 10424 offset 2->2 sprite 10426 absent false
[2026-10-03 19:48:53] dbg: [driver:1] OpenTT3D: retained river selector tile 69,77 feature 6 base 10424 offset 5->5 sprite 10429 absent false
[2026-10-03 19:48:53] dbg: [driver:1] OpenTT3D: retained river selector tile 69,77 feature 6 base 10424 offset 11->11 sprite 10435 absent false
[2026-10-03 19:48:53] dbg: [driver:1] OpenTT3D: retained river selector tile 71,77 feature 5 base 11269 offset 0->0 sprite 11269 absent false
[2026-10-03 19:48:53] dbg: [driver:1] OpenTT3D: retained river selector tile 71,77 feature 6 base 10424 offset 0->0 sprite 10424 absent false
[2026-10-03 19:48:53] dbg: [driver:1] OpenTT3D: retained river selector tile 71,77 feature 6 base 10424 offset 1->1 sprite 10425 absent false
[2026-10-03 19:48:53] dbg: [driver:1] OpenTT3D: retained river selector tile 71,77 feature 6 base 10424 offset 4->4 sprite 10428 absent false
[2026-10-03 19:48:53] dbg: [driver:1] OpenTT3D: retained river selector tile 72,77 feature 5 base 11269 offset 0->0 sprite 11269 absent false
[2026-10-03 19:48:53] dbg: [driver:1] OpenTT3D: retained river selector tile 72,77 feature 6 base 10424 offset 1->1 sprite 10425 absent false
[2026-10-03 19:48:53] dbg: [driver:1] OpenTT3D: retained river selector tile 72,77 feature 6 base 10424 offset 2->2 sprite 10426 absent false
[2026-10-03 19:48:53] dbg: [driver:1] OpenTT3D: retained river selector tile 72,77 feature 6 base 10424 offset 5->5 sprite 10429 absent false
[2026-10-03 19:48:53] dbg: [driver:1] OpenTT3D: retained river selector tile 79,77 feature 5 base 11269 offset 0->0 sprite 11269 absent false
[2026-10-03 19:48:53] dbg: [driver:1] OpenTT3D: retained river selector tile 79,77 feature 6 base 10424 offset 0->0 sprite 10424 absent false
[2026-10-03 19:48:53] dbg: [driver:1] OpenTT3D: retained river selector tile 79,77 feature 6 base 10424 offset 1->1 sprite 10425 absent false
[2026-10-03 19:48:53] dbg: [driver:1] OpenTT3D: retained river selector tile 79,77 feature 6 base 10424 offset 4->4 sprite 10428 absent false
[2026-10-03 19:48:53] dbg: [driver:1] OpenTT3D: retained river selector tile 79,77 feature 6 base 10424 offset 10->10 sprite 10434 absent false
[2026-10-03 19:48:53] dbg: [driver:1] OpenTT3D: retained river selector tile 80,77 feature 5 base 11269 offset 0->0 sprite 11269 absent false
[2026-10-03 19:48:53] dbg: [driver:1] OpenTT3D: retained river selector tile 80,77 feature 6 base 10424 offset 1->1 sprite 10425 absent false
[2026-10-03 19:48:53] dbg: [driver:1] OpenTT3D: retained river selector tile 80,77 feature 6 base 10424 offset 3->3 sprite 10427 absent false
[2026-10-03 19:48:53] dbg: [driver:1] OpenTT3D: retained river selector tile 81,77 feature 5 base 11269 offset 0->0 sprite 11269 absent false
[2026-10-03 19:48:53] dbg: [driver:1] OpenTT3D: retained river selector tile 81,77 feature 6 base 10424 offset 3->3 sprite 10427 absent false
[2026-10-03 19:48:53] dbg: [driver:1] OpenTT3D: retained river selector tile 81,77 feature 6 base 10424 offset 8->8 sprite 10432 absent false
[2026-10-03 19:48:53] dbg: [driver:1] OpenTT3D: retained river selector tile 82,77 feature 5 base 11269 offset 0->0 sprite 11269 absent false
[2026-10-03 19:48:53] dbg: [driver:1] OpenTT3D: retained river selector tile 82,77 feature 6 base 10424 offset 3->3 sprite 10427 absent false
[2026-10-03 19:48:53] dbg: [driver:1] OpenTT3D: retained river selector tile 82,77 feature 6 base 10424 offset 9->9 sprite 10433 absent false
[2026-10-03 19:48:53] dbg: [driver:1] OpenTT3D: retained river selector tile 83,77 feature 5 base 11269 offset 0->0 sprite 11269 absent false
[2026-10-03 19:48:53] dbg: [driver:1] OpenTT3D: retained river selector tile 83,77 feature 6 base 10424 offset 1->1 sprite 10425 absent false
[2026-10-03 19:48:53] dbg: [driver:1] OpenTT3D: retained river selector tile 83,77 feature 6 base 10424 offset 3->3 sprite 10427 absent false
[2026-10-03 19:48:53] dbg: [driver:1] OpenTT3D: retained river selector tile 84,77 feature 5 base 11269 offset 0->0 sprite 11269 absent false
[2026-10-03 19:48:53] dbg: [driver:1] OpenTT3D: retained river selector tile 84,77 feature 6 base 10424 offset 1->1 sprite 10425 absent false
[2026-10-03 19:48:53] dbg: [driver:1] OpenTT3D: retained river selector tile 84,77 feature 6 base 10424 offset 3->3 sprite 10427 absent false
[2026-10-03 19:48:53] dbg: [driver:1] OpenTT3D: retained river selector tile 85,77 feature 5 base 11269 offset 0->0 sprite 11269 absent false
[2026-10-03 19:48:53] dbg: [driver:1] OpenTT3D: retained river selector tile 85,77 feature 6 base 10424 offset 1->1 sprite 10425 absent false
[2026-10-03 19:48:53] dbg: [driver:1] OpenTT3D: retained river selector tile 85,77 feature 6 base 10424 offset 3->3 sprite 10427 absent false
[2026-10-03 19:48:53] dbg: [driver:1] OpenTT3D: retained river selector tile 86,77 feature 5 base 11269 offset 0->0 sprite 11269 absent false
[2026-10-03 19:48:53] dbg: [driver:1] OpenTT3D: retained river selector tile 86,77 feature 6 base 10424 offset 2->2 sprite 10426 absent false
[2026-10-03 19:48:53] dbg: [driver:1] OpenTT3D: retained river selector tile 86,77 feature 6 base 10424 offset 3->3 sprite 10427 absent false
[2026-10-03 19:48:53] dbg: [driver:1] OpenTT3D: retained river selector tile 86,77 feature 6 base 10424 offset 8->8 sprite 10432 absent false
[2026-10-03 19:48:53] dbg: [driver:1] OpenTT3D: retained river selector tile 86,77 feature 6 base 10424 offset 6->6 sprite 10430 absent false
[2026-10-03 19:48:53] dbg: [driver:1] OpenTT3D: retained river selector tile 99,77 feature 5 base 11269 offset 0->0 sprite 11269 absent false
[2026-10-03 19:48:53] dbg: [driver:1] OpenTT3D: retained river selector tile 99,77 feature 6 base 10424 offset 0->0 sprite 10424 absent false
[2026-10-03 19:48:53] dbg: [driver:1] OpenTT3D: retained river selector tile 99,77 feature 6 base 10424 offset 3->3 sprite 10427 absent false
[2026-10-03 19:48:53] dbg: [driver:1] OpenTT3D: retained river selector tile 99,77 feature 6 base 10424 offset 7->7 sprite 10431 absent false
[2026-10-03 19:48:53] dbg: [driver:1] OpenTT3D: retained river selector tile 100,77 feature 5 base 11269 offset 0->0 sprite 11269 absent false
[2026-10-03 19:48:53] dbg: [driver:1] OpenTT3D: retained river selector tile 100,77 feature 6 base 10424 offset 3->3 sprite 10427 absent false
[2026-10-03 19:48:53] dbg: [driver:1] OpenTT3D: retained river selector tile 101,77 feature 5 base 11269 offset 0->0 sprite 11269 absent false
[2026-10-03 19:48:53] dbg: [driver:1] OpenTT3D: retained river selector tile 101,77 feature 6 base 10424 offset 11->11 sprite 10435 absent false
[2026-10-03 19:48:53] dbg: [driver:1] OpenTT3D: retained river selector tile 102,77 feature 5 base 11269 offset 0->0 sprite 11269 absent false
[2026-10-03 19:48:53] dbg: [driver:1] OpenTT3D: retained river selector tile 102,77 feature 6 base 10424 offset 9->9 sprite 10433 absent false
[2026-10-03 19:48:53] dbg: [driver:1] OpenTT3D: retained river selector tile 103,77 feature 5 base 11269 offset 0->0 sprite 11269 absent false
[2026-10-03 19:48:53] dbg: [driver:1] OpenTT3D: retained river selector tile 103,77 feature 6 base 10424 offset 1->1 sprite 10425 absent false
[2026-10-03 19:48:53] dbg: [driver:1] OpenTT3D: retained river selector tile 104,77 feature 5 base 11269 offset 0->0 sprite 11269 absent false
[2026-10-03 19:48:53] dbg: [driver:1] OpenTT3D: retained river selector tile 104,77 feature 6 base 10424 offset 1->1 sprite 10425 absent false
[2026-10-03 19:48:53] dbg: [driver:1] OpenTT3D: retained river selector tile 104,77 feature 6 base 10424 offset 2->2 sprite 10426 absent false
[2026-10-03 19:48:53] dbg: [driver:1] OpenTT3D: retained river selector tile 104,77 feature 6 base 10424 offset 5->5 sprite 10429 absent false
[2026-10-03 19:48:53] dbg: [driver:1] OpenTT3D: retained river selector tile 81,78 feature 5 base 11269 offset 0->0 sprite 11269 absent false
[2026-10-03 19:48:53] dbg: [driver:1] OpenTT3D: retained river selector tile 81,78 feature 6 base 10424 offset 0->0 sprite 10424 absent false
[2026-10-03 19:48:53] dbg: [driver:1] OpenTT3D: retained river selector tile 81,78 feature 6 base 10424 offset 1->1 sprite 10425 absent false
[2026-10-03 19:48:53] dbg: [driver:1] OpenTT3D: retained river selector tile 81,78 feature 6 base 10424 offset 4->4 sprite 10428 absent false
[2026-10-03 19:48:53] dbg: [driver:1] OpenTT3D: retained river selector tile 82,78 feature 5 base 11269 offset 0->0 sprite 11269 absent false
[2026-10-03 19:48:53] dbg: [driver:1] OpenTT3D: retained river selector tile 82,78 feature 6 base 10424 offset 1->1 sprite 10425 absent false
[2026-10-03 19:48:53] dbg: [driver:1] OpenTT3D: retained river selector tile 82,78 feature 6 base 10424 offset 2->2 sprite 10426 absent false
[2026-10-03 19:48:53] dbg: [driver:1] OpenTT3D: retained river selector tile 82,78 feature 6 base 10424 offset 5->5 sprite 10429 absent false
[2026-10-03 19:48:53] dbg: [driver:1] OpenTT3D: retained river selector tile 86,78 feature 5 base 11269 offset 0->0 sprite 11269 absent false
[2026-10-03 19:48:53] dbg: [driver:1] OpenTT3D: retained river selector tile 86,78 feature 6 base 10424 offset 0->0 sprite 10424 absent false
[2026-10-03 19:48:53] dbg: [driver:1] OpenTT3D: retained river selector tile 86,78 feature 6 base 10424 offset 1->1 sprite 10425 absent false
[2026-10-03 19:48:53] dbg: [driver:1] OpenTT3D: retained river selector tile 86,78 feature 6 base 10424 offset 4->4 sprite 10428 absent false
[2026-10-03 19:48:53] dbg: [driver:1] OpenTT3D: retained river selector tile 86,78 feature 6 base 10424 offset 10->10 sprite 10434 absent false
[2026-10-03 19:48:53] dbg: [driver:1] OpenTT3D: retained river selector tile 87,78 feature 5 base 11269 offset 0->0 sprite 11269 absent false
[2026-10-03 19:48:53] dbg: [driver:1] OpenTT3D: retained river selector tile 87,78 feature 6 base 10424 offset 1->1 sprite 10425 absent false
[2026-10-03 19:48:53] dbg: [driver:1] OpenTT3D: retained river selector tile 87,78 feature 6 base 10424 offset 3->3 sprite 10427 absent false
[2026-10-03 19:48:53] dbg: [driver:1] OpenTT3D: retained river selector tile 88,78 feature 5 base 11269 offset 0->0 sprite 11269 absent false
[2026-10-03 19:48:53] dbg: [driver:1] OpenTT3D: retained river selector tile 88,78 feature 6 base 10424 offset 2->2 sprite 10426 absent false
[2026-10-03 19:48:53] dbg: [driver:1] OpenTT3D: retained river selector tile 88,78 feature 6 base 10424 offset 3->3 sprite 10427 absent false
[2026-10-03 19:48:53] dbg: [driver:1] OpenTT3D: retained river selector tile 88,78 feature 6 base 10424 offset 8->8 sprite 10432 absent false
[2026-10-03 19:48:53] dbg: [driver:1] OpenTT3D: retained river selector tile 88,78 feature 6 base 10424 offset 6->6 sprite 10430 absent false
[2026-10-03 19:48:53] dbg: [driver:1] OpenTT3D: retained river selector tile 95,78 feature 5 base 11269 offset 0->0 sprite 11269 absent false
[2026-10-03 19:48:53] dbg: [driver:1] OpenTT3D: retained river selector tile 95,78 feature 6 base 10424 offset 0->0 sprite 10424 absent false
[2026-10-03 19:48:53] dbg: [driver:1] OpenTT3D: retained river selector tile 95,78 feature 6 base 10424 offset 3->3 sprite 10427 absent false
[2026-10-03 19:48:53] dbg: [driver:1] OpenTT3D: retained river selector tile 95,78 feature 6 base 10424 offset 7->7 sprite 10431 absent false
[2026-10-03 19:48:53] dbg: [driver:1] OpenTT3D: retained river selector tile 96,78 feature 5 base 11269 offset 0->0 sprite 11269 absent false
[2026-10-03 19:48:53] dbg: [driver:1] OpenTT3D: retained river selector tile 96,78 feature 6 base 10424 offset 3->3 sprite 10427 absent false
[2026-10-03 19:48:53] dbg: [driver:1] OpenTT3D: retained river selector tile 97,78 feature 5 base 11269 offset 0->0 sprite 11269 absent false
[2026-10-03 19:48:53] dbg: [driver:1] OpenTT3D: retained river selector tile 97,78 feature 6 base 10424 offset 3->3 sprite 10427 absent false
[2026-10-03 19:48:53] dbg: [driver:1] OpenTT3D: retained river selector tile 98,78 feature 5 base 11269 offset 0->0 sprite 11269 absent false
[2026-10-03 19:48:53] dbg: [driver:1] OpenTT3D: retained river selector tile 98,78 feature 6 base 10424 offset 3->3 sprite 10427 absent false
[2026-10-03 19:48:53] dbg: [driver:1] OpenTT3D: retained river selector tile 99,78 feature 5 base 11269 offset 0->0 sprite 11269 absent false
[2026-10-03 19:48:53] dbg: [driver:1] OpenTT3D: retained river selector tile 99,78 feature 6 base 10424 offset 11->11 sprite 10435 absent false
[2026-10-03 19:48:53] dbg: [driver:1] OpenTT3D: retained river selector tile 100,78 feature 5 base 11269 offset 0->0 sprite 11269 absent false
[2026-10-03 19:48:53] dbg: [driver:1] OpenTT3D: retained river selector tile 100,78 feature 6 base 10424 offset 9->9 sprite 10433 absent false
[2026-10-03 19:48:53] dbg: [driver:1] OpenTT3D: retained river selector tile 101,78 feature 5 base 11269 offset 0->0 sprite 11269 absent false
[2026-10-03 19:48:53] dbg: [driver:1] OpenTT3D: retained river selector tile 101,78 feature 6 base 10424 offset 1->1 sprite 10425 absent false
[2026-10-03 19:48:53] dbg: [driver:1] OpenTT3D: retained river selector tile 102,78 feature 5 base 11269 offset 0->0 sprite 11269 absent false
[2026-10-03 19:48:53] dbg: [driver:1] OpenTT3D: retained river selector tile 102,78 feature 6 base 10424 offset 1->1 sprite 10425 absent false
[2026-10-03 19:48:53] dbg: [driver:1] OpenTT3D: retained river selector tile 102,78 feature 6 base 10424 offset 2->2 sprite 10426 absent false
[2026-10-03 19:48:53] dbg: [driver:1] OpenTT3D: retained river selector tile 102,78 feature 6 base 10424 offset 5->5 sprite 10429 absent false
[2026-10-03 19:48:53] dbg: [driver:1] OpenTT3D: 88 ground-detail tiles rendered with raised crops, hay, rocks or turf
[2026-10-03 19:48:53] dbg: [driver:1] OpenTT3D: 2 slope foundations rendered with complete retaining walls
[2026-10-03 19:48:53] dbg: [driver:1] OpenTT3D: 7 unmodelled reference sprites in this view (release coverage is incomplete)
[2026-10-03 19:48:53] dbg: [driver:1] OpenTT3D: live projected tree 1870 stage 4 captured at 102,63
[2026-10-03 19:48:53] dbg: [driver:1] OpenTT3D: retained river selector tile 114,63 feature 5 base 11269 offset 0->0 sprite 11269 absent false
[2026-10-03 19:48:53] dbg: [driver:1] OpenTT3D: retained river selector tile 114,63 feature 6 base 10424 offset 0->0 sprite 10424 absent false
[2026-10-03 19:48:53] dbg: [driver:1] OpenTT3D: retained river selector tile 114,63 feature 6 base 10424 offset 3->3 sprite 10427 absent false
[2026-10-03 19:48:53] dbg: [driver:1] OpenTT3D: retained river selector tile 114,63 feature 6 base 10424 offset 9->9 sprite 10433 absent false
[2026-10-03 19:48:53] dbg: [driver:1] OpenTT3D: retained river selector tile 114,63 feature 6 base 10424 offset 7->7 sprite 10431 absent false
[2026-10-03 19:48:53] dbg: [driver:1] OpenTT3D: retained river selector tile 114,64 feature 5 base 11269 offset 0->0 sprite 11269 absent false
[2026-10-03 19:48:53] dbg: [driver:1] OpenTT3D: retained river selector tile 114,64 feature 6 base 10424 offset 0->0 sprite 10424 absent false
[2026-10-03 19:48:53] dbg: [driver:1] OpenTT3D: retained river selector tile 114,64 feature 6 base 10424 offset 2->2 sprite 10426 absent false
[2026-10-03 19:48:53] dbg: [driver:1] OpenTT3D: retained river selector tile 114,65 feature 5 base 11269 offset 0->0 sprite 11269 absent false
[2026-10-03 19:48:53] dbg: [driver:1] OpenTT3D: retained river selector tile 114,65 feature 6 base 10424 offset 0->0 sprite 10424 absent false
[2026-10-03 19:48:53] dbg: [driver:1] OpenTT3D: retained river selector tile 114,65 feature 6 base 10424 offset 2->2 sprite 10426 absent false
[2026-10-03 19:48:53] dbg: [driver:1] OpenTT3D: retained river selector tile 113,66 feature 5 base 11269 offset 0->0 sprite 11269 absent false
[2026-10-03 19:48:53] dbg: [driver:1] OpenTT3D: retained river selector tile 113,66 feature 6 base 10424 offset 1->1 sprite 10425 absent false
[2026-10-03 19:48:53] dbg: [driver:1] OpenTT3D: retained river selector tile 113,66 feature 6 base 10424 offset 3->3 sprite 10427 absent false
[2026-10-03 19:48:53] dbg: [driver:1] OpenTT3D: retained river selector tile 114,66 feature 5 base 11269 offset 0->0 sprite 11269 absent false
[2026-10-03 19:48:53] dbg: [driver:1] OpenTT3D: retained river selector tile 114,66 feature 6 base 10424 offset 1->1 sprite 10425 absent false
[2026-10-03 19:48:53] dbg: [driver:1] OpenTT3D: retained river selector tile 114,66 feature 6 base 10424 offset 2->2 sprite 10426 absent false
[2026-10-03 19:48:53] dbg: [driver:1] OpenTT3D: retained river selector tile 114,66 feature 6 base 10424 offset 5->5 sprite 10429 absent false
[2026-10-03 19:48:53] dbg: [driver:1] OpenTT3D: retained river selector tile 114,66 feature 6 base 10424 offset 11->11 sprite 10435 absent false
[2026-10-03 19:48:53] dbg: [driver:1] OpenTT3D: live voxel house ground 78 construction stage 3 captured at 100,68
[2026-10-03 19:48:53] dbg: [driver:1] OpenTT3D: live voxel house ground 78 construction stage 3 variant 0 captured
[2026-10-03 19:48:53] dbg: [driver:1] OpenTT3D: live voxel house 78 construction stage 3 captured at 100,68
[2026-10-03 19:48:53] dbg: [driver:1] OpenTT3D: live voxel house 78 construction stage 3 variant 0 captured
[2026-10-03 19:48:53] dbg: [driver:1] OpenTT3D: live voxel house ground 82 construction stage 3 captured at 101,68
[2026-10-03 19:48:53] dbg: [driver:1] OpenTT3D: live voxel house ground 82 construction stage 3 variant 3 captured
[2026-10-03 19:48:53] dbg: [driver:1] OpenTT3D: live voxel house 82 construction stage 3 captured at 101,68
[2026-10-03 19:48:53] dbg: [driver:1] OpenTT3D: live voxel house 82 construction stage 3 variant 3 captured
[2026-10-03 19:48:53] dbg: [driver:1] OpenTT3D: live voxel house ground 89 construction stage 3 captured at 100,69
[2026-10-03 19:48:53] dbg: [driver:1] OpenTT3D: live voxel house ground 89 construction stage 3 variant 3 captured
[2026-10-03 19:48:53] dbg: [driver:1] OpenTT3D: live voxel house 89 construction stage 3 captured at 100,69
[2026-10-03 19:48:53] dbg: [driver:1] OpenTT3D: live voxel house 89 construction stage 3 variant 3 captured
[2026-10-03 19:48:53] dbg: [driver:1] OpenTT3D: live voxel house ground 89 construction stage 3 captured at 101,69
[2026-10-03 19:48:53] dbg: [driver:1] OpenTT3D: live voxel house ground 89 construction stage 3 variant 0 captured
[2026-10-03 19:48:53] dbg: [driver:1] OpenTT3D: live voxel house 89 construction stage 3 captured at 101,69
[2026-10-03 19:48:53] dbg: [driver:1] OpenTT3D: live voxel house 89 construction stage 3 variant 0 captured
[2026-10-03 19:48:53] dbg: [driver:1] OpenTT3D: live projected tree 1905 stage 0 captured at 95,70
[2026-10-03 19:48:53] dbg: [driver:1] OpenTT3D: live voxel house ground 84 construction stage 3 captured at 100,70
[2026-10-03 19:48:53] dbg: [driver:1] OpenTT3D: live voxel house ground 84 construction stage 3 variant 2 captured
[2026-10-03 19:48:53] dbg: [driver:1] OpenTT3D: live voxel house 84 construction stage 3 captured at 100,70
[2026-10-03 19:48:53] dbg: [driver:1] OpenTT3D: live voxel house 84 construction stage 3 variant 2 captured
[2026-10-03 19:48:53] dbg: [driver:1] OpenTT3D: live voxel house ground 89 construction stage 1 captured at 98,71
[2026-10-03 19:48:53] dbg: [driver:1] OpenTT3D: live voxel house ground 89 construction stage 1 variant 0 captured
[2026-10-03 19:48:53] dbg: [driver:1] OpenTT3D: live voxel house 89 construction stage 1 captured at 98,71
[2026-10-03 19:48:53] dbg: [driver:1] OpenTT3D: live voxel house 89 construction stage 1 variant 0 captured
[2026-10-03 19:48:53] dbg: [driver:1] OpenTT3D: live voxel house ground 82 construction stage 3 captured at 100,71
[2026-10-03 19:48:53] dbg: [driver:1] OpenTT3D: live voxel house ground 82 construction stage 3 variant 1 captured
[2026-10-03 19:48:53] dbg: [driver:1] OpenTT3D: live voxel house 82 construction stage 3 captured at 100,71
[2026-10-03 19:48:53] dbg: [driver:1] OpenTT3D: live voxel house 82 construction stage 3 variant 1 captured
[2026-10-03 19:48:53] dbg: [driver:1] OpenTT3D: live voxel house ground 89 construction stage 2 captured at 102,72
[2026-10-03 19:48:53] dbg: [driver:1] OpenTT3D: live voxel house ground 89 construction stage 2 variant 1 captured
[2026-10-03 19:48:53] dbg: [driver:1] OpenTT3D: live voxel house 89 construction stage 2 captured at 102,72
[2026-10-03 19:48:53] dbg: [driver:1] OpenTT3D: live voxel house 89 construction stage 2 variant 1 captured
[2026-10-03 19:48:53] dbg: [driver:1] OpenTT3D: live voxel house ground 83 construction stage 3 captured at 99,73
[2026-10-03 19:48:53] dbg: [driver:1] OpenTT3D: live voxel house ground 83 construction stage 3 variant 0 captured
[2026-10-03 19:48:53] dbg: [driver:1] OpenTT3D: live voxel house 83 construction stage 3 captured at 99,73
[2026-10-03 19:48:53] dbg: [driver:1] OpenTT3D: live voxel house 83 construction stage 3 variant 0 captured
[2026-10-03 19:48:53] dbg: [driver:1] OpenTT3D: live voxel house ground 89 construction stage 3 captured at 100,73
[2026-10-03 19:48:53] dbg: [driver:1] OpenTT3D: live voxel house ground 89 construction stage 3 variant 2 captured
[2026-10-03 19:48:53] dbg: [driver:1] OpenTT3D: live voxel house 89 construction stage 3 captured at 100,73
[2026-10-03 19:48:53] dbg: [driver:1] OpenTT3D: live voxel house 89 construction stage 3 variant 2 captured
[2026-10-03 19:48:53] dbg: [driver:1] OpenTT3D: live voxel house ground 82 construction stage 3 captured at 102,73
[2026-10-03 19:48:53] dbg: [driver:1] OpenTT3D: live voxel house ground 82 construction stage 3 variant 0 captured
[2026-10-03 19:48:53] dbg: [driver:1] OpenTT3D: live voxel house 82 construction stage 3 captured at 102,73
[2026-10-03 19:48:53] dbg: [driver:1] OpenTT3D: live voxel house 82 construction stage 3 variant 0 captured
[2026-10-03 19:48:53] dbg: [driver:1] OpenTT3D: live voxel house ground 79 construction stage 3 captured at 100,74
[2026-10-03 19:48:53] dbg: [driver:1] OpenTT3D: live voxel house ground 79 construction stage 3 variant 1 captured
[2026-10-03 19:48:53] dbg: [driver:1] OpenTT3D: live voxel house 79 construction stage 3 captured at 100,74
[2026-10-03 19:48:53] dbg: [driver:1] OpenTT3D: live voxel house 79 construction stage 3 variant 1 captured
[2026-10-03 19:48:53] dbg: [driver:1] OpenTT3D: live voxel house ground 80 construction stage 3 captured at 102,74
[2026-10-03 19:48:53] dbg: [driver:1] OpenTT3D: live voxel house ground 80 construction stage 3 variant 3 captured
[2026-10-03 19:48:53] dbg: [driver:1] OpenTT3D: live voxel house 80 construction stage 3 captured at 102,74
[2026-10-03 19:48:53] dbg: [driver:1] OpenTT3D: live voxel house 80 construction stage 3 variant 3 captured
[2026-10-03 19:48:53] dbg: [driver:1] OpenTT3D: retained river selector tile 88,79 feature 5 base 11269 offset 0->0 sprite 11269 absent false
[2026-10-03 19:48:53] dbg: [driver:1] OpenTT3D: retained river selector tile 88,79 feature 6 base 10424 offset 0->0 sprite 10424 absent false
[2026-10-03 19:48:53] dbg: [driver:1] OpenTT3D: retained river selector tile 88,79 feature 6 base 10424 offset 2->2 sprite 10426 absent false
[2026-10-03 19:48:53] dbg: [driver:1] OpenTT3D: retained river selector tile 95,79 feature 5 base 11269 offset 0->0 sprite 11269 absent false
[2026-10-03 19:48:53] dbg: [driver:1] OpenTT3D: retained river selector tile 95,79 feature 6 base 10424 offset 0->0 sprite 10424 absent false
[2026-10-03 19:48:53] dbg: [driver:1] OpenTT3D: retained river selector tile 96,79 feature 5 base 11269 offset 0->0 sprite 11269 absent false
[2026-10-03 19:48:53] dbg: [driver:1] OpenTT3D: retained river selector tile 97,79 feature 5 base 11269 offset 0->0 sprite 11269 absent false
[2026-10-03 19:48:53] dbg: [driver:1] OpenTT3D: retained river selector tile 98,79 feature 5 base 11269 offset 0->0 sprite 11269 absent false
[2026-10-03 19:48:53] dbg: [driver:1] OpenTT3D: retained river selector tile 99,79 feature 5 base 11269 offset 0->0 sprite 11269 absent false
[2026-10-03 19:48:53] dbg: [driver:1] OpenTT3D: retained river selector tile 100,79 feature 5 base 11269 offset 0->0 sprite 11269 absent false
[2026-10-03 19:48:53] dbg: [driver:1] OpenTT3D: retained river selector tile 100,79 feature 6 base 10424 offset 2->2 sprite 10426 absent false
[2026-10-03 19:48:53] dbg: [driver:1] OpenTT3D: retained river selector tile 88,80 feature 5 base 11269 offset 0->0 sprite 11269 absent false
[2026-10-03 19:48:53] dbg: [driver:1] OpenTT3D: retained river selector tile 88,80 feature 6 base 10424 offset 0->0 sprite 10424 absent false
[2026-10-03 19:48:53] dbg: [driver:1] OpenTT3D: retained river selector tile 88,80 feature 6 base 10424 offset 2->2 sprite 10426 absent false
[2026-10-03 19:48:53] dbg: [driver:1] OpenTT3D: retained river selector tile 90,80 feature 5 base 11269 offset 0->0 sprite 11269 absent false
[2026-10-03 19:48:53] dbg: [driver:1] OpenTT3D: retained river selector tile 90,80 feature 6 base 10424 offset 0->0 sprite 10424 absent false
[2026-10-03 19:48:53] dbg: [driver:1] OpenTT3D: retained river selector tile 90,80 feature 6 base 10424 offset 3->3 sprite 10427 absent false
[2026-10-03 19:48:53] dbg: [driver:1] OpenTT3D: retained river selector tile 90,80 feature 6 base 10424 offset 7->7 sprite 10431 absent false
[2026-10-03 19:48:53] dbg: [driver:1] OpenTT3D: retained river selector tile 91,80 feature 5 base 11269 offset 0->0 sprite 11269 absent false
[2026-10-03 19:48:53] dbg: [driver:1] OpenTT3D: retained river selector tile 91,80 feature 6 base 10424 offset 3->3 sprite 10427 absent false
[2026-10-03 19:48:53] dbg: [driver:1] OpenTT3D: retained river selector tile 92,80 feature 5 base 11269 offset 0->0 sprite 11269 absent false
[2026-10-03 19:48:53] dbg: [driver:1] OpenTT3D: retained river selector tile 92,80 feature 6 base 10424 offset 3->3 sprite 10427 absent false
[2026-10-03 19:48:53] dbg: [driver:1] OpenTT3D: retained river selector tile 93,80 feature 5 base 11269 offset 0->0 sprite 11269 absent false
[2026-10-03 19:48:53] dbg: [driver:1] OpenTT3D: retained river selector tile 93,80 feature 6 base 10424 offset 3->3 sprite 10427 absent false
[2026-10-03 19:48:53] dbg: [driver:1] OpenTT3D: retained river selector tile 94,80 feature 5 base 11269 offset 0->0 sprite 11269 absent false
[2026-10-03 19:48:53] dbg: [driver:1] OpenTT3D: retained river selector tile 94,80 feature 6 base 10424 offset 3->3 sprite 10427 absent false
[2026-10-03 19:48:53] dbg: [driver:1] OpenTT3D: retained river selector tile 95,80 feature 5 base 11269 offset 0->0 sprite 11269 absent false
[2026-10-03 19:48:53] dbg: [driver:1] OpenTT3D: retained river selector tile 95,80 feature 6 base 10424 offset 11->11 sprite 10435 absent false
[2026-10-03 19:48:53] dbg: [driver:1] OpenTT3D: retained river selector tile 96,80 feature 5 base 11269 offset 0->0 sprite 11269 absent false
[2026-10-03 19:48:53] dbg: [driver:1] OpenTT3D: retained river selector tile 97,80 feature 5 base 11269 offset 0->0 sprite 11269 absent false
[2026-10-03 19:48:53] dbg: [driver:1] OpenTT3D: retained river selector tile 97,80 feature 6 base 10424 offset 9->9 sprite 10433 absent false
[2026-10-03 19:48:53] dbg: [driver:1] OpenTT3D: retained river selector tile 98,80 feature 5 base 11269 offset 0->0 sprite 11269 absent false
[2026-10-03 19:48:53] dbg: [driver:1] OpenTT3D: retained river selector tile 98,80 feature 6 base 10424 offset 1->1 sprite 10425 absent false
[2026-10-03 19:48:53] dbg: [driver:1] OpenTT3D: retained river selector tile 99,80 feature 5 base 11269 offset 0->0 sprite 11269 absent false
[2026-10-03 19:48:53] dbg: [driver:1] OpenTT3D: retained river selector tile 99,80 feature 6 base 10424 offset 1->1 sprite 10425 absent false
[2026-10-03 19:48:53] dbg: [driver:1] OpenTT3D: retained river selector tile 100,80 feature 5 base 11269 offset 0->0 sprite 11269 absent false
[2026-10-03 19:48:53] dbg: [driver:1] OpenTT3D: retained river selector tile 100,80 feature 6 base 10424 offset 1->1 sprite 10425 absent false
[2026-10-03 19:48:53] dbg: [driver:1] OpenTT3D: retained river selector tile 100,80 feature 6 base 10424 offset 2->2 sprite 10426 absent false
[2026-10-03 19:48:53] dbg: [driver:1] OpenTT3D: retained river selector tile 100,80 feature 6 base 10424 offset 5->5 sprite 10429 absent false
[2026-10-03 19:48:53] dbg: [driver:1] OpenTT3D: retained river selector tile 88,81 feature 5 base 11269 offset 0->0 sprite 11269 absent false
[2026-10-03 19:48:53] dbg: [driver:1] OpenTT3D: retained river selector tile 88,81 feature 6 base 10424 offset 0->0 sprite 10424 absent false
[2026-10-03 19:48:53] dbg: [driver:1] OpenTT3D: retained river selector tile 88,81 feature 6 base 10424 offset 1->1 sprite 10425 absent false
[2026-10-03 19:48:53] dbg: [driver:1] OpenTT3D: retained river selector tile 88,81 feature 6 base 10424 offset 4->4 sprite 10428 absent false
[2026-10-03 19:48:53] dbg: [driver:1] OpenTT3D: retained river selector tile 88,81 feature 6 base 10424 offset 10->10 sprite 10434 absent false
[2026-10-03 19:48:53] dbg: [driver:1] OpenTT3D: retained river selector tile 89,81 feature 5 base 11269 offset 0->0 sprite 11269 absent false
[2026-10-03 19:48:53] dbg: [driver:1] OpenTT3D: retained river selector tile 89,81 feature 6 base 10424 offset 3->3 sprite 10427 absent false
[2026-10-03 19:48:53] dbg: [driver:1] OpenTT3D: retained river selector tile 89,81 feature 6 base 10424 offset 8->8 sprite 10432 absent false
[2026-10-03 19:48:53] dbg: [driver:1] OpenTT3D: retained river selector tile 90,81 feature 5 base 11269 offset 0->0 sprite 11269 absent false
[2026-10-03 19:48:53] dbg: [driver:1] OpenTT3D: retained river selector tile 90,81 feature 6 base 10424 offset 11->11 sprite 10435 absent false
[2026-10-03 19:48:53] dbg: [driver:1] OpenTT3D: retained river selector tile 91,81 feature 5 base 11269 offset 0->0 sprite 11269 absent false
[2026-10-03 19:48:53] dbg: [driver:1] OpenTT3D: retained river selector tile 92,81 feature 5 base 11269 offset 0->0 sprite 11269 absent false
[2026-10-03 19:48:53] dbg: [driver:1] OpenTT3D: retained river selector tile 93,81 feature 5 base 11269 offset 0->0 sprite 11269 absent false
[2026-10-03 19:48:53] dbg: [driver:1] OpenTT3D: retained river selector tile 94,81 feature 5 base 11269 offset 0->0 sprite 11269 absent false
[2026-10-03 19:48:53] dbg: [driver:1] OpenTT3D: retained river selector tile 95,81 feature 5 base 11269 offset 0->0 sprite 11269 absent false
[2026-10-03 19:48:53] dbg: [driver:1] OpenTT3D: retained river selector tile 96,81 feature 5 base 11269 offset 0->0 sprite 11269 absent false
[2026-10-03 19:48:53] dbg: [driver:1] OpenTT3D: retained river selector tile 97,81 feature 5 base 11269 offset 0->0 sprite 11269 absent false
[2026-10-03 19:48:53] dbg: [driver:1] OpenTT3D: retained river selector tile 97,81 feature 6 base 10424 offset 2->2 sprite 10426 absent false
[2026-10-03 19:48:53] dbg: [driver:1] OpenTT3D: retained river selector tile 89,82 feature 5 base 11269 offset 0->0 sprite 11269 absent false
[2026-10-03 19:48:53] dbg: [driver:1] OpenTT3D: retained river selector tile 89,82 feature 6 base 10424 offset 0->0 sprite 10424 absent false
[2026-10-03 19:48:53] dbg: [driver:1] OpenTT3D: retained river selector tile 90,82 feature 5 base 11269 offset 0->0 sprite 11269 absent false
[2026-10-03 19:48:53] dbg: [driver:1] OpenTT3D: retained river selector tile 91,82 feature 5 base 11269 offset 0->0 sprite 11269 absent false
[2026-10-03 19:48:53] dbg: [driver:1] OpenTT3D: retained river selector tile 92,82 feature 5 base 11269 offset 0->0 sprite 11269 absent false
[2026-10-03 19:48:53] dbg: [driver:1] OpenTT3D: retained river selector tile 92,82 feature 6 base 10424 offset 9->9 sprite 10433 absent false
[2026-10-03 19:48:53] dbg: [driver:1] OpenTT3D: retained river selector tile 93,82 feature 5 base 11269 offset 0->0 sprite 11269 absent false
[2026-10-03 19:48:53] dbg: [driver:1] OpenTT3D: retained river selector tile 93,82 feature 6 base 10424 offset 1->1 sprite 10425 absent false
[2026-10-03 19:48:53] dbg: [driver:1] OpenTT3D: retained river selector tile 94,82 feature 5 base 11269 offset 0->0 sprite 11269 absent false
[2026-10-03 19:48:53] dbg: [driver:1] OpenTT3D: retained river selector tile 94,82 feature 6 base 10424 offset 1->1 sprite 10425 absent false
[2026-10-03 19:48:53] dbg: [driver:1] OpenTT3D: retained river selector tile 95,82 feature 5 base 11269 offset 0->0 sprite 11269 absent false
[2026-10-03 19:48:53] dbg: [driver:1] OpenTT3D: retained river selector tile 95,82 feature 6 base 10424 offset 1->1 sprite 10425 absent false
[2026-10-03 19:48:53] dbg: [driver:1] OpenTT3D: retained river selector tile 96,82 feature 5 base 11269 offset 0->0 sprite 11269 absent false
[2026-10-03 19:48:53] dbg: [driver:1] OpenTT3D: retained river selector tile 96,82 feature 6 base 10424 offset 1->1 sprite 10425 absent false
[2026-10-03 19:48:53] dbg: [driver:1] OpenTT3D: retained river selector tile 97,82 feature 5 base 11269 offset 0->0 sprite 11269 absent false
[2026-10-03 19:48:53] dbg: [driver:1] OpenTT3D: retained river selector tile 97,82 feature 6 base 10424 offset 1->1 sprite 10425 absent false
[2026-10-03 19:48:53] dbg: [driver:1] OpenTT3D: retained river selector tile 97,82 feature 6 base 10424 offset 2->2 sprite 10426 absent false
[2026-10-03 19:48:53] dbg: [driver:1] OpenTT3D: retained river selector tile 97,82 feature 6 base 10424 offset 5->5 sprite 10429 absent false
[2026-10-03 19:48:53] dbg: [driver:1] OpenTT3D: retained river selector tile 88,83 feature 5 base 11269 offset 0->0 sprite 11269 absent false
[2026-10-03 19:48:53] dbg: [driver:1] OpenTT3D: retained river selector tile 88,83 feature 6 base 10424 offset 0->0 sprite 10424 absent false
[2026-10-03 19:48:53] dbg: [driver:1] OpenTT3D: retained river selector tile 88,83 feature 6 base 10424 offset 3->3 sprite 10427 absent false
[2026-10-03 19:48:53] dbg: [driver:1] OpenTT3D: retained river selector tile 88,83 feature 6 base 10424 offset 7->7 sprite 10431 absent false
[2026-10-03 19:48:53] dbg: [driver:1] OpenTT3D: retained river selector tile 89,83 feature 5 base 11269 offset 0->0 sprite 11269 absent false
[2026-10-03 19:48:53] dbg: [driver:1] OpenTT3D: retained river selector tile 89,83 feature 6 base 10424 offset 11->11 sprite 10435 absent false
[2026-10-03 19:48:53] dbg: [driver:1] OpenTT3D: retained river selector tile 90,83 feature 5 base 11269 offset 0->0 sprite 11269 absent false
[2026-10-03 19:48:53] dbg: [driver:1] OpenTT3D: retained river selector tile 91,83 feature 5 base 11269 offset 0->0 sprite 11269 absent false
[2026-10-03 19:48:53] dbg: [driver:1] OpenTT3D: retained river selector tile 91,83 feature 6 base 10424 offset 9->9 sprite 10433 absent false
[2026-10-03 19:48:53] dbg: [driver:1] OpenTT3D: retained river selector tile 92,83 feature 5 base 11269 offset 0->0 sprite 11269 absent false
[2026-10-03 19:48:53] dbg: [driver:1] OpenTT3D: retained river selector tile 92,83 feature 6 base 10424 offset 1->1 sprite 10425 absent false
[2026-10-03 19:48:53] dbg: [driver:1] OpenTT3D: retained river selector tile 92,83 feature 6 base 10424 offset 2->2 sprite 10426 absent false
[2026-10-03 19:48:53] dbg: [driver:1] OpenTT3D: retained river selector tile 92,83 feature 6 base 10424 offset 5->5 sprite 10429 absent false
[2026-10-03 19:48:53] dbg: [driver:1] OpenTT3D: retained river selector tile 88,84 feature 5 base 11269 offset 0->0 sprite 11269 absent false
[2026-10-03 19:48:53] dbg: [driver:1] OpenTT3D: retained river selector tile 88,84 feature 6 base 10424 offset 0->0 sprite 10424 absent false
[2026-10-03 19:48:53] dbg: [driver:1] OpenTT3D: retained river selector tile 89,84 feature 5 base 11269 offset 0->0 sprite 11269 absent false
[2026-10-03 19:48:53] dbg: [driver:1] OpenTT3D: retained river selector tile 90,84 feature 5 base 11269 offset 0->0 sprite 11269 absent false
[2026-10-03 19:48:53] dbg: [driver:1] OpenTT3D: retained river selector tile 91,84 feature 5 base 11269 offset 0->0 sprite 11269 absent false
[2026-10-03 19:48:53] dbg: [driver:1] OpenTT3D: retained river selector tile 91,84 feature 6 base 10424 offset 2->2 sprite 10426 absent false
[2026-10-03 19:48:53] dbg: [driver:1] OpenTT3D: retained river selector tile 88,85 feature 5 base 11269 offset 0->0 sprite 11269 absent false
[2026-10-03 19:48:53] dbg: [driver:1] OpenTT3D: retained river selector tile 88,85 feature 6 base 10424 offset 0->0 sprite 10424 absent false
[2026-10-03 19:48:53] dbg: [driver:1] OpenTT3D: retained river selector tile 89,85 feature 5 base 11269 offset 0->0 sprite 11269 absent false
[2026-10-03 19:48:53] dbg: [driver:1] OpenTT3D: retained river selector tile 90,85 feature 5 base 11269 offset 0->0 sprite 11269 absent false
[2026-10-03 19:48:53] dbg: [driver:1] OpenTT3D: retained river selector tile 90,85 feature 6 base 10424 offset 9->9 sprite 10433 absent false
[2026-10-03 19:48:53] dbg: [driver:1] OpenTT3D: retained river selector tile 91,85 feature 5 base 11269 offset 0->0 sprite 11269 absent false
[2026-10-03 19:48:53] dbg: [driver:1] OpenTT3D: retained river selector tile 91,85 feature 6 base 10424 offset 1->1 sprite 10425 absent false
[2026-10-03 19:48:53] dbg: [driver:1] OpenTT3D: retained river selector tile 91,85 feature 6 base 10424 offset 2->2 sprite 10426 absent false
[2026-10-03 19:48:53] dbg: [driver:1] OpenTT3D: retained river selector tile 91,85 feature 6 base 10424 offset 5->5 sprite 10429 absent false
[2026-10-03 19:48:53] dbg: [driver:1] OpenTT3D: retained river selector tile 88,86 feature 5 base 11269 offset 0->0 sprite 11269 absent false
[2026-10-03 19:48:53] dbg: [driver:1] OpenTT3D: retained river selector tile 88,86 feature 6 base 10424 offset 0->0 sprite 10424 absent false
[2026-10-03 19:48:53] dbg: [driver:1] OpenTT3D: retained river selector tile 89,86 feature 5 base 11269 offset 0->0 sprite 11269 absent false
[2026-10-03 19:48:53] dbg: [driver:1] OpenTT3D: retained river selector tile 90,86 feature 5 base 11269 offset 0->0 sprite 11269 absent false
[2026-10-03 19:48:53] dbg: [driver:1] OpenTT3D: retained river selector tile 90,86 feature 6 base 10424 offset 2->2 sprite 10426 absent false
[2026-10-03 19:48:53] dbg: [driver:1] OpenTT3D: retained river selector tile 88,87 feature 5 base 11269 offset 0->0 sprite 11269 absent false
[2026-10-03 19:48:53] dbg: [driver:1] OpenTT3D: retained river selector tile 88,87 feature 6 base 10424 offset 0->0 sprite 10424 absent false
[2026-10-03 19:48:53] dbg: [driver:1] OpenTT3D: retained river selector tile 89,87 feature 5 base 11269 offset 0->0 sprite 11269 absent false
[2026-10-03 19:48:53] dbg: [driver:1] OpenTT3D: retained river selector tile 90,87 feature 5 base 11269 offset 0->0 sprite 11269 absent false
[2026-10-03 19:48:53] dbg: [driver:1] OpenTT3D: retained river selector tile 90,87 feature 6 base 10424 offset 2->2 sprite 10426 absent false
[2026-10-03 19:48:53] dbg: [driver:1] OpenTT3D: retained river selector tile 88,88 feature 5 base 11269 offset 0->0 sprite 11269 absent false
[2026-10-03 19:48:53] dbg: [driver:1] OpenTT3D: retained river selector tile 88,88 feature 6 base 10424 offset 0->0 sprite 10424 absent false
[2026-10-03 19:48:53] dbg: [driver:1] OpenTT3D: retained river selector tile 89,88 feature 5 base 11269 offset 0->0 sprite 11269 absent false
[2026-10-03 19:48:53] dbg: [driver:1] OpenTT3D: retained river selector tile 90,88 feature 5 base 11269 offset 0->0 sprite 11269 absent false
[2026-10-03 19:48:53] dbg: [driver:1] OpenTT3D: retained river selector tile 90,88 feature 6 base 10424 offset 2->2 sprite 10426 absent false
[2026-10-03 19:48:53] dbg: [driver:1] OpenTT3D: retained river selector tile 87,89 feature 5 base 11269 offset 0->0 sprite 11269 absent false
[2026-10-03 19:48:53] dbg: [driver:1] OpenTT3D: retained river selector tile 87,89 feature 6 base 10424 offset 0->0 sprite 10424 absent false
[2026-10-03 19:48:53] dbg: [driver:1] OpenTT3D: retained river selector tile 87,89 feature 6 base 10424 offset 3->3 sprite 10427 absent false
[2026-10-03 19:48:53] dbg: [driver:1] OpenTT3D: retained river selector tile 87,89 feature 6 base 10424 offset 7->7 sprite 10431 absent false
[2026-10-03 19:48:53] dbg: [driver:1] OpenTT3D: retained river selector tile 88,89 feature 5 base 11269 offset 0->0 sprite 11269 absent false
[2026-10-03 19:48:53] dbg: [driver:1] OpenTT3D: retained river selector tile 88,89 feature 6 base 10424 offset 11->11 sprite 10435 absent false
[2026-10-03 19:48:53] dbg: [driver:1] OpenTT3D: retained river selector tile 89,89 feature 5 base 11269 offset 0->0 sprite 11269 absent false
[2026-10-03 19:48:53] dbg: [driver:1] OpenTT3D: retained river selector tile 90,89 feature 5 base 11269 offset 0->0 sprite 11269 absent false
[2026-10-03 19:48:53] dbg: [driver:1] OpenTT3D: retained river selector tile 90,89 feature 6 base 10424 offset 2->2 sprite 10426 absent false
[2026-10-03 19:48:53] dbg: [driver:1] OpenTT3D: retained river selector tile 87,90 feature 5 base 11269 offset 0->0 sprite 11269 absent false
[2026-10-03 19:48:53] dbg: [driver:1] OpenTT3D: retained river selector tile 87,90 feature 6 base 10424 offset 0->0 sprite 10424 absent false
[2026-10-03 19:48:53] dbg: [driver:1] OpenTT3D: retained river selector tile 88,90 feature 5 base 11269 offset 0->0 sprite 11269 absent false
[2026-10-03 19:48:53] dbg: [driver:1] OpenTT3D: retained river selector tile 89,90 feature 5 base 11269 offset 0->0 sprite 11269 absent false
[2026-10-03 19:48:53] dbg: [driver:1] OpenTT3D: retained river selector tile 90,90 feature 5 base 11269 offset 0->0 sprite 11269 absent false
[2026-10-03 19:48:53] dbg: [driver:1] OpenTT3D: retained river selector tile 90,90 feature 6 base 10424 offset 2->2 sprite 10426 absent false
[2026-10-03 19:48:53] dbg: [driver:1] OpenTT3D: retained river selector tile 87,91 feature 5 base 11269 offset 0->0 sprite 11269 absent false
[2026-10-03 19:48:54] dbg: [driver:1] OpenTT3D: retained river selector tile 87,91 feature 6 base 10424 offset 0->0 sprite 10424 absent false
[2026-10-03 19:48:54] dbg: [driver:1] OpenTT3D: retained river selector tile 88,91 feature 5 base 11269 offset 0->0 sprite 11269 absent false
[2026-10-03 19:48:54] dbg: [driver:1] OpenTT3D: retained river selector tile 89,91 feature 5 base 11269 offset 0->0 sprite 11269 absent false
[2026-10-03 19:48:54] dbg: [driver:1] OpenTT3D: retained river selector tile 89,91 feature 6 base 10424 offset 9->9 sprite 10433 absent false
[2026-10-03 19:48:54] dbg: [driver:1] OpenTT3D: retained river selector tile 90,91 feature 5 base 11269 offset 0->0 sprite 11269 absent false
[2026-10-03 19:48:54] dbg: [driver:1] OpenTT3D: retained river selector tile 90,91 feature 6 base 10424 offset 1->1 sprite 10425 absent false
[2026-10-03 19:48:54] dbg: [driver:1] OpenTT3D: retained river selector tile 90,91 feature 6 base 10424 offset 2->2 sprite 10426 absent false
[2026-10-03 19:48:54] dbg: [driver:1] OpenTT3D: retained river selector tile 90,91 feature 6 base 10424 offset 5->5 sprite 10429 absent false
[2026-10-03 19:48:54] dbg: [driver:1] OpenTT3D: retained river selector tile 87,92 feature 5 base 11269 offset 0->0 sprite 11269 absent false
[2026-10-03 19:48:54] dbg: [driver:1] OpenTT3D: retained river selector tile 87,92 feature 6 base 10424 offset 0->0 sprite 10424 absent false
[2026-10-03 19:48:54] dbg: [driver:1] OpenTT3D: retained river selector tile 88,92 feature 5 base 11269 offset 0->0 sprite 11269 absent false
[2026-10-03 19:48:54] dbg: [driver:1] OpenTT3D: retained river selector tile 89,92 feature 5 base 11269 offset 0->0 sprite 11269 absent false
[2026-10-03 19:48:54] dbg: [driver:1] OpenTT3D: retained river selector tile 89,92 feature 6 base 10424 offset 2->2 sprite 10426 absent false
[2026-10-03 19:48:54] dbg: [driver:1] OpenTT3D: retained river selector tile 87,93 feature 5 base 11269 offset 0->0 sprite 11269 absent false
[2026-10-03 19:48:54] dbg: [driver:1] OpenTT3D: retained river selector tile 87,93 feature 6 base 10424 offset 0->0 sprite 10424 absent false
[2026-10-03 19:48:54] dbg: [driver:1] OpenTT3D: retained river selector tile 88,93 feature 5 base 11269 offset 0->0 sprite 11269 absent false
[2026-10-03 19:48:54] dbg: [driver:1] OpenTT3D: retained river selector tile 89,93 feature 5 base 11269 offset 0->0 sprite 11269 absent false
[2026-10-03 19:48:54] dbg: [driver:1] OpenTT3D: retained river selector tile 89,93 feature 6 base 10424 offset 2->2 sprite 10426 absent false
[2026-10-03 19:48:54] dbg: [driver:1] OpenTT3D: retained river selector tile 87,94 feature 5 base 11269 offset 0->0 sprite 11269 absent false
[2026-10-03 19:48:54] dbg: [driver:1] OpenTT3D: retained river selector tile 87,94 feature 6 base 10424 offset 0->0 sprite 10424 absent false
[2026-10-03 19:48:54] dbg: [driver:1] OpenTT3D: retained river selector tile 88,94 feature 5 base 11269 offset 0->0 sprite 11269 absent false
[2026-10-03 19:48:54] dbg: [driver:1] OpenTT3D: retained river selector tile 89,94 feature 5 base 11269 offset 0->0 sprite 11269 absent false
[2026-10-03 19:48:54] dbg: [driver:1] OpenTT3D: retained river selector tile 89,94 feature 6 base 10424 offset 2->2 sprite 10426 absent false
[2026-10-03 19:48:54] dbg: [driver:1] OpenTT3D: retained river selector tile 87,95 feature 5 base 11269 offset 0->0 sprite 11269 absent false
[2026-10-03 19:48:54] dbg: [driver:1] OpenTT3D: retained river selector tile 87,95 feature 6 base 10424 offset 0->0 sprite 10424 absent false
[2026-10-03 19:48:54] dbg: [driver:1] OpenTT3D: retained river selector tile 88,95 feature 5 base 11269 offset 0->0 sprite 11269 absent false
[2026-10-03 19:48:54] dbg: [driver:1] OpenTT3D: retained river selector tile 89,95 feature 5 base 11269 offset 0->0 sprite 11269 absent false
[2026-10-03 19:48:54] dbg: [driver:1] OpenTT3D: retained river selector tile 89,95 feature 6 base 10424 offset 2->2 sprite 10426 absent false
[2026-10-03 19:48:54] dbg: [driver:1] OpenTT3D: retained river selector tile 87,96 feature 5 base 11269 offset 0->0 sprite 11269 absent false
[2026-10-03 19:48:54] dbg: [driver:1] OpenTT3D: retained river selector tile 87,96 feature 6 base 10424 offset 0->0 sprite 10424 absent false
[2026-10-03 19:48:54] dbg: [driver:1] OpenTT3D: retained river selector tile 88,96 feature 5 base 11269 offset 0->0 sprite 11269 absent false
[2026-10-03 19:48:54] dbg: [driver:1] OpenTT3D: retained river selector tile 89,96 feature 5 base 11269 offset 0->0 sprite 11269 absent false
[2026-10-03 19:48:54] dbg: [driver:1] OpenTT3D: retained river selector tile 89,96 feature 6 base 10424 offset 2->2 sprite 10426 absent false
[2026-10-03 19:48:54] dbg: [driver:1] OpenTT3D: retained river selector tile 87,97 feature 5 base 11269 offset 0->0 sprite 11269 absent false
[2026-10-03 19:48:54] dbg: [driver:1] OpenTT3D: retained river selector tile 87,97 feature 6 base 10424 offset 0->0 sprite 10424 absent false
[2026-10-03 19:48:54] dbg: [driver:1] OpenTT3D: retained river selector tile 88,97 feature 5 base 11269 offset 0->0 sprite 11269 absent false
[2026-10-03 19:48:54] dbg: [driver:1] OpenTT3D: retained river selector tile 89,97 feature 5 base 11269 offset 0->0 sprite 11269 absent false
[2026-10-03 19:48:54] dbg: [driver:1] OpenTT3D: retained river selector tile 89,97 feature 6 base 10424 offset 2->2 sprite 10426 absent false
[2026-10-03 19:48:54] dbg: [driver:1] OpenTT3D: retained river selector tile 84,98 feature 5 base 11269 offset 0->0 sprite 11269 absent false
[2026-10-03 19:48:54] dbg: [driver:1] OpenTT3D: retained river selector tile 84,98 feature 6 base 10424 offset 0->0 sprite 10424 absent false
[2026-10-03 19:48:54] dbg: [driver:1] OpenTT3D: retained river selector tile 84,98 feature 6 base 10424 offset 3->3 sprite 10427 absent false
[2026-10-03 19:48:54] dbg: [driver:1] OpenTT3D: retained river selector tile 84,98 feature 6 base 10424 offset 7->7 sprite 10431 absent false
[2026-10-03 19:48:54] dbg: [driver:1] OpenTT3D: retained river selector tile 85,98 feature 5 base 11269 offset 0->0 sprite 11269 absent false
[2026-10-03 19:48:54] dbg: [driver:1] OpenTT3D: retained river selector tile 85,98 feature 6 base 10424 offset 3->3 sprite 10427 absent false
[2026-10-03 19:48:54] dbg: [driver:1] OpenTT3D: retained river selector tile 86,98 feature 5 base 11269 offset 0->0 sprite 11269 absent false
[2026-10-03 19:48:54] dbg: [driver:1] OpenTT3D: retained river selector tile 86,98 feature 6 base 10424 offset 3->3 sprite 10427 absent false
[2026-10-03 19:48:54] dbg: [driver:1] OpenTT3D: retained river selector tile 87,98 feature 5 base 11269 offset 0->0 sprite 11269 absent false
[2026-10-03 19:48:54] dbg: [driver:1] OpenTT3D: retained river selector tile 87,98 feature 6 base 10424 offset 11->11 sprite 10435 absent false
[2026-10-03 19:48:54] dbg: [driver:1] OpenTT3D: retained river selector tile 88,98 feature 5 base 11269 offset 0->0 sprite 11269 absent false
[2026-10-03 19:48:54] dbg: [driver:1] OpenTT3D: retained river selector tile 89,98 feature 5 base 11269 offset 0->0 sprite 11269 absent false
[2026-10-03 19:48:54] dbg: [driver:1] OpenTT3D: retained river selector tile 89,98 feature 6 base 10424 offset 2->2 sprite 10426 absent false
[2026-10-03 19:48:54] dbg: [driver:1] OpenTT3D: retained river selector tile 83,99 feature 5 base 11269 offset 0->0 sprite 11269 absent false
[2026-10-03 19:48:54] dbg: [driver:1] OpenTT3D: retained river selector tile 83,99 feature 6 base 10424 offset 0->0 sprite 10424 absent false
[2026-10-03 19:48:54] dbg: [driver:1] OpenTT3D: retained river selector tile 83,99 feature 6 base 10424 offset 3->3 sprite 10427 absent false
[2026-10-03 19:48:54] dbg: [driver:1] OpenTT3D: retained river selector tile 83,99 feature 6 base 10424 offset 7->7 sprite 10431 absent false
[2026-10-03 19:48:54] dbg: [driver:1] OpenTT3D: retained river selector tile 84,99 feature 5 base 11269 offset 0->0 sprite 11269 absent false
[2026-10-03 19:48:54] dbg: [driver:1] OpenTT3D: retained river selector tile 84,99 feature 6 base 10424 offset 11->11 sprite 10435 absent false
[2026-10-03 19:48:54] dbg: [driver:1] OpenTT3D: retained river selector tile 85,99 feature 5 base 11269 offset 0->0 sprite 11269 absent false
[2026-10-03 19:48:54] dbg: [driver:1] OpenTT3D: retained river selector tile 86,99 feature 5 base 11269 offset 0->0 sprite 11269 absent false
[2026-10-03 19:48:54] dbg: [driver:1] OpenTT3D: retained river selector tile 87,99 feature 5 base 11269 offset 0->0 sprite 11269 absent false
[2026-10-03 19:48:54] dbg: [driver:1] OpenTT3D: retained river selector tile 88,99 feature 5 base 11269 offset 0->0 sprite 11269 absent false
[2026-10-03 19:48:54] dbg: [driver:1] OpenTT3D: retained river selector tile 89,99 feature 5 base 11269 offset 0->0 sprite 11269 absent false
[2026-10-03 19:48:54] dbg: [driver:1] OpenTT3D: retained river selector tile 89,99 feature 6 base 10424 offset 2->2 sprite 10426 absent false
[2026-10-03 19:48:54] dbg: [driver:1] OpenTT3D: retained river selector tile 83,100 feature 5 base 11269 offset 0->0 sprite 11269 absent false
[2026-10-03 19:48:54] dbg: [driver:1] OpenTT3D: retained river selector tile 83,100 feature 6 base 10424 offset 0->0 sprite 10424 absent false
[2026-10-03 19:48:54] dbg: [driver:1] OpenTT3D: retained river selector tile 84,100 feature 5 base 11269 offset 0->0 sprite 11269 absent false
[2026-10-03 19:48:54] dbg: [driver:1] OpenTT3D: retained river selector tile 85,100 feature 5 base 11269 offset 0->0 sprite 11269 absent false
[2026-10-03 19:48:54] dbg: [driver:1] OpenTT3D: retained river selector tile 86,100 feature 5 base 11269 offset 0->0 sprite 11269 absent false
[2026-10-03 19:48:54] dbg: [driver:1] OpenTT3D: retained river selector tile 86,100 feature 6 base 10424 offset 9->9 sprite 10433 absent false
[2026-10-03 19:48:54] dbg: [driver:1] OpenTT3D: retained river selector tile 87,100 feature 5 base 11269 offset 0->0 sprite 11269 absent false
[2026-10-03 19:48:54] dbg: [driver:1] OpenTT3D: retained river selector tile 87,100 feature 6 base 10424 offset 1->1 sprite 10425 absent false
[2026-10-03 19:48:54] dbg: [driver:1] OpenTT3D: retained river selector tile 88,100 feature 5 base 11269 offset 0->0 sprite 11269 absent false
[2026-10-03 19:48:54] dbg: [driver:1] OpenTT3D: retained river selector tile 88,100 feature 6 base 10424 offset 1->1 sprite 10425 absent false
[2026-10-03 19:48:54] dbg: [driver:1] OpenTT3D: retained river selector tile 89,100 feature 5 base 11269 offset 0->0 sprite 11269 absent false
[2026-10-03 19:48:54] dbg: [driver:1] OpenTT3D: retained river selector tile 89,100 feature 6 base 10424 offset 1->1 sprite 10425 absent false
[2026-10-03 19:48:54] dbg: [driver:1] OpenTT3D: retained river selector tile 89,100 feature 6 base 10424 offset 2->2 sprite 10426 absent false
[2026-10-03 19:48:54] dbg: [driver:1] OpenTT3D: retained river selector tile 89,100 feature 6 base 10424 offset 5->5 sprite 10429 absent false
[2026-10-03 19:48:54] dbg: [driver:1] OpenTT3D: retained river selector tile 83,101 feature 5 base 11269 offset 0->0 sprite 11269 absent false
[2026-10-03 19:48:54] dbg: [driver:1] OpenTT3D: retained river selector tile 83,101 feature 6 base 10424 offset 0->0 sprite 10424 absent false
[2026-10-03 19:48:54] dbg: [driver:1] OpenTT3D: retained river selector tile 84,101 feature 5 base 11269 offset 0->0 sprite 11269 absent false
[2026-10-03 19:48:54] dbg: [driver:1] OpenTT3D: retained river selector tile 85,101 feature 5 base 11269 offset 0->0 sprite 11269 absent false
[2026-10-03 19:48:54] dbg: [driver:1] OpenTT3D: retained river selector tile 85,101 feature 6 base 10424 offset 9->9 sprite 10433 absent false
[2026-10-03 19:48:54] dbg: [driver:1] OpenTT3D: retained river selector tile 86,101 feature 5 base 11269 offset 0->0 sprite 11269 absent false
[2026-10-03 19:48:54] dbg: [driver:1] OpenTT3D: retained river selector tile 86,101 feature 6 base 10424 offset 1->1 sprite 10425 absent false
[2026-10-03 19:48:54] dbg: [driver:1] OpenTT3D: retained river selector tile 86,101 feature 6 base 10424 offset 2->2 sprite 10426 absent false
[2026-10-03 19:48:54] dbg: [driver:1] OpenTT3D: retained river selector tile 86,101 feature 6 base 10424 offset 5->5 sprite 10429 absent false
[2026-10-03 19:48:54] dbg: [driver:1] OpenTT3D: retained river selector tile 83,102 feature 5 base 11269 offset 0->0 sprite 11269 absent false
[2026-10-03 19:48:54] dbg: [driver:1] OpenTT3D: retained river selector tile 83,102 feature 6 base 10424 offset 0->0 sprite 10424 absent false
[2026-10-03 19:48:54] dbg: [driver:1] OpenTT3D: retained river selector tile 84,102 feature 5 base 11269 offset 0->0 sprite 11269 absent false
[2026-10-03 19:48:54] dbg: [driver:1] OpenTT3D: retained river selector tile 85,102 feature 5 base 11269 offset 0->0 sprite 11269 absent false
[2026-10-03 19:48:54] dbg: [driver:1] OpenTT3D: retained river selector tile 85,102 feature 6 base 10424 offset 2->2 sprite 10426 absent false
[2026-10-03 19:48:54] dbg: [driver:1] OpenTT3D: retained river selector tile 83,103 feature 5 base 11269 offset 0->0 sprite 11269 absent false
[2026-10-03 19:48:54] dbg: [driver:1] OpenTT3D: retained river selector tile 83,103 feature 6 base 10424 offset 0->0 sprite 10424 absent false
[2026-10-03 19:48:54] dbg: [driver:1] OpenTT3D: retained river selector tile 84,103 feature 5 base 11269 offset 0->0 sprite 11269 absent false
[2026-10-03 19:48:54] dbg: [driver:1] OpenTT3D: retained river selector tile 85,103 feature 5 base 11269 offset 0->0 sprite 11269 absent false
[2026-10-03 19:48:54] dbg: [driver:1] OpenTT3D: retained river selector tile 85,103 feature 6 base 10424 offset 2->2 sprite 10426 absent false
[2026-10-03 19:48:54] dbg: [driver:1] OpenTT3D: retained river selector tile 83,104 feature 5 base 11269 offset 0->0 sprite 11269 absent false
[2026-10-03 19:48:54] dbg: [driver:1] OpenTT3D: retained river selector tile 83,104 feature 6 base 10424 offset 0->0 sprite 10424 absent false
[2026-10-03 19:48:54] dbg: [driver:1] OpenTT3D: retained river selector tile 84,104 feature 5 base 11269 offset 0->0 sprite 11269 absent false
[2026-10-03 19:48:54] dbg: [driver:1] OpenTT3D: retained river selector tile 85,104 feature 5 base 11269 offset 0->0 sprite 11269 absent false
[2026-10-03 19:48:54] dbg: [driver:1] OpenTT3D: retained river selector tile 85,104 feature 6 base 10424 offset 2->2 sprite 10426 absent false
[2026-10-03 19:48:54] dbg: [driver:1] OpenTT3D: retained river selector tile 126,53 feature 5 base 11269 offset 0->0 sprite 11269 absent false
[2026-10-03 19:48:54] dbg: [driver:1] OpenTT3D: retained river selector tile 126,53 feature 6 base 10424 offset 0->0 sprite 10424 absent false
[2026-10-03 19:48:54] dbg: [driver:1] OpenTT3D: retained river selector tile 126,54 feature 5 base 11269 offset 0->0 sprite 11269 absent false
[2026-10-03 19:48:54] dbg: [driver:1] OpenTT3D: retained river selector tile 126,54 feature 6 base 10424 offset 0->0 sprite 10424 absent false
[2026-10-03 19:48:54] dbg: [driver:1] OpenTT3D: retained river selector tile 126,55 feature 5 base 11269 offset 0->0 sprite 11269 absent false
[2026-10-03 19:48:54] dbg: [driver:1] OpenTT3D: retained river selector tile 126,55 feature 6 base 10424 offset 0->0 sprite 10424 absent false
[2026-10-03 19:48:54] dbg: [driver:1] OpenTT3D: retained river selector tile 126,56 feature 5 base 11269 offset 0->0 sprite 11269 absent false
[2026-10-03 19:48:54] dbg: [driver:1] OpenTT3D: retained river selector tile 126,56 feature 6 base 10424 offset 0->0 sprite 10424 absent false
[2026-10-03 19:48:54] dbg: [driver:1] OpenTT3D: retained river selector tile 126,57 feature 5 base 11269 offset 0->0 sprite 11269 absent false
[2026-10-03 19:48:54] dbg: [driver:1] OpenTT3D: retained river selector tile 126,57 feature 6 base 10424 offset 0->0 sprite 10424 absent false
[2026-10-03 19:48:54] dbg: [driver:1] OpenTT3D: retained river selector tile 126,58 feature 5 base 11269 offset 0->0 sprite 11269 absent false
[2026-10-03 19:48:54] dbg: [driver:1] OpenTT3D: retained river selector tile 126,58 feature 6 base 10424 offset 0->0 sprite 10424 absent false
[2026-10-03 19:48:54] dbg: [driver:1] OpenTT3D: retained river selector tile 125,59 feature 5 base 11269 offset 0->0 sprite 11269 absent false
[2026-10-03 19:48:54] dbg: [driver:1] OpenTT3D: retained river selector tile 125,59 feature 6 base 10424 offset 0->0 sprite 10424 absent false
[2026-10-03 19:48:54] dbg: [driver:1] OpenTT3D: retained river selector tile 125,59 feature 6 base 10424 offset 3->3 sprite 10427 absent false
[2026-10-03 19:48:54] dbg: [driver:1] OpenTT3D: retained river selector tile 125,59 feature 6 base 10424 offset 9->9 sprite 10433 absent false
[2026-10-03 19:48:54] dbg: [driver:1] OpenTT3D: retained river selector tile 125,59 feature 6 base 10424 offset 7->7 sprite 10431 absent false
[2026-10-03 19:48:54] dbg: [driver:1] OpenTT3D: retained river selector tile 126,59 feature 5 base 11269 offset 0->0 sprite 11269 absent false
[2026-10-03 19:48:54] dbg: [driver:1] OpenTT3D: retained river selector tile 126,59 feature 6 base 10424 offset 1->1 sprite 10425 absent false
[2026-10-03 19:48:54] dbg: [driver:1] OpenTT3D: retained river selector tile 126,59 feature 6 base 10424 offset 11->11 sprite 10435 absent false
[2026-10-03 19:48:54] dbg: [driver:1] OpenTT3D: retained river selector tile 125,60 feature 5 base 11269 offset 0->0 sprite 11269 absent false
[2026-10-03 19:48:54] dbg: [driver:1] OpenTT3D: retained river selector tile 125,60 feature 6 base 10424 offset 0->0 sprite 10424 absent false
[2026-10-03 19:48:54] dbg: [driver:1] OpenTT3D: retained river selector tile 125,60 feature 6 base 10424 offset 2->2 sprite 10426 absent false
[2026-10-03 19:48:54] dbg: [driver:1] OpenTT3D: retained river selector tile 125,61 feature 5 base 11269 offset 0->0 sprite 11269 absent false
[2026-10-03 19:48:54] dbg: [driver:1] OpenTT3D: retained river selector tile 125,61 feature 6 base 10424 offset 0->0 sprite 10424 absent false
[2026-10-03 19:48:54] dbg: [driver:1] OpenTT3D: retained river selector tile 125,61 feature 6 base 10424 offset 2->2 sprite 10426 absent false
[2026-10-03 19:48:54] dbg: [driver:1] OpenTT3D: retained river selector tile 125,62 feature 5 base 11269 offset 0->0 sprite 11269 absent false
[2026-10-03 19:48:54] dbg: [driver:1] OpenTT3D: retained river selector tile 125,62 feature 6 base 10424 offset 0->0 sprite 10424 absent false
[2026-10-03 19:48:54] dbg: [driver:1] OpenTT3D: retained river selector tile 125,62 feature 6 base 10424 offset 2->2 sprite 10426 absent false
[2026-10-03 19:48:54] dbg: [driver:1] OpenTT3D: retained river selector tile 115,63 feature 5 base 11269 offset 0->0 sprite 11269 absent false
[2026-10-03 19:48:54] dbg: [driver:1] OpenTT3D: retained river selector tile 115,63 feature 6 base 10424 offset 1->1 sprite 10425 absent false
[2026-10-03 19:48:54] dbg: [driver:1] OpenTT3D: retained river selector tile 115,63 feature 6 base 10424 offset 3->3 sprite 10427 absent false
[2026-10-03 19:48:54] dbg: [driver:1] OpenTT3D: retained river selector tile 116,63 feature 5 base 11269 offset 0->0 sprite 11269 absent false
[2026-10-03 19:48:54] dbg: [driver:1] OpenTT3D: retained river selector tile 116,63 feature 6 base 10424 offset 1->1 sprite 10425 absent false
[2026-10-03 19:48:54] dbg: [driver:1] OpenTT3D: retained river selector tile 116,63 feature 6 base 10424 offset 3->3 sprite 10427 absent false
[2026-10-03 19:48:54] dbg: [driver:1] OpenTT3D: retained river selector tile 117,63 feature 5 base 11269 offset 0->0 sprite 11269 absent false
[2026-10-03 19:48:54] dbg: [driver:1] OpenTT3D: retained river selector tile 117,63 feature 6 base 10424 offset 1->1 sprite 10425 absent false
[2026-10-03 19:48:54] dbg: [driver:1] OpenTT3D: retained river selector tile 117,63 feature 6 base 10424 offset 3->3 sprite 10427 absent false
[2026-10-03 19:48:54] dbg: [driver:1] OpenTT3D: retained river selector tile 118,63 feature 5 base 11269 offset 0->0 sprite 11269 absent false
[2026-10-03 19:48:54] dbg: [driver:1] OpenTT3D: retained river selector tile 118,63 feature 6 base 10424 offset 1->1 sprite 10425 absent false
[2026-10-03 19:48:54] dbg: [driver:1] OpenTT3D: retained river selector tile 118,63 feature 6 base 10424 offset 3->3 sprite 10427 absent false
[2026-10-03 19:48:54] dbg: [driver:1] OpenTT3D: retained river selector tile 119,63 feature 5 base 11269 offset 0->0 sprite 11269 absent false
[2026-10-03 19:48:54] dbg: [driver:1] OpenTT3D: retained river selector tile 119,63 feature 6 base 10424 offset 1->1 sprite 10425 absent false
[2026-10-03 19:48:54] dbg: [driver:1] OpenTT3D: retained river selector tile 119,63 feature 6 base 10424 offset 3->3 sprite 10427 absent false
[2026-10-03 19:48:54] dbg: [driver:1] OpenTT3D: retained river selector tile 120,63 feature 5 base 11269 offset 0->0 sprite 11269 absent false
[2026-10-03 19:48:54] dbg: [driver:1] OpenTT3D: retained river selector tile 120,63 feature 6 base 10424 offset 1->1 sprite 10425 absent false
[2026-10-03 19:48:54] dbg: [driver:1] OpenTT3D: retained river selector tile 120,63 feature 6 base 10424 offset 3->3 sprite 10427 absent false
[2026-10-03 19:48:54] dbg: [driver:1] OpenTT3D: retained river selector tile 121,63 feature 5 base 11269 offset 0->0 sprite 11269 absent false
[2026-10-03 19:48:54] dbg: [driver:1] OpenTT3D: retained river selector tile 121,63 feature 6 base 10424 offset 1->1 sprite 10425 absent false
[2026-10-03 19:48:54] dbg: [driver:1] OpenTT3D: retained river selector tile 121,63 feature 6 base 10424 offset 3->3 sprite 10427 absent false
[2026-10-03 19:48:54] dbg: [driver:1] OpenTT3D: retained river selector tile 122,63 feature 5 base 11269 offset 0->0 sprite 11269 absent false
[2026-10-03 19:48:54] dbg: [driver:1] OpenTT3D: retained river selector tile 122,63 feature 6 base 10424 offset 1->1 sprite 10425 absent false
[2026-10-03 19:48:54] dbg: [driver:1] OpenTT3D: retained river selector tile 122,63 feature 6 base 10424 offset 3->3 sprite 10427 absent false
[2026-10-03 19:48:54] dbg: [driver:1] OpenTT3D: retained river selector tile 123,63 feature 5 base 11269 offset 0->0 sprite 11269 absent false
[2026-10-03 19:48:54] dbg: [driver:1] OpenTT3D: retained river selector tile 123,63 feature 6 base 10424 offset 1->1 sprite 10425 absent false
[2026-10-03 19:48:54] dbg: [driver:1] OpenTT3D: retained river selector tile 123,63 feature 6 base 10424 offset 3->3 sprite 10427 absent false
[2026-10-03 19:48:54] dbg: [driver:1] OpenTT3D: retained river selector tile 124,63 feature 5 base 11269 offset 0->0 sprite 11269 absent false
[2026-10-03 19:48:54] dbg: [driver:1] OpenTT3D: retained river selector tile 124,63 feature 6 base 10424 offset 1->1 sprite 10425 absent false
[2026-10-03 19:48:54] dbg: [driver:1] OpenTT3D: retained river selector tile 124,63 feature 6 base 10424 offset 3->3 sprite 10427 absent false
[2026-10-03 19:48:54] dbg: [driver:1] OpenTT3D: retained river selector tile 125,63 feature 5 base 11269 offset 0->0 sprite 11269 absent false
[2026-10-03 19:48:54] dbg: [driver:1] OpenTT3D: retained river selector tile 125,63 feature 6 base 10424 offset 1->1 sprite 10425 absent false
[2026-10-03 19:48:54] dbg: [driver:1] OpenTT3D: retained river selector tile 125,63 feature 6 base 10424 offset 2->2 sprite 10426 absent false
[2026-10-03 19:48:54] dbg: [driver:1] OpenTT3D: retained river selector tile 125,63 feature 6 base 10424 offset 5->5 sprite 10429 absent false
[2026-10-03 19:48:54] dbg: [driver:1] OpenTT3D: retained river selector tile 125,63 feature 6 base 10424 offset 11->11 sprite 10435 absent false
[2026-10-03 19:48:54] dbg: [driver:1] OpenTT3D: live projected tree 1863 stage 2 captured at 111,64
[2026-10-03 19:48:54] dbg: [driver:1] OpenTT3D: live projected tree 1870 stage 2 captured at 112,64
[2026-10-03 19:48:54] dbg: [driver:1] OpenTT3D: live projected tree 1835 stage 1 captured at 108,65
[2026-10-03 19:48:54] dbg: [driver:1] OpenTT3D: live projected tree 1842 stage 6 captured at 109,65
[2026-10-03 19:48:54] dbg: [driver:1] OpenTT3D: live voxel house ground 80 construction stage 3 captured at 105,67
[2026-10-03 19:48:54] dbg: [driver:1] OpenTT3D: live voxel house ground 80 construction stage 3 variant 0 captured
[2026-10-03 19:48:54] dbg: [driver:1] OpenTT3D: live voxel house 80 construction stage 3 captured at 105,67
[2026-10-03 19:48:54] dbg: [driver:1] OpenTT3D: live voxel house 80 construction stage 3 variant 0 captured
[2026-10-03 19:48:54] dbg: [driver:1] OpenTT3D: live voxel house ground 80 construction stage 3 captured at 105,69
[2026-10-03 19:48:54] dbg: [driver:1] OpenTT3D: live voxel house ground 80 construction stage 3 variant 1 captured
[2026-10-03 19:48:54] dbg: [driver:1] OpenTT3D: live voxel house 80 construction stage 3 captured at 105,69
[2026-10-03 19:48:54] dbg: [driver:1] OpenTT3D: live voxel house 80 construction stage 3 variant 1 captured
[2026-10-03 19:48:54] dbg: [driver:1] OpenTT3D: live voxel house ground 78 construction stage 2 captured at 106,70
[2026-10-03 19:48:54] dbg: [driver:1] OpenTT3D: live voxel house ground 78 construction stage 2 variant 1 captured
[2026-10-03 19:48:54] dbg: [driver:1] OpenTT3D: live voxel house 78 construction stage 2 captured at 106,70
[2026-10-03 19:48:54] dbg: [driver:1] OpenTT3D: live voxel house 78 construction stage 2 variant 1 captured
[2026-10-03 19:48:54] dbg: [driver:1] OpenTT3D: live voxel house ground 79 construction stage 1 captured at 107,70
[2026-10-03 19:48:54] dbg: [driver:1] OpenTT3D: live voxel house ground 79 construction stage 1 variant 2 captured
[2026-10-03 19:48:54] dbg: [driver:1] OpenTT3D: live voxel house 79 construction stage 1 captured at 107,70
[2026-10-03 19:48:54] dbg: [driver:1] OpenTT3D: live voxel house 79 construction stage 1 variant 2 captured
[2026-10-03 19:48:54] dbg: [driver:1] OpenTT3D: live voxel house ground 78 construction stage 3 captured at 105,72
[2026-10-03 19:48:54] dbg: [driver:1] OpenTT3D: live voxel house ground 78 construction stage 3 variant 1 captured
[2026-10-03 19:48:54] dbg: [driver:1] OpenTT3D: live voxel house 78 construction stage 3 captured at 105,72
[2026-10-03 19:48:54] dbg: [driver:1] OpenTT3D: live voxel house 78 construction stage 3 variant 1 captured
[2026-10-03 19:48:54] dbg: [driver:1] OpenTT3D: live voxel house ground 80 construction stage 1 captured at 107,72
[2026-10-03 19:48:54] dbg: [driver:1] OpenTT3D: live voxel house ground 80 construction stage 1 variant 3 captured
[2026-10-03 19:48:54] dbg: [driver:1] OpenTT3D: live voxel house 80 construction stage 1 captured at 107,72
[2026-10-03 19:48:54] dbg: [driver:1] OpenTT3D: live voxel house 80 construction stage 1 variant 3 captured
[2026-10-03 19:48:54] dbg: [driver:1] OpenTT3D: 9 bridge parts rendered with volumetric geometry
[2026-10-03 19:48:54] dbg: [driver:1] OpenTT3D: retained river selector tile 106,27 feature 5 base 11269 offset 0->0 sprite 11269 absent false
[2026-10-03 19:48:54] dbg: [driver:1] OpenTT3D: retained river selector tile 106,27 feature 6 base 10424 offset 0->0 sprite 10424 absent false
[2026-10-03 19:48:54] dbg: [driver:1] OpenTT3D: retained river selector tile 106,27 feature 6 base 10424 offset 3->3 sprite 10427 absent false
[2026-10-03 19:48:54] dbg: [driver:1] OpenTT3D: retained river selector tile 106,27 feature 6 base 10424 offset 9->9 sprite 10433 absent false
[2026-10-03 19:48:54] dbg: [driver:1] OpenTT3D: retained river selector tile 106,27 feature 6 base 10424 offset 7->7 sprite 10431 absent false
[2026-10-03 19:48:54] dbg: [driver:1] OpenTT3D: retained river selector tile 107,27 feature 5 base 11269 offset 0->0 sprite 11269 absent false
[2026-10-03 19:48:54] dbg: [driver:1] OpenTT3D: retained river selector tile 107,27 feature 6 base 10424 offset 1->1 sprite 10425 absent false
[2026-10-03 19:48:54] dbg: [driver:1] OpenTT3D: retained river selector tile 107,27 feature 6 base 10424 offset 2->2 sprite 10426 absent false
[2026-10-03 19:48:54] dbg: [driver:1] OpenTT3D: retained river selector tile 107,27 feature 6 base 10424 offset 5->5 sprite 10429 absent false
[2026-10-03 19:48:54] dbg: [driver:1] OpenTT3D: retained river selector tile 107,27 feature 6 base 10424 offset 11->11 sprite 10435 absent false
[2026-10-03 19:48:54] dbg: [driver:1] OpenTT3D: retained river selector tile 104,28 feature 5 base 11269 offset 0->0 sprite 11269 absent false
[2026-10-03 19:48:54] dbg: [driver:1] OpenTT3D: retained river selector tile 104,28 feature 6 base 10424 offset 0->0 sprite 10424 absent false
[2026-10-03 19:48:54] dbg: [driver:1] OpenTT3D: retained river selector tile 104,28 feature 6 base 10424 offset 3->3 sprite 10427 absent false
[2026-10-03 19:48:54] dbg: [driver:1] OpenTT3D: retained river selector tile 104,28 feature 6 base 10424 offset 9->9 sprite 10433 absent false
[2026-10-03 19:48:54] dbg: [driver:1] OpenTT3D: retained river selector tile 104,28 feature 6 base 10424 offset 7->7 sprite 10431 absent false
[2026-10-03 19:48:54] dbg: [driver:1] OpenTT3D: retained river selector tile 105,28 feature 5 base 11269 offset 0->0 sprite 11269 absent false
[2026-10-03 19:48:54] dbg: [driver:1] OpenTT3D: retained river selector tile 105,28 feature 6 base 10424 offset 1->1 sprite 10425 absent false
[2026-10-03 19:48:54] dbg: [driver:1] OpenTT3D: retained river selector tile 105,28 feature 6 base 10424 offset 3->3 sprite 10427 absent false
[2026-10-03 19:48:54] dbg: [driver:1] OpenTT3D: retained river selector tile 106,28 feature 5 base 11269 offset 0->0 sprite 11269 absent false
[2026-10-03 19:48:54] dbg: [driver:1] OpenTT3D: retained river selector tile 106,28 feature 6 base 10424 offset 1->1 sprite 10425 absent false
[2026-10-03 19:48:54] dbg: [driver:1] OpenTT3D: retained river selector tile 106,28 feature 6 base 10424 offset 2->2 sprite 10426 absent false
[2026-10-03 19:48:54] dbg: [driver:1] OpenTT3D: retained river selector tile 106,28 feature 6 base 10424 offset 5->5 sprite 10429 absent false
[2026-10-03 19:48:54] dbg: [driver:1] OpenTT3D: retained river selector tile 106,28 feature 6 base 10424 offset 11->11 sprite 10435 absent false
[2026-10-03 19:48:54] dbg: [driver:1] OpenTT3D: retained river selector tile 104,29 feature 5 base 11269 offset 0->0 sprite 11269 absent false
[2026-10-03 19:48:54] dbg: [driver:1] OpenTT3D: retained river selector tile 104,29 feature 6 base 10424 offset 0->0 sprite 10424 absent false
[2026-10-03 19:48:54] dbg: [driver:1] OpenTT3D: retained river selector tile 104,29 feature 6 base 10424 offset 2->2 sprite 10426 absent false
[2026-10-03 19:48:54] dbg: [driver:1] OpenTT3D: retained river selector tile 104,30 feature 5 base 11269 offset 0->0 sprite 11269 absent false
[2026-10-03 19:48:54] dbg: [driver:1] OpenTT3D: retained river selector tile 104,30 feature 6 base 10424 offset 0->0 sprite 10424 absent false
[2026-10-03 19:48:54] dbg: [driver:1] OpenTT3D: retained river selector tile 104,30 feature 6 base 10424 offset 1->1 sprite 10425 absent false
[2026-10-03 19:48:54] dbg: [driver:1] OpenTT3D: retained river selector tile 104,30 feature 6 base 10424 offset 2->2 sprite 10426 absent false
[2026-10-03 19:48:54] dbg: [driver:1] OpenTT3D: retained river selector tile 104,30 feature 6 base 10424 offset 4->4 sprite 10428 absent false
[2026-10-03 19:48:54] dbg: [driver:1] OpenTT3D: retained river selector tile 104,30 feature 6 base 10424 offset 5->5 sprite 10429 absent false
[2026-10-03 19:48:54] dbg: [driver:1] OpenTT3D: retained live water source tile 91,32 role ground sprite 9957 at original height 16
[2026-10-03 19:48:54] dbg: [driver:1] OpenTT3D: retained live water source tile 91,32 role body sprite 10035 at original height 16
[2026-10-03 19:48:54] dbg: [driver:1] OpenTT3D: retained live water source tile 91,32 role body sprite 10039 at original height 16
[2026-10-03 19:48:54] dbg: [driver:1] OpenTT3D: live voxel lock wall 43 part 2 direction 3 face 0 climate 2 base 10016 family 9992 source 10035 captured at 91,32 origin 1456,512,32 opacity 1 with independent original water ground
[2026-10-03 19:48:54] dbg: [driver:1] OpenTT3D: live voxel lock wall 47 part 2 direction 3 face 1 climate 2 base 10016 family 9992 source 10039 captured at 91,32 origin 1471,512,32 opacity 1 with independent original water ground
[2026-10-03 19:48:54] dbg: [driver:1] OpenTT3D: retained river selector tile 124,41 feature 5 base 11269 offset 0->0 sprite 11269 absent false
[2026-10-03 19:48:54] dbg: [driver:1] OpenTT3D: retained river selector tile 124,41 feature 6 base 10424 offset 0->0 sprite 10424 absent false
[2026-10-03 19:48:54] dbg: [driver:1] OpenTT3D: retained river selector tile 124,41 feature 6 base 10424 offset 1->1 sprite 10425 absent false
[2026-10-03 19:48:54] dbg: [driver:1] OpenTT3D: retained river selector tile 124,41 feature 6 base 10424 offset 3->3 sprite 10427 absent false
[2026-10-03 19:48:54] dbg: [driver:1] OpenTT3D: retained river selector tile 124,41 feature 6 base 10424 offset 4->4 sprite 10428 absent false
[2026-10-03 19:48:54] dbg: [driver:1] OpenTT3D: retained river selector tile 124,41 feature 6 base 10424 offset 7->7 sprite 10431 absent false
[2026-10-03 19:48:54] dbg: [driver:1] OpenTT3D: retained river selector tile 125,41 feature 5 base 11269 offset 0->0 sprite 11269 absent false
[2026-10-03 19:48:54] dbg: [driver:1] OpenTT3D: retained river selector tile 125,41 feature 6 base 10424 offset 2->2 sprite 10426 absent false
[2026-10-03 19:48:54] dbg: [driver:1] OpenTT3D: retained river selector tile 125,41 feature 6 base 10424 offset 3->3 sprite 10427 absent false
[2026-10-03 19:48:54] dbg: [driver:1] OpenTT3D: retained river selector tile 125,41 feature 6 base 10424 offset 8->8 sprite 10432 absent false
[2026-10-03 19:48:54] dbg: [driver:1] OpenTT3D: retained river selector tile 125,41 feature 6 base 10424 offset 6->6 sprite 10430 absent false
[2026-10-03 19:48:54] dbg: [driver:1] OpenTT3D: retained river selector tile 125,42 feature 5 base 11269 offset 0->0 sprite 11269 absent false
[2026-10-03 19:48:54] dbg: [driver:1] OpenTT3D: retained river selector tile 125,42 feature 6 base 10424 offset 0->0 sprite 10424 absent false
[2026-10-03 19:48:54] dbg: [driver:1] OpenTT3D: retained river selector tile 125,42 feature 6 base 10424 offset 2->2 sprite 10426 absent false
[2026-10-03 19:48:54] dbg: [driver:1] OpenTT3D: retained river selector tile 125,43 feature 5 base 11269 offset 0->0 sprite 11269 absent false
[2026-10-03 19:48:54] dbg: [driver:1] OpenTT3D: retained river selector tile 125,43 feature 6 base 10424 offset 0->0 sprite 10424 absent false
[2026-10-03 19:48:54] dbg: [driver:1] OpenTT3D: retained river selector tile 125,43 feature 6 base 10424 offset 2->2 sprite 10426 absent false
[2026-10-03 19:48:54] dbg: [driver:1] OpenTT3D: retained river selector tile 125,44 feature 5 base 11269 offset 0->0 sprite 11269 absent false
[2026-10-03 19:48:54] dbg: [driver:1] OpenTT3D: retained river selector tile 125,44 feature 6 base 10424 offset 0->0 sprite 10424 absent false
[2026-10-03 19:48:54] dbg: [driver:1] OpenTT3D: retained river selector tile 125,44 feature 6 base 10424 offset 1->1 sprite 10425 absent false
[2026-10-03 19:48:54] dbg: [driver:1] OpenTT3D: retained river selector tile 125,44 feature 6 base 10424 offset 4->4 sprite 10428 absent false
[2026-10-03 19:48:54] dbg: [driver:1] OpenTT3D: retained river selector tile 125,44 feature 6 base 10424 offset 10->10 sprite 10434 absent false
[2026-10-03 19:48:54] dbg: [driver:1] OpenTT3D: retained river selector tile 126,44 feature 5 base 11269 offset 0->0 sprite 11269 absent false
[2026-10-03 19:48:54] dbg: [driver:1] OpenTT3D: retained river selector tile 126,44 feature 6 base 10424 offset 3->3 sprite 10427 absent false
[2026-10-03 19:48:54] dbg: [driver:1] OpenTT3D: retained river selector tile 126,44 feature 6 base 10424 offset 8->8 sprite 10432 absent false
[2026-10-03 19:48:54] dbg: [driver:1] OpenTT3D: retained river selector tile 126,45 feature 5 base 11269 offset 0->0 sprite 11269 absent false
[2026-10-03 19:48:54] dbg: [driver:1] OpenTT3D: retained river selector tile 126,45 feature 6 base 10424 offset 0->0 sprite 10424 absent false
[2026-10-03 19:48:54] dbg: [driver:1] OpenTT3D: retained river selector tile 126,46 feature 5 base 11269 offset 0->0 sprite 11269 absent false
[2026-10-03 19:48:54] dbg: [driver:1] OpenTT3D: retained river selector tile 126,46 feature 6 base 10424 offset 0->0 sprite 10424 absent false
[2026-10-03 19:48:54] dbg: [driver:1] OpenTT3D: retained river selector tile 126,47 feature 5 base 11269 offset 0->0 sprite 11269 absent false
[2026-10-03 19:48:54] dbg: [driver:1] OpenTT3D: retained river selector tile 126,47 feature 6 base 10424 offset 0->0 sprite 10424 absent false
[2026-10-03 19:48:54] dbg: [driver:1] OpenTT3D: retained river selector tile 126,48 feature 5 base 11269 offset 0->0 sprite 11269 absent false
[2026-10-03 19:48:54] dbg: [driver:1] OpenTT3D: retained river selector tile 126,48 feature 6 base 10424 offset 0->0 sprite 10424 absent false
[2026-10-03 19:48:54] dbg: [driver:1] OpenTT3D: retained river selector tile 126,49 feature 5 base 11269 offset 0->0 sprite 11269 absent false
[2026-10-03 19:48:54] dbg: [driver:1] OpenTT3D: retained river selector tile 126,49 feature 6 base 10424 offset 0->0 sprite 10424 absent false
[2026-10-03 19:48:54] dbg: [driver:1] OpenTT3D: retained river selector tile 126,50 feature 5 base 11269 offset 0->0 sprite 11269 absent false
[2026-10-03 19:48:54] dbg: [driver:1] OpenTT3D: retained river selector tile 126,50 feature 6 base 10424 offset 0->0 sprite 10424 absent false
[2026-10-03 19:48:54] dbg: [driver:1] OpenTT3D: retained river selector tile 126,51 feature 5 base 11269 offset 0->0 sprite 11269 absent false
[2026-10-03 19:48:54] dbg: [driver:1] OpenTT3D: retained river selector tile 126,51 feature 6 base 10424 offset 0->0 sprite 10424 absent false
[2026-10-03 19:48:54] dbg: [driver:1] OpenTT3D: retained river selector tile 126,52 feature 5 base 11269 offset 0->0 sprite 11269 absent false
[2026-10-03 19:48:54] dbg: [driver:1] OpenTT3D: retained river selector tile 126,52 feature 6 base 10424 offset 0->0 sprite 10424 absent false
[2026-10-03 19:48:54] dbg: [driver:1] OpenTT3D: live projected tree 1940 stage 6 captured at 100,54
[2026-10-03 19:48:54] dbg: [driver:1] OpenTT3D: live projected tree 1940 stage 3 captured at 105,59
[2026-10-03 19:48:54] dbg: [driver:1] OpenTT3D: live projected tree 1877 stage 1 captured at 108,59
[2026-10-03 19:48:54] dbg: [driver:1] OpenTT3D: live projected tree 1933 stage 5 captured at 109,59
[2026-10-03 19:48:54] dbg: [driver:1] OpenTT3D: live projected tree 1898 stage 6 captured at 102,61
[2026-10-03 19:48:54] dbg: [driver:1] OpenTT3D: live projected tree 1835 stage 2 captured at 105,61
[2026-10-03 19:48:54] dbg: [driver:1] OpenTT3D: live projected tree 1926 stage 0 captured at 101,62
[2026-10-03 19:48:54] dbg: [driver:1] OpenTT3D: 64 roof/wall pixels select their owning tile across four rotations, with independent vehicle picking
[2026-10-03 19:48:54] dbg: [driver:1] OpenTT3D: retained live water source tile 49,3 role ground sprite 9952 at original height 0
[2026-10-03 19:48:54] dbg: [driver:1] OpenTT3D: retained live water source tile 49,3 role body sprite 10000 at original height 0
[2026-10-03 19:48:54] dbg: [driver:1] OpenTT3D: retained live water source tile 49,3 role body sprite 10004 at original height 0
[2026-10-03 19:48:54] dbg: [driver:1] OpenTT3D: live voxel lock wall 8 part 1 direction 1 face 0 climate 2 base 9992 family 9992 source 10000 captured at 49,3 origin 784,48,0 opacity 1 with independent original water ground
[2026-10-03 19:48:54] dbg: [driver:1] OpenTT3D: live voxel lock wall 12 part 1 direction 1 face 1 climate 2 base 9992 family 9992 source 10004 captured at 49,3 origin 799,48,0 opacity 1 with independent original water ground
[2026-10-03 19:48:54] dbg: [driver:1] OpenTT3D: retained live water source tile 49,4 role ground sprite 9953 at original height 0
[2026-10-03 19:48:54] dbg: [driver:1] OpenTT3D: retained live water source tile 49,4 role body sprite 9992 at original height 0
[2026-10-03 19:48:54] dbg: [driver:1] OpenTT3D: retained live water source tile 49,4 role body sprite 9996 at original height 0
[2026-10-03 19:48:54] dbg: [driver:1] OpenTT3D: live voxel lock wall 0 part 0 direction 1 face 0 climate 2 base 9992 family 9992 source 9992 captured at 49,4 origin 784,64,0 opacity 1 with independent original water ground
[2026-10-03 19:48:54] dbg: [driver:1] OpenTT3D: live voxel lock wall 4 part 0 direction 1 face 1 climate 2 base 9992 family 9992 source 9996 captured at 49,4 origin 799,64,0 opacity 1 with independent original water ground
[2026-10-03 19:48:54] dbg: [driver:1] OpenTT3D: retained live water source tile 49,5 role ground sprite 9952 at original height 8
[2026-10-03 19:48:54] dbg: [driver:1] OpenTT3D: retained live water source tile 49,5 role body sprite 10008 at original height 8
[2026-10-03 19:48:54] dbg: [driver:1] OpenTT3D: retained live water source tile 49,5 role body sprite 10012 at original height 8
[2026-10-03 19:48:54] dbg: [driver:1] OpenTT3D: live voxel lock wall 16 part 2 direction 1 face 0 climate 2 base 9992 family 9992 source 10008 captured at 49,5 origin 784,80,16 opacity 1 with independent original water ground
[2026-10-03 19:48:54] dbg: [driver:1] OpenTT3D: live voxel lock wall 20 part 2 direction 1 face 1 climate 2 base 9992 family 9992 source 10012 captured at 49,5 origin 799,80,16 opacity 1 with independent original water ground
[2026-10-03 19:48:54] dbg: [driver:1] OpenTT3D: live projected tree 1884 stage 6 captured at 50,5
[2026-10-03 19:48:54] dbg: [driver:1] OpenTT3D: live projected tree 1842 stage 4 captured at 43,9
[2026-10-03 19:48:54] dbg: [driver:1] OpenTT3D: live projected tree 1884 stage 0 captured at 49,10
[2026-10-03 19:48:54] dbg: [driver:1] OpenTT3D: retained live water source tile 38,12 role ground sprite 9952 at original height 0
[2026-10-03 19:48:54] dbg: [driver:1] OpenTT3D: retained live water source tile 38,12 role body sprite 10002 at original height 0
[2026-10-03 19:48:54] dbg: [driver:1] OpenTT3D: retained live water source tile 38,12 role body sprite 10006 at original height 0
[2026-10-03 19:48:54] dbg: [driver:1] OpenTT3D: live voxel lock wall 10 part 1 direction 2 face 0 climate 2 base 9992 family 9992 source 10002 captured at 38,12 origin 608,192,0 opacity 1 with independent original water ground
[2026-10-03 19:48:54] dbg: [driver:1] OpenTT3D: live voxel lock wall 14 part 1 direction 2 face 1 climate 2 base 9992 family 9992 source 10006 captured at 38,12 origin 608,207,0 opacity 1 with independent original water ground
[2026-10-03 19:48:54] dbg: [driver:1] OpenTT3D: retained live water source tile 39,12 role ground sprite 9955 at original height 0
[2026-10-03 19:48:54] dbg: [driver:1] OpenTT3D: retained live water source tile 39,12 role body sprite 9994 at original height 0
[2026-10-03 19:48:54] dbg: [driver:1] OpenTT3D: retained live water source tile 39,12 role body sprite 9998 at original height 0
[2026-10-03 19:48:54] dbg: [driver:1] OpenTT3D: live voxel lock wall 2 part 0 direction 2 face 0 climate 2 base 9992 family 9992 source 9994 captured at 39,12 origin 624,192,0 opacity 1 with independent original water ground
[2026-10-03 19:48:54] dbg: [driver:1] OpenTT3D: live voxel lock wall 6 part 0 direction 2 face 1 climate 2 base 9992 family 9992 source 9998 captured at 39,12 origin 624,207,0 opacity 1 with independent original water ground
[2026-10-03 19:48:54] dbg: [driver:1] OpenTT3D: retained live water source tile 40,12 role ground sprite 9952 at original height 8
[2026-10-03 19:48:54] dbg: [driver:1] OpenTT3D: retained live water source tile 40,12 role body sprite 10010 at original height 8
[2026-10-03 19:48:54] dbg: [driver:1] OpenTT3D: retained live water source tile 40,12 role body sprite 10014 at original height 8
[2026-10-03 19:48:54] dbg: [driver:1] OpenTT3D: live voxel lock wall 18 part 2 direction 2 face 0 climate 2 base 9992 family 9992 source 10010 captured at 40,12 origin 640,192,16 opacity 1 with independent original water ground
[2026-10-03 19:48:54] dbg: [driver:1] OpenTT3D: live voxel lock wall 22 part 2 direction 2 face 1 climate 2 base 9992 family 9992 source 10014 captured at 40,12 origin 640,207,16 opacity 1 with independent original water ground
[2026-10-03 19:48:54] dbg: [driver:1] OpenTT3D: retained live water source tile 62,12 role ground sprite 9957 at original height 8
[2026-10-03 19:48:54] dbg: [driver:1] OpenTT3D: retained live water source tile 62,12 role body sprite 10024 at original height 8
[2026-10-03 19:48:54] dbg: [driver:1] OpenTT3D: retained live water source tile 62,12 role body sprite 10028 at original height 8
[2026-10-03 19:48:54] dbg: [driver:1] OpenTT3D: live voxel lock wall 32 part 1 direction 1 face 0 climate 2 base 10016 family 9992 source 10024 captured at 62,12 origin 992,192,16 opacity 1 with independent original water ground
[2026-10-03 19:48:54] dbg: [driver:1] OpenTT3D: live voxel lock wall 36 part 1 direction 1 face 1 climate 2 base 10016 family 9992 source 10028 captured at 62,12 origin 1007,192,16 opacity 1 with independent original water ground
[2026-10-03 19:48:54] dbg: [driver:1] OpenTT3D: retained live water source tile 62,13 role ground sprite 9958 at original height 8
[2026-10-03 19:48:54] dbg: [driver:1] OpenTT3D: retained live water source tile 62,13 role body sprite 10016 at original height 8
[2026-10-03 19:48:54] dbg: [driver:1] OpenTT3D: retained live water source tile 62,13 role body sprite 10020 at original height 8
[2026-10-03 19:48:54] dbg: [driver:1] OpenTT3D: live voxel lock wall 24 part 0 direction 1 face 0 climate 2 base 10016 family 9992 source 10016 captured at 62,13 origin 992,208,16 opacity 1 with independent original water ground
[2026-10-03 19:48:54] dbg: [driver:1] OpenTT3D: live voxel lock wall 28 part 0 direction 1 face 1 climate 2 base 10016 family 9992 source 10020 captured at 62,13 origin 1007,208,16 opacity 1 with independent original water ground
[2026-10-03 19:48:54] dbg: [driver:1] OpenTT3D: live projected tree 1940 stage 4 captured at 43,14
[2026-10-03 19:48:54] dbg: [driver:1] OpenTT3D: live projected tree 1828 stage 2 captured at 47,14
[2026-10-03 19:48:54] dbg: [driver:1] OpenTT3D: live projected tree 1821 stage 3 captured at 47,14
[2026-10-03 19:48:54] dbg: [driver:1] OpenTT3D: retained live water source tile 62,14 role ground sprite 9957 at original height 16
[2026-10-03 19:48:54] dbg: [driver:1] OpenTT3D: retained live water source tile 62,14 role body sprite 10032 at original height 16
[2026-10-03 19:48:54] dbg: [driver:1] OpenTT3D: retained live water source tile 62,14 role body sprite 10036 at original height 16
[2026-10-03 19:48:54] dbg: [driver:1] OpenTT3D: live voxel lock wall 40 part 2 direction 1 face 0 climate 2 base 10016 family 9992 source 10032 captured at 62,14 origin 992,224,32 opacity 1 with independent original water ground
[2026-10-03 19:48:54] dbg: [driver:1] OpenTT3D: live voxel lock wall 44 part 2 direction 1 face 1 climate 2 base 10016 family 9992 source 10036 captured at 62,14 origin 1007,224,32 opacity 1 with independent original water ground
[2026-10-03 19:48:54] dbg: [driver:1] OpenTT3D: live projected tree 1870 stage 0 captured at 58,15
[2026-10-03 19:48:54] dbg: [driver:1] OpenTT3D: live projected tree 1821 stage 1 captured at 53,16
[2026-10-03 19:48:54] dbg: [driver:1] OpenTT3D: live projected tree 1828 stage 6 captured at 54,16
[2026-10-03 19:48:54] dbg: [driver:1] OpenTT3D: retained live water source tile 58,16 role ground sprite 9957 at original height 8
[2026-10-03 19:48:54] dbg: [driver:1] OpenTT3D: retained live water source tile 58,16 role body sprite 10026 at original height 8
[2026-10-03 19:48:54] dbg: [driver:1] OpenTT3D: retained live water source tile 58,16 role body sprite 10030 at original height 8
[2026-10-03 19:48:54] dbg: [driver:1] OpenTT3D: live voxel lock wall 34 part 1 direction 2 face 0 climate 2 base 10016 family 9992 source 10026 captured at 58,16 origin 928,256,16 opacity 1 with independent original water ground
[2026-10-03 19:48:54] dbg: [driver:1] OpenTT3D: live voxel lock wall 38 part 1 direction 2 face 1 climate 2 base 10016 family 9992 source 10030 captured at 58,16 origin 928,271,16 opacity 1 with independent original water ground
[2026-10-03 19:48:54] dbg: [driver:1] OpenTT3D: retained live water source tile 59,16 role ground sprite 9960 at original height 8
[2026-10-03 19:48:54] dbg: [driver:1] OpenTT3D: retained live water source tile 59,16 role body sprite 10018 at original height 8
[2026-10-03 19:48:54] dbg: [driver:1] OpenTT3D: retained live water source tile 59,16 role body sprite 10022 at original height 8
[2026-10-03 19:48:54] dbg: [driver:1] OpenTT3D: live voxel lock wall 26 part 0 direction 2 face 0 climate 2 base 10016 family 9992 source 10018 captured at 59,16 origin 944,256,16 opacity 1 with independent original water ground
[2026-10-03 19:48:54] dbg: [driver:1] OpenTT3D: live voxel lock wall 30 part 0 direction 2 face 1 climate 2 base 10016 family 9992 source 10022 captured at 59,16 origin 944,271,16 opacity 1 with independent original water ground
[2026-10-03 19:48:54] dbg: [driver:1] OpenTT3D: retained live water source tile 60,16 role ground sprite 9957 at original height 16
[2026-10-03 19:48:54] dbg: [driver:1] OpenTT3D: retained live water source tile 60,16 role body sprite 10034 at original height 16
[2026-10-03 19:48:54] dbg: [driver:1] OpenTT3D: retained live water source tile 60,16 role body sprite 10038 at original height 16
[2026-10-03 19:48:54] dbg: [driver:1] OpenTT3D: live voxel lock wall 42 part 2 direction 2 face 0 climate 2 base 10016 family 9992 source 10034 captured at 60,16 origin 960,256,32 opacity 1 with independent original water ground
[2026-10-03 19:48:54] dbg: [driver:1] OpenTT3D: live voxel lock wall 46 part 2 direction 2 face 1 climate 2 base 10016 family 9992 source 10038 captured at 60,16 origin 960,271,32 opacity 1 with independent original water ground
[2026-10-03 19:48:54] dbg: [driver:1] OpenTT3D: live projected tree 1849 stage 4 captured at 63,16
[2026-10-03 19:48:54] dbg: [driver:1] OpenTT3D: live projected tree 1905 stage 1 captured at 54,17
[2026-10-03 19:48:54] dbg: [driver:1] OpenTT3D: live projected tree 1821 stage 4 captured at 55,17
[2026-10-03 19:48:54] dbg: [driver:1] OpenTT3D: live projected tree 1884 stage 5 captured at 58,17
[2026-10-03 19:48:54] dbg: [driver:1] OpenTT3D: live projected tree 1863 stage 1 captured at 62,17
[2026-10-03 19:48:54] dbg: [driver:1] OpenTT3D: live projected tree 1926 stage 5 captured at 63,17
[2026-10-03 19:48:54] dbg: [driver:1] OpenTT3D: retained live water source tile 69,17 role ground sprite 9957 at original height 16
[2026-10-03 19:48:54] dbg: [driver:1] OpenTT3D: retained live water source tile 69,17 role body sprite 10033 at original height 16
[2026-10-03 19:48:54] dbg: [driver:1] OpenTT3D: retained live water source tile 69,17 role body sprite 10037 at original height 16
[2026-10-03 19:48:54] dbg: [driver:1] OpenTT3D: live voxel lock wall 41 part 2 direction 0 face 0 climate 2 base 10016 family 9992 source 10033 captured at 69,17 origin 1104,272,32 opacity 1 with independent original water ground
[2026-10-03 19:48:54] dbg: [driver:1] OpenTT3D: live voxel lock wall 45 part 2 direction 0 face 1 climate 2 base 10016 family 9992 source 10037 captured at 69,17 origin 1104,287,32 opacity 1 with independent original water ground
[2026-10-03 19:48:54] dbg: [driver:1] OpenTT3D: retained live water source tile 70,17 role ground sprite 9959 at original height 8
[2026-10-03 19:48:54] dbg: [driver:1] OpenTT3D: retained live water source tile 70,17 role body sprite 10017 at original height 8
[2026-10-03 19:48:54] dbg: [driver:1] OpenTT3D: retained live water source tile 70,17 role body sprite 10021 at original height 8
[2026-10-03 19:48:54] dbg: [driver:1] OpenTT3D: live voxel lock wall 25 part 0 direction 0 face 0 climate 2 base 10016 family 9992 source 10017 captured at 70,17 origin 1120,272,16 opacity 1 with independent original water ground
[2026-10-03 19:48:54] dbg: [driver:1] OpenTT3D: live voxel lock wall 29 part 0 direction 0 face 1 climate 2 base 10016 family 9992 source 10021 captured at 70,17 origin 1120,287,16 opacity 1 with independent original water ground
[2026-10-03 19:48:54] dbg: [driver:1] OpenTT3D: retained live water source tile 71,17 role ground sprite 9957 at original height 8
[2026-10-03 19:48:54] dbg: [driver:1] OpenTT3D: retained live water source tile 71,17 role body sprite 10025 at original height 8
[2026-10-03 19:48:54] dbg: [driver:1] OpenTT3D: retained live water source tile 71,17 role body sprite 10029 at original height 8
[2026-10-03 19:48:54] dbg: [driver:1] OpenTT3D: live voxel lock wall 33 part 1 direction 0 face 0 climate 2 base 10016 family 9992 source 10025 captured at 71,17 origin 1136,272,16 opacity 1 with independent original water ground
[2026-10-03 19:48:54] dbg: [driver:1] OpenTT3D: live voxel lock wall 37 part 1 direction 0 face 1 climate 2 base 10016 family 9992 source 10029 captured at 71,17 origin 1136,287,16 opacity 1 with independent original water ground
[2026-10-03 19:48:54] dbg: [driver:1] OpenTT3D: live projected tree 1821 stage 2 captured at 55,18
[2026-10-03 19:48:54] dbg: [driver:1] OpenTT3D: live projected tree 1884 stage 1 captured at 56,18
[2026-10-03 19:48:54] dbg: [driver:1] OpenTT3D: live projected tree 1821 stage 6 captured at 57,18
[2026-10-03 19:48:54] dbg: [driver:1] OpenTT3D: live projected tree 1926 stage 1 captured at 61,18
[2026-10-03 19:48:54] dbg: [driver:1] OpenTT3D: live projected tree 1828 stage 3 captured at 58,19
[2026-10-03 19:48:54] dbg: [driver:1] OpenTT3D: live projected tree 1870 stage 1 captured at 60,19
[2026-10-03 19:48:54] dbg: [driver:1] OpenTT3D: live projected tree 1926 stage 4 captured at 63,19
[2026-10-03 19:48:54] dbg: [driver:1] OpenTT3D: whole-world atlas relocation preserves 1228800 exact RGBA/picking pixels across repack, clear and forced row relocation
[2026-10-03 19:48:54] dbg: [driver:1] OpenTT3D: captured Vulkan presentation with 1 GPU viewport regions
