[2026-10-03 16:44:50] dbg: [driver:1] Successfully loaded blitter '32bpp-optimized'
[2026-10-03 16:44:50] dbg: [driver:1] OpenTT3D: Cocoa process 40245
[mvk-info] MoltenVK version 1.4.2, supporting Vulkan version 1.4.357.
	The following 154 Vulkan extensions are supported:
	VK_KHR_16bit_storage v1
	VK_KHR_8bit_storage v1
	VK_KHR_bind_memory2 v1
	VK_KHR_buffer_device_address v1
	VK_KHR_calibrated_timestamps v1
	VK_KHR_copy_commands2 v1
	VK_KHR_create_renderpass2 v1
	VK_KHR_dedicated_allocation v3
	VK_KHR_deferred_host_operations v4
	VK_KHR_depth_stencil_resolve v1
	VK_KHR_descriptor_update_template v1
	VK_KHR_device_group v4
	VK_KHR_device_group_creation v1
	VK_KHR_driver_properties v1
	VK_KHR_dynamic_rendering v1
	VK_KHR_dynamic_rendering_local_read v1
	VK_KHR_external_fence v1
	VK_KHR_external_fence_capabilities v1
	VK_KHR_external_memory v1
	VK_KHR_external_memory_capabilities v1
	VK_KHR_external_semaphore v1
	VK_KHR_external_semaphore_capabilities v1
	VK_KHR_format_feature_flags2 v2
	VK_KHR_fragment_shader_barycentric v1
	VK_KHR_get_memory_requirements2 v1
	VK_KHR_get_physical_device_properties2 v2
	VK_KHR_get_surface_capabilities2 v1
	VK_KHR_global_priority v1
	VK_KHR_image_format_list v1
	VK_KHR_imageless_framebuffer v1
	VK_KHR_incremental_present v2
	VK_KHR_index_type_uint8 v1
	VK_KHR_line_rasterization v1
	VK_KHR_load_store_op_none v1
	VK_KHR_maintenance1 v2
	VK_KHR_maintenance2 v1
	VK_KHR_maintenance3 v1
	VK_KHR_maintenance4 v2
	VK_KHR_maintenance5 v1
	VK_KHR_maintenance6 v1
	VK_KHR_maintenance7 v1
	VK_KHR_maintenance8 v1
	VK_KHR_maintenance9 v1
	VK_KHR_map_memory2 v1
	VK_KHR_multiview v1
	VK_KHR_portability_subset v1
	VK_KHR_present_id v1
	VK_KHR_present_id2 v1
	VK_KHR_present_wait v1
	VK_KHR_present_wait2 v1
	VK_KHR_push_descriptor v2
	VK_KHR_relaxed_block_layout v1
	VK_KHR_robustness2 v1
	VK_KHR_sampler_mirror_clamp_to_edge v3
	VK_KHR_sampler_ycbcr_conversion v14
	VK_KHR_separate_depth_stencil_layouts v1
	VK_KHR_shader_draw_parameters v1
	VK_KHR_shader_expect_assume v1
	VK_KHR_shader_float_controls v4
	VK_KHR_shader_float_controls2 v1
	VK_KHR_shader_float16_int8 v1
	VK_KHR_shader_fma v1
	VK_KHR_shader_integer_dot_product v1
	VK_KHR_shader_maximal_reconvergence v1
	VK_KHR_shader_non_semantic_info v1
	VK_KHR_shader_quad_control v1
	VK_KHR_shader_relaxed_extended_instruction v1
	VK_KHR_shader_subgroup_extended_types v1
	VK_KHR_shader_subgroup_rotate v2
	VK_KHR_shader_subgroup_uniform_control_flow v1
	VK_KHR_shader_terminate_invocation v1
	VK_KHR_spirv_1_4 v1
	VK_KHR_storage_buffer_storage_class v1
	VK_KHR_surface v25
	VK_KHR_surface_maintenance1 v1
	VK_KHR_surface_protected_capabilities v1
	VK_KHR_swapchain v70
	VK_KHR_swapchain_maintenance1 v1
	VK_KHR_swapchain_mutable_format v1
	VK_KHR_synchronization2 v1
	VK_KHR_timeline_semaphore v2
	VK_KHR_uniform_buffer_standard_layout v1
	VK_KHR_variable_pointers v1
	VK_KHR_vertex_attribute_divisor v1
	VK_KHR_vulkan_memory_model v3
	VK_KHR_zero_initialize_workgroup_memory v1
	VK_EXT_4444_formats v1
	VK_EXT_buffer_device_address v2
	VK_EXT_calibrated_timestamps v2
	VK_EXT_debug_marker v4
	VK_EXT_debug_report v10
	VK_EXT_debug_utils v2
	VK_EXT_depth_clip_control v1
	VK_EXT_descriptor_indexing v2
	VK_EXT_extended_dynamic_state v1
	VK_EXT_extended_dynamic_state2 v1
	VK_EXT_extended_dynamic_state3 v2
	VK_EXT_external_memory_host v1
	VK_EXT_external_memory_metal v1
	VK_EXT_fragment_shader_interlock v1
	VK_EXT_global_priority v2
	VK_EXT_global_priority_query v1
	VK_EXT_hdr_metadata v3
	VK_EXT_headless_surface v1
	VK_EXT_host_image_copy v1
	VK_EXT_host_query_reset v1
	VK_EXT_image_2d_view_of_3d v1
	VK_EXT_image_robustness v1
	VK_EXT_index_type_uint8 v1
	VK_EXT_inline_uniform_block v1
	VK_EXT_layer_settings v2
	VK_EXT_legacy_dithering v2
	VK_EXT_line_rasterization v1
	VK_EXT_load_store_op_none v1
	VK_EXT_memory_budget v1
	VK_EXT_metal_objects v2
	VK_EXT_metal_surface v1
	VK_EXT_non_seamless_cube_map v1
	VK_EXT_pipeline_creation_cache_control v3
	VK_EXT_pipeline_creation_feedback v1
	VK_EXT_pipeline_robustness v1
	VK_EXT_post_depth_coverage v1
	VK_EXT_primitive_topology_list_restart v1
	VK_EXT_private_data v1
	VK_EXT_provoking_vertex v1
	VK_EXT_robustness2 v1
	VK_EXT_sample_locations v1
	VK_EXT_sampler_filter_minmax v2
	VK_EXT_scalar_block_layout v1
	VK_EXT_separate_stencil_usage v1
	VK_EXT_shader_atomic_float v1
	VK_EXT_shader_demote_to_helper_invocation v1
	VK_EXT_shader_stencil_export v1
	VK_EXT_shader_subgroup_ballot v1
	VK_EXT_shader_subgroup_vote v1
	VK_EXT_shader_viewport_index_layer v1
	VK_EXT_subgroup_size_control v2
	VK_EXT_surface_maintenance1 v1
	VK_EXT_swapchain_colorspace v5
	VK_EXT_swapchain_maintenance1 v1
	VK_EXT_texel_buffer_alignment v1
	VK_EXT_texture_compression_astc_hdr v1
	VK_EXT_tooling_info v1
	VK_EXT_vertex_attribute_divisor v3
	VK_AMD_gpu_shader_half_float v2
	VK_AMD_negative_viewport_height v1
	VK_AMD_shader_image_load_store_lod v1
	VK_AMD_shader_trinary_minmax v1
	VK_GOOGLE_display_timing v1
	VK_IMG_format_pvrtc v1
	VK_INTEL_shader_integer_functions2 v1
	VK_MVK_macos_surface v3
	VK_MVK_moltenvk v37
	VK_NV_fragment_shader_barycentric v1
[mvk-info] GPU device:
	model: Apple M3 Pro
	type: Integrated
	vendorID: 0x106b
	deviceID: 0x1a060209
	pipelineCacheUUID: DB660224-1A06-0209-0000-000100000000
	GPU memory available: 13639 MB
	GPU memory used: 0 MB
	Metal Shading Language 4.0
	supports the following GPU Features:
		GPU Family Metal 4
		GPU Family Apple 9
		GPU Family Mac 1
		GPU Family Mac 2
		Read-Write Texture Tier 2
[mvk-info] Created VkInstance for Vulkan version 1.1.357, as requested by app, with the following 2 Vulkan extensions enabled:
	VK_KHR_surface v25
	VK_EXT_metal_surface v1
[mvk-info] Vulkan semaphores using MTLEvent.
[mvk-info] Descriptor sets binding resources using Metal3 argument buffers.
[mvk-info] Created VkDevice to run on GPU Apple M3 Pro with the following 2 Vulkan extensions enabled:
	VK_KHR_portability_subset v1
	VK_KHR_swapchain v70
[mvk-warn] VK_ERROR_FEATURE_NOT_PRESENT: Blending is enabled for attachment with format VK_FORMAT_R32_UINT, which does not support it.
[mvk-warn] VK_ERROR_FEATURE_NOT_PRESENT: Blending is enabled for attachment with format VK_FORMAT_R32_UINT, which does not support it.
[mvk-warn] VK_ERROR_FEATURE_NOT_PRESENT: Blending is enabled for attachment with format VK_FORMAT_R32_UINT, which does not support it.
[mvk-warn] VK_ERROR_FEATURE_NOT_PRESENT: Blending is enabled for attachment with format VK_FORMAT_R32_UINT, which does not support it.
[2026-10-03 16:44:50] dbg: [driver:1] OpenTT3D: Vulkan instanced renderer initialized on Apple M3 Pro
[mvk-info] Created 3 swapchain images with size (1280, 960) and contents scale 2.0 in layer (null) (0x8453af0f0) on screen Built-in Retina Display.
[2026-10-03 16:44:50] dbg: [driver:1] Successfully loaded video driver 'cocoa-vulkan'
[2026-10-03 16:44:50] dbg: [driver:1] Successfully loaded sound driver 'null'
[2026-10-03 16:44:50] dbg: [driver:1] Successfully loaded music driver 'null'
[2026-10-03 16:44:50] dbg: [driver:1] OpenTT3D: background Cocoa window active=false, key=false, visible=false, policy=2
[2026-10-03 16:44:50] dbg: [driver:1] using thread for game-loop
[2026-10-03 16:44:51] dbg: [driver:1] OpenTT3D: loaded 62 profiles from opentt3d-trees.json
[2026-10-03 16:44:51] dbg: [driver:1] OpenTT3D: retained live water source tile 8,39 role ground sprite 9952 at original height 8
[2026-10-03 16:45:08] dbg: [driver:1] OpenTT3D: loaded 1831 authored voxel models, 17420235 occupied cells, 12070638 exposed cell faces merged to 2656043 conforming rectangles / 20271120 triangles
[2026-10-03 16:45:08] dbg: [driver:1] OpenTT3D: retained lossless voxel sources use 36385568 bytes instead of 1727438004 dense cell bytes, with one shared palette
[2026-10-03 16:45:08] dbg: [driver:1] OpenTT3D: CPU voxel surfaces retain 1066079056 bytes under a scene-pinned soft budget, including 185267056 exact restoration bytes
[2026-10-03 16:45:09] dbg: [driver:1] OpenTT3D: retained live water source tile 8,39 role body sprite 10011 at original height 8
[2026-10-03 16:45:09] dbg: [driver:1] OpenTT3D: retained live water source tile 8,39 role body sprite 10015 at original height 8
[2026-10-03 16:45:09] dbg: [driver:1] OpenTT3D: retained live water source tile 8,40 role ground sprite 9956 at original height 0
[2026-10-03 16:45:09] dbg: [driver:1] OpenTT3D: retained live water source tile 8,40 role body sprite 9995 at original height 0
[2026-10-03 16:45:09] dbg: [driver:1] OpenTT3D: retained live water source tile 8,40 role body sprite 9999 at original height 0
[2026-10-03 16:45:09] dbg: [driver:1] OpenTT3D: retained live water source tile 8,41 role ground sprite 9952 at original height 0
[2026-10-03 16:45:09] dbg: [driver:1] OpenTT3D: retained live water source tile 8,41 role body sprite 10003 at original height 0
[2026-10-03 16:45:09] dbg: [driver:1] OpenTT3D: retained live water source tile 8,41 role body sprite 10007 at original height 0
[2026-10-03 16:45:09] dbg: [driver:1] OpenTT3D: live projected tree 1758 stage 6 captured at 12,63
[2026-10-03 16:45:09] dbg: [driver:1] OpenTT3D: live projected tree 1751 stage 2 captured at 12,65
[2026-10-03 16:45:09] dbg: [driver:1] OpenTT3D: live projected tree 1716 stage 3 captured at 11,66
[2026-10-03 16:45:09] dbg: [driver:1] OpenTT3D: live projected tree 1723 stage 6 captured at 11,66
[2026-10-03 16:45:09] dbg: [driver:1] OpenTT3D: live projected tree 1716 stage 1 captured at 12,66
[2026-10-03 16:45:09] dbg: [driver:1] OpenTT3D: live projected tree 1744 stage 6 captured at 11,67
[2026-10-03 16:45:09] dbg: [driver:1] OpenTT3D: live projected tree 1737 stage 3 captured at 13,67
[2026-10-03 16:45:09] dbg: [driver:1] OpenTT3D: live projected tree 1758 stage 2 captured at 13,67
[2026-10-03 16:45:09] dbg: [driver:1] OpenTT3D: live projected tree 1723 stage 3 captured at 13,67
[2026-10-03 16:45:09] dbg: [driver:1] OpenTT3D: live projected tree 1730 stage 3 captured at 13,67
[2026-10-03 16:45:09] dbg: [driver:1] OpenTT3D: live projected tree 1709 stage 5 captured at 14,68
[2026-10-03 16:45:09] dbg: [driver:1] OpenTT3D: live projected tree 1709 stage 3 captured at 14,68
[2026-10-03 16:45:09] dbg: [driver:1] OpenTT3D: live voxel house ground 62 construction stage 3 captured at 18,68
[2026-10-03 16:45:09] dbg: [driver:1] OpenTT3D: live voxel house ground 62 construction stage 3 variant 1 captured
[2026-10-03 16:45:09] dbg: [driver:1] OpenTT3D: live voxel house 62 construction stage 3 captured at 18,68
[2026-10-03 16:45:09] dbg: [driver:1] OpenTT3D: live voxel house 62 construction stage 3 variant 1 captured
[2026-10-03 16:45:09] dbg: [driver:1] OpenTT3D: live projected tree 1716 stage 4 captured at 10,70
[2026-10-03 16:45:09] dbg: [driver:1] OpenTT3D: 10 ground-detail tiles rendered with raised crops, hay, rocks or turf
[2026-10-03 16:45:09] dbg: [driver:1] OpenTT3D: 6 unmodelled reference sprites in this view (release coverage is incomplete)
[2026-10-03 16:45:09] dbg: [driver:1] OpenTT3D: live projected tree 1709 stage 4 captured at 17,70
[2026-10-03 16:45:09] dbg: [driver:1] OpenTT3D: live voxel house ground 60 construction stage 3 captured at 18,70
[2026-10-03 16:45:09] dbg: [driver:1] OpenTT3D: live voxel house ground 60 construction stage 3 variant 3 captured
[2026-10-03 16:45:09] dbg: [driver:1] OpenTT3D: live voxel house 60 construction stage 3 captured at 18,70
[2026-10-03 16:45:09] dbg: [driver:1] OpenTT3D: live voxel house 60 construction stage 3 variant 3 captured
[2026-10-03 16:45:09] dbg: [driver:1] OpenTT3D: live voxel house ground 46 construction stage 3 captured at 17,72
[2026-10-03 16:45:09] dbg: [driver:1] OpenTT3D: live voxel house ground 46 construction stage 3 variant 3 captured
[2026-10-03 16:45:09] dbg: [driver:1] OpenTT3D: live voxel house 46 construction stage 3 captured at 17,72
[2026-10-03 16:45:09] dbg: [driver:1] OpenTT3D: live voxel house 46 construction stage 3 variant 3 captured
[2026-10-03 16:45:09] dbg: [driver:1] OpenTT3D: live voxel house ground 48 construction stage 3 captured at 18,72
[2026-10-03 16:45:09] dbg: [driver:1] OpenTT3D: live voxel house ground 48 construction stage 3 variant 0 captured
[2026-10-03 16:45:09] dbg: [driver:1] OpenTT3D: live voxel house 48 construction stage 3 captured at 18,72
[2026-10-03 16:45:09] dbg: [driver:1] OpenTT3D: live voxel house 48 construction stage 3 variant 0 captured
[2026-10-03 16:45:09] dbg: [driver:1] OpenTT3D: live projected tree 1744 stage 3 captured at 12,73
[2026-10-03 16:45:09] dbg: [driver:1] OpenTT3D: live projected tree 1758 stage 4 captured at 12,73
[2026-10-03 16:45:09] dbg: [driver:1] OpenTT3D: live voxel house ground 56 construction stage 3 captured at 15,73
[2026-10-03 16:45:09] dbg: [driver:1] OpenTT3D: live voxel house ground 56 construction stage 3 variant 3 captured
[2026-10-03 16:45:09] dbg: [driver:1] OpenTT3D: live voxel house 56 construction stage 3 captured at 15,73
[2026-10-03 16:45:09] dbg: [driver:1] OpenTT3D: live voxel house 56 construction stage 3 variant 3 captured
[2026-10-03 16:45:09] dbg: [driver:1] OpenTT3D: live voxel house ground 62 construction stage 3 captured at 17,73
[2026-10-03 16:45:09] dbg: [driver:1] OpenTT3D: live voxel house ground 62 construction stage 3 variant 2 captured
[2026-10-03 16:45:09] dbg: [driver:1] OpenTT3D: live voxel house 62 construction stage 3 captured at 17,73
[2026-10-03 16:45:09] dbg: [driver:1] OpenTT3D: live voxel house 62 construction stage 3 variant 2 captured
[2026-10-03 16:45:09] dbg: [driver:1] OpenTT3D: live projected tree 1758 stage 3 captured at 16,75
[2026-10-03 16:45:09] dbg: [driver:1] OpenTT3D: live projected tree 1758 stage 5 captured at 16,75
[2026-10-03 16:45:09] dbg: [driver:1] OpenTT3D: live voxel house ground 62 construction stage 3 captured at 17,75
[2026-10-03 16:45:09] dbg: [driver:1] OpenTT3D: live voxel house ground 62 construction stage 3 variant 0 captured
[2026-10-03 16:45:09] dbg: [driver:1] OpenTT3D: live voxel house 62 construction stage 3 captured at 17,75
[2026-10-03 16:45:09] dbg: [driver:1] OpenTT3D: live voxel house 62 construction stage 3 variant 0 captured
[2026-10-03 16:45:09] dbg: [driver:1] OpenTT3D: live voxel house ground 46 construction stage 3 captured at 19,75
[2026-10-03 16:45:09] dbg: [driver:1] OpenTT3D: live voxel house ground 46 construction stage 3 variant 2 captured
[2026-10-03 16:45:09] dbg: [driver:1] OpenTT3D: live voxel house 46 construction stage 3 captured at 19,75
[2026-10-03 16:45:09] dbg: [driver:1] OpenTT3D: live voxel house 46 construction stage 3 variant 2 captured
[2026-10-03 16:45:09] dbg: [driver:1] OpenTT3D: live projected tree 1737 stage 2 captured at 22,67
[2026-10-03 16:45:09] dbg: [driver:1] OpenTT3D: live projected tree 1723 stage 4 captured at 25,68
[2026-10-03 16:45:09] dbg: [driver:1] OpenTT3D: live projected tree 1730 stage 6 captured at 23,69
[2026-10-03 16:45:09] dbg: [driver:1] OpenTT3D: live projected tree 1737 stage 6 captured at 25,69
[2026-10-03 16:45:09] dbg: [driver:1] OpenTT3D: live voxel house ground 48 construction stage 3 captured at 20,70
[2026-10-03 16:45:09] dbg: [driver:1] OpenTT3D: live voxel house ground 48 construction stage 3 variant 2 captured
[2026-10-03 16:45:09] dbg: [driver:1] OpenTT3D: live voxel house 48 construction stage 3 captured at 20,70
[2026-10-03 16:45:09] dbg: [driver:1] OpenTT3D: live voxel house 48 construction stage 3 variant 2 captured
[2026-10-03 16:45:09] dbg: [driver:1] OpenTT3D: live projected tree 1737 stage 5 captured at 24,70
[2026-10-03 16:45:09] dbg: [driver:1] OpenTT3D: live voxel house ground 56 construction stage 3 captured at 20,71
[2026-10-03 16:45:09] dbg: [driver:1] OpenTT3D: live voxel house ground 56 construction stage 3 variant 1 captured
[2026-10-03 16:45:09] dbg: [driver:1] OpenTT3D: live voxel house 56 construction stage 3 captured at 20,71
[2026-10-03 16:45:09] dbg: [driver:1] OpenTT3D: live voxel house 56 construction stage 3 variant 1 captured
[2026-10-03 16:45:09] dbg: [driver:1] OpenTT3D: live voxel house ground 48 construction stage 3 captured at 21,73
[2026-10-03 16:45:09] dbg: [driver:1] OpenTT3D: live voxel house ground 48 construction stage 3 variant 3 captured
[2026-10-03 16:45:09] dbg: [driver:1] OpenTT3D: live voxel house 48 construction stage 3 captured at 21,73
[2026-10-03 16:45:09] dbg: [driver:1] OpenTT3D: live voxel house 48 construction stage 3 variant 3 captured
[2026-10-03 16:45:09] dbg: [driver:1] OpenTT3D: live projected tree 1758 stage 1 captured at 23,74
[2026-10-03 16:45:09] dbg: [driver:1] OpenTT3D: retained river selector tile 32,33 feature 5 base 11264 offset 1->1 sprite 11265 absent false
[2026-10-03 16:45:09] dbg: [driver:1] OpenTT3D: retained live water source tile 32,33 role ground sprite 11265 at original height 0
[2026-10-03 16:45:09] dbg: [driver:1] OpenTT3D: retained river selector tile 32,33 feature 6 base 10364 offset 12->12 sprite 10376 absent false
[2026-10-03 16:45:09] dbg: [driver:1] OpenTT3D: retained live water source tile 32,33 role ground sprite 10376 at original height 0
[2026-10-03 16:45:09] dbg: [driver:1] OpenTT3D: retained river selector tile 32,33 feature 6 base 10364 offset 14->14 sprite 10378 absent false
[2026-10-03 16:45:09] dbg: [driver:1] OpenTT3D: retained live water source tile 32,33 role ground sprite 10378 at original height 0
[2026-10-03 16:45:09] dbg: [driver:1] OpenTT3D: retained river selector tile 32,34 feature 5 base 11269 offset 0->0 sprite 11269 absent false
[2026-10-03 16:45:09] dbg: [driver:1] OpenTT3D: retained river selector tile 32,34 feature 6 base 10244 offset 0->0 sprite 10244 absent false
[2026-10-03 16:45:09] dbg: [driver:1] OpenTT3D: retained river selector tile 32,34 feature 6 base 10244 offset 1->1 sprite 10245 absent false
[2026-10-03 16:45:09] dbg: [driver:1] OpenTT3D: retained river selector tile 32,34 feature 6 base 10244 offset 4->4 sprite 10248 absent false
[2026-10-03 16:45:09] dbg: [driver:1] OpenTT3D: retained river selector tile 32,34 feature 6 base 10244 offset 10->10 sprite 10254 absent false
[2026-10-03 16:45:09] dbg: [driver:1] OpenTT3D: retained river selector tile 33,34 feature 5 base 11269 offset 0->0 sprite 11269 absent false
[2026-10-03 16:45:09] dbg: [driver:1] OpenTT3D: retained river selector tile 33,34 feature 6 base 10244 offset 1->1 sprite 10245 absent false
[2026-10-03 16:45:09] dbg: [driver:1] OpenTT3D: retained river selector tile 33,34 feature 6 base 10244 offset 3->3 sprite 10247 absent false
[2026-10-03 16:45:09] dbg: [driver:1] OpenTT3D: retained river selector tile 34,34 feature 5 base 11269 offset 0->0 sprite 11269 absent false
[2026-10-03 16:45:09] dbg: [driver:1] OpenTT3D: retained river selector tile 34,34 feature 6 base 10244 offset 1->1 sprite 10245 absent false
[2026-10-03 16:45:09] dbg: [driver:1] OpenTT3D: retained river selector tile 34,34 feature 6 base 10244 offset 3->3 sprite 10247 absent false
[2026-10-03 16:45:09] dbg: [driver:1] OpenTT3D: retained river selector tile 35,34 feature 5 base 11269 offset 0->0 sprite 11269 absent false
[2026-10-03 16:45:09] dbg: [driver:1] OpenTT3D: retained river selector tile 35,34 feature 6 base 10244 offset 2->2 sprite 10246 absent false
[2026-10-03 16:45:09] dbg: [driver:1] OpenTT3D: retained river selector tile 35,34 feature 6 base 10244 offset 3->3 sprite 10247 absent false
[2026-10-03 16:45:09] dbg: [driver:1] OpenTT3D: retained river selector tile 35,34 feature 6 base 10244 offset 8->8 sprite 10252 absent false
[2026-10-03 16:45:09] dbg: [driver:1] OpenTT3D: retained river selector tile 35,34 feature 6 base 10244 offset 6->6 sprite 10250 absent false
[2026-10-03 16:45:09] dbg: [driver:1] OpenTT3D: retained river selector tile 35,35 feature 5 base 11269 offset 0->0 sprite 11269 absent false
[2026-10-03 16:45:09] dbg: [driver:1] OpenTT3D: retained river selector tile 35,35 feature 6 base 10244 offset 0->0 sprite 10244 absent false
[2026-10-03 16:45:09] dbg: [driver:1] OpenTT3D: retained river selector tile 35,35 feature 6 base 10244 offset 1->1 sprite 10245 absent false
[2026-10-03 16:45:09] dbg: [driver:1] OpenTT3D: retained river selector tile 35,35 feature 6 base 10244 offset 4->4 sprite 10248 absent false
[2026-10-03 16:45:09] dbg: [driver:1] OpenTT3D: retained river selector tile 35,35 feature 6 base 10244 offset 10->10 sprite 10254 absent false
[2026-10-03 16:45:09] dbg: [driver:1] OpenTT3D: retained river selector tile 36,35 feature 5 base 11269 offset 0->0 sprite 11269 absent false
[2026-10-03 16:45:09] dbg: [driver:1] OpenTT3D: retained river selector tile 36,35 feature 6 base 10244 offset 1->1 sprite 10245 absent false
[2026-10-03 16:45:09] dbg: [driver:1] OpenTT3D: retained river selector tile 36,35 feature 6 base 10244 offset 3->3 sprite 10247 absent false
[2026-10-03 16:45:09] dbg: [driver:1] OpenTT3D: retained river selector tile 37,35 feature 5 base 11269 offset 0->0 sprite 11269 absent false
[2026-10-03 16:45:09] dbg: [driver:1] OpenTT3D: retained river selector tile 37,35 feature 6 base 10244 offset 2->2 sprite 10246 absent false
[2026-10-03 16:45:09] dbg: [driver:1] OpenTT3D: retained river selector tile 37,35 feature 6 base 10244 offset 3->3 sprite 10247 absent false
[2026-10-03 16:45:09] dbg: [driver:1] OpenTT3D: retained river selector tile 37,35 feature 6 base 10244 offset 8->8 sprite 10252 absent false
[2026-10-03 16:45:09] dbg: [driver:1] OpenTT3D: retained river selector tile 37,35 feature 6 base 10244 offset 6->6 sprite 10250 absent false
[2026-10-03 16:45:09] dbg: [driver:1] OpenTT3D: retained river selector tile 37,36 feature 5 base 11269 offset 0->0 sprite 11269 absent false
[2026-10-03 16:45:09] dbg: [driver:1] OpenTT3D: retained river selector tile 37,36 feature 6 base 10244 offset 0->0 sprite 10244 absent false
[2026-10-03 16:45:09] dbg: [driver:1] OpenTT3D: retained river selector tile 37,36 feature 6 base 10244 offset 1->1 sprite 10245 absent false
[2026-10-03 16:45:09] dbg: [driver:1] OpenTT3D: retained river selector tile 37,36 feature 6 base 10244 offset 4->4 sprite 10248 absent false
[2026-10-03 16:45:09] dbg: [driver:1] OpenTT3D: retained river selector tile 37,36 feature 6 base 10244 offset 10->10 sprite 10254 absent false
[2026-10-03 16:45:09] dbg: [driver:1] OpenTT3D: retained river selector tile 38,36 feature 5 base 11269 offset 0->0 sprite 11269 absent false
[2026-10-03 16:45:09] dbg: [driver:1] OpenTT3D: retained river selector tile 38,36 feature 6 base 10244 offset 2->2 sprite 10246 absent false
[2026-10-03 16:45:09] dbg: [driver:1] OpenTT3D: retained river selector tile 38,36 feature 6 base 10244 offset 3->3 sprite 10247 absent false
[2026-10-03 16:45:09] dbg: [driver:1] OpenTT3D: retained river selector tile 38,36 feature 6 base 10244 offset 8->8 sprite 10252 absent false
[2026-10-03 16:45:09] dbg: [driver:1] OpenTT3D: retained river selector tile 38,36 feature 6 base 10244 offset 6->6 sprite 10250 absent false
[2026-10-03 16:45:09] dbg: [driver:1] OpenTT3D: retained river selector tile 38,37 feature 5 base 11269 offset 0->0 sprite 11269 absent false
[2026-10-03 16:45:09] dbg: [driver:1] OpenTT3D: retained river selector tile 38,37 feature 6 base 10244 offset 0->0 sprite 10244 absent false
[2026-10-03 16:45:09] dbg: [driver:1] OpenTT3D: retained river selector tile 38,37 feature 6 base 10244 offset 1->1 sprite 10245 absent false
[2026-10-03 16:45:09] dbg: [driver:1] OpenTT3D: retained river selector tile 38,37 feature 6 base 10244 offset 4->4 sprite 10248 absent false
[2026-10-03 16:45:09] dbg: [driver:1] OpenTT3D: retained river selector tile 38,37 feature 6 base 10244 offset 10->10 sprite 10254 absent false
[2026-10-03 16:45:09] dbg: [driver:1] OpenTT3D: retained river selector tile 39,37 feature 5 base 11269 offset 0->0 sprite 11269 absent false
[2026-10-03 16:45:09] dbg: [driver:1] OpenTT3D: retained river selector tile 39,37 feature 6 base 10244 offset 1->1 sprite 10245 absent false
[2026-10-03 16:45:09] dbg: [driver:1] OpenTT3D: retained river selector tile 39,37 feature 6 base 10244 offset 3->3 sprite 10247 absent false
[2026-10-03 16:45:09] dbg: [driver:1] OpenTT3D: retained river selector tile 40,37 feature 5 base 11269 offset 0->0 sprite 11269 absent false
[2026-10-03 16:45:09] dbg: [driver:1] OpenTT3D: retained river selector tile 40,37 feature 6 base 10244 offset 2->2 sprite 10246 absent false
[2026-10-03 16:45:09] dbg: [driver:1] OpenTT3D: retained river selector tile 40,37 feature 6 base 10244 offset 3->3 sprite 10247 absent false
[2026-10-03 16:45:09] dbg: [driver:1] OpenTT3D: retained river selector tile 40,37 feature 6 base 10244 offset 8->8 sprite 10252 absent false
[2026-10-03 16:45:09] dbg: [driver:1] OpenTT3D: retained river selector tile 40,37 feature 6 base 10244 offset 6->6 sprite 10250 absent false
[2026-10-03 16:45:09] dbg: [driver:1] OpenTT3D: retained river selector tile 40,38 feature 5 base 11269 offset 0->0 sprite 11269 absent false
[2026-10-03 16:45:09] dbg: [driver:1] OpenTT3D: retained river selector tile 40,38 feature 6 base 10244 offset 0->0 sprite 10244 absent false
[2026-10-03 16:45:09] dbg: [driver:1] OpenTT3D: retained river selector tile 40,38 feature 6 base 10244 offset 1->1 sprite 10245 absent false
[2026-10-03 16:45:09] dbg: [driver:1] OpenTT3D: retained river selector tile 40,38 feature 6 base 10244 offset 4->4 sprite 10248 absent false
[2026-10-03 16:45:09] dbg: [driver:1] OpenTT3D: retained river selector tile 40,38 feature 6 base 10244 offset 10->10 sprite 10254 absent false
[2026-10-03 16:45:09] dbg: [driver:1] OpenTT3D: retained river selector tile 41,38 feature 5 base 11269 offset 0->0 sprite 11269 absent false
[2026-10-03 16:45:09] dbg: [driver:1] OpenTT3D: retained river selector tile 41,38 feature 6 base 10244 offset 2->2 sprite 10246 absent false
[2026-10-03 16:45:09] dbg: [driver:1] OpenTT3D: retained river selector tile 41,38 feature 6 base 10244 offset 3->3 sprite 10247 absent false
[2026-10-03 16:45:09] dbg: [driver:1] OpenTT3D: retained river selector tile 41,38 feature 6 base 10244 offset 8->8 sprite 10252 absent false
[2026-10-03 16:45:09] dbg: [driver:1] OpenTT3D: retained river selector tile 41,38 feature 6 base 10244 offset 6->6 sprite 10250 absent false
[2026-10-03 16:45:09] dbg: [driver:1] OpenTT3D: retained river selector tile 41,39 feature 5 base 11269 offset 0->0 sprite 11269 absent false
[2026-10-03 16:45:09] dbg: [driver:1] OpenTT3D: retained river selector tile 41,39 feature 6 base 10244 offset 0->0 sprite 10244 absent false
[2026-10-03 16:45:09] dbg: [driver:1] OpenTT3D: retained river selector tile 41,39 feature 6 base 10244 offset 2->2 sprite 10246 absent false
[2026-10-03 16:45:09] dbg: [driver:1] OpenTT3D: retained river selector tile 41,40 feature 5 base 11269 offset 0->0 sprite 11269 absent false
[2026-10-03 16:45:09] dbg: [driver:1] OpenTT3D: retained river selector tile 41,40 feature 6 base 10244 offset 0->0 sprite 10244 absent false
[2026-10-03 16:45:09] dbg: [driver:1] OpenTT3D: retained river selector tile 41,40 feature 6 base 10244 offset 2->2 sprite 10246 absent false
[2026-10-03 16:45:09] dbg: [driver:1] OpenTT3D: retained river selector tile 41,41 feature 5 base 11269 offset 0->0 sprite 11269 absent false
[2026-10-03 16:45:09] dbg: [driver:1] OpenTT3D: retained river selector tile 41,41 feature 6 base 10244 offset 0->0 sprite 10244 absent false
[2026-10-03 16:45:09] dbg: [driver:1] OpenTT3D: retained river selector tile 41,41 feature 6 base 10244 offset 1->1 sprite 10245 absent false
[2026-10-03 16:45:09] dbg: [driver:1] OpenTT3D: retained river selector tile 41,41 feature 6 base 10244 offset 2->2 sprite 10246 absent false
[2026-10-03 16:45:09] dbg: [driver:1] OpenTT3D: retained river selector tile 41,41 feature 6 base 10244 offset 4->4 sprite 10248 absent false
[2026-10-03 16:45:09] dbg: [driver:1] OpenTT3D: retained river selector tile 41,41 feature 6 base 10244 offset 5->5 sprite 10249 absent false
[2026-10-03 16:45:09] dbg: [driver:1] OpenTT3D: live projected tree 1730 stage 4 captured at 20,61
[2026-10-03 16:45:09] dbg: [driver:1] OpenTT3D: live projected tree 1723 stage 1 captured at 20,63
[2026-10-03 16:45:09] dbg: [driver:1] OpenTT3D: 64 roof/wall pixels select their owning tile across four rotations, with independent vehicle picking
[2026-10-03 16:45:09] dbg: [driver:1] OpenTT3D: live projected tree 1730 stage 1 captured at 70,1
[2026-10-03 16:45:09] dbg: [driver:1] OpenTT3D: live projected tree 1751 stage 3 captured at 70,1
[2026-10-03 16:45:09] dbg: [driver:1] OpenTT3D: live projected tree 1709 stage 6 captured at 88,1
[2026-10-03 16:45:09] dbg: [driver:1] OpenTT3D: retained live water source tile 49,3 role ground sprite 9952 at original height 0
[2026-10-03 16:45:09] dbg: [driver:1] OpenTT3D: retained live water source tile 49,3 role body sprite 10000 at original height 0
[2026-10-03 16:45:09] dbg: [driver:1] OpenTT3D: retained live water source tile 49,3 role body sprite 10004 at original height 0
[2026-10-03 16:45:09] dbg: [driver:1] OpenTT3D: live projected tree 1737 stage 4 captured at 68,3
[2026-10-03 16:45:09] dbg: [driver:1] OpenTT3D: live projected tree 1709 stage 2 captured at 84,3
[2026-10-03 16:45:09] dbg: [driver:1] OpenTT3D: live projected tree 1730 stage 0 captured at 95,3
[2026-10-03 16:45:09] dbg: [driver:1] OpenTT3D: live projected tree 1730 stage 2 captured at 97,3
[2026-10-03 16:45:09] dbg: [driver:1] OpenTT3D: retained live water source tile 49,4 role ground sprite 9953 at original height 0
[2026-10-03 16:45:09] dbg: [driver:1] OpenTT3D: retained live water source tile 49,4 role body sprite 9992 at original height 0
[2026-10-03 16:45:09] dbg: [driver:1] OpenTT3D: retained live water source tile 49,4 role body sprite 9996 at original height 0
[2026-10-03 16:45:09] dbg: [driver:1] OpenTT3D: retained river selector tile 52,4 feature 5 base 11269 offset 0->0 sprite 11269 absent false
[2026-10-03 16:45:09] dbg: [driver:1] OpenTT3D: retained river selector tile 52,4 feature 6 base 10244 offset 0->0 sprite 10244 absent false
[2026-10-03 16:45:09] dbg: [driver:1] OpenTT3D: retained river selector tile 52,4 feature 6 base 10244 offset 3->3 sprite 10247 absent false
[2026-10-03 16:45:09] dbg: [driver:1] OpenTT3D: retained river selector tile 52,4 feature 6 base 10244 offset 9->9 sprite 10253 absent false
[2026-10-03 16:45:09] dbg: [driver:1] OpenTT3D: retained river selector tile 52,4 feature 6 base 10244 offset 7->7 sprite 10251 absent false
[2026-10-03 16:45:09] dbg: [driver:1] OpenTT3D: retained river selector tile 53,4 feature 5 base 11269 offset 0->0 sprite 11269 absent false
[2026-10-03 16:45:09] dbg: [driver:1] OpenTT3D: retained river selector tile 53,4 feature 6 base 10244 offset 1->1 sprite 10245 absent false
[2026-10-03 16:45:09] dbg: [driver:1] OpenTT3D: retained river selector tile 53,4 feature 6 base 10244 offset 3->3 sprite 10247 absent false
[2026-10-03 16:45:09] dbg: [driver:1] OpenTT3D: retained river selector tile 54,4 feature 5 base 11269 offset 0->0 sprite 11269 absent false
[2026-10-03 16:45:09] dbg: [driver:1] OpenTT3D: retained river selector tile 54,4 feature 6 base 10244 offset 1->1 sprite 10245 absent false
[2026-10-03 16:45:09] dbg: [driver:1] OpenTT3D: retained river selector tile 54,4 feature 6 base 10244 offset 3->3 sprite 10247 absent false
[2026-10-03 16:45:09] dbg: [driver:1] OpenTT3D: retained river selector tile 55,4 feature 5 base 11269 offset 0->0 sprite 11269 absent false
[2026-10-03 16:45:09] dbg: [driver:1] OpenTT3D: retained river selector tile 55,4 feature 6 base 10244 offset 2->2 sprite 10246 absent false
[2026-10-03 16:45:09] dbg: [driver:1] OpenTT3D: retained river selector tile 55,4 feature 6 base 10244 offset 3->3 sprite 10247 absent false
[2026-10-03 16:45:09] dbg: [driver:1] OpenTT3D: retained river selector tile 55,4 feature 6 base 10244 offset 8->8 sprite 10252 absent false
[2026-10-03 16:45:09] dbg: [driver:1] OpenTT3D: retained river selector tile 55,4 feature 6 base 10244 offset 6->6 sprite 10250 absent false
[2026-10-03 16:45:09] dbg: [driver:1] OpenTT3D: live projected tree 1751 stage 4 captured at 58,4
[2026-10-03 16:45:09] dbg: [driver:1] OpenTT3D: live projected tree 1730 stage 5 captured at 93,4
[2026-10-03 16:45:09] dbg: [driver:1] OpenTT3D: retained live water source tile 100,4 role ground sprite 9952 at original height 8
[2026-10-03 16:45:09] dbg: [driver:1] OpenTT3D: retained live water source tile 100,4 role body sprite 10009 at original height 8
[2026-10-03 16:45:09] dbg: [driver:1] OpenTT3D: retained live water source tile 100,4 role body sprite 10013 at original height 8
[2026-10-03 16:45:09] dbg: [driver:1] OpenTT3D: retained live water source tile 101,4 role ground sprite 9954 at original height 0
[2026-10-03 16:45:09] dbg: [driver:1] OpenTT3D: retained live water source tile 101,4 role body sprite 9993 at original height 0
[2026-10-03 16:45:09] dbg: [driver:1] OpenTT3D: retained live water source tile 101,4 role body sprite 9997 at original height 0
[2026-10-03 16:45:09] dbg: [driver:1] OpenTT3D: retained live water source tile 102,4 role ground sprite 9952 at original height 0
[2026-10-03 16:45:09] dbg: [driver:1] OpenTT3D: retained live water source tile 102,4 role body sprite 10001 at original height 0
[2026-10-03 16:45:09] dbg: [driver:1] OpenTT3D: retained live water source tile 102,4 role body sprite 10005 at original height 0
[2026-10-03 16:45:09] dbg: [driver:1] OpenTT3D: retained live water source tile 49,5 role ground sprite 9952 at original height 8
[2026-10-03 16:45:09] dbg: [driver:1] OpenTT3D: retained live water source tile 49,5 role body sprite 10008 at original height 8
[2026-10-03 16:45:09] dbg: [driver:1] OpenTT3D: retained live water source tile 49,5 role body sprite 10012 at original height 8
[2026-10-03 16:45:09] dbg: [driver:1] OpenTT3D: retained river selector tile 50,5 feature 5 base 11269 offset 0->0 sprite 11269 absent false
[2026-10-03 16:45:09] dbg: [driver:1] OpenTT3D: retained river selector tile 50,5 feature 6 base 10244 offset 0->0 sprite 10244 absent false
[2026-10-03 16:45:09] dbg: [driver:1] OpenTT3D: retained river selector tile 50,5 feature 6 base 10244 offset 1->1 sprite 10245 absent false
[2026-10-03 16:45:09] dbg: [driver:1] OpenTT3D: retained river selector tile 50,5 feature 6 base 10244 offset 3->3 sprite 10247 absent false
[2026-10-03 16:45:09] dbg: [driver:1] OpenTT3D: retained river selector tile 50,5 feature 6 base 10244 offset 4->4 sprite 10248 absent false
[2026-10-03 16:45:09] dbg: [driver:1] OpenTT3D: retained river selector tile 50,5 feature 6 base 10244 offset 7->7 sprite 10251 absent false
[2026-10-03 16:45:09] dbg: [driver:1] OpenTT3D: retained river selector tile 51,5 feature 5 base 11269 offset 0->0 sprite 11269 absent false
[2026-10-03 16:45:09] dbg: [driver:1] OpenTT3D: retained river selector tile 51,5 feature 6 base 10244 offset 1->1 sprite 10245 absent false
[2026-10-03 16:45:09] dbg: [driver:1] OpenTT3D: retained river selector tile 51,5 feature 6 base 10244 offset 3->3 sprite 10247 absent false
[2026-10-03 16:45:09] dbg: [driver:1] OpenTT3D: retained river selector tile 52,5 feature 5 base 11269 offset 0->0 sprite 11269 absent false
[2026-10-03 16:45:09] dbg: [driver:1] OpenTT3D: retained river selector tile 52,5 feature 6 base 10244 offset 1->1 sprite 10245 absent false
[2026-10-03 16:45:09] dbg: [driver:1] OpenTT3D: retained river selector tile 52,5 feature 6 base 10244 offset 2->2 sprite 10246 absent false
[2026-10-03 16:45:09] dbg: [driver:1] OpenTT3D: retained river selector tile 52,5 feature 6 base 10244 offset 5->5 sprite 10249 absent false
[2026-10-03 16:45:09] dbg: [driver:1] OpenTT3D: retained river selector tile 52,5 feature 6 base 10244 offset 11->11 sprite 10255 absent false
[2026-10-03 16:45:09] dbg: [driver:1] OpenTT3D: retained river selector tile 55,5 feature 5 base 11269 offset 0->0 sprite 11269 absent false
[2026-10-03 16:45:09] dbg: [driver:1] OpenTT3D: retained river selector tile 55,5 feature 6 base 10244 offset 0->0 sprite 10244 absent false
[2026-10-03 16:45:09] dbg: [driver:1] OpenTT3D: retained river selector tile 55,5 feature 6 base 10244 offset 1->1 sprite 10245 absent false
[2026-10-03 16:45:09] dbg: [driver:1] OpenTT3D: retained river selector tile 55,5 feature 6 base 10244 offset 4->4 sprite 10248 absent false
[2026-10-03 16:45:09] dbg: [driver:1] OpenTT3D: retained river selector tile 55,5 feature 6 base 10244 offset 10->10 sprite 10254 absent false
[2026-10-03 16:45:09] dbg: [driver:1] OpenTT3D: retained river selector tile 56,5 feature 5 base 11269 offset 0->0 sprite 11269 absent false
[2026-10-03 16:45:09] dbg: [driver:1] OpenTT3D: retained river selector tile 56,5 feature 6 base 10244 offset 1->1 sprite 10245 absent false
[2026-10-03 16:45:09] dbg: [driver:1] OpenTT3D: retained river selector tile 56,5 feature 6 base 10244 offset 3->3 sprite 10247 absent false
[2026-10-03 16:45:09] dbg: [driver:1] OpenTT3D: retained river selector tile 57,5 feature 5 base 11269 offset 0->0 sprite 11269 absent false
[2026-10-03 16:45:09] dbg: [driver:1] OpenTT3D: retained river selector tile 57,5 feature 6 base 10244 offset 1->1 sprite 10245 absent false
[2026-10-03 16:45:09] dbg: [driver:1] OpenTT3D: retained river selector tile 57,5 feature 6 base 10244 offset 3->3 sprite 10247 absent false
[2026-10-03 16:45:09] dbg: [driver:1] OpenTT3D: retained river selector tile 58,5 feature 5 base 11269 offset 0->0 sprite 11269 absent false
[2026-10-03 16:45:09] dbg: [driver:1] OpenTT3D: retained river selector tile 58,5 feature 6 base 10244 offset 1->1 sprite 10245 absent false
[2026-10-03 16:45:09] dbg: [driver:1] OpenTT3D: retained river selector tile 58,5 feature 6 base 10244 offset 3->3 sprite 10247 absent false
[2026-10-03 16:45:09] dbg: [driver:1] OpenTT3D: retained river selector tile 59,5 feature 5 base 11269 offset 0->0 sprite 11269 absent false
[2026-10-03 16:45:09] dbg: [driver:1] OpenTT3D: retained river selector tile 59,5 feature 6 base 10244 offset 1->1 sprite 10245 absent false
[2026-10-03 16:45:09] dbg: [driver:1] OpenTT3D: retained river selector tile 59,5 feature 6 base 10244 offset 3->3 sprite 10247 absent false
[2026-10-03 16:45:09] dbg: [driver:1] OpenTT3D: retained river selector tile 60,5 feature 5 base 11269 offset 0->0 sprite 11269 absent false
[2026-10-03 16:45:09] dbg: [driver:1] OpenTT3D: retained river selector tile 60,5 feature 6 base 10244 offset 1->1 sprite 10245 absent false
[2026-10-03 16:45:09] dbg: [driver:1] OpenTT3D: retained river selector tile 60,5 feature 6 base 10244 offset 3->3 sprite 10247 absent false
[2026-10-03 16:45:09] dbg: [driver:1] OpenTT3D: retained river selector tile 61,5 feature 5 base 11269 offset 0->0 sprite 11269 absent false
[2026-10-03 16:45:09] dbg: [driver:1] OpenTT3D: retained river selector tile 61,5 feature 6 base 10244 offset 1->1 sprite 10245 absent false
[2026-10-03 16:45:09] dbg: [driver:1] OpenTT3D: retained river selector tile 61,5 feature 6 base 10244 offset 3->3 sprite 10247 absent false
[2026-10-03 16:45:09] dbg: [driver:1] OpenTT3D: retained river selector tile 62,5 feature 5 base 11269 offset 0->0 sprite 11269 absent false
[2026-10-03 16:45:09] dbg: [driver:1] OpenTT3D: retained river selector tile 62,5 feature 6 base 10244 offset 1->1 sprite 10245 absent false
[2026-10-03 16:45:09] dbg: [driver:1] OpenTT3D: retained river selector tile 62,5 feature 6 base 10244 offset 3->3 sprite 10247 absent false
[2026-10-03 16:45:09] dbg: [driver:1] OpenTT3D: retained river selector tile 63,5 feature 5 base 11269 offset 0->0 sprite 11269 absent false
[2026-10-03 16:45:09] dbg: [driver:1] OpenTT3D: retained river selector tile 63,5 feature 6 base 10244 offset 1->1 sprite 10245 absent false
[2026-10-03 16:45:09] dbg: [driver:1] OpenTT3D: retained river selector tile 63,5 feature 6 base 10244 offset 2->2 sprite 10246 absent false
[2026-10-03 16:45:09] dbg: [driver:1] OpenTT3D: retained river selector tile 63,5 feature 6 base 10244 offset 3->3 sprite 10247 absent false
[2026-10-03 16:45:09] dbg: [driver:1] OpenTT3D: retained river selector tile 63,5 feature 6 base 10244 offset 5->5 sprite 10249 absent false
[2026-10-03 16:45:09] dbg: [driver:1] OpenTT3D: retained river selector tile 63,5 feature 6 base 10244 offset 6->6 sprite 10250 absent false
[2026-10-03 16:45:09] dbg: [driver:1] OpenTT3D: retained live water source tile 64,5 role ground sprite 9957 at original height 8
[2026-10-03 16:45:09] dbg: [driver:1] OpenTT3D: retained live water source tile 64,5 role body sprite 10024 at original height 8
[2026-10-03 16:45:09] dbg: [driver:1] OpenTT3D: retained live water source tile 64,5 role body sprite 10028 at original height 8
[2026-10-03 16:45:09] dbg: [driver:1] OpenTT3D: retained river selector tile 65,5 feature 5 base 11269 offset 0->0 sprite 11269 absent false
[2026-10-03 16:45:09] dbg: [driver:1] OpenTT3D: retained river selector tile 65,5 feature 6 base 10244 offset 0->0 sprite 10244 absent false
[2026-10-03 16:45:09] dbg: [driver:1] OpenTT3D: retained river selector tile 65,5 feature 6 base 10244 offset 1->1 sprite 10245 absent false
[2026-10-03 16:45:09] dbg: [driver:1] OpenTT3D: retained river selector tile 65,5 feature 6 base 10244 offset 3->3 sprite 10247 absent false
[2026-10-03 16:45:09] dbg: [driver:1] OpenTT3D: retained river selector tile 65,5 feature 6 base 10244 offset 4->4 sprite 10248 absent false
[2026-10-03 16:45:09] dbg: [driver:1] OpenTT3D: retained river selector tile 65,5 feature 6 base 10244 offset 7->7 sprite 10251 absent false
[2026-10-03 16:45:09] dbg: [driver:1] OpenTT3D: retained river selector tile 66,5 feature 5 base 11269 offset 0->0 sprite 11269 absent false
[2026-10-03 16:45:09] dbg: [driver:1] OpenTT3D: retained river selector tile 66,5 feature 6 base 10244 offset 1->1 sprite 10245 absent false
[2026-10-03 16:45:09] dbg: [driver:1] OpenTT3D: retained river selector tile 66,5 feature 6 base 10244 offset 3->3 sprite 10247 absent false
[2026-10-03 16:45:09] dbg: [driver:1] OpenTT3D: retained river selector tile 67,5 feature 5 base 11269 offset 0->0 sprite 11269 absent false
[2026-10-03 16:45:09] dbg: [driver:1] OpenTT3D: retained river selector tile 67,5 feature 6 base 10244 offset 2->2 sprite 10246 absent false
[2026-10-03 16:45:09] dbg: [driver:1] OpenTT3D: retained river selector tile 67,5 feature 6 base 10244 offset 3->3 sprite 10247 absent false
[2026-10-03 16:45:09] dbg: [driver:1] OpenTT3D: retained river selector tile 67,5 feature 6 base 10244 offset 8->8 sprite 10252 absent false
[2026-10-03 16:45:09] dbg: [driver:1] OpenTT3D: retained river selector tile 67,5 feature 6 base 10244 offset 6->6 sprite 10250 absent false
[2026-10-03 16:45:09] dbg: [driver:1] OpenTT3D: live projected tree 1744 stage 0 captured at 81,5
[2026-10-03 16:45:09] dbg: [driver:1] OpenTT3D: live projected tree 1751 stage 5 captured at 56,6
[2026-10-03 16:45:09] dbg: [driver:1] OpenTT3D: retained live water source tile 64,6 role ground sprite 9958 at original height 8
[2026-10-03 16:45:09] dbg: [driver:1] OpenTT3D: retained live water source tile 64,6 role body sprite 10016 at original height 8
[2026-10-03 16:45:09] dbg: [driver:1] OpenTT3D: retained live water source tile 64,6 role body sprite 10020 at original height 8
[2026-10-03 16:45:09] dbg: [driver:1] OpenTT3D: retained river selector tile 67,6 feature 5 base 11269 offset 0->0 sprite 11269 absent false
[2026-10-03 16:45:09] dbg: [driver:1] OpenTT3D: retained river selector tile 67,6 feature 6 base 10244 offset 0->0 sprite 10244 absent false
[2026-10-03 16:45:09] dbg: [driver:1] OpenTT3D: retained river selector tile 67,6 feature 6 base 10244 offset 1->1 sprite 10245 absent false
[2026-10-03 16:45:09] dbg: [driver:1] OpenTT3D: retained river selector tile 67,6 feature 6 base 10244 offset 2->2 sprite 10246 absent false
[2026-10-03 16:45:09] dbg: [driver:1] OpenTT3D: retained river selector tile 67,6 feature 6 base 10244 offset 4->4 sprite 10248 absent false
[2026-10-03 16:45:09] dbg: [driver:1] OpenTT3D: retained river selector tile 67,6 feature 6 base 10244 offset 5->5 sprite 10249 absent false
[2026-10-03 16:45:09] dbg: [driver:1] OpenTT3D: live projected tree 1709 stage 0 captured at 89,6
[2026-10-03 16:45:09] dbg: [driver:1] OpenTT3D: live projected tree 1709 stage 1 captured at 52,7
[2026-10-03 16:45:09] dbg: [driver:1] OpenTT3D: retained live water source tile 64,7 role ground sprite 9957 at original height 16
[2026-10-03 16:45:09] dbg: [driver:1] OpenTT3D: retained live water source tile 64,7 role body sprite 10032 at original height 16
[2026-10-03 16:45:09] dbg: [driver:1] OpenTT3D: retained live water source tile 64,7 role body sprite 10036 at original height 16
[2026-10-03 16:45:09] dbg: [driver:1] OpenTT3D: retained river selector tile 104,7 feature 5 base 11264 offset 1->1 sprite 11265 absent false
[2026-10-03 16:45:09] dbg: [driver:1] OpenTT3D: retained live water source tile 104,7 role ground sprite 11265 at original height 0
[2026-10-03 16:45:09] dbg: [driver:1] OpenTT3D: retained river selector tile 104,7 feature 6 base 10364 offset 12->12 sprite 10376 absent false
[2026-10-03 16:45:09] dbg: [driver:1] OpenTT3D: retained live water source tile 104,7 role ground sprite 10376 at original height 0
[2026-10-03 16:45:09] dbg: [driver:1] OpenTT3D: retained river selector tile 105,7 feature 5 base 11264 offset 1->1 sprite 11265 absent false
[2026-10-03 16:45:09] dbg: [driver:1] OpenTT3D: retained live water source tile 105,7 role ground sprite 11265 at original height 0
[2026-10-03 16:45:09] dbg: [driver:1] OpenTT3D: retained river selector tile 105,7 feature 6 base 10364 offset 14->14 sprite 10378 absent false
[2026-10-03 16:45:09] dbg: [driver:1] OpenTT3D: retained live water source tile 105,7 role ground sprite 10378 at original height 0
[2026-10-03 16:45:09] dbg: [driver:1] OpenTT3D: retained river selector tile 103,8 feature 5 base 11269 offset 0->0 sprite 11269 absent false
[2026-10-03 16:45:09] dbg: [driver:1] OpenTT3D: retained river selector tile 103,8 feature 6 base 10244 offset 0->0 sprite 10244 absent false
[2026-10-03 16:45:09] dbg: [driver:1] OpenTT3D: retained river selector tile 103,8 feature 6 base 10244 offset 3->3 sprite 10247 absent false
[2026-10-03 16:45:09] dbg: [driver:1] OpenTT3D: retained river selector tile 103,8 feature 6 base 10244 offset 7->7 sprite 10251 absent false
[2026-10-03 16:45:09] dbg: [driver:1] OpenTT3D: retained river selector tile 104,8 feature 5 base 11269 offset 0->0 sprite 11269 absent false
[2026-10-03 16:45:09] dbg: [driver:1] OpenTT3D: retained river selector tile 104,8 feature 6 base 10244 offset 11->11 sprite 10255 absent false
[2026-10-03 16:45:09] dbg: [driver:1] OpenTT3D: retained river selector tile 105,8 feature 5 base 11269 offset 0->0 sprite 11269 absent false
[2026-10-03 16:45:09] dbg: [driver:1] OpenTT3D: retained river selector tile 105,8 feature 6 base 10244 offset 2->2 sprite 10246 absent false
[2026-10-03 16:45:09] dbg: [driver:1] OpenTT3D: live projected tree 1744 stage 1 captured at 65,9
[2026-10-03 16:45:09] dbg: [driver:1] OpenTT3D: live projected tree 1716 stage 6 captured at 86,9
[2026-10-03 16:45:09] dbg: [driver:1] OpenTT3D: retained river selector tile 100,9 feature 5 base 11269 offset 0->0 sprite 11269 absent false
[2026-10-03 16:45:09] dbg: [driver:1] OpenTT3D: retained river selector tile 100,9 feature 6 base 10244 offset 0->0 sprite 10244 absent false
[2026-10-03 16:45:09] dbg: [driver:1] OpenTT3D: retained river selector tile 100,9 feature 6 base 10244 offset 3->3 sprite 10247 absent false
[2026-10-03 16:45:09] dbg: [driver:1] OpenTT3D: retained river selector tile 100,9 feature 6 base 10244 offset 9->9 sprite 10253 absent false
[2026-10-03 16:45:09] dbg: [driver:1] OpenTT3D: retained river selector tile 100,9 feature 6 base 10244 offset 7->7 sprite 10251 absent false
[2026-10-03 16:45:09] dbg: [driver:1] OpenTT3D: retained river selector tile 101,9 feature 5 base 11269 offset 0->0 sprite 11269 absent false
[2026-10-03 16:45:09] dbg: [driver:1] OpenTT3D: retained river selector tile 101,9 feature 6 base 10244 offset 1->1 sprite 10245 absent false
[2026-10-03 16:45:09] dbg: [driver:1] OpenTT3D: retained river selector tile 101,9 feature 6 base 10244 offset 3->3 sprite 10247 absent false
[2026-10-03 16:45:09] dbg: [driver:1] OpenTT3D: retained river selector tile 102,9 feature 5 base 11269 offset 0->0 sprite 11269 absent false
[2026-10-03 16:45:09] dbg: [driver:1] OpenTT3D: retained river selector tile 102,9 feature 6 base 10244 offset 3->3 sprite 10247 absent false
[2026-10-03 16:45:09] dbg: [driver:1] OpenTT3D: retained river selector tile 102,9 feature 6 base 10244 offset 8->8 sprite 10252 absent false
[2026-10-03 16:45:09] dbg: [driver:1] OpenTT3D: retained river selector tile 103,9 feature 5 base 11269 offset 0->0 sprite 11269 absent false
[2026-10-03 16:45:09] dbg: [driver:1] OpenTT3D: retained river selector tile 103,9 feature 6 base 10244 offset 9->9 sprite 10253 absent false
[2026-10-03 16:45:09] dbg: [driver:1] OpenTT3D: retained river selector tile 103,9 feature 6 base 10244 offset 11->11 sprite 10255 absent false
[2026-10-03 16:45:09] dbg: [driver:1] OpenTT3D: retained river selector tile 104,9 feature 5 base 11269 offset 0->0 sprite 11269 absent false
[2026-10-03 16:45:09] dbg: [driver:1] OpenTT3D: retained river selector tile 104,9 feature 6 base 10244 offset 1->1 sprite 10245 absent false
[2026-10-03 16:45:09] dbg: [driver:1] OpenTT3D: retained river selector tile 105,9 feature 5 base 11269 offset 0->0 sprite 11269 absent false
[2026-10-03 16:45:09] dbg: [driver:1] OpenTT3D: retained river selector tile 105,9 feature 6 base 10244 offset 1->1 sprite 10245 absent false
[2026-10-03 16:45:09] dbg: [driver:1] OpenTT3D: retained river selector tile 105,9 feature 6 base 10244 offset 2->2 sprite 10246 absent false
[2026-10-03 16:45:09] dbg: [driver:1] OpenTT3D: retained river selector tile 105,9 feature 6 base 10244 offset 5->5 sprite 10249 absent false
[2026-10-03 16:45:09] dbg: [driver:1] OpenTT3D: live projected tree 1723 stage 2 captured at 84,10
[2026-10-03 16:45:09] dbg: [driver:1] OpenTT3D: live projected tree 1744 stage 5 captured at 88,10
[2026-10-03 16:45:09] dbg: [driver:1] OpenTT3D: retained river selector tile 100,10 feature 5 base 11269 offset 0->0 sprite 11269 absent false
[2026-10-03 16:45:09] dbg: [driver:1] OpenTT3D: retained river selector tile 100,10 feature 6 base 10244 offset 0->0 sprite 10244 absent false
[2026-10-03 16:45:09] dbg: [driver:1] OpenTT3D: retained river selector tile 100,10 feature 6 base 10244 offset 2->2 sprite 10246 absent false
[2026-10-03 16:45:09] dbg: [driver:1] OpenTT3D: retained river selector tile 102,10 feature 5 base 11269 offset 0->0 sprite 11269 absent false
[2026-10-03 16:45:09] dbg: [driver:1] OpenTT3D: retained river selector tile 102,10 feature 6 base 10244 offset 0->0 sprite 10244 absent false
[2026-10-03 16:45:09] dbg: [driver:1] OpenTT3D: retained river selector tile 102,10 feature 6 base 10244 offset 1->1 sprite 10245 absent false
[2026-10-03 16:45:09] dbg: [driver:1] OpenTT3D: retained river selector tile 102,10 feature 6 base 10244 offset 4->4 sprite 10248 absent false
[2026-10-03 16:45:09] dbg: [driver:1] OpenTT3D: retained river selector tile 103,10 feature 5 base 11269 offset 0->0 sprite 11269 absent false
[2026-10-03 16:45:09] dbg: [driver:1] OpenTT3D: retained river selector tile 103,10 feature 6 base 10244 offset 1->1 sprite 10245 absent false
[2026-10-03 16:45:09] dbg: [driver:1] OpenTT3D: retained river selector tile 103,10 feature 6 base 10244 offset 2->2 sprite 10246 absent false
[2026-10-03 16:45:09] dbg: [driver:1] OpenTT3D: retained river selector tile 103,10 feature 6 base 10244 offset 5->5 sprite 10249 absent false
[2026-10-03 16:45:09] dbg: [driver:1] OpenTT3D: live projected tree 1716 stage 5 captured at 122,10
[2026-10-03 16:45:09] dbg: [driver:1] OpenTT3D: live projected tree 1723 stage 0 captured at 73,11
[2026-10-03 16:45:09] dbg: [driver:1] OpenTT3D: retained river selector tile 97,11 feature 5 base 11269 offset 0->0 sprite 11269 absent false
[2026-10-03 16:45:09] dbg: [driver:1] OpenTT3D: retained river selector tile 97,11 feature 6 base 10244 offset 0->0 sprite 10244 absent false
[2026-10-03 16:45:09] dbg: [driver:1] OpenTT3D: retained river selector tile 97,11 feature 6 base 10244 offset 3->3 sprite 10247 absent false
[2026-10-03 16:45:09] dbg: [driver:1] OpenTT3D: retained river selector tile 97,11 feature 6 base 10244 offset 9->9 sprite 10253 absent false
[2026-10-03 16:45:09] dbg: [driver:1] OpenTT3D: retained river selector tile 97,11 feature 6 base 10244 offset 7->7 sprite 10251 absent false
[2026-10-03 16:45:09] dbg: [driver:1] OpenTT3D: retained river selector tile 98,11 feature 5 base 11269 offset 0->0 sprite 11269 absent false
[2026-10-03 16:45:09] dbg: [driver:1] OpenTT3D: retained river selector tile 98,11 feature 6 base 10244 offset 1->1 sprite 10245 absent false
[2026-10-03 16:45:09] dbg: [driver:1] OpenTT3D: retained river selector tile 98,11 feature 6 base 10244 offset 3->3 sprite 10247 absent false
[2026-10-03 16:45:09] dbg: [driver:1] OpenTT3D: retained river selector tile 99,11 feature 5 base 11269 offset 0->0 sprite 11269 absent false
[2026-10-03 16:45:09] dbg: [driver:1] OpenTT3D: retained river selector tile 99,11 feature 6 base 10244 offset 1->1 sprite 10245 absent false
[2026-10-03 16:45:09] dbg: [driver:1] OpenTT3D: retained river selector tile 99,11 feature 6 base 10244 offset 3->3 sprite 10247 absent false
[2026-10-03 16:45:09] dbg: [driver:1] OpenTT3D: retained river selector tile 100,11 feature 5 base 11269 offset 0->0 sprite 11269 absent false
[2026-10-03 16:45:09] dbg: [driver:1] OpenTT3D: retained river selector tile 100,11 feature 6 base 10244 offset 1->1 sprite 10245 absent false
[2026-10-03 16:45:09] dbg: [driver:1] OpenTT3D: retained river selector tile 100,11 feature 6 base 10244 offset 2->2 sprite 10246 absent false
[2026-10-03 16:45:09] dbg: [driver:1] OpenTT3D: retained river selector tile 100,11 feature 6 base 10244 offset 5->5 sprite 10249 absent false
[2026-10-03 16:45:09] dbg: [driver:1] OpenTT3D: retained river selector tile 100,11 feature 6 base 10244 offset 11->11 sprite 10255 absent false
[2026-10-03 16:45:09] dbg: [driver:1] OpenTT3D: live projected tree 1751 stage 6 captured at 111,11
[2026-10-03 16:45:09] dbg: [driver:1] OpenTT3D: live projected tree 1723 stage 5 captured at 114,11
[2026-10-03 16:45:09] dbg: [driver:1] OpenTT3D: live projected tree 1716 stage 2 captured at 122,11
[2026-10-03 16:45:09] dbg: [driver:1] OpenTT3D: retained live water source tile 38,12 role ground sprite 9952 at original height 0
[2026-10-03 16:45:09] dbg: [driver:1] OpenTT3D: retained live water source tile 38,12 role body sprite 10002 at original height 0
[2026-10-03 16:45:09] dbg: [driver:1] OpenTT3D: retained live water source tile 38,12 role body sprite 10006 at original height 0
[2026-10-03 16:45:09] dbg: [driver:1] OpenTT3D: retained live water source tile 39,12 role ground sprite 9955 at original height 0
[2026-10-03 16:45:09] dbg: [driver:1] OpenTT3D: retained live water source tile 39,12 role body sprite 9994 at original height 0
[2026-10-03 16:45:09] dbg: [driver:1] OpenTT3D: retained live water source tile 39,12 role body sprite 9998 at original height 0
[2026-10-03 16:45:09] dbg: [driver:1] OpenTT3D: retained live water source tile 40,12 role ground sprite 9952 at original height 8
[2026-10-03 16:45:09] dbg: [driver:1] OpenTT3D: retained live water source tile 40,12 role body sprite 10010 at original height 8
[2026-10-03 16:45:09] dbg: [driver:1] OpenTT3D: retained live water source tile 40,12 role body sprite 10014 at original height 8
[2026-10-03 16:45:09] dbg: [driver:1] OpenTT3D: live projected tree 1744 stage 4 captured at 60,12
[2026-10-03 16:45:09] dbg: [driver:1] OpenTT3D: retained river selector tile 97,12 feature 5 base 11269 offset 0->0 sprite 11269 absent false
[2026-10-03 16:45:09] dbg: [driver:1] OpenTT3D: retained river selector tile 97,12 feature 6 base 10244 offset 0->0 sprite 10244 absent false
[2026-10-03 16:45:09] dbg: [driver:1] OpenTT3D: retained river selector tile 97,12 feature 6 base 10244 offset 2->2 sprite 10246 absent false
[2026-10-03 16:45:09] dbg: [driver:1] OpenTT3D: live projected tree 1758 stage 0 captured at 74,13
[2026-10-03 16:45:09] dbg: [driver:1] OpenTT3D: live projected tree 1751 stage 1 captured at 87,13
[2026-10-03 16:45:09] dbg: [driver:1] OpenTT3D: retained river selector tile 96,13 feature 5 base 11269 offset 0->0 sprite 11269 absent false
[2026-10-03 16:45:09] dbg: [driver:1] OpenTT3D: retained river selector tile 96,13 feature 6 base 10244 offset 0->0 sprite 10244 absent false
[2026-10-03 16:45:09] dbg: [driver:1] OpenTT3D: retained river selector tile 96,13 feature 6 base 10244 offset 3->3 sprite 10247 absent false
[2026-10-03 16:45:09] dbg: [driver:1] OpenTT3D: retained river selector tile 96,13 feature 6 base 10244 offset 9->9 sprite 10253 absent false
[2026-10-03 16:45:09] dbg: [driver:1] OpenTT3D: retained river selector tile 96,13 feature 6 base 10244 offset 7->7 sprite 10251 absent false
[2026-10-03 16:45:09] dbg: [driver:1] OpenTT3D: retained river selector tile 97,13 feature 5 base 11269 offset 0->0 sprite 11269 absent false
[2026-10-03 16:45:09] dbg: [driver:1] OpenTT3D: retained river selector tile 97,13 feature 6 base 10244 offset 1->1 sprite 10245 absent false
[2026-10-03 16:45:09] dbg: [driver:1] OpenTT3D: retained river selector tile 97,13 feature 6 base 10244 offset 2->2 sprite 10246 absent false
[2026-10-03 16:45:09] dbg: [driver:1] OpenTT3D: retained river selector tile 97,13 feature 6 base 10244 offset 5->5 sprite 10249 absent false
[2026-10-03 16:45:09] dbg: [driver:1] OpenTT3D: retained river selector tile 97,13 feature 6 base 10244 offset 11->11 sprite 10255 absent false
[2026-10-03 16:45:09] dbg: [driver:1] OpenTT3D: retained live water source tile 87,14 role ground sprite 9957 at original height 16
[2026-10-03 16:45:09] dbg: [driver:1] OpenTT3D: retained live water source tile 87,14 role body sprite 10033 at original height 16
[2026-10-03 16:45:09] dbg: [driver:1] OpenTT3D: retained live water source tile 87,14 role body sprite 10037 at original height 16
[2026-10-03 16:45:09] dbg: [driver:1] OpenTT3D: retained live water source tile 88,14 role ground sprite 9959 at original height 8
[2026-10-03 16:45:09] dbg: [driver:1] OpenTT3D: retained live water source tile 88,14 role body sprite 10017 at original height 8
[2026-10-03 16:45:09] dbg: [driver:1] OpenTT3D: retained live water source tile 88,14 role body sprite 10021 at original height 8
[2026-10-03 16:45:09] dbg: [driver:1] OpenTT3D: retained live water source tile 89,14 role ground sprite 9957 at original height 8
[2026-10-03 16:45:09] dbg: [driver:1] OpenTT3D: retained live water source tile 89,14 role body sprite 10025 at original height 8
[2026-10-03 16:45:09] dbg: [driver:1] OpenTT3D: retained live water source tile 89,14 role body sprite 10029 at original height 8
[2026-10-03 16:45:09] dbg: [driver:1] OpenTT3D: retained river selector tile 96,14 feature 5 base 11269 offset 0->0 sprite 11269 absent false
[2026-10-03 16:45:09] dbg: [driver:1] OpenTT3D: retained river selector tile 96,14 feature 6 base 10244 offset 0->0 sprite 10244 absent false
[2026-10-03 16:45:09] dbg: [driver:1] OpenTT3D: retained river selector tile 96,14 feature 6 base 10244 offset 2->2 sprite 10246 absent false
[2026-10-03 16:45:09] dbg: [driver:1] OpenTT3D: live projected tree 1751 stage 0 captured at 72,15
[2026-10-03 16:45:09] dbg: [driver:1] OpenTT3D: retained river selector tile 94,15 feature 5 base 11269 offset 0->0 sprite 11269 absent false
[2026-10-03 16:45:09] dbg: [driver:1] OpenTT3D: retained river selector tile 94,15 feature 6 base 10244 offset 0->0 sprite 10244 absent false
[2026-10-03 16:45:09] dbg: [driver:1] OpenTT3D: retained river selector tile 94,15 feature 6 base 10244 offset 3->3 sprite 10247 absent false
[2026-10-03 16:45:09] dbg: [driver:1] OpenTT3D: retained river selector tile 94,15 feature 6 base 10244 offset 9->9 sprite 10253 absent false
[2026-10-03 16:45:09] dbg: [driver:1] OpenTT3D: retained river selector tile 94,15 feature 6 base 10244 offset 7->7 sprite 10251 absent false
[2026-10-03 16:45:09] dbg: [driver:1] OpenTT3D: retained river selector tile 95,15 feature 5 base 11269 offset 0->0 sprite 11269 absent false
[2026-10-03 16:45:09] dbg: [driver:1] OpenTT3D: retained river selector tile 95,15 feature 6 base 10244 offset 1->1 sprite 10245 absent false
[2026-10-03 16:45:09] dbg: [driver:1] OpenTT3D: retained river selector tile 95,15 feature 6 base 10244 offset 3->3 sprite 10247 absent false
[2026-10-03 16:45:09] dbg: [driver:1] OpenTT3D: retained river selector tile 96,15 feature 5 base 11269 offset 0->0 sprite 11269 absent false
[2026-10-03 16:45:09] dbg: [driver:1] OpenTT3D: retained river selector tile 96,15 feature 6 base 10244 offset 1->1 sprite 10245 absent false
[2026-10-03 16:45:09] dbg: [driver:1] OpenTT3D: retained river selector tile 96,15 feature 6 base 10244 offset 2->2 sprite 10246 absent false
[2026-10-03 16:45:09] dbg: [driver:1] OpenTT3D: retained river selector tile 96,15 feature 6 base 10244 offset 5->5 sprite 10249 absent false
[2026-10-03 16:45:09] dbg: [driver:1] OpenTT3D: retained river selector tile 96,15 feature 6 base 10244 offset 11->11 sprite 10255 absent false
[2026-10-03 16:45:09] dbg: [driver:1] OpenTT3D: retained river selector tile 94,16 feature 5 base 11269 offset 0->0 sprite 11269 absent false
[2026-10-03 16:45:09] dbg: [driver:1] OpenTT3D: retained river selector tile 94,16 feature 6 base 10244 offset 0->0 sprite 10244 absent false
[2026-10-03 16:45:09] dbg: [driver:1] OpenTT3D: retained river selector tile 94,16 feature 6 base 10244 offset 2->2 sprite 10246 absent false
[2026-10-03 16:45:09] dbg: [driver:1] OpenTT3D: retained live water source tile 106,16 role ground sprite 9957 at original height 8
[2026-10-03 16:45:09] dbg: [driver:1] OpenTT3D: retained live water source tile 106,16 role body sprite 10026 at original height 8
[2026-10-03 16:45:09] dbg: [driver:1] OpenTT3D: retained live water source tile 106,16 role body sprite 10030 at original height 8
[2026-10-03 16:45:09] dbg: [driver:1] OpenTT3D: retained live water source tile 107,16 role ground sprite 9960 at original height 8
[2026-10-03 16:45:09] dbg: [driver:1] OpenTT3D: retained live water source tile 107,16 role body sprite 10018 at original height 8
[2026-10-03 16:45:09] dbg: [driver:1] OpenTT3D: retained live water source tile 107,16 role body sprite 10022 at original height 8
[2026-10-03 16:45:09] dbg: [driver:1] OpenTT3D: retained live water source tile 108,16 role ground sprite 9957 at original height 16
[2026-10-03 16:45:09] dbg: [driver:1] OpenTT3D: retained live water source tile 108,16 role body sprite 10034 at original height 16
[2026-10-03 16:45:09] dbg: [driver:1] OpenTT3D: retained live water source tile 108,16 role body sprite 10038 at original height 16
[2026-10-03 16:45:09] dbg: [driver:1] OpenTT3D: retained river selector tile 94,17 feature 5 base 11269 offset 0->0 sprite 11269 absent false
[2026-10-03 16:45:09] dbg: [driver:1] OpenTT3D: retained river selector tile 94,17 feature 6 base 10244 offset 0->0 sprite 10244 absent false
[2026-10-03 16:45:09] dbg: [driver:1] OpenTT3D: retained river selector tile 94,17 feature 6 base 10244 offset 2->2 sprite 10246 absent false
[2026-10-03 16:45:09] dbg: [driver:1] OpenTT3D: live projected tree 1744 stage 2 captured at 116,17
[2026-10-03 16:45:09] dbg: [driver:1] OpenTT3D: live projected tree 1737 stage 0 captured at 53,18
[2026-10-03 16:45:09] dbg: [driver:1] OpenTT3D: retained river selector tile 94,18 feature 5 base 11269 offset 0->0 sprite 11269 absent false
[2026-10-03 16:45:09] dbg: [driver:1] OpenTT3D: retained river selector tile 94,18 feature 6 base 10244 offset 0->0 sprite 10244 absent false
[2026-10-03 16:45:09] dbg: [driver:1] OpenTT3D: retained river selector tile 94,18 feature 6 base 10244 offset 2->2 sprite 10246 absent false
[2026-10-03 16:45:09] dbg: [driver:1] OpenTT3D: live projected tree 1737 stage 1 captured at 117,18
[2026-10-03 16:45:09] dbg: [driver:1] OpenTT3D: retained river selector tile 94,19 feature 5 base 11269 offset 0->0 sprite 11269 absent false
[2026-10-03 16:45:09] dbg: [driver:1] OpenTT3D: retained river selector tile 94,19 feature 6 base 10244 offset 0->0 sprite 10244 absent false
[2026-10-03 16:45:09] dbg: [driver:1] OpenTT3D: retained river selector tile 94,19 feature 6 base 10244 offset 1->1 sprite 10245 absent false
[2026-10-03 16:45:09] dbg: [driver:1] OpenTT3D: retained river selector tile 94,19 feature 6 base 10244 offset 2->2 sprite 10246 absent false
[2026-10-03 16:45:09] dbg: [driver:1] OpenTT3D: retained river selector tile 94,19 feature 6 base 10244 offset 4->4 sprite 10248 absent false
[2026-10-03 16:45:09] dbg: [driver:1] OpenTT3D: retained river selector tile 94,19 feature 6 base 10244 offset 5->5 sprite 10249 absent false
[2026-10-03 16:45:09] dbg: [driver:1] OpenTT3D: live projected tree 1716 stage 0 captured at 25,34
[2026-10-03 16:45:09] dbg: [driver:1] OpenTT3D: retained live water source tile 95,44 role ground sprite 9957 at original height 16
[2026-10-03 16:45:09] dbg: [driver:1] OpenTT3D: retained live water source tile 95,44 role body sprite 10035 at original height 16
[2026-10-03 16:45:09] dbg: [driver:1] OpenTT3D: retained live water source tile 95,44 role body sprite 10039 at original height 16
[2026-10-03 16:45:09] dbg: [driver:1] OpenTT3D: retained live water source tile 95,45 role ground sprite 9961 at original height 8
[2026-10-03 16:45:09] dbg: [driver:1] OpenTT3D: retained live water source tile 95,45 role body sprite 10019 at original height 8
[2026-10-03 16:45:09] dbg: [driver:1] OpenTT3D: retained live water source tile 95,45 role body sprite 10023 at original height 8
[2026-10-03 16:45:09] dbg: [driver:1] OpenTT3D: retained live water source tile 95,46 role ground sprite 9957 at original height 8
[2026-10-03 16:45:09] dbg: [driver:1] OpenTT3D: retained live water source tile 95,46 role body sprite 10027 at original height 8
[2026-10-03 16:45:09] dbg: [driver:1] OpenTT3D: retained live water source tile 95,46 role body sprite 10031 at original height 8
[2026-10-03 16:45:09] dbg: [driver:1] OpenTT3D: retained river selector tile 60,62 feature 5 base 11269 offset 0->0 sprite 11269 absent false
[2026-10-03 16:45:09] dbg: [driver:1] OpenTT3D: retained river selector tile 60,62 feature 6 base 10244 offset 0->0 sprite 10244 absent false
[2026-10-03 16:45:09] dbg: [driver:1] OpenTT3D: retained river selector tile 60,62 feature 6 base 10244 offset 1->1 sprite 10245 absent false
[2026-10-03 16:45:09] dbg: [driver:1] OpenTT3D: retained river selector tile 60,62 feature 6 base 10244 offset 3->3 sprite 10247 absent false
[2026-10-03 16:45:09] dbg: [driver:1] OpenTT3D: retained river selector tile 60,62 feature 6 base 10244 offset 4->4 sprite 10248 absent false
[2026-10-03 16:45:09] dbg: [driver:1] OpenTT3D: retained river selector tile 60,62 feature 6 base 10244 offset 7->7 sprite 10251 absent false
[2026-10-03 16:45:09] dbg: [driver:1] OpenTT3D: retained river selector tile 61,62 feature 5 base 11269 offset 0->0 sprite 11269 absent false
[2026-10-03 16:45:09] dbg: [driver:1] OpenTT3D: retained river selector tile 61,62 feature 6 base 10244 offset 1->1 sprite 10245 absent false
[2026-10-03 16:45:09] dbg: [driver:1] OpenTT3D: retained river selector tile 61,62 feature 6 base 10244 offset 3->3 sprite 10247 absent false
[2026-10-03 16:45:09] dbg: [driver:1] OpenTT3D: retained river selector tile 62,62 feature 5 base 11269 offset 0->0 sprite 11269 absent false
[2026-10-03 16:45:09] dbg: [driver:1] OpenTT3D: retained river selector tile 62,62 feature 6 base 10244 offset 2->2 sprite 10246 absent false
[2026-10-03 16:45:09] dbg: [driver:1] OpenTT3D: retained river selector tile 62,62 feature 6 base 10244 offset 3->3 sprite 10247 absent false
[2026-10-03 16:45:09] dbg: [driver:1] OpenTT3D: retained river selector tile 62,62 feature 6 base 10244 offset 8->8 sprite 10252 absent false
[2026-10-03 16:45:09] dbg: [driver:1] OpenTT3D: retained river selector tile 62,62 feature 6 base 10244 offset 6->6 sprite 10250 absent false
[2026-10-03 16:45:09] dbg: [driver:1] OpenTT3D: retained river selector tile 62,63 feature 5 base 11269 offset 0->0 sprite 11269 absent false
[2026-10-03 16:45:09] dbg: [driver:1] OpenTT3D: retained river selector tile 62,63 feature 6 base 10244 offset 0->0 sprite 10244 absent false
[2026-10-03 16:45:09] dbg: [driver:1] OpenTT3D: retained river selector tile 62,63 feature 6 base 10244 offset 2->2 sprite 10246 absent false
[2026-10-03 16:45:09] dbg: [driver:1] OpenTT3D: retained river selector tile 62,64 feature 5 base 11269 offset 0->0 sprite 11269 absent false
[2026-10-03 16:45:09] dbg: [driver:1] OpenTT3D: retained river selector tile 62,64 feature 6 base 10244 offset 0->0 sprite 10244 absent false
[2026-10-03 16:45:09] dbg: [driver:1] OpenTT3D: retained river selector tile 62,64 feature 6 base 10244 offset 2->2 sprite 10246 absent false
[2026-10-03 16:45:09] dbg: [driver:1] OpenTT3D: retained river selector tile 62,65 feature 5 base 11269 offset 0->0 sprite 11269 absent false
[2026-10-03 16:45:09] dbg: [driver:1] OpenTT3D: retained river selector tile 62,65 feature 6 base 10244 offset 0->0 sprite 10244 absent false
[2026-10-03 16:45:09] dbg: [driver:1] OpenTT3D: retained river selector tile 62,65 feature 6 base 10244 offset 2->2 sprite 10246 absent false
[2026-10-03 16:45:09] dbg: [driver:1] OpenTT3D: retained river selector tile 62,66 feature 5 base 11269 offset 0->0 sprite 11269 absent false
[2026-10-03 16:45:09] dbg: [driver:1] OpenTT3D: retained river selector tile 62,66 feature 6 base 10244 offset 0->0 sprite 10244 absent false
[2026-10-03 16:45:09] dbg: [driver:1] OpenTT3D: retained river selector tile 62,66 feature 6 base 10244 offset 2->2 sprite 10246 absent false
[2026-10-03 16:45:09] dbg: [driver:1] OpenTT3D: retained river selector tile 62,67 feature 5 base 11269 offset 0->0 sprite 11269 absent false
[2026-10-03 16:45:09] dbg: [driver:1] OpenTT3D: retained river selector tile 62,67 feature 6 base 10244 offset 0->0 sprite 10244 absent false
[2026-10-03 16:45:09] dbg: [driver:1] OpenTT3D: retained river selector tile 62,67 feature 6 base 10244 offset 2->2 sprite 10246 absent false
[2026-10-03 16:45:09] dbg: [driver:1] OpenTT3D: retained river selector tile 62,68 feature 5 base 11269 offset 0->0 sprite 11269 absent false
[2026-10-03 16:45:09] dbg: [driver:1] OpenTT3D: retained river selector tile 62,68 feature 6 base 10244 offset 0->0 sprite 10244 absent false
[2026-10-03 16:45:09] dbg: [driver:1] OpenTT3D: retained river selector tile 62,68 feature 6 base 10244 offset 2->2 sprite 10246 absent false
[2026-10-03 16:45:09] dbg: [driver:1] OpenTT3D: retained river selector tile 62,69 feature 5 base 11269 offset 0->0 sprite 11269 absent false
[2026-10-03 16:45:09] dbg: [driver:1] OpenTT3D: retained river selector tile 62,69 feature 6 base 10244 offset 0->0 sprite 10244 absent false
[2026-10-03 16:45:09] dbg: [driver:1] OpenTT3D: retained river selector tile 62,69 feature 6 base 10244 offset 1->1 sprite 10245 absent false
[2026-10-03 16:45:09] dbg: [driver:1] OpenTT3D: retained river selector tile 62,69 feature 6 base 10244 offset 4->4 sprite 10248 absent false
[2026-10-03 16:45:09] dbg: [driver:1] OpenTT3D: retained river selector tile 62,69 feature 6 base 10244 offset 10->10 sprite 10254 absent false
[2026-10-03 16:45:09] dbg: [driver:1] OpenTT3D: retained river selector tile 63,69 feature 5 base 11269 offset 0->0 sprite 11269 absent false
[2026-10-03 16:45:09] dbg: [driver:1] OpenTT3D: retained river selector tile 63,69 feature 6 base 10244 offset 2->2 sprite 10246 absent false
[2026-10-03 16:45:09] dbg: [driver:1] OpenTT3D: retained river selector tile 63,69 feature 6 base 10244 offset 3->3 sprite 10247 absent false
[2026-10-03 16:45:09] dbg: [driver:1] OpenTT3D: retained river selector tile 63,69 feature 6 base 10244 offset 8->8 sprite 10252 absent false
[2026-10-03 16:45:09] dbg: [driver:1] OpenTT3D: retained river selector tile 63,69 feature 6 base 10244 offset 6->6 sprite 10250 absent false
[2026-10-03 16:45:09] dbg: [driver:1] OpenTT3D: retained river selector tile 63,70 feature 5 base 11269 offset 0->0 sprite 11269 absent false
[2026-10-03 16:45:09] dbg: [driver:1] OpenTT3D: retained river selector tile 63,70 feature 6 base 10244 offset 0->0 sprite 10244 absent false
[2026-10-03 16:45:09] dbg: [driver:1] OpenTT3D: retained river selector tile 63,70 feature 6 base 10244 offset 2->2 sprite 10246 absent false
[2026-10-03 16:45:09] dbg: [driver:1] OpenTT3D: retained river selector tile 63,71 feature 5 base 11269 offset 0->0 sprite 11269 absent false
[2026-10-03 16:45:09] dbg: [driver:1] OpenTT3D: retained river selector tile 63,71 feature 6 base 10244 offset 0->0 sprite 10244 absent false
[2026-10-03 16:45:09] dbg: [driver:1] OpenTT3D: retained river selector tile 63,71 feature 6 base 10244 offset 2->2 sprite 10246 absent false
[2026-10-03 16:45:09] dbg: [driver:1] OpenTT3D: retained river selector tile 63,72 feature 5 base 11269 offset 0->0 sprite 11269 absent false
[2026-10-03 16:45:09] dbg: [driver:1] OpenTT3D: retained river selector tile 63,72 feature 6 base 10244 offset 0->0 sprite 10244 absent false
[2026-10-03 16:45:09] dbg: [driver:1] OpenTT3D: retained river selector tile 63,72 feature 6 base 10244 offset 2->2 sprite 10246 absent false
[2026-10-03 16:45:09] dbg: [driver:1] OpenTT3D: retained river selector tile 63,73 feature 5 base 11269 offset 0->0 sprite 11269 absent false
[2026-10-03 16:45:09] dbg: [driver:1] OpenTT3D: retained river selector tile 63,73 feature 6 base 10244 offset 0->0 sprite 10244 absent false
[2026-10-03 16:45:09] dbg: [driver:1] OpenTT3D: retained river selector tile 63,73 feature 6 base 10244 offset 1->1 sprite 10245 absent false
[2026-10-03 16:45:09] dbg: [driver:1] OpenTT3D: retained river selector tile 63,73 feature 6 base 10244 offset 4->4 sprite 10248 absent false
[2026-10-03 16:45:09] dbg: [driver:1] OpenTT3D: retained river selector tile 63,73 feature 6 base 10244 offset 10->10 sprite 10254 absent false
[2026-10-03 16:45:09] dbg: [driver:1] OpenTT3D: retained river selector tile 64,73 feature 5 base 11269 offset 0->0 sprite 11269 absent false
[2026-10-03 16:45:09] dbg: [driver:1] OpenTT3D: retained river selector tile 64,73 feature 6 base 10244 offset 1->1 sprite 10245 absent false
[2026-10-03 16:45:09] dbg: [driver:1] OpenTT3D: retained river selector tile 64,73 feature 6 base 10244 offset 3->3 sprite 10247 absent false
[2026-10-03 16:45:09] dbg: [driver:1] OpenTT3D: retained river selector tile 65,73 feature 5 base 11269 offset 0->0 sprite 11269 absent false
[2026-10-03 16:45:09] dbg: [driver:1] OpenTT3D: retained river selector tile 65,73 feature 6 base 10244 offset 1->1 sprite 10245 absent false
[2026-10-03 16:45:09] dbg: [driver:1] OpenTT3D: retained river selector tile 65,73 feature 6 base 10244 offset 3->3 sprite 10247 absent false
[2026-10-03 16:45:09] dbg: [driver:1] OpenTT3D: retained river selector tile 66,73 feature 5 base 11269 offset 0->0 sprite 11269 absent false
[2026-10-03 16:45:09] dbg: [driver:1] OpenTT3D: retained river selector tile 66,73 feature 6 base 10244 offset 2->2 sprite 10246 absent false
[2026-10-03 16:45:09] dbg: [driver:1] OpenTT3D: retained river selector tile 66,73 feature 6 base 10244 offset 3->3 sprite 10247 absent false
[2026-10-03 16:45:09] dbg: [driver:1] OpenTT3D: retained river selector tile 66,73 feature 6 base 10244 offset 8->8 sprite 10252 absent false
[2026-10-03 16:45:09] dbg: [driver:1] OpenTT3D: retained river selector tile 66,73 feature 6 base 10244 offset 6->6 sprite 10250 absent false
[2026-10-03 16:45:09] dbg: [driver:1] OpenTT3D: live voxel house ground 48 construction stage 3 captured at 20,74
[2026-10-03 16:45:09] dbg: [driver:1] OpenTT3D: live voxel house ground 48 construction stage 3 variant 1 captured
[2026-10-03 16:45:09] dbg: [driver:1] OpenTT3D: live voxel house 48 construction stage 3 captured at 20,74
[2026-10-03 16:45:09] dbg: [driver:1] OpenTT3D: live voxel house 48 construction stage 3 variant 1 captured
[2026-10-03 16:45:09] dbg: [driver:1] OpenTT3D: retained river selector tile 66,74 feature 5 base 11269 offset 0->0 sprite 11269 absent false
[2026-10-03 16:45:09] dbg: [driver:1] OpenTT3D: retained river selector tile 66,74 feature 6 base 10244 offset 0->0 sprite 10244 absent false
[2026-10-03 16:45:09] dbg: [driver:1] OpenTT3D: retained river selector tile 66,74 feature 6 base 10244 offset 2->2 sprite 10246 absent false
[2026-10-03 16:45:09] dbg: [driver:1] OpenTT3D: retained river selector tile 66,75 feature 5 base 11269 offset 0->0 sprite 11269 absent false
[2026-10-03 16:45:09] dbg: [driver:1] OpenTT3D: retained river selector tile 66,75 feature 6 base 10244 offset 0->0 sprite 10244 absent false
[2026-10-03 16:45:09] dbg: [driver:1] OpenTT3D: retained river selector tile 66,75 feature 6 base 10244 offset 2->2 sprite 10246 absent false
[2026-10-03 16:45:09] dbg: [driver:1] OpenTT3D: retained river selector tile 66,76 feature 5 base 11269 offset 0->0 sprite 11269 absent false
[2026-10-03 16:45:09] dbg: [driver:1] OpenTT3D: retained river selector tile 66,76 feature 6 base 10244 offset 0->0 sprite 10244 absent false
[2026-10-03 16:45:09] dbg: [driver:1] OpenTT3D: retained river selector tile 66,76 feature 6 base 10244 offset 2->2 sprite 10246 absent false
[2026-10-03 16:45:10] dbg: [driver:1] OpenTT3D: retained river selector tile 66,77 feature 5 base 11269 offset 0->0 sprite 11269 absent false
[2026-10-03 16:45:10] dbg: [driver:1] OpenTT3D: retained river selector tile 66,77 feature 6 base 10244 offset 0->0 sprite 10244 absent false
[2026-10-03 16:45:10] dbg: [driver:1] OpenTT3D: retained river selector tile 66,77 feature 6 base 10244 offset 10->10 sprite 10254 absent false
[2026-10-03 16:45:10] dbg: [driver:1] OpenTT3D: retained river selector tile 67,77 feature 5 base 11269 offset 0->0 sprite 11269 absent false
[2026-10-03 16:45:10] dbg: [driver:1] OpenTT3D: retained river selector tile 67,77 feature 6 base 10244 offset 2->2 sprite 10246 absent false
[2026-10-03 16:45:10] dbg: [driver:1] OpenTT3D: retained river selector tile 67,77 feature 6 base 10244 offset 3->3 sprite 10247 absent false
[2026-10-03 16:45:10] dbg: [driver:1] OpenTT3D: retained river selector tile 67,77 feature 6 base 10244 offset 6->6 sprite 10250 absent false
[2026-10-03 16:45:10] dbg: [driver:1] OpenTT3D: retained river selector tile 66,78 feature 5 base 11269 offset 0->0 sprite 11269 absent false
[2026-10-03 16:45:10] dbg: [driver:1] OpenTT3D: retained river selector tile 66,78 feature 6 base 10244 offset 0->0 sprite 10244 absent false
[2026-10-03 16:45:10] dbg: [driver:1] OpenTT3D: retained river selector tile 67,78 feature 5 base 11269 offset 0->0 sprite 11269 absent false
[2026-10-03 16:45:10] dbg: [driver:1] OpenTT3D: retained river selector tile 67,78 feature 6 base 10244 offset 2->2 sprite 10246 absent false
[2026-10-03 16:45:10] dbg: [driver:1] OpenTT3D: retained river selector tile 66,79 feature 5 base 11269 offset 0->0 sprite 11269 absent false
[2026-10-03 16:45:10] dbg: [driver:1] OpenTT3D: retained river selector tile 66,79 feature 6 base 10244 offset 0->0 sprite 10244 absent false
[2026-10-03 16:45:10] dbg: [driver:1] OpenTT3D: retained river selector tile 67,79 feature 5 base 11269 offset 0->0 sprite 11269 absent false
[2026-10-03 16:45:10] dbg: [driver:1] OpenTT3D: retained river selector tile 67,79 feature 6 base 10244 offset 2->2 sprite 10246 absent false
[2026-10-03 16:45:10] dbg: [driver:1] OpenTT3D: retained river selector tile 66,80 feature 5 base 11269 offset 0->0 sprite 11269 absent false
[2026-10-03 16:45:10] dbg: [driver:1] OpenTT3D: retained river selector tile 66,80 feature 6 base 10244 offset 0->0 sprite 10244 absent false
[2026-10-03 16:45:10] dbg: [driver:1] OpenTT3D: retained river selector tile 67,80 feature 5 base 11269 offset 0->0 sprite 11269 absent false
[2026-10-03 16:45:10] dbg: [driver:1] OpenTT3D: retained river selector tile 67,80 feature 6 base 10244 offset 2->2 sprite 10246 absent false
[2026-10-03 16:45:10] dbg: [driver:1] OpenTT3D: retained river selector tile 66,81 feature 5 base 11269 offset 0->0 sprite 11269 absent false
[2026-10-03 16:45:10] dbg: [driver:1] OpenTT3D: retained river selector tile 66,81 feature 6 base 10244 offset 0->0 sprite 10244 absent false
[2026-10-03 16:45:10] dbg: [driver:1] OpenTT3D: retained river selector tile 67,81 feature 5 base 11269 offset 0->0 sprite 11269 absent false
[2026-10-03 16:45:10] dbg: [driver:1] OpenTT3D: retained river selector tile 67,81 feature 6 base 10244 offset 2->2 sprite 10246 absent false
[2026-10-03 16:45:10] dbg: [driver:1] OpenTT3D: retained river selector tile 66,82 feature 5 base 11269 offset 0->0 sprite 11269 absent false
[2026-10-03 16:45:10] dbg: [driver:1] OpenTT3D: retained river selector tile 66,82 feature 6 base 10244 offset 0->0 sprite 10244 absent false
[2026-10-03 16:45:10] dbg: [driver:1] OpenTT3D: retained river selector tile 67,82 feature 5 base 11269 offset 0->0 sprite 11269 absent false
[2026-10-03 16:45:10] dbg: [driver:1] OpenTT3D: retained river selector tile 67,82 feature 6 base 10244 offset 2->2 sprite 10246 absent false
[2026-10-03 16:45:10] dbg: [driver:1] OpenTT3D: retained river selector tile 66,83 feature 5 base 11269 offset 0->0 sprite 11269 absent false
[2026-10-03 16:45:10] dbg: [driver:1] OpenTT3D: retained river selector tile 66,83 feature 6 base 10244 offset 0->0 sprite 10244 absent false
[2026-10-03 16:45:10] dbg: [driver:1] OpenTT3D: retained river selector tile 67,83 feature 5 base 11269 offset 0->0 sprite 11269 absent false
[2026-10-03 16:45:10] dbg: [driver:1] OpenTT3D: retained river selector tile 67,83 feature 6 base 10244 offset 2->2 sprite 10246 absent false
[2026-10-03 16:45:10] dbg: [driver:1] OpenTT3D: retained river selector tile 66,84 feature 5 base 11269 offset 0->0 sprite 11269 absent false
[2026-10-03 16:45:10] dbg: [driver:1] OpenTT3D: retained river selector tile 66,84 feature 6 base 10244 offset 0->0 sprite 10244 absent false
[2026-10-03 16:45:10] dbg: [driver:1] OpenTT3D: retained river selector tile 67,84 feature 5 base 11269 offset 0->0 sprite 11269 absent false
[2026-10-03 16:45:10] dbg: [driver:1] OpenTT3D: retained river selector tile 67,84 feature 6 base 10244 offset 2->2 sprite 10246 absent false
[2026-10-03 16:45:10] dbg: [driver:1] OpenTT3D: retained river selector tile 66,85 feature 5 base 11269 offset 0->0 sprite 11269 absent false
[2026-10-03 16:45:10] dbg: [driver:1] OpenTT3D: retained river selector tile 66,85 feature 6 base 10244 offset 0->0 sprite 10244 absent false
[2026-10-03 16:45:10] dbg: [driver:1] OpenTT3D: retained river selector tile 67,85 feature 5 base 11269 offset 0->0 sprite 11269 absent false
[2026-10-03 16:45:10] dbg: [driver:1] OpenTT3D: retained river selector tile 67,85 feature 6 base 10244 offset 2->2 sprite 10246 absent false
[2026-10-03 16:45:10] dbg: [driver:1] OpenTT3D: retained river selector tile 66,86 feature 5 base 11269 offset 0->0 sprite 11269 absent false
[2026-10-03 16:45:10] dbg: [driver:1] OpenTT3D: retained river selector tile 66,86 feature 6 base 10244 offset 0->0 sprite 10244 absent false
[2026-10-03 16:45:10] dbg: [driver:1] OpenTT3D: retained river selector tile 67,86 feature 5 base 11269 offset 0->0 sprite 11269 absent false
[2026-10-03 16:45:10] dbg: [driver:1] OpenTT3D: retained river selector tile 67,86 feature 6 base 10244 offset 2->2 sprite 10246 absent false
[2026-10-03 16:45:10] dbg: [driver:1] OpenTT3D: retained river selector tile 66,87 feature 5 base 11269 offset 0->0 sprite 11269 absent false
[2026-10-03 16:45:10] dbg: [driver:1] OpenTT3D: retained river selector tile 66,87 feature 6 base 10244 offset 0->0 sprite 10244 absent false
[2026-10-03 16:45:10] dbg: [driver:1] OpenTT3D: retained river selector tile 67,87 feature 5 base 11269 offset 0->0 sprite 11269 absent false
[2026-10-03 16:45:10] dbg: [driver:1] OpenTT3D: retained river selector tile 67,87 feature 6 base 10244 offset 2->2 sprite 10246 absent false
[2026-10-03 16:45:10] dbg: [driver:1] OpenTT3D: retained river selector tile 66,88 feature 5 base 11269 offset 0->0 sprite 11269 absent false
[2026-10-03 16:45:10] dbg: [driver:1] OpenTT3D: retained river selector tile 66,88 feature 6 base 10244 offset 0->0 sprite 10244 absent false
[2026-10-03 16:45:10] dbg: [driver:1] OpenTT3D: retained river selector tile 67,88 feature 5 base 11269 offset 0->0 sprite 11269 absent false
[2026-10-03 16:45:10] dbg: [driver:1] OpenTT3D: retained river selector tile 67,88 feature 6 base 10244 offset 10->10 sprite 10254 absent false
[2026-10-03 16:45:10] dbg: [driver:1] OpenTT3D: retained river selector tile 68,88 feature 5 base 11269 offset 0->0 sprite 11269 absent false
[2026-10-03 16:45:10] dbg: [driver:1] OpenTT3D: retained river selector tile 68,88 feature 6 base 10244 offset 2->2 sprite 10246 absent false
[2026-10-03 16:45:10] dbg: [driver:1] OpenTT3D: retained river selector tile 68,88 feature 6 base 10244 offset 3->3 sprite 10247 absent false
[2026-10-03 16:45:10] dbg: [driver:1] OpenTT3D: retained river selector tile 68,88 feature 6 base 10244 offset 6->6 sprite 10250 absent false
[2026-10-03 16:45:10] dbg: [driver:1] OpenTT3D: retained river selector tile 66,89 feature 5 base 11269 offset 0->0 sprite 11269 absent false
[2026-10-03 16:45:10] dbg: [driver:1] OpenTT3D: retained river selector tile 66,89 feature 6 base 10244 offset 0->0 sprite 10244 absent false
[2026-10-03 16:45:10] dbg: [driver:1] OpenTT3D: retained river selector tile 66,89 feature 6 base 10244 offset 1->1 sprite 10245 absent false
[2026-10-03 16:45:10] dbg: [driver:1] OpenTT3D: retained river selector tile 66,89 feature 6 base 10244 offset 4->4 sprite 10248 absent false
[2026-10-03 16:45:10] dbg: [driver:1] OpenTT3D: retained river selector tile 67,89 feature 5 base 11269 offset 0->0 sprite 11269 absent false
[2026-10-03 16:45:10] dbg: [driver:1] OpenTT3D: retained river selector tile 67,89 feature 6 base 10244 offset 8->8 sprite 10252 absent false
[2026-10-03 16:45:10] dbg: [driver:1] OpenTT3D: retained river selector tile 68,89 feature 5 base 11269 offset 0->0 sprite 11269 absent false
[2026-10-03 16:45:10] dbg: [driver:1] OpenTT3D: retained river selector tile 68,89 feature 6 base 10244 offset 2->2 sprite 10246 absent false
[2026-10-03 16:45:10] dbg: [driver:1] OpenTT3D: retained river selector tile 67,90 feature 5 base 11269 offset 0->0 sprite 11269 absent false
[2026-10-03 16:45:10] dbg: [driver:1] OpenTT3D: retained river selector tile 67,90 feature 6 base 10244 offset 0->0 sprite 10244 absent false
[2026-10-03 16:45:10] dbg: [driver:1] OpenTT3D: retained river selector tile 68,90 feature 5 base 11269 offset 0->0 sprite 11269 absent false
[2026-10-03 16:45:10] dbg: [driver:1] OpenTT3D: retained river selector tile 68,90 feature 6 base 10244 offset 2->2 sprite 10246 absent false
[2026-10-03 16:45:10] dbg: [driver:1] OpenTT3D: retained river selector tile 67,91 feature 5 base 11269 offset 0->0 sprite 11269 absent false
[2026-10-03 16:45:10] dbg: [driver:1] OpenTT3D: retained river selector tile 67,91 feature 6 base 10244 offset 0->0 sprite 10244 absent false
[2026-10-03 16:45:10] dbg: [driver:1] OpenTT3D: retained river selector tile 68,91 feature 5 base 11269 offset 0->0 sprite 11269 absent false
[2026-10-03 16:45:10] dbg: [driver:1] OpenTT3D: retained river selector tile 68,91 feature 6 base 10244 offset 2->2 sprite 10246 absent false
[2026-10-03 16:45:10] dbg: [driver:1] OpenTT3D: retained river selector tile 67,92 feature 5 base 11269 offset 0->0 sprite 11269 absent false
[2026-10-03 16:45:10] dbg: [driver:1] OpenTT3D: retained river selector tile 67,92 feature 6 base 10244 offset 0->0 sprite 10244 absent false
[2026-10-03 16:45:10] dbg: [driver:1] OpenTT3D: retained river selector tile 68,92 feature 5 base 11269 offset 0->0 sprite 11269 absent false
[2026-10-03 16:45:10] dbg: [driver:1] OpenTT3D: retained river selector tile 68,92 feature 6 base 10244 offset 2->2 sprite 10246 absent false
[2026-10-03 16:45:10] dbg: [driver:1] OpenTT3D: retained river selector tile 67,93 feature 5 base 11269 offset 0->0 sprite 11269 absent false
[2026-10-03 16:45:10] dbg: [driver:1] OpenTT3D: retained river selector tile 67,93 feature 6 base 10244 offset 0->0 sprite 10244 absent false
[2026-10-03 16:45:10] dbg: [driver:1] OpenTT3D: retained river selector tile 68,93 feature 5 base 11269 offset 0->0 sprite 11269 absent false
[2026-10-03 16:45:10] dbg: [driver:1] OpenTT3D: retained river selector tile 68,93 feature 6 base 10244 offset 2->2 sprite 10246 absent false
[2026-10-03 16:45:10] dbg: [driver:1] OpenTT3D: retained river selector tile 67,94 feature 5 base 11269 offset 0->0 sprite 11269 absent false
[2026-10-03 16:45:10] dbg: [driver:1] OpenTT3D: retained river selector tile 67,94 feature 6 base 10244 offset 0->0 sprite 10244 absent false
[2026-10-03 16:45:10] dbg: [driver:1] OpenTT3D: retained river selector tile 68,94 feature 5 base 11269 offset 0->0 sprite 11269 absent false
[2026-10-03 16:45:10] dbg: [driver:1] OpenTT3D: retained river selector tile 68,94 feature 6 base 10244 offset 2->2 sprite 10246 absent false
[2026-10-03 16:45:10] dbg: [driver:1] OpenTT3D: retained river selector tile 67,95 feature 5 base 11269 offset 0->0 sprite 11269 absent false
[2026-10-03 16:45:10] dbg: [driver:1] OpenTT3D: retained river selector tile 67,95 feature 6 base 10244 offset 0->0 sprite 10244 absent false
[2026-10-03 16:45:10] dbg: [driver:1] OpenTT3D: retained river selector tile 68,95 feature 5 base 11269 offset 0->0 sprite 11269 absent false
[2026-10-03 16:45:10] dbg: [driver:1] OpenTT3D: retained river selector tile 68,95 feature 6 base 10244 offset 2->2 sprite 10246 absent false
[2026-10-03 16:45:10] dbg: [driver:1] OpenTT3D: retained river selector tile 66,96 feature 5 base 11269 offset 0->0 sprite 11269 absent false
[2026-10-03 16:45:10] dbg: [driver:1] OpenTT3D: retained river selector tile 66,96 feature 6 base 10244 offset 0->0 sprite 10244 absent false
[2026-10-03 16:45:10] dbg: [driver:1] OpenTT3D: retained river selector tile 66,96 feature 6 base 10244 offset 3->3 sprite 10247 absent false
[2026-10-03 16:45:10] dbg: [driver:1] OpenTT3D: retained river selector tile 66,96 feature 6 base 10244 offset 7->7 sprite 10251 absent false
[2026-10-03 16:45:10] dbg: [driver:1] OpenTT3D: retained river selector tile 67,96 feature 5 base 11269 offset 0->0 sprite 11269 absent false
[2026-10-03 16:45:10] dbg: [driver:1] OpenTT3D: retained river selector tile 67,96 feature 6 base 10244 offset 11->11 sprite 10255 absent false
[2026-10-03 16:45:10] dbg: [driver:1] OpenTT3D: retained river selector tile 68,96 feature 5 base 11269 offset 0->0 sprite 11269 absent false
[2026-10-03 16:45:10] dbg: [driver:1] OpenTT3D: retained river selector tile 68,96 feature 6 base 10244 offset 2->2 sprite 10246 absent false
[2026-10-03 16:45:10] dbg: [driver:1] OpenTT3D: retained river selector tile 66,97 feature 5 base 11269 offset 0->0 sprite 11269 absent false
[2026-10-03 16:45:10] dbg: [driver:1] OpenTT3D: retained river selector tile 66,97 feature 6 base 10244 offset 0->0 sprite 10244 absent false
[2026-10-03 16:45:10] dbg: [driver:1] OpenTT3D: retained river selector tile 67,97 feature 5 base 11269 offset 0->0 sprite 11269 absent false
[2026-10-03 16:45:10] dbg: [driver:1] OpenTT3D: retained river selector tile 68,97 feature 5 base 11269 offset 0->0 sprite 11269 absent false
[2026-10-03 16:45:10] dbg: [driver:1] OpenTT3D: retained river selector tile 68,97 feature 6 base 10244 offset 10->10 sprite 10254 absent false
[2026-10-03 16:45:10] dbg: [driver:1] OpenTT3D: retained river selector tile 69,97 feature 5 base 11269 offset 0->0 sprite 11269 absent false
[2026-10-03 16:45:10] dbg: [driver:1] OpenTT3D: retained river selector tile 69,97 feature 6 base 10244 offset 2->2 sprite 10246 absent false
[2026-10-03 16:45:10] dbg: [driver:1] OpenTT3D: retained river selector tile 69,97 feature 6 base 10244 offset 3->3 sprite 10247 absent false
[2026-10-03 16:45:10] dbg: [driver:1] OpenTT3D: retained river selector tile 69,97 feature 6 base 10244 offset 6->6 sprite 10250 absent false
[2026-10-03 16:45:10] dbg: [driver:1] OpenTT3D: retained river selector tile 66,98 feature 5 base 11269 offset 0->0 sprite 11269 absent false
[2026-10-03 16:45:10] dbg: [driver:1] OpenTT3D: retained river selector tile 66,98 feature 6 base 10244 offset 0->0 sprite 10244 absent false
[2026-10-03 16:45:10] dbg: [driver:1] OpenTT3D: retained river selector tile 67,98 feature 5 base 11269 offset 0->0 sprite 11269 absent false
[2026-10-03 16:45:10] dbg: [driver:1] OpenTT3D: retained river selector tile 68,98 feature 5 base 11269 offset 0->0 sprite 11269 absent false
[2026-10-03 16:45:10] dbg: [driver:1] OpenTT3D: retained river selector tile 69,98 feature 5 base 11269 offset 0->0 sprite 11269 absent false
[2026-10-03 16:45:10] dbg: [driver:1] OpenTT3D: retained river selector tile 69,98 feature 6 base 10244 offset 10->10 sprite 10254 absent false
[2026-10-03 16:45:10] dbg: [driver:1] OpenTT3D: retained river selector tile 70,98 feature 5 base 11269 offset 0->0 sprite 11269 absent false
[2026-10-03 16:45:10] dbg: [driver:1] OpenTT3D: retained river selector tile 70,98 feature 6 base 10244 offset 2->2 sprite 10246 absent false
[2026-10-03 16:45:10] dbg: [driver:1] OpenTT3D: retained river selector tile 70,98 feature 6 base 10244 offset 3->3 sprite 10247 absent false
[2026-10-03 16:45:10] dbg: [driver:1] OpenTT3D: retained river selector tile 70,98 feature 6 base 10244 offset 6->6 sprite 10250 absent false
[2026-10-03 16:45:10] dbg: [driver:1] OpenTT3D: retained river selector tile 66,99 feature 5 base 11269 offset 0->0 sprite 11269 absent false
[2026-10-03 16:45:10] dbg: [driver:1] OpenTT3D: retained river selector tile 66,99 feature 6 base 10244 offset 0->0 sprite 10244 absent false
[2026-10-03 16:45:10] dbg: [driver:1] OpenTT3D: retained river selector tile 66,99 feature 6 base 10244 offset 1->1 sprite 10245 absent false
[2026-10-03 16:45:10] dbg: [driver:1] OpenTT3D: retained river selector tile 66,99 feature 6 base 10244 offset 4->4 sprite 10248 absent false
[2026-10-03 16:45:10] dbg: [driver:1] OpenTT3D: retained river selector tile 67,99 feature 5 base 11269 offset 0->0 sprite 11269 absent false
[2026-10-03 16:45:10] dbg: [driver:1] OpenTT3D: retained river selector tile 67,99 feature 6 base 10244 offset 8->8 sprite 10252 absent false
[2026-10-03 16:45:10] dbg: [driver:1] OpenTT3D: retained river selector tile 68,99 feature 5 base 11269 offset 0->0 sprite 11269 absent false
[2026-10-03 16:45:10] dbg: [driver:1] OpenTT3D: retained river selector tile 69,99 feature 5 base 11269 offset 0->0 sprite 11269 absent false
[2026-10-03 16:45:10] dbg: [driver:1] OpenTT3D: retained river selector tile 70,99 feature 5 base 11269 offset 0->0 sprite 11269 absent false
[2026-10-03 16:45:10] dbg: [driver:1] OpenTT3D: retained river selector tile 70,99 feature 6 base 10244 offset 2->2 sprite 10246 absent false
[2026-10-03 16:45:10] dbg: [driver:1] OpenTT3D: retained river selector tile 67,100 feature 5 base 11269 offset 0->0 sprite 11269 absent false
[2026-10-03 16:45:10] dbg: [driver:1] OpenTT3D: retained river selector tile 67,100 feature 6 base 10244 offset 0->0 sprite 10244 absent false
[2026-10-03 16:45:10] dbg: [driver:1] OpenTT3D: retained river selector tile 67,100 feature 6 base 10244 offset 1->1 sprite 10245 absent false
[2026-10-03 16:45:10] dbg: [driver:1] OpenTT3D: retained river selector tile 67,100 feature 6 base 10244 offset 4->4 sprite 10248 absent false
[2026-10-03 16:45:10] dbg: [driver:1] OpenTT3D: retained river selector tile 68,100 feature 5 base 11269 offset 0->0 sprite 11269 absent false
[2026-10-03 16:45:10] dbg: [driver:1] OpenTT3D: retained river selector tile 68,100 feature 6 base 10244 offset 8->8 sprite 10252 absent false
[2026-10-03 16:45:10] dbg: [driver:1] OpenTT3D: retained river selector tile 69,100 feature 5 base 11269 offset 0->0 sprite 11269 absent false
[2026-10-03 16:45:10] dbg: [driver:1] OpenTT3D: retained river selector tile 70,100 feature 5 base 11269 offset 0->0 sprite 11269 absent false
[2026-10-03 16:45:10] dbg: [driver:1] OpenTT3D: retained river selector tile 70,100 feature 6 base 10244 offset 2->2 sprite 10246 absent false
[2026-10-03 16:45:10] dbg: [driver:1] OpenTT3D: retained river selector tile 68,101 feature 5 base 11269 offset 0->0 sprite 11269 absent false
[2026-10-03 16:45:10] dbg: [driver:1] OpenTT3D: retained river selector tile 68,101 feature 6 base 10244 offset 0->0 sprite 10244 absent false
[2026-10-03 16:45:10] dbg: [driver:1] OpenTT3D: retained river selector tile 69,101 feature 5 base 11269 offset 0->0 sprite 11269 absent false
[2026-10-03 16:45:10] dbg: [driver:1] OpenTT3D: retained river selector tile 70,101 feature 5 base 11269 offset 0->0 sprite 11269 absent false
[2026-10-03 16:45:10] dbg: [driver:1] OpenTT3D: retained river selector tile 70,101 feature 6 base 10244 offset 2->2 sprite 10246 absent false
[2026-10-03 16:45:10] dbg: [driver:1] OpenTT3D: retained river selector tile 68,102 feature 5 base 11269 offset 0->0 sprite 11269 absent false
[2026-10-03 16:45:10] dbg: [driver:1] OpenTT3D: retained river selector tile 68,102 feature 6 base 10244 offset 0->0 sprite 10244 absent false
[2026-10-03 16:45:10] dbg: [driver:1] OpenTT3D: retained river selector tile 69,102 feature 5 base 11269 offset 0->0 sprite 11269 absent false
[2026-10-03 16:45:10] dbg: [driver:1] OpenTT3D: retained river selector tile 70,102 feature 5 base 11269 offset 0->0 sprite 11269 absent false
[2026-10-03 16:45:10] dbg: [driver:1] OpenTT3D: retained river selector tile 70,102 feature 6 base 10244 offset 2->2 sprite 10246 absent false
[2026-10-03 16:45:10] dbg: [driver:1] OpenTT3D: retained river selector tile 68,103 feature 5 base 11269 offset 0->0 sprite 11269 absent false
[2026-10-03 16:45:10] dbg: [driver:1] OpenTT3D: retained river selector tile 68,103 feature 6 base 10244 offset 0->0 sprite 10244 absent false
[2026-10-03 16:45:10] dbg: [driver:1] OpenTT3D: retained river selector tile 69,103 feature 5 base 11269 offset 0->0 sprite 11269 absent false
[2026-10-03 16:45:10] dbg: [driver:1] OpenTT3D: retained river selector tile 70,103 feature 5 base 11269 offset 0->0 sprite 11269 absent false
[2026-10-03 16:45:10] dbg: [driver:1] OpenTT3D: retained river selector tile 70,103 feature 6 base 10244 offset 2->2 sprite 10246 absent false
[2026-10-03 16:45:10] dbg: [driver:1] OpenTT3D: retained river selector tile 68,104 feature 5 base 11269 offset 0->0 sprite 11269 absent false
[2026-10-03 16:45:10] dbg: [driver:1] OpenTT3D: retained river selector tile 68,104 feature 6 base 10244 offset 0->0 sprite 10244 absent false
[2026-10-03 16:45:10] dbg: [driver:1] OpenTT3D: retained river selector tile 69,104 feature 5 base 11269 offset 0->0 sprite 11269 absent false
[2026-10-03 16:45:10] dbg: [driver:1] OpenTT3D: retained river selector tile 70,104 feature 5 base 11269 offset 0->0 sprite 11269 absent false
[2026-10-03 16:45:10] dbg: [driver:1] OpenTT3D: retained river selector tile 70,104 feature 6 base 10244 offset 2->2 sprite 10246 absent false
[2026-10-03 16:45:10] dbg: [driver:1] OpenTT3D: retained river selector tile 68,105 feature 5 base 11269 offset 0->0 sprite 11269 absent false
[2026-10-03 16:45:10] dbg: [driver:1] OpenTT3D: retained river selector tile 68,105 feature 6 base 10244 offset 0->0 sprite 10244 absent false
[2026-10-03 16:45:10] dbg: [driver:1] OpenTT3D: retained river selector tile 69,105 feature 5 base 11269 offset 0->0 sprite 11269 absent false
[2026-10-03 16:45:10] dbg: [driver:1] OpenTT3D: retained river selector tile 70,105 feature 5 base 11269 offset 0->0 sprite 11269 absent false
[2026-10-03 16:45:10] dbg: [driver:1] OpenTT3D: retained river selector tile 70,105 feature 6 base 10244 offset 2->2 sprite 10246 absent false
[2026-10-03 16:45:10] dbg: [driver:1] OpenTT3D: retained river selector tile 68,106 feature 5 base 11269 offset 0->0 sprite 11269 absent false
[2026-10-03 16:45:10] dbg: [driver:1] OpenTT3D: retained river selector tile 68,106 feature 6 base 10244 offset 0->0 sprite 10244 absent false
[2026-10-03 16:45:10] dbg: [driver:1] OpenTT3D: retained river selector tile 69,106 feature 5 base 11269 offset 0->0 sprite 11269 absent false
[2026-10-03 16:45:10] dbg: [driver:1] OpenTT3D: retained river selector tile 70,106 feature 5 base 11269 offset 0->0 sprite 11269 absent false
[2026-10-03 16:45:10] dbg: [driver:1] OpenTT3D: retained river selector tile 70,106 feature 6 base 10244 offset 2->2 sprite 10246 absent false
[2026-10-03 16:45:10] dbg: [driver:1] OpenTT3D: retained river selector tile 68,107 feature 5 base 11269 offset 0->0 sprite 11269 absent false
[2026-10-03 16:45:10] dbg: [driver:1] OpenTT3D: retained river selector tile 68,107 feature 6 base 10244 offset 0->0 sprite 10244 absent false
[2026-10-03 16:45:10] dbg: [driver:1] OpenTT3D: retained river selector tile 69,107 feature 5 base 11269 offset 0->0 sprite 11269 absent false
[2026-10-03 16:45:10] dbg: [driver:1] OpenTT3D: retained river selector tile 70,107 feature 5 base 11269 offset 0->0 sprite 11269 absent false
[2026-10-03 16:45:10] dbg: [driver:1] OpenTT3D: retained river selector tile 70,107 feature 6 base 10244 offset 10->10 sprite 10254 absent false
[2026-10-03 16:45:10] dbg: [driver:1] OpenTT3D: retained river selector tile 71,107 feature 5 base 11269 offset 0->0 sprite 11269 absent false
[2026-10-03 16:45:10] dbg: [driver:1] OpenTT3D: retained river selector tile 71,107 feature 6 base 10244 offset 2->2 sprite 10246 absent false
[2026-10-03 16:45:10] dbg: [driver:1] OpenTT3D: retained river selector tile 71,107 feature 6 base 10244 offset 3->3 sprite 10247 absent false
[2026-10-03 16:45:10] dbg: [driver:1] OpenTT3D: retained river selector tile 71,107 feature 6 base 10244 offset 6->6 sprite 10250 absent false
[2026-10-03 16:45:10] dbg: [driver:1] OpenTT3D: retained river selector tile 68,108 feature 5 base 11269 offset 0->0 sprite 11269 absent false
[2026-10-03 16:45:10] dbg: [driver:1] OpenTT3D: retained river selector tile 68,108 feature 6 base 10244 offset 0->0 sprite 10244 absent false
[2026-10-03 16:45:10] dbg: [driver:1] OpenTT3D: retained river selector tile 69,108 feature 5 base 11269 offset 0->0 sprite 11269 absent false
[2026-10-03 16:45:10] dbg: [driver:1] OpenTT3D: retained river selector tile 70,108 feature 5 base 11269 offset 0->0 sprite 11269 absent false
[2026-10-03 16:45:10] dbg: [driver:1] OpenTT3D: retained river selector tile 71,108 feature 5 base 11269 offset 0->0 sprite 11269 absent false
[2026-10-03 16:45:10] dbg: [driver:1] OpenTT3D: retained river selector tile 71,108 feature 6 base 10244 offset 2->2 sprite 10246 absent false
[2026-10-03 16:45:10] dbg: [driver:1] OpenTT3D: retained river selector tile 68,109 feature 5 base 11269 offset 0->0 sprite 11269 absent false
[2026-10-03 16:45:10] dbg: [driver:1] OpenTT3D: retained river selector tile 68,109 feature 6 base 10244 offset 0->0 sprite 10244 absent false
[2026-10-03 16:45:10] dbg: [driver:1] OpenTT3D: retained river selector tile 68,109 feature 6 base 10244 offset 1->1 sprite 10245 absent false
[2026-10-03 16:45:10] dbg: [driver:1] OpenTT3D: retained river selector tile 68,109 feature 6 base 10244 offset 4->4 sprite 10248 absent false
[2026-10-03 16:45:10] dbg: [driver:1] OpenTT3D: retained river selector tile 69,109 feature 5 base 11269 offset 0->0 sprite 11269 absent false
[2026-10-03 16:45:10] dbg: [driver:1] OpenTT3D: retained river selector tile 69,109 feature 6 base 10244 offset 8->8 sprite 10252 absent false
[2026-10-03 16:45:10] dbg: [driver:1] OpenTT3D: retained river selector tile 70,109 feature 5 base 11269 offset 0->0 sprite 11269 absent false
[2026-10-03 16:45:10] dbg: [driver:1] OpenTT3D: retained river selector tile 71,109 feature 5 base 11269 offset 0->0 sprite 11269 absent false
[2026-10-03 16:45:10] dbg: [driver:1] OpenTT3D: retained river selector tile 71,109 feature 6 base 10244 offset 2->2 sprite 10246 absent false
[2026-10-03 16:45:10] dbg: [driver:1] OpenTT3D: live voxel object 1 size 0 part 0 body climate 1 source 2602 captured at 11,110 with original body ownership
[2026-10-03 16:45:10] dbg: [driver:1] OpenTT3D: retained river selector tile 69,110 feature 5 base 11269 offset 0->0 sprite 11269 absent false
[2026-10-03 16:45:10] dbg: [driver:1] OpenTT3D: retained river selector tile 69,110 feature 6 base 10244 offset 0->0 sprite 10244 absent false
[2026-10-03 16:45:10] dbg: [driver:1] OpenTT3D: retained river selector tile 70,110 feature 5 base 11269 offset 0->0 sprite 11269 absent false
[2026-10-03 16:45:10] dbg: [driver:1] OpenTT3D: retained river selector tile 71,110 feature 5 base 11269 offset 0->0 sprite 11269 absent false
[2026-10-03 16:45:10] dbg: [driver:1] OpenTT3D: retained river selector tile 71,110 feature 6 base 10244 offset 10->10 sprite 10254 absent false
[2026-10-03 16:45:10] dbg: [driver:1] OpenTT3D: retained river selector tile 72,110 feature 5 base 11269 offset 0->0 sprite 11269 absent false
[2026-10-03 16:45:10] dbg: [driver:1] OpenTT3D: retained river selector tile 72,110 feature 6 base 10244 offset 2->2 sprite 10246 absent false
[2026-10-03 16:45:10] dbg: [driver:1] OpenTT3D: retained river selector tile 72,110 feature 6 base 10244 offset 3->3 sprite 10247 absent false
[2026-10-03 16:45:10] dbg: [driver:1] OpenTT3D: retained river selector tile 72,110 feature 6 base 10244 offset 6->6 sprite 10250 absent false
[2026-10-03 16:45:10] dbg: [driver:1] OpenTT3D: retained river selector tile 69,111 feature 5 base 11269 offset 0->0 sprite 11269 absent false
[2026-10-03 16:45:10] dbg: [driver:1] OpenTT3D: retained river selector tile 69,111 feature 6 base 10244 offset 0->0 sprite 10244 absent false
[2026-10-03 16:45:10] dbg: [driver:1] OpenTT3D: retained river selector tile 70,111 feature 5 base 11269 offset 0->0 sprite 11269 absent false
[2026-10-03 16:45:10] dbg: [driver:1] OpenTT3D: retained river selector tile 71,111 feature 5 base 11269 offset 0->0 sprite 11269 absent false
[2026-10-03 16:45:10] dbg: [driver:1] OpenTT3D: retained river selector tile 72,111 feature 5 base 11269 offset 0->0 sprite 11269 absent false
[2026-10-03 16:45:10] dbg: [driver:1] OpenTT3D: retained river selector tile 72,111 feature 6 base 10244 offset 2->2 sprite 10246 absent false
[2026-10-03 16:45:10] dbg: [driver:1] OpenTT3D: retained river selector tile 69,112 feature 5 base 11269 offset 0->0 sprite 11269 absent false
[2026-10-03 16:45:10] dbg: [driver:1] OpenTT3D: retained river selector tile 69,112 feature 6 base 10244 offset 0->0 sprite 10244 absent false
[2026-10-03 16:45:10] dbg: [driver:1] OpenTT3D: retained river selector tile 69,112 feature 6 base 10244 offset 1->1 sprite 10245 absent false
[2026-10-03 16:45:10] dbg: [driver:1] OpenTT3D: retained river selector tile 69,112 feature 6 base 10244 offset 4->4 sprite 10248 absent false
[2026-10-03 16:45:10] dbg: [driver:1] OpenTT3D: retained river selector tile 70,112 feature 5 base 11269 offset 0->0 sprite 11269 absent false
[2026-10-03 16:45:10] dbg: [driver:1] OpenTT3D: retained river selector tile 70,112 feature 6 base 10244 offset 8->8 sprite 10252 absent false
[2026-10-03 16:45:10] dbg: [driver:1] OpenTT3D: retained river selector tile 71,112 feature 5 base 11269 offset 0->0 sprite 11269 absent false
[2026-10-03 16:45:10] dbg: [driver:1] OpenTT3D: retained river selector tile 72,112 feature 5 base 11269 offset 0->0 sprite 11269 absent false
[2026-10-03 16:45:10] dbg: [driver:1] OpenTT3D: retained river selector tile 72,112 feature 6 base 10244 offset 2->2 sprite 10246 absent false
[2026-10-03 16:45:10] dbg: [driver:1] OpenTT3D: retained river selector tile 70,113 feature 5 base 11269 offset 0->0 sprite 11269 absent false
[2026-10-03 16:45:10] dbg: [driver:1] OpenTT3D: retained river selector tile 70,113 feature 6 base 10244 offset 0->0 sprite 10244 absent false
[2026-10-03 16:45:10] dbg: [driver:1] OpenTT3D: retained river selector tile 71,113 feature 5 base 11269 offset 0->0 sprite 11269 absent false
[2026-10-03 16:45:10] dbg: [driver:1] OpenTT3D: retained river selector tile 72,113 feature 5 base 11269 offset 0->0 sprite 11269 absent false
[2026-10-03 16:45:10] dbg: [driver:1] OpenTT3D: retained river selector tile 72,113 feature 6 base 10244 offset 10->10 sprite 10254 absent false
[2026-10-03 16:45:10] dbg: [driver:1] OpenTT3D: retained river selector tile 73,113 feature 5 base 11269 offset 0->0 sprite 11269 absent false
[2026-10-03 16:45:10] dbg: [driver:1] OpenTT3D: retained river selector tile 73,113 feature 6 base 10244 offset 2->2 sprite 10246 absent false
[2026-10-03 16:45:10] dbg: [driver:1] OpenTT3D: retained river selector tile 73,113 feature 6 base 10244 offset 3->3 sprite 10247 absent false
[2026-10-03 16:45:10] dbg: [driver:1] OpenTT3D: retained river selector tile 73,113 feature 6 base 10244 offset 6->6 sprite 10250 absent false
[2026-10-03 16:45:10] dbg: [driver:1] OpenTT3D: retained river selector tile 70,114 feature 5 base 11269 offset 0->0 sprite 11269 absent false
[2026-10-03 16:45:10] dbg: [driver:1] OpenTT3D: retained river selector tile 70,114 feature 6 base 10244 offset 0->0 sprite 10244 absent false
[2026-10-03 16:45:10] dbg: [driver:1] OpenTT3D: retained river selector tile 71,114 feature 5 base 11269 offset 0->0 sprite 11269 absent false
[2026-10-03 16:45:10] dbg: [driver:1] OpenTT3D: retained river selector tile 72,114 feature 5 base 11269 offset 0->0 sprite 11269 absent false
[2026-10-03 16:45:10] dbg: [driver:1] OpenTT3D: retained river selector tile 73,114 feature 5 base 11269 offset 0->0 sprite 11269 absent false
[2026-10-03 16:45:10] dbg: [driver:1] OpenTT3D: retained river selector tile 73,114 feature 6 base 10244 offset 2->2 sprite 10246 absent false
[2026-10-03 16:45:10] dbg: [driver:1] OpenTT3D: retained river selector tile 70,115 feature 5 base 11269 offset 0->0 sprite 11269 absent false
[2026-10-03 16:45:10] dbg: [driver:1] OpenTT3D: retained river selector tile 70,115 feature 6 base 10244 offset 0->0 sprite 10244 absent false
[2026-10-03 16:45:10] dbg: [driver:1] OpenTT3D: retained river selector tile 70,115 feature 6 base 10244 offset 1->1 sprite 10245 absent false
[2026-10-03 16:45:10] dbg: [driver:1] OpenTT3D: retained river selector tile 70,115 feature 6 base 10244 offset 4->4 sprite 10248 absent false
[2026-10-03 16:45:10] dbg: [driver:1] OpenTT3D: retained river selector tile 71,115 feature 5 base 11269 offset 0->0 sprite 11269 absent false
[2026-10-03 16:45:10] dbg: [driver:1] OpenTT3D: retained river selector tile 71,115 feature 6 base 10244 offset 8->8 sprite 10252 absent false
[2026-10-03 16:45:10] dbg: [driver:1] OpenTT3D: retained river selector tile 72,115 feature 5 base 11269 offset 0->0 sprite 11269 absent false
[2026-10-03 16:45:10] dbg: [driver:1] OpenTT3D: retained river selector tile 73,115 feature 5 base 11269 offset 0->0 sprite 11269 absent false
[2026-10-03 16:45:10] dbg: [driver:1] OpenTT3D: retained river selector tile 73,115 feature 6 base 10244 offset 2->2 sprite 10246 absent false
[2026-10-03 16:45:10] dbg: [driver:1] OpenTT3D: retained river selector tile 71,116 feature 5 base 11269 offset 0->0 sprite 11269 absent false
[2026-10-03 16:45:10] dbg: [driver:1] OpenTT3D: retained river selector tile 71,116 feature 6 base 10244 offset 0->0 sprite 10244 absent false
[2026-10-03 16:45:10] dbg: [driver:1] OpenTT3D: retained river selector tile 72,116 feature 5 base 11269 offset 0->0 sprite 11269 absent false
[2026-10-03 16:45:10] dbg: [driver:1] OpenTT3D: retained river selector tile 73,116 feature 5 base 11269 offset 0->0 sprite 11269 absent false
[2026-10-03 16:45:10] dbg: [driver:1] OpenTT3D: retained river selector tile 73,116 feature 6 base 10244 offset 10->10 sprite 10254 absent false
[2026-10-03 16:45:10] dbg: [driver:1] OpenTT3D: retained river selector tile 74,116 feature 5 base 11269 offset 0->0 sprite 11269 absent false
[2026-10-03 16:45:10] dbg: [driver:1] OpenTT3D: retained river selector tile 74,116 feature 6 base 10244 offset 2->2 sprite 10246 absent false
[2026-10-03 16:45:10] dbg: [driver:1] OpenTT3D: retained river selector tile 74,116 feature 6 base 10244 offset 3->3 sprite 10247 absent false
[2026-10-03 16:45:10] dbg: [driver:1] OpenTT3D: retained river selector tile 74,116 feature 6 base 10244 offset 6->6 sprite 10250 absent false
[2026-10-03 16:45:10] dbg: [driver:1] OpenTT3D: retained river selector tile 71,117 feature 5 base 11269 offset 0->0 sprite 11269 absent false
[2026-10-03 16:45:10] dbg: [driver:1] OpenTT3D: retained river selector tile 71,117 feature 6 base 10244 offset 0->0 sprite 10244 absent false
[2026-10-03 16:45:10] dbg: [driver:1] OpenTT3D: retained river selector tile 72,117 feature 5 base 11269 offset 0->0 sprite 11269 absent false
[2026-10-03 16:45:10] dbg: [driver:1] OpenTT3D: retained river selector tile 73,117 feature 5 base 11269 offset 0->0 sprite 11269 absent false
[2026-10-03 16:45:10] dbg: [driver:1] OpenTT3D: retained river selector tile 74,117 feature 5 base 11269 offset 0->0 sprite 11269 absent false
[2026-10-03 16:45:10] dbg: [driver:1] OpenTT3D: retained river selector tile 74,117 feature 6 base 10244 offset 10->10 sprite 10254 absent false
[2026-10-03 16:45:10] dbg: [driver:1] OpenTT3D: retained river selector tile 75,117 feature 5 base 11264 offset 2->2 sprite 11266 absent false
[2026-10-03 16:45:10] dbg: [driver:1] OpenTT3D: retained live water source tile 75,117 role ground sprite 11266 at original height 0
[2026-10-03 16:45:10] dbg: [driver:1] OpenTT3D: retained river selector tile 75,117 feature 6 base 10364 offset 27->27 sprite 10391 absent false
[2026-10-03 16:45:10] dbg: [driver:1] OpenTT3D: retained live water source tile 75,117 role ground sprite 10391 at original height 0
[2026-10-03 16:45:10] dbg: [driver:1] OpenTT3D: retained river selector tile 71,118 feature 5 base 11269 offset 0->0 sprite 11269 absent false
[2026-10-03 16:45:10] dbg: [driver:1] OpenTT3D: retained river selector tile 71,118 feature 6 base 10244 offset 0->0 sprite 10244 absent false
[2026-10-03 16:45:10] dbg: [driver:1] OpenTT3D: retained river selector tile 71,118 feature 6 base 10244 offset 1->1 sprite 10245 absent false
[2026-10-03 16:45:10] dbg: [driver:1] OpenTT3D: retained river selector tile 71,118 feature 6 base 10244 offset 4->4 sprite 10248 absent false
[2026-10-03 16:45:10] dbg: [driver:1] OpenTT3D: retained river selector tile 72,118 feature 5 base 11269 offset 0->0 sprite 11269 absent false
[2026-10-03 16:45:10] dbg: [driver:1] OpenTT3D: retained river selector tile 72,118 feature 6 base 10244 offset 8->8 sprite 10252 absent false
[2026-10-03 16:45:10] dbg: [driver:1] OpenTT3D: retained river selector tile 73,118 feature 5 base 11269 offset 0->0 sprite 11269 absent false
[2026-10-03 16:45:10] dbg: [driver:1] OpenTT3D: retained river selector tile 74,118 feature 5 base 11269 offset 0->0 sprite 11269 absent false
[2026-10-03 16:45:10] dbg: [driver:1] OpenTT3D: retained river selector tile 75,118 feature 5 base 11264 offset 2->2 sprite 11266 absent false
[2026-10-03 16:45:10] dbg: [driver:1] OpenTT3D: retained live water source tile 75,118 role ground sprite 11266 at original height 0
[2026-10-03 16:45:10] dbg: [driver:1] OpenTT3D: retained river selector tile 72,119 feature 5 base 11269 offset 0->0 sprite 11269 absent false
[2026-10-03 16:45:10] dbg: [driver:1] OpenTT3D: retained river selector tile 72,119 feature 6 base 10244 offset 0->0 sprite 10244 absent false
[2026-10-03 16:45:10] dbg: [driver:1] OpenTT3D: retained river selector tile 72,119 feature 6 base 10244 offset 1->1 sprite 10245 absent false
[2026-10-03 16:45:10] dbg: [driver:1] OpenTT3D: retained river selector tile 72,119 feature 6 base 10244 offset 4->4 sprite 10248 absent false
[2026-10-03 16:45:10] dbg: [driver:1] OpenTT3D: retained river selector tile 73,119 feature 5 base 11269 offset 0->0 sprite 11269 absent false
[2026-10-03 16:45:10] dbg: [driver:1] OpenTT3D: retained river selector tile 73,119 feature 6 base 10244 offset 1->1 sprite 10245 absent false
[2026-10-03 16:45:10] dbg: [driver:1] OpenTT3D: retained river selector tile 74,119 feature 5 base 11269 offset 0->0 sprite 11269 absent false
[2026-10-03 16:45:10] dbg: [driver:1] OpenTT3D: retained river selector tile 74,119 feature 6 base 10244 offset 1->1 sprite 10245 absent false
[2026-10-03 16:45:10] dbg: [driver:1] OpenTT3D: retained river selector tile 75,119 feature 5 base 11264 offset 2->2 sprite 11266 absent false
[2026-10-03 16:45:10] dbg: [driver:1] OpenTT3D: retained live water source tile 75,119 role ground sprite 11266 at original height 0
[2026-10-03 16:45:10] dbg: [driver:1] OpenTT3D: retained river selector tile 75,119 feature 6 base 10364 offset 25->25 sprite 10389 absent false
[2026-10-03 16:45:10] dbg: [driver:1] OpenTT3D: retained live water source tile 75,119 role ground sprite 10389 at original height 0
[2026-10-03 16:45:11] dbg: [driver:1] OpenTT3D: whole-world atlas relocation preserves 1228800 exact RGBA/picking pixels across repack, clear and forced row relocation
[2026-10-03 16:45:11] dbg: [driver:1] OpenTT3D: captured Vulkan presentation with 1 GPU viewport regions
