model,score/10,representation,review_status,notes
aircraft_dinger_100,5,authored-voxel,structural-screen-only,Authored occupied 3D cells; individual visual/detail/world consistency review is not yet established.
aircraft_early_coleman,5,authored-voxel,structural-screen-only,Authored occupied 3D cells; individual visual/detail/world consistency review is not yet established.
aircraft_early_cotswald,5,authored-voxel,structural-screen-only,Authored occupied 3D cells; individual visual/detail/world consistency review is not yet established.
aircraft_early_darwin200,5,authored-voxel,structural-screen-only,Authored occupied 3D cells; individual visual/detail/world consistency review is not yet established.
aircraft_early_darwin300,5,authored-voxel,structural-screen-only,Authored occupied 3D cells; individual visual/detail/world consistency review is not yet established.
aircraft_early_haugan,5,authored-voxel,structural-screen-only,Authored occupied 3D cells; individual visual/detail/world consistency review is not yet established.
aircraft_early_luckett10,5,authored-voxel,structural-screen-only,Authored occupied 3D cells; individual visual/detail/world consistency review is not yet established.
aircraft_early_luckett8,5,authored-voxel,structural-screen-only,Authored occupied 3D cells; individual visual/detail/world consistency review is not yet established.
aircraft_early_sampson,5,authored-voxel,structural-screen-only,Authored occupied 3D cells; individual visual/detail/world consistency review is not yet established.
aircraft_helicopter_guru,5,authored-voxel,structural-screen-only,Authored occupied 3D cells; individual visual/detail/world consistency review is not yet established.
aircraft_helicopter_powernaut,5,authored-voxel,structural-screen-only,Authored occupied 3D cells; individual visual/detail/world consistency review is not yet established.
aircraft_helicopter_tricario,5,authored-voxel,structural-screen-only,Authored occupied 3D cells; individual visual/detail/world consistency review is not yet established.
aircraft_late_airtaxi34,5,authored-voxel,structural-screen-only,Authored occupied 3D cells; individual visual/detail/world consistency review is not yet established.
aircraft_late_darwin700,5,authored-voxel,structural-screen-only,Authored occupied 3D cells; individual visual/detail/world consistency review is not yet established.
aircraft_late_dinger1000,5,authored-voxel,structural-screen-only,Authored occupied 3D cells; individual visual/detail/world consistency review is not yet established.
aircraft_late_dinger200,5,authored-voxel,structural-screen-only,Authored occupied 3D cells; individual visual/detail/world consistency review is not yet established.
aircraft_late_hyperdart,5,authored-voxel,structural-screen-only,Authored occupied 3D cells; individual visual/detail/world consistency review is not yet established.
aircraft_late_kelling1,5,authored-voxel,structural-screen-only,Authored occupied 3D cells; individual visual/detail/world consistency review is not yet established.
aircraft_late_kelling6,5,authored-voxel,structural-screen-only,Authored occupied 3D cells; individual visual/detail/world consistency review is not yet established.
aircraft_late_kelling7,5,authored-voxel,structural-screen-only,Authored occupied 3D cells; individual visual/detail/world consistency review is not yet established.
aircraft_late_zshuttle,5,authored-voxel,structural-screen-only,Authored occupied 3D cells; individual visual/detail/world consistency review is not yet established.
aircraft_rotor_moving1,5,authored-voxel,structural-screen-only,Authored occupied 3D cells; individual visual/detail/world consistency review is not yet established.
aircraft_rotor_moving2,5,authored-voxel,structural-screen-only,Authored occupied 3D cells; individual visual/detail/world consistency review is not yet established.
aircraft_rotor_moving3,5,authored-voxel,structural-screen-only,Authored occupied 3D cells; individual visual/detail/world consistency review is not yet established.
aircraft_rotor_stopped,5,authored-voxel,structural-screen-only,Authored occupied 3D cells; individual visual/detail/world consistency review is not yet established.
aircraft_toy_flashbang1,5,authored-voxel,structural-screen-only,Authored occupied 3D cells; individual visual/detail/world consistency review is not yet established.
aircraft_toy_juggerplane,5,authored-voxel,structural-screen-only,Authored occupied 3D cells; individual visual/detail/world consistency review is not yet established.
aircraft_toy_ploddy100,5,authored-voxel,structural-screen-only,Authored occupied 3D cells; individual visual/detail/world consistency review is not yet established.
aircraft_toy_ploddy500,5,authored-voxel,structural-screen-only,Authored occupied 3D cells; individual visual/detail/world consistency review is not yet established.
aircraft_toy_wizzer,5,authored-voxel,structural-screen-only,Authored occupied 3D cells; individual visual/detail/world consistency review is not yet established.
airport_control_tower,5,authored-voxel,structural-screen-only,Authored occupied 3D cells; individual visual/detail/world consistency review is not yet established.
airport_control_tower_fenced,5,authored-voxel,structural-screen-only,Authored occupied 3D cells; individual visual/detail/world consistency review is not yet established.
airport_edge_apron_10_arctic,5,authored-voxel,structural-screen-only,Authored occupied 3D cells; individual visual/detail/world consistency review is not yet established.
airport_edge_apron_10_temperate,5,authored-voxel,structural-screen-only,Authored occupied 3D cells; individual visual/detail/world consistency review is not yet established.
airport_edge_apron_10_toyland,5,authored-voxel,structural-screen-only,Authored occupied 3D cells; individual visual/detail/world consistency review is not yet established.
airport_edge_apron_10_tropic,5,authored-voxel,structural-screen-only,Authored occupied 3D cells; individual visual/detail/world consistency review is not yet established.
airport_edge_apron_11_arctic,5,authored-voxel,structural-screen-only,Authored occupied 3D cells; individual visual/detail/world consistency review is not yet established.
airport_edge_apron_11_temperate,5,authored-voxel,structural-screen-only,Authored occupied 3D cells; individual visual/detail/world consistency review is not yet established.
airport_edge_apron_11_toyland,5,authored-voxel,structural-screen-only,Authored occupied 3D cells; individual visual/detail/world consistency review is not yet established.
airport_edge_apron_11_tropic,5,authored-voxel,structural-screen-only,Authored occupied 3D cells; individual visual/detail/world consistency review is not yet established.
airport_edge_apron_12_arctic,5,authored-voxel,structural-screen-only,Authored occupied 3D cells; individual visual/detail/world consistency review is not yet established.
airport_edge_apron_12_temperate,5,authored-voxel,structural-screen-only,Authored occupied 3D cells; individual visual/detail/world consistency review is not yet established.
airport_edge_apron_12_toyland,5,authored-voxel,structural-screen-only,Authored occupied 3D cells; individual visual/detail/world consistency review is not yet established.
airport_edge_apron_12_tropic,5,authored-voxel,structural-screen-only,Authored occupied 3D cells; individual visual/detail/world consistency review is not yet established.
airport_edge_apron_4_arctic,5,authored-voxel,structural-screen-only,Authored occupied 3D cells; individual visual/detail/world consistency review is not yet established.
airport_edge_apron_4_temperate,5,authored-voxel,structural-screen-only,Authored occupied 3D cells; individual visual/detail/world consistency review is not yet established.
airport_edge_apron_4_toyland,5,authored-voxel,structural-screen-only,Authored occupied 3D cells; individual visual/detail/world consistency review is not yet established.
airport_edge_apron_4_tropic,5,authored-voxel,structural-screen-only,Authored occupied 3D cells; individual visual/detail/world consistency review is not yet established.
airport_edge_apron_5_arctic,5,authored-voxel,structural-screen-only,Authored occupied 3D cells; individual visual/detail/world consistency review is not yet established.
airport_edge_apron_5_temperate,5,authored-voxel,structural-screen-only,Authored occupied 3D cells; individual visual/detail/world consistency review is not yet established.
airport_edge_apron_5_toyland,5,authored-voxel,structural-screen-only,Authored occupied 3D cells; individual visual/detail/world consistency review is not yet established.
airport_edge_apron_5_tropic,5,authored-voxel,structural-screen-only,Authored occupied 3D cells; individual visual/detail/world consistency review is not yet established.
airport_edge_apron_6_arctic,5,authored-voxel,structural-screen-only,Authored occupied 3D cells; individual visual/detail/world consistency review is not yet established.
airport_edge_apron_6_temperate,5,authored-voxel,structural-screen-only,Authored occupied 3D cells; individual visual/detail/world consistency review is not yet established.
airport_edge_apron_6_toyland,5,authored-voxel,structural-screen-only,Authored occupied 3D cells; individual visual/detail/world consistency review is not yet established.
airport_edge_apron_6_tropic,5,authored-voxel,structural-screen-only,Authored occupied 3D cells; individual visual/detail/world consistency review is not yet established.
airport_edge_apron_7_arctic,5,authored-voxel,structural-screen-only,Authored occupied 3D cells; individual visual/detail/world consistency review is not yet established.
airport_edge_apron_7_temperate,5,authored-voxel,structural-screen-only,Authored occupied 3D cells; individual visual/detail/world consistency review is not yet established.
airport_edge_apron_7_toyland,5,authored-voxel,structural-screen-only,Authored occupied 3D cells; individual visual/detail/world consistency review is not yet established.
airport_edge_apron_7_tropic,5,authored-voxel,structural-screen-only,Authored occupied 3D cells; individual visual/detail/world consistency review is not yet established.
airport_edge_apron_8_arctic,5,authored-voxel,structural-screen-only,Authored occupied 3D cells; individual visual/detail/world consistency review is not yet established.
airport_edge_apron_8_temperate,5,authored-voxel,structural-screen-only,Authored occupied 3D cells; individual visual/detail/world consistency review is not yet established.
airport_edge_apron_8_toyland,5,authored-voxel,structural-screen-only,Authored occupied 3D cells; individual visual/detail/world consistency review is not yet established.
airport_edge_apron_8_tropic,5,authored-voxel,structural-screen-only,Authored occupied 3D cells; individual visual/detail/world consistency review is not yet established.
airport_edge_apron_9_arctic,5,authored-voxel,structural-screen-only,Authored occupied 3D cells; individual visual/detail/world consistency review is not yet established.
airport_edge_apron_9_temperate,5,authored-voxel,structural-screen-only,Authored occupied 3D cells; individual visual/detail/world consistency review is not yet established.
airport_edge_apron_9_toyland,5,authored-voxel,structural-screen-only,Authored occupied 3D cells; individual visual/detail/world consistency review is not yet established.
airport_edge_apron_9_tropic,5,authored-voxel,structural-screen-only,Authored occupied 3D cells; individual visual/detail/world consistency review is not yet established.
airport_edge_half_east,5,authored-voxel,structural-screen-only,Authored occupied 3D cells; individual visual/detail/world consistency review is not yet established.
airport_edge_half_west,5,authored-voxel,structural-screen-only,Authored occupied 3D cells; individual visual/detail/world consistency review is not yet established.
airport_edge_lawn_arctic,5,authored-voxel,structural-screen-only,Authored occupied 3D cells; individual visual/detail/world consistency review is not yet established.
airport_edge_lawn_temperate,5,authored-voxel,structural-screen-only,Authored occupied 3D cells; individual visual/detail/world consistency review is not yet established.
airport_edge_lawn_toyland,5,authored-voxel,structural-screen-only,Authored occupied 3D cells; individual visual/detail/world consistency review is not yet established.
airport_edge_lawn_tropic,5,authored-voxel,structural-screen-only,Authored occupied 3D cells; individual visual/detail/world consistency review is not yet established.
airport_edge_runway_40_arctic,5,authored-voxel,structural-screen-only,Authored occupied 3D cells; individual visual/detail/world consistency review is not yet established.
airport_edge_runway_40_temperate,5,authored-voxel,structural-screen-only,Authored occupied 3D cells; individual visual/detail/world consistency review is not yet established.
airport_edge_runway_40_toyland,5,authored-voxel,structural-screen-only,Authored occupied 3D cells; individual visual/detail/world consistency review is not yet established.
airport_edge_runway_40_tropic,5,authored-voxel,structural-screen-only,Authored occupied 3D cells; individual visual/detail/world consistency review is not yet established.
airport_edge_runway_41_arctic,5,authored-voxel,structural-screen-only,Authored occupied 3D cells; individual visual/detail/world consistency review is not yet established.
airport_edge_runway_41_temperate,5,authored-voxel,structural-screen-only,Authored occupied 3D cells; individual visual/detail/world consistency review is not yet established.
airport_edge_runway_41_toyland,5,authored-voxel,structural-screen-only,Authored occupied 3D cells; individual visual/detail/world consistency review is not yet established.
airport_edge_runway_41_tropic,5,authored-voxel,structural-screen-only,Authored occupied 3D cells; individual visual/detail/world consistency review is not yet established.
airport_edge_runway_42_arctic,5,authored-voxel,structural-screen-only,Authored occupied 3D cells; individual visual/detail/world consistency review is not yet established.
airport_edge_runway_42_temperate,5,authored-voxel,structural-screen-only,Authored occupied 3D cells; individual visual/detail/world consistency review is not yet established.
airport_edge_runway_42_toyland,5,authored-voxel,structural-screen-only,Authored occupied 3D cells; individual visual/detail/world consistency review is not yet established.
airport_edge_runway_42_tropic,5,authored-voxel,structural-screen-only,Authored occupied 3D cells; individual visual/detail/world consistency review is not yet established.
airport_edge_worn_36_arctic,5,authored-voxel,structural-screen-only,Authored occupied 3D cells; individual visual/detail/world consistency review is not yet established.
airport_edge_worn_36_temperate,5,authored-voxel,structural-screen-only,Authored occupied 3D cells; individual visual/detail/world consistency review is not yet established.
airport_edge_worn_36_toyland,5,authored-voxel,structural-screen-only,Authored occupied 3D cells; individual visual/detail/world consistency review is not yet established.
airport_edge_worn_36_tropic,5,authored-voxel,structural-screen-only,Authored occupied 3D cells; individual visual/detail/world consistency review is not yet established.
airport_edge_worn_37_arctic,5,authored-voxel,structural-screen-only,Authored occupied 3D cells; individual visual/detail/world consistency review is not yet established.
airport_edge_worn_37_temperate,5,authored-voxel,structural-screen-only,Authored occupied 3D cells; individual visual/detail/world consistency review is not yet established.
airport_edge_worn_37_toyland,5,authored-voxel,structural-screen-only,Authored occupied 3D cells; individual visual/detail/world consistency review is not yet established.
airport_edge_worn_37_tropic,5,authored-voxel,structural-screen-only,Authored occupied 3D cells; individual visual/detail/world consistency review is not yet established.
airport_edge_worn_38_arctic,5,authored-voxel,structural-screen-only,Authored occupied 3D cells; individual visual/detail/world consistency review is not yet established.
airport_edge_worn_38_temperate,5,authored-voxel,structural-screen-only,Authored occupied 3D cells; individual visual/detail/world consistency review is not yet established.
airport_edge_worn_38_toyland,5,authored-voxel,structural-screen-only,Authored occupied 3D cells; individual visual/detail/world consistency review is not yet established.
airport_edge_worn_38_tropic,5,authored-voxel,structural-screen-only,Authored occupied 3D cells; individual visual/detail/world consistency review is not yet established.
airport_edge_worn_39_arctic,5,authored-voxel,structural-screen-only,Authored occupied 3D cells; individual visual/detail/world consistency review is not yet established.
airport_edge_worn_39_temperate,5,authored-voxel,structural-screen-only,Authored occupied 3D cells; individual visual/detail/world consistency review is not yet established.
airport_edge_worn_39_toyland,5,authored-voxel,structural-screen-only,Authored occupied 3D cells; individual visual/detail/world consistency review is not yet established.
airport_edge_worn_39_tropic,5,authored-voxel,structural-screen-only,Authored occupied 3D cells; individual visual/detail/world consistency review is not yet established.
airport_flag_0,5,authored-voxel,structural-screen-only,Authored occupied 3D cells; individual visual/detail/world consistency review is not yet established.
airport_flag_1,5,authored-voxel,structural-screen-only,Authored occupied 3D cells; individual visual/detail/world consistency review is not yet established.
airport_flag_2,5,authored-voxel,structural-screen-only,Authored occupied 3D cells; individual visual/detail/world consistency review is not yet established.
airport_flag_3,5,authored-voxel,structural-screen-only,Authored occupied 3D cells; individual visual/detail/world consistency review is not yet established.
airport_glass_hangar,5,authored-voxel,structural-screen-only,Authored occupied 3D cells; individual visual/detail/world consistency review is not yet established.
airport_heliport_tower,5,authored-voxel,structural-screen-only,Authored occupied 3D cells; individual visual/detail/world consistency review is not yet established.
airport_l_terminal,5,authored-voxel,structural-screen-only,Authored occupied 3D cells; individual visual/detail/world consistency review is not yet established.
airport_low_building,5,authored-voxel,structural-screen-only,Authored occupied 3D cells; individual visual/detail/world consistency review is not yet established.
airport_low_building_fence_n,5,authored-voxel,structural-screen-only,Authored occupied 3D cells; individual visual/detail/world consistency review is not yet established.
airport_low_building_fence_nw,5,authored-voxel,structural-screen-only,Authored occupied 3D cells; individual visual/detail/world consistency review is not yet established.
airport_low_ground,5,authored-voxel,structural-screen-only,Authored occupied 3D cells; individual visual/detail/world consistency review is not yet established.
airport_pier_elbow_ne,5,authored-voxel,structural-screen-only,Authored occupied 3D cells; individual visual/detail/world consistency review is not yet established.
airport_pier_elbow_nw,5,authored-voxel,structural-screen-only,Authored occupied 3D cells; individual visual/detail/world consistency review is not yet established.
airport_pier_link,5,authored-voxel,structural-screen-only,Authored occupied 3D cells; individual visual/detail/world consistency review is not yet established.
airport_pier_stand,5,authored-voxel,structural-screen-only,Authored occupied 3D cells; individual visual/detail/world consistency review is not yet established.
airport_radar_ne_00,5,authored-voxel,structural-screen-only,Authored occupied 3D cells; individual visual/detail/world consistency review is not yet established.
airport_radar_ne_01,5,authored-voxel,structural-screen-only,Authored occupied 3D cells; individual visual/detail/world consistency review is not yet established.
airport_radar_ne_02,5,authored-voxel,structural-screen-only,Authored occupied 3D cells; individual visual/detail/world consistency review is not yet established.
airport_radar_ne_03,5,authored-voxel,structural-screen-only,Authored occupied 3D cells; individual visual/detail/world consistency review is not yet established.
airport_radar_ne_04,5,authored-voxel,structural-screen-only,Authored occupied 3D cells; individual visual/detail/world consistency review is not yet established.
airport_radar_ne_05,5,authored-voxel,structural-screen-only,Authored occupied 3D cells; individual visual/detail/world consistency review is not yet established.
airport_radar_ne_06,5,authored-voxel,structural-screen-only,Authored occupied 3D cells; individual visual/detail/world consistency review is not yet established.
airport_radar_ne_07,5,authored-voxel,structural-screen-only,Authored occupied 3D cells; individual visual/detail/world consistency review is not yet established.
airport_radar_ne_08,5,authored-voxel,structural-screen-only,Authored occupied 3D cells; individual visual/detail/world consistency review is not yet established.
airport_radar_ne_09,5,authored-voxel,structural-screen-only,Authored occupied 3D cells; individual visual/detail/world consistency review is not yet established.
airport_radar_ne_10,5,authored-voxel,structural-screen-only,Authored occupied 3D cells; individual visual/detail/world consistency review is not yet established.
airport_radar_ne_11,5,authored-voxel,structural-screen-only,Authored occupied 3D cells; individual visual/detail/world consistency review is not yet established.
airport_radar_sw_00,5,authored-voxel,structural-screen-only,Authored occupied 3D cells; individual visual/detail/world consistency review is not yet established.
airport_radar_sw_01,5,authored-voxel,structural-screen-only,Authored occupied 3D cells; individual visual/detail/world consistency review is not yet established.
airport_radar_sw_02,5,authored-voxel,structural-screen-only,Authored occupied 3D cells; individual visual/detail/world consistency review is not yet established.
airport_radar_sw_03,5,authored-voxel,structural-screen-only,Authored occupied 3D cells; individual visual/detail/world consistency review is not yet established.
airport_radar_sw_04,5,authored-voxel,structural-screen-only,Authored occupied 3D cells; individual visual/detail/world consistency review is not yet established.
airport_radar_sw_05,5,authored-voxel,structural-screen-only,Authored occupied 3D cells; individual visual/detail/world consistency review is not yet established.
airport_radar_sw_06,5,authored-voxel,structural-screen-only,Authored occupied 3D cells; individual visual/detail/world consistency review is not yet established.
airport_radar_sw_07,5,authored-voxel,structural-screen-only,Authored occupied 3D cells; individual visual/detail/world consistency review is not yet established.
airport_radar_sw_08,5,authored-voxel,structural-screen-only,Authored occupied 3D cells; individual visual/detail/world consistency review is not yet established.
airport_radar_sw_09,5,authored-voxel,structural-screen-only,Authored occupied 3D cells; individual visual/detail/world consistency review is not yet established.
airport_radar_sw_10,5,authored-voxel,structural-screen-only,Authored occupied 3D cells; individual visual/detail/world consistency review is not yet established.
airport_radar_sw_11,5,authored-voxel,structural-screen-only,Authored occupied 3D cells; individual visual/detail/world consistency review is not yet established.
airport_radio_tower,5,authored-voxel,structural-screen-only,Authored occupied 3D cells; individual visual/detail/world consistency review is not yet established.
airport_small_control_tank,5,authored-voxel,structural-screen-only,Authored occupied 3D cells; individual visual/detail/world consistency review is not yet established.
airport_small_hangar,5,authored-voxel,structural-screen-only,Authored occupied 3D cells; individual visual/detail/world consistency review is not yet established.
airport_small_terminal_a_ground,5,authored-voxel,structural-screen-only,Authored occupied 3D cells; individual visual/detail/world consistency review is not yet established.
airport_small_terminal_b_ground,5,authored-voxel,structural-screen-only,Authored occupied 3D cells; individual visual/detail/world consistency review is not yet established.
airport_small_terminal_c_ground,5,authored-voxel,structural-screen-only,Authored occupied 3D cells; individual visual/detail/world consistency review is not yet established.
airport_surface_apron,5,authored-voxel,structural-screen-only,Authored occupied 3D cells; individual visual/detail/world consistency review is not yet established.
airport_surface_fence_ne,5,authored-voxel,structural-screen-only,Authored occupied 3D cells; individual visual/detail/world consistency review is not yet established.
airport_surface_fence_ne_nw,5,authored-voxel,structural-screen-only,Authored occupied 3D cells; individual visual/detail/world consistency review is not yet established.
airport_surface_fence_ne_se,5,authored-voxel,structural-screen-only,Authored occupied 3D cells; individual visual/detail/world consistency review is not yet established.
airport_surface_fence_ne_sw,5,authored-voxel,structural-screen-only,Authored occupied 3D cells; individual visual/detail/world consistency review is not yet established.
airport_surface_fence_nw,5,authored-voxel,structural-screen-only,Authored occupied 3D cells; individual visual/detail/world consistency review is not yet established.
airport_surface_fence_nw_sw,5,authored-voxel,structural-screen-only,Authored occupied 3D cells; individual visual/detail/world consistency review is not yet established.
airport_surface_fence_se,5,authored-voxel,structural-screen-only,Authored occupied 3D cells; individual visual/detail/world consistency review is not yet established.
airport_surface_fence_se_sw,5,authored-voxel,structural-screen-only,Authored occupied 3D cells; individual visual/detail/world consistency review is not yet established.
airport_surface_fence_sw,5,authored-voxel,structural-screen-only,Authored occupied 3D cells; individual visual/detail/world consistency review is not yet established.
airport_surface_helipad,5,authored-voxel,structural-screen-only,Authored occupied 3D cells; individual visual/detail/world consistency review is not yet established.
airport_surface_helipad_h_nw,5,authored-voxel,structural-screen-only,Authored occupied 3D cells; individual visual/detail/world consistency review is not yet established.
airport_surface_helipad_h_nw_sw,5,authored-voxel,structural-screen-only,Authored occupied 3D cells; individual visual/detail/world consistency review is not yet established.
airport_surface_helipad_h_se_sw,5,authored-voxel,structural-screen-only,Authored occupied 3D cells; individual visual/detail/world consistency review is not yet established.
airport_surface_helipad_ne_se,5,authored-voxel,structural-screen-only,Authored occupied 3D cells; individual visual/detail/world consistency review is not yet established.
airport_surface_helipad_nw,5,authored-voxel,structural-screen-only,Authored occupied 3D cells; individual visual/detail/world consistency review is not yet established.
airport_surface_helipad_sw,5,authored-voxel,structural-screen-only,Authored occupied 3D cells; individual visual/detail/world consistency review is not yet established.
airport_surface_runway_1,5,authored-voxel,structural-screen-only,Authored occupied 3D cells; individual visual/detail/world consistency review is not yet established.
airport_surface_runway_3,5,authored-voxel,structural-screen-only,Authored occupied 3D cells; individual visual/detail/world consistency review is not yet established.
airport_surface_runway_4,5,authored-voxel,structural-screen-only,Authored occupied 3D cells; individual visual/detail/world consistency review is not yet established.
airport_surface_runway_end,5,authored-voxel,structural-screen-only,Authored occupied 3D cells; individual visual/detail/world consistency review is not yet established.
airport_surface_runway_middle,5,authored-voxel,structural-screen-only,Authored occupied 3D cells; individual visual/detail/world consistency review is not yet established.
airport_surface_stand,5,authored-voxel,structural-screen-only,Authored occupied 3D cells; individual visual/detail/world consistency review is not yet established.
airport_terminal_a,5,authored-voxel,structural-screen-only,Authored occupied 3D cells; individual visual/detail/world consistency review is not yet established.
airport_terminal_c,5,authored-voxel,structural-screen-only,Authored occupied 3D cells; individual visual/detail/world consistency review is not yet established.
airport_terminal_round,5,authored-voxel,structural-screen-only,Authored occupied 3D cells; individual visual/detail/world consistency review is not yet established.
airport_toyland_control_tower,5,authored-voxel,structural-screen-only,Authored occupied 3D cells; individual visual/detail/world consistency review is not yet established.
airport_toyland_control_tower_fenced,5,authored-voxel,structural-screen-only,Authored occupied 3D cells; individual visual/detail/world consistency review is not yet established.
airport_toyland_glass_hangar,5,authored-voxel,structural-screen-only,Authored occupied 3D cells; individual visual/detail/world consistency review is not yet established.
airport_toyland_l_terminal,5,authored-voxel,structural-screen-only,Authored occupied 3D cells; individual visual/detail/world consistency review is not yet established.
airport_toyland_pier_elbow_ne,5,authored-voxel,structural-screen-only,Authored occupied 3D cells; individual visual/detail/world consistency review is not yet established.
airport_toyland_pier_elbow_nw,5,authored-voxel,structural-screen-only,Authored occupied 3D cells; individual visual/detail/world consistency review is not yet established.
airport_toyland_pier_link,5,authored-voxel,structural-screen-only,Authored occupied 3D cells; individual visual/detail/world consistency review is not yet established.
airport_toyland_pier_stand,5,authored-voxel,structural-screen-only,Authored occupied 3D cells; individual visual/detail/world consistency review is not yet established.
airport_toyland_small_hangar,5,authored-voxel,structural-screen-only,Authored occupied 3D cells; individual visual/detail/world consistency review is not yet established.
airport_toyland_terminal_a,5,authored-voxel,structural-screen-only,Authored occupied 3D cells; individual visual/detail/world consistency review is not yet established.
airport_toyland_terminal_c,5,authored-voxel,structural-screen-only,Authored occupied 3D cells; individual visual/detail/world consistency review is not yet established.
airport_toyland_terminal_round,5,authored-voxel,structural-screen-only,Authored occupied 3D cells; individual visual/detail/world consistency review is not yet established.
arctic_farm_barn,5,authored-voxel,structural-screen-only,Authored occupied 3D cells; individual visual/detail/world consistency review is not yet established.
arctic_farm_barn_ground,5,authored-voxel,structural-screen-only,Authored occupied 3D cells; individual visual/detail/world consistency review is not yet established.
arctic_farm_hay_ground,5,authored-voxel,structural-screen-only,Authored occupied 3D cells; individual visual/detail/world consistency review is not yet established.
arctic_farm_hay_sheds,5,authored-voxel,structural-screen-only,Authored occupied 3D cells; individual visual/detail/world consistency review is not yet established.
arctic_farm_house_north,5,authored-voxel,structural-screen-only,Authored occupied 3D cells; individual visual/detail/world consistency review is not yet established.
arctic_farm_house_north_ground,5,authored-voxel,structural-screen-only,Authored occupied 3D cells; individual visual/detail/world consistency review is not yet established.
arctic_farm_house_south,5,authored-voxel,structural-screen-only,Authored occupied 3D cells; individual visual/detail/world consistency review is not yet established.
arctic_farm_house_south_ground,5,authored-voxel,structural-screen-only,Authored occupied 3D cells; individual visual/detail/world consistency review is not yet established.
arctic_farm_livestock_ground,5,authored-voxel,structural-screen-only,Authored occupied 3D cells; individual visual/detail/world consistency review is not yet established.
arctic_farm_livestock_yard,5,authored-voxel,structural-screen-only,Authored occupied 3D cells; individual visual/detail/world consistency review is not yet established.
arctic_farm_silo_ground,5,authored-voxel,structural-screen-only,Authored occupied 3D cells; individual visual/detail/world consistency review is not yet established.
arctic_farm_silos,5,authored-voxel,structural-screen-only,Authored occupied 3D cells; individual visual/detail/world consistency review is not yet established.
bank2_north,7,authored-voxel,individually-reviewed,Original89 has a properly joined two-storey brick office and centred golden cupola. The dome crosses the owner seam without duplicate cells or missing ribs.
bank2_north_ground,7,authored-voxel,individually-reviewed,The source89 front paving and narrow planted strip retain their independent tile layer and native contact height.
bank2_south,7,authored-voxel,individually-reviewed,"Original90 retains its native near-wing offset, cornice, windows, colonnade and complementary cupola portion; Arctic and tropical live worlds are verified."
bank2_south_ground,7,authored-voxel,individually-reviewed,The source90 ground cut registers with the joined office rather than duplicating another tile's border or garden.
bank_north,7,authored-voxel,individually-reviewed,Individually inspected in the joined original58/59 roof. Cupola is centred and partitioned without seam loss; finial and colonnade remain volumetric.
bank_north_ground,7,authored-voxel,individually-reviewed,Independent original58 finished paving and planter retain their ownership and meet the connected body without a seam step.
bank_south,7,authored-voxel,individually-reviewed,Original59 owns its half of the centred cupola and the actual shared entry arch; all four original finished-body construction slots are retained.
bank_south_ground,7,authored-voxel,individually-reviewed,Original59 paving completes the finished two-tile court; street review confirms slab contact and separate ground ownership.
battery_half,5,authored-voxel,structural-screen-only,Authored occupied 3D cells; individual visual/detail/world consistency review is not yet established.
battery_harvested,5,authored-voxel,structural-screen-only,Authored occupied 3D cells; individual visual/detail/world consistency review is not yet established.
battery_mature,5,authored-voxel,structural-screen-only,Authored occupied 3D cells; individual visual/detail/world consistency review is not yet established.
battery_seed,5,authored-voxel,structural-screen-only,Authored occupied 3D cells; individual visual/detail/world consistency review is not yet established.
battery_young,5,authored-voxel,structural-screen-only,Authored occupied 3D cells; individual visual/detail/world consistency review is not yet established.
brick_church,5,authored-voxel,structural-screen-only,Authored occupied 3D cells; individual visual/detail/world consistency review is not yet established.
brick_church_roofing,5,authored-voxel,structural-screen-only,Authored occupied 3D cells; individual visual/detail/world consistency review is not yet established.
brick_church_shell,5,authored-voxel,structural-screen-only,Authored occupied 3D cells; individual visual/detail/world consistency review is not yet established.
bubble_160_body,5,authored-voxel,structural-screen-only,Authored occupied 3D cells; individual visual/detail/world consistency review is not yet established.
bubble_161_body,5,authored-voxel,structural-screen-only,Authored occupied 3D cells; individual visual/detail/world consistency review is not yet established.
bubble_162_body,5,authored-voxel,structural-screen-only,Authored occupied 3D cells; individual visual/detail/world consistency review is not yet established.
bubble_plunger,5,authored-voxel,structural-screen-only,Authored occupied 3D cells; individual visual/detail/world consistency review is not yet established.
bubble_spring,5,authored-voxel,structural-screen-only,Authored occupied 3D cells; individual visual/detail/world consistency review is not yet established.
canal_dike_0,7,authored-voxel,individually-reviewed,"Dry -X side has a genuine stepped toe, retaining courses and coping; all-angle/street inspection confirms physical depth and an open channel."
canal_dike_1,7,authored-voxel,individually-reviewed,Dry +Y retaining side is correctly rotated and remains ground-owned. Its actual climate soil margin is independently preserved under masonry.
canal_dike_10,6,authored-voxel,individually-reviewed,"The +X/-Y concave model is a small rotated retaining/coping volume with an unobstructed interior, not an extruded sprite."
canal_dike_11,6,authored-voxel,individually-reviewed,"The -X/-Y concave corner has the proper complementary diagonal footprint and physical lower toe, but needs close joined-world inspection."
canal_dike_2,7,authored-voxel,individually-reviewed,"The dry +X side has coherent physical toe/coping depth in opposite-orbit and street previews, without crossing the central ship channel."
canal_dike_3,7,authored-voxel,individually-reviewed,The dry -Y side uses the correct original axis and retains a low real retaining wall beside independently animated water.
canal_dike_4,7,authored-voxel,individually-reviewed,"The -X/+Y convex join has a chamfered toe and coping volume, not a painted ground corner; live selection is independently observed."
canal_dike_5,7,authored-voxel,individually-reviewed,The +X/+Y convex corner is physically stepped and correctly rotated in the inspected opposite-orbit/street previews.
canal_dike_6,7,authored-voxel,individually-reviewed,"The +X/-Y convex corner retains original registration, genuine vertical depth and a compact diagonal footprint."
canal_dike_7,7,authored-voxel,individually-reviewed,The -X/-Y convex join remains coherent where two real dry-edge walls meet in the live harbour; no wall spans the navigable interior.
canal_dike_8,6,authored-voxel,individually-reviewed,"The -X/+Y concave piece is genuinely stepped and smaller than its convex counterpart, but the breadth preview is too small to approve the junction."
canal_dike_9,6,authored-voxel,individually-reviewed,The +X/+Y concave corner retains actual XYZ depth rather than relying on its original soil patch; native joined appearance is unaccepted.
civic_fountain,5,authored-voxel,structural-screen-only,Authored occupied 3D cells; individual visual/detail/world consistency review is not yet established.
civic_statue,5,authored-voxel,structural-screen-only,Authored occupied 3D cells; individual visual/detail/world consistency review is not yet established.
cola_bowl,5,authored-voxel,structural-screen-only,Authored occupied 3D cells; individual visual/detail/world consistency review is not yet established.
cola_cup,5,authored-voxel,structural-screen-only,Authored occupied 3D cells; individual visual/detail/world consistency review is not yet established.
cola_finished,5,authored-voxel,structural-screen-only,Authored occupied 3D cells; individual visual/detail/world consistency review is not yet established.
compact_office,5,authored-voxel,structural-screen-only,Authored occupied 3D cells; individual visual/detail/world consistency review is not yet established.
compact_office_shell,5,authored-voxel,structural-screen-only,Authored occupied 3D cells; individual visual/detail/world consistency review is not yet established.
compact_office_site,5,authored-voxel,structural-screen-only,Authored occupied 3D cells; individual visual/detail/world consistency review is not yet established.
copper_engine_finished,5,authored-voxel,structural-screen-only,Authored occupied 3D cells; individual visual/detail/world consistency review is not yet established.
copper_engine_initial,5,authored-voxel,structural-screen-only,Authored occupied 3D cells; individual visual/detail/world consistency review is not yet established.
copper_engine_partial,5,authored-voxel,structural-screen-only,Authored occupied 3D cells; individual visual/detail/world consistency review is not yet established.
copper_head_00,5,authored-voxel,structural-screen-only,Authored occupied 3D cells; individual visual/detail/world consistency review is not yet established.
copper_head_01,5,authored-voxel,structural-screen-only,Authored occupied 3D cells; individual visual/detail/world consistency review is not yet established.
copper_head_02,5,authored-voxel,structural-screen-only,Authored occupied 3D cells; individual visual/detail/world consistency review is not yet established.
copper_head_initial,5,authored-voxel,structural-screen-only,Authored occupied 3D cells; individual visual/detail/world consistency review is not yet established.
copper_head_partial,5,authored-voxel,structural-screen-only,Authored occupied 3D cells; individual visual/detail/world consistency review is not yet established.
copper_machine_finished,5,authored-voxel,structural-screen-only,Authored occupied 3D cells; individual visual/detail/world consistency review is not yet established.
copper_machine_initial,5,authored-voxel,structural-screen-only,Authored occupied 3D cells; individual visual/detail/world consistency review is not yet established.
copper_machine_partial,5,authored-voxel,structural-screen-only,Authored occupied 3D cells; individual visual/detail/world consistency review is not yet established.
copper_sheds_finished,5,authored-voxel,structural-screen-only,Authored occupied 3D cells; individual visual/detail/world consistency review is not yet established.
copper_sheds_initial,5,authored-voxel,structural-screen-only,Authored occupied 3D cells; individual visual/detail/world consistency review is not yet established.
copper_sheds_partial,5,authored-voxel,structural-screen-only,Authored occupied 3D cells; individual visual/detail/world consistency review is not yet established.
cotton_ground,5,authored-voxel,structural-screen-only,Authored occupied 3D cells; individual visual/detail/world consistency review is not yet established.
cotton_half_grown,5,authored-voxel,structural-screen-only,Authored occupied 3D cells; individual visual/detail/world consistency review is not yet established.
cotton_harvested,5,authored-voxel,structural-screen-only,Authored occupied 3D cells; individual visual/detail/world consistency review is not yet established.
cotton_mature,5,authored-voxel,structural-screen-only,Authored occupied 3D cells; individual visual/detail/world consistency review is not yet established.
cotton_seedlings,5,authored-voxel,structural-screen-only,Authored occupied 3D cells; individual visual/detail/world consistency review is not yet established.
cotton_young,5,authored-voxel,structural-screen-only,Authored occupied 3D cells; individual visual/detail/world consistency review is not yet established.
courtyard_flats,5,authored-voxel,structural-screen-only,Authored occupied 3D cells; individual visual/detail/world consistency review is not yet established.
courtyard_flats_shell,5,authored-voxel,structural-screen-only,Authored occupied 3D cells; individual visual/detail/world consistency review is not yet established.
courtyard_flats_site,5,authored-voxel,structural-screen-only,Authored occupied 3D cells; individual visual/detail/world consistency review is not yet established.
diamond_91_fenced,5,authored-voxel,structural-screen-only,Authored occupied 3D cells; individual visual/detail/world consistency review is not yet established.
diamond_91_finished,5,authored-voxel,structural-screen-only,Authored occupied 3D cells; individual visual/detail/world consistency review is not yet established.
diamond_91_initial,5,authored-voxel,structural-screen-only,Authored occupied 3D cells; individual visual/detail/world consistency review is not yet established.
diamond_92_fenced,5,authored-voxel,structural-screen-only,Authored occupied 3D cells; individual visual/detail/world consistency review is not yet established.
diamond_92_finished,5,authored-voxel,structural-screen-only,Authored occupied 3D cells; individual visual/detail/world consistency review is not yet established.
diamond_92_initial,5,authored-voxel,structural-screen-only,Authored occupied 3D cells; individual visual/detail/world consistency review is not yet established.
diamond_93_fenced,5,authored-voxel,structural-screen-only,Authored occupied 3D cells; individual visual/detail/world consistency review is not yet established.
diamond_93_finished,5,authored-voxel,structural-screen-only,Authored occupied 3D cells; individual visual/detail/world consistency review is not yet established.
diamond_93_initial,5,authored-voxel,structural-screen-only,Authored occupied 3D cells; individual visual/detail/world consistency review is not yet established.
diamond_94_fenced,5,authored-voxel,structural-screen-only,Authored occupied 3D cells; individual visual/detail/world consistency review is not yet established.
diamond_94_finished,5,authored-voxel,structural-screen-only,Authored occupied 3D cells; individual visual/detail/world consistency review is not yet established.
diamond_94_initial,5,authored-voxel,structural-screen-only,Authored occupied 3D cells; individual visual/detail/world consistency review is not yet established.
diamond_95_finished_ground,5,authored-voxel,structural-screen-only,Authored occupied 3D cells; individual visual/detail/world consistency review is not yet established.
diamond_95_initial,5,authored-voxel,structural-screen-only,Authored occupied 3D cells; individual visual/detail/world consistency review is not yet established.
diamond_96_fenced_ground,5,authored-voxel,structural-screen-only,Authored occupied 3D cells; individual visual/detail/world consistency review is not yet established.
diamond_96_finished_ground,5,authored-voxel,structural-screen-only,Authored occupied 3D cells; individual visual/detail/world consistency review is not yet established.
diamond_96_initial,5,authored-voxel,structural-screen-only,Authored occupied 3D cells; individual visual/detail/world consistency review is not yet established.
diamond_97_fenced,5,authored-voxel,structural-screen-only,Authored occupied 3D cells; individual visual/detail/world consistency review is not yet established.
diamond_97_finished,5,authored-voxel,structural-screen-only,Authored occupied 3D cells; individual visual/detail/world consistency review is not yet established.
diamond_97_initial,5,authored-voxel,structural-screen-only,Authored occupied 3D cells; individual visual/detail/world consistency review is not yet established.
diamond_98_fenced_ground,5,authored-voxel,structural-screen-only,Authored occupied 3D cells; individual visual/detail/world consistency review is not yet established.
diamond_98_finished_ground,5,authored-voxel,structural-screen-only,Authored occupied 3D cells; individual visual/detail/world consistency review is not yet established.
diamond_98_initial,5,authored-voxel,structural-screen-only,Authored occupied 3D cells; individual visual/detail/world consistency review is not yet established.
diamond_99_fenced_ground,5,authored-voxel,structural-screen-only,Authored occupied 3D cells; individual visual/detail/world consistency review is not yet established.
diamond_99_finished_ground,5,authored-voxel,structural-screen-only,Authored occupied 3D cells; individual visual/detail/world consistency review is not yet established.
diamond_99_initial,5,authored-voxel,structural-screen-only,Authored occupied 3D cells; individual visual/detail/world consistency review is not yet established.
effect_black_smoke_0,5,authored-voxel,structural-screen-only,Authored occupied 3D cells; individual visual/detail/world consistency review is not yet established.
effect_black_smoke_1,5,authored-voxel,structural-screen-only,Authored occupied 3D cells; individual visual/detail/world consistency review is not yet established.
effect_black_smoke_2,5,authored-voxel,structural-screen-only,Authored occupied 3D cells; individual visual/detail/world consistency review is not yet established.
effect_black_smoke_3,5,authored-voxel,structural-screen-only,Authored occupied 3D cells; individual visual/detail/world consistency review is not yet established.
effect_black_smoke_4,5,authored-voxel,structural-screen-only,Authored occupied 3D cells; individual visual/detail/world consistency review is not yet established.
effect_breakdown_smoke_0,5,authored-voxel,structural-screen-only,Authored occupied 3D cells; individual visual/detail/world consistency review is not yet established.
effect_breakdown_smoke_1,5,authored-voxel,structural-screen-only,Authored occupied 3D cells; individual visual/detail/world consistency review is not yet established.
effect_breakdown_smoke_2,5,authored-voxel,structural-screen-only,Authored occupied 3D cells; individual visual/detail/world consistency review is not yet established.
effect_breakdown_smoke_3,5,authored-voxel,structural-screen-only,Authored occupied 3D cells; individual visual/detail/world consistency review is not yet established.
effect_bubble_0,5,authored-voxel,structural-screen-only,Authored occupied 3D cells; individual visual/detail/world consistency review is not yet established.
effect_bubble_1,5,authored-voxel,structural-screen-only,Authored occupied 3D cells; individual visual/detail/world consistency review is not yet established.
effect_bubble_10,5,authored-voxel,structural-screen-only,Authored occupied 3D cells; individual visual/detail/world consistency review is not yet established.
effect_bubble_11,5,authored-voxel,structural-screen-only,Authored occupied 3D cells; individual visual/detail/world consistency review is not yet established.
effect_bubble_12,5,authored-voxel,structural-screen-only,Authored occupied 3D cells; individual visual/detail/world consistency review is not yet established.
effect_bubble_13,5,authored-voxel,structural-screen-only,Authored occupied 3D cells; individual visual/detail/world consistency review is not yet established.
effect_bubble_14,5,authored-voxel,structural-screen-only,Authored occupied 3D cells; individual visual/detail/world consistency review is not yet established.
effect_bubble_2,5,authored-voxel,structural-screen-only,Authored occupied 3D cells; individual visual/detail/world consistency review is not yet established.
effect_bubble_3,5,authored-voxel,structural-screen-only,Authored occupied 3D cells; individual visual/detail/world consistency review is not yet established.
effect_bubble_4,5,authored-voxel,structural-screen-only,Authored occupied 3D cells; individual visual/detail/world consistency review is not yet established.
effect_bubble_5,5,authored-voxel,structural-screen-only,Authored occupied 3D cells; individual visual/detail/world consistency review is not yet established.
effect_bubble_7,5,authored-voxel,structural-screen-only,Authored occupied 3D cells; individual visual/detail/world consistency review is not yet established.
effect_bubble_8,5,authored-voxel,structural-screen-only,Authored occupied 3D cells; individual visual/detail/world consistency review is not yet established.
effect_bubble_9,5,authored-voxel,structural-screen-only,Authored occupied 3D cells; individual visual/detail/world consistency review is not yet established.
effect_bulldozer_ne,5,authored-voxel,structural-screen-only,Authored occupied 3D cells; individual visual/detail/world consistency review is not yet established.
effect_bulldozer_nw,5,authored-voxel,structural-screen-only,Authored occupied 3D cells; individual visual/detail/world consistency review is not yet established.
effect_bulldozer_se,5,authored-voxel,structural-screen-only,Authored occupied 3D cells; individual visual/detail/world consistency review is not yet established.
effect_bulldozer_sw,5,authored-voxel,structural-screen-only,Authored occupied 3D cells; individual visual/detail/world consistency review is not yet established.
effect_chimney_smoke_0,5,authored-voxel,structural-screen-only,Authored occupied 3D cells; individual visual/detail/world consistency review is not yet established.
effect_chimney_smoke_1,5,authored-voxel,structural-screen-only,Authored occupied 3D cells; individual visual/detail/world consistency review is not yet established.
effect_chimney_smoke_2,5,authored-voxel,structural-screen-only,Authored occupied 3D cells; individual visual/detail/world consistency review is not yet established.
effect_chimney_smoke_3,5,authored-voxel,structural-screen-only,Authored occupied 3D cells; individual visual/detail/world consistency review is not yet established.
effect_chimney_smoke_4,5,authored-voxel,structural-screen-only,Authored occupied 3D cells; individual visual/detail/world consistency review is not yet established.
effect_chimney_smoke_5,5,authored-voxel,structural-screen-only,Authored occupied 3D cells; individual visual/detail/world consistency review is not yet established.
effect_chimney_smoke_6,5,authored-voxel,structural-screen-only,Authored occupied 3D cells; individual visual/detail/world consistency review is not yet established.
effect_chimney_smoke_7,5,authored-voxel,structural-screen-only,Authored occupied 3D cells; individual visual/detail/world consistency review is not yet established.
effect_diesel_smoke_0,5,authored-voxel,structural-screen-only,Authored occupied 3D cells; individual visual/detail/world consistency review is not yet established.
effect_diesel_smoke_1,5,authored-voxel,structural-screen-only,Authored occupied 3D cells; individual visual/detail/world consistency review is not yet established.
effect_diesel_smoke_2,5,authored-voxel,structural-screen-only,Authored occupied 3D cells; individual visual/detail/world consistency review is not yet established.
effect_diesel_smoke_3,5,authored-voxel,structural-screen-only,Authored occupied 3D cells; individual visual/detail/world consistency review is not yet established.
effect_diesel_smoke_4,5,authored-voxel,structural-screen-only,Authored occupied 3D cells; individual visual/detail/world consistency review is not yet established.
effect_diesel_smoke_5,5,authored-voxel,structural-screen-only,Authored occupied 3D cells; individual visual/detail/world consistency review is not yet established.
effect_electric_spark_0,5,authored-voxel,structural-screen-only,Authored occupied 3D cells; individual visual/detail/world consistency review is not yet established.
effect_electric_spark_1,5,authored-voxel,structural-screen-only,Authored occupied 3D cells; individual visual/detail/world consistency review is not yet established.
effect_electric_spark_2,5,authored-voxel,structural-screen-only,Authored occupied 3D cells; individual visual/detail/world consistency review is not yet established.
effect_electric_spark_3,5,authored-voxel,structural-screen-only,Authored occupied 3D cells; individual visual/detail/world consistency review is not yet established.
effect_electric_spark_4,5,authored-voxel,structural-screen-only,Authored occupied 3D cells; individual visual/detail/world consistency review is not yet established.
effect_explosion_large_0,5,authored-voxel,structural-screen-only,Authored occupied 3D cells; individual visual/detail/world consistency review is not yet established.
effect_explosion_large_1,5,authored-voxel,structural-screen-only,Authored occupied 3D cells; individual visual/detail/world consistency review is not yet established.
effect_explosion_large_10,5,authored-voxel,structural-screen-only,Authored occupied 3D cells; individual visual/detail/world consistency review is not yet established.
effect_explosion_large_11,5,authored-voxel,structural-screen-only,Authored occupied 3D cells; individual visual/detail/world consistency review is not yet established.
effect_explosion_large_12,5,authored-voxel,structural-screen-only,Authored occupied 3D cells; individual visual/detail/world consistency review is not yet established.
effect_explosion_large_13,5,authored-voxel,structural-screen-only,Authored occupied 3D cells; individual visual/detail/world consistency review is not yet established.
effect_explosion_large_14,5,authored-voxel,structural-screen-only,Authored occupied 3D cells; individual visual/detail/world consistency review is not yet established.
effect_explosion_large_15,5,authored-voxel,structural-screen-only,Authored occupied 3D cells; individual visual/detail/world consistency review is not yet established.
effect_explosion_large_2,5,authored-voxel,structural-screen-only,Authored occupied 3D cells; individual visual/detail/world consistency review is not yet established.
effect_explosion_large_3,5,authored-voxel,structural-screen-only,Authored occupied 3D cells; individual visual/detail/world consistency review is not yet established.
effect_explosion_large_4,5,authored-voxel,structural-screen-only,Authored occupied 3D cells; individual visual/detail/world consistency review is not yet established.
effect_explosion_large_5,5,authored-voxel,structural-screen-only,Authored occupied 3D cells; individual visual/detail/world consistency review is not yet established.
effect_explosion_large_6,5,authored-voxel,structural-screen-only,Authored occupied 3D cells; individual visual/detail/world consistency review is not yet established.
effect_explosion_large_7,5,authored-voxel,structural-screen-only,Authored occupied 3D cells; individual visual/detail/world consistency review is not yet established.
effect_explosion_large_8,5,authored-voxel,structural-screen-only,Authored occupied 3D cells; individual visual/detail/world consistency review is not yet established.
effect_explosion_large_9,5,authored-voxel,structural-screen-only,Authored occupied 3D cells; individual visual/detail/world consistency review is not yet established.
effect_explosion_small_0,5,authored-voxel,structural-screen-only,Authored occupied 3D cells; individual visual/detail/world consistency review is not yet established.
effect_explosion_small_1,5,authored-voxel,structural-screen-only,Authored occupied 3D cells; individual visual/detail/world consistency review is not yet established.
effect_explosion_small_10,5,authored-voxel,structural-screen-only,Authored occupied 3D cells; individual visual/detail/world consistency review is not yet established.
effect_explosion_small_11,5,authored-voxel,structural-screen-only,Authored occupied 3D cells; individual visual/detail/world consistency review is not yet established.
effect_explosion_small_2,5,authored-voxel,structural-screen-only,Authored occupied 3D cells; individual visual/detail/world consistency review is not yet established.
effect_explosion_small_3,5,authored-voxel,structural-screen-only,Authored occupied 3D cells; individual visual/detail/world consistency review is not yet established.
effect_explosion_small_4,5,authored-voxel,structural-screen-only,Authored occupied 3D cells; individual visual/detail/world consistency review is not yet established.
effect_explosion_small_5,5,authored-voxel,structural-screen-only,Authored occupied 3D cells; individual visual/detail/world consistency review is not yet established.
effect_explosion_small_6,5,authored-voxel,structural-screen-only,Authored occupied 3D cells; individual visual/detail/world consistency review is not yet established.
effect_explosion_small_7,5,authored-voxel,structural-screen-only,Authored occupied 3D cells; individual visual/detail/world consistency review is not yet established.
effect_explosion_small_8,5,authored-voxel,structural-screen-only,Authored occupied 3D cells; individual visual/detail/world consistency review is not yet established.
effect_explosion_small_9,5,authored-voxel,structural-screen-only,Authored occupied 3D cells; individual visual/detail/world consistency review is not yet established.
effect_steam_smoke_0,5,authored-voxel,structural-screen-only,Authored occupied 3D cells; individual visual/detail/world consistency review is not yet established.
effect_steam_smoke_1,5,authored-voxel,structural-screen-only,Authored occupied 3D cells; individual visual/detail/world consistency review is not yet established.
effect_steam_smoke_2,5,authored-voxel,structural-screen-only,Authored occupied 3D cells; individual visual/detail/world consistency review is not yet established.
effect_steam_smoke_3,5,authored-voxel,structural-screen-only,Authored occupied 3D cells; individual visual/detail/world consistency review is not yet established.
effect_steam_smoke_4,5,authored-voxel,structural-screen-only,Authored occupied 3D cells; individual visual/detail/world consistency review is not yet established.
factory_east_finished,5,authored-voxel,structural-screen-only,Authored occupied 3D cells; individual visual/detail/world consistency review is not yet established.
factory_east_ground,5,authored-voxel,structural-screen-only,Authored occupied 3D cells; individual visual/detail/world consistency review is not yet established.
factory_east_initial,5,authored-voxel,structural-screen-only,Authored occupied 3D cells; individual visual/detail/world consistency review is not yet established.
factory_east_partial,5,authored-voxel,structural-screen-only,Authored occupied 3D cells; individual visual/detail/world consistency review is not yet established.
factory_north_finished,5,authored-voxel,structural-screen-only,Authored occupied 3D cells; individual visual/detail/world consistency review is not yet established.
factory_north_ground,5,authored-voxel,structural-screen-only,Authored occupied 3D cells; individual visual/detail/world consistency review is not yet established.
factory_north_initial,5,authored-voxel,structural-screen-only,Authored occupied 3D cells; individual visual/detail/world consistency review is not yet established.
factory_north_partial,5,authored-voxel,structural-screen-only,Authored occupied 3D cells; individual visual/detail/world consistency review is not yet established.
factory_south_ground,5,authored-voxel,structural-screen-only,Authored occupied 3D cells; individual visual/detail/world consistency review is not yet established.
factory_south_initial,5,authored-voxel,structural-screen-only,Authored occupied 3D cells; individual visual/detail/world consistency review is not yet established.
factory_south_partial,5,authored-voxel,structural-screen-only,Authored occupied 3D cells; individual visual/detail/world consistency review is not yet established.
factory_west_finished,5,authored-voxel,structural-screen-only,Authored occupied 3D cells; individual visual/detail/world consistency review is not yet established.
factory_west_ground,5,authored-voxel,structural-screen-only,Authored occupied 3D cells; individual visual/detail/world consistency review is not yet established.
factory_west_initial,5,authored-voxel,structural-screen-only,Authored occupied 3D cells; individual visual/detail/world consistency review is not yet established.
factory_west_partial,5,authored-voxel,structural-screen-only,Authored occupied 3D cells; individual visual/detail/world consistency review is not yet established.
farm_barn,5,authored-voxel,structural-screen-only,Authored occupied 3D cells; individual visual/detail/world consistency review is not yet established.
farm_barn_ground,5,authored-voxel,structural-screen-only,Authored occupied 3D cells; individual visual/detail/world consistency review is not yet established.
farm_hay_ground,5,authored-voxel,structural-screen-only,Authored occupied 3D cells; individual visual/detail/world consistency review is not yet established.
farm_hay_sheds,5,authored-voxel,structural-screen-only,Authored occupied 3D cells; individual visual/detail/world consistency review is not yet established.
farm_house_north,5,authored-voxel,structural-screen-only,Authored occupied 3D cells; individual visual/detail/world consistency review is not yet established.
farm_house_north_ground,5,authored-voxel,structural-screen-only,Authored occupied 3D cells; individual visual/detail/world consistency review is not yet established.
farm_house_south,5,authored-voxel,structural-screen-only,Authored occupied 3D cells; individual visual/detail/world consistency review is not yet established.
farm_house_south_ground,5,authored-voxel,structural-screen-only,Authored occupied 3D cells; individual visual/detail/world consistency review is not yet established.
farm_livestock_ground,5,authored-voxel,structural-screen-only,Authored occupied 3D cells; individual visual/detail/world consistency review is not yet established.
farm_livestock_yard,5,authored-voxel,structural-screen-only,Authored occupied 3D cells; individual visual/detail/world consistency review is not yet established.
farm_silo_ground,5,authored-voxel,structural-screen-only,Authored occupied 3D cells; individual visual/detail/world consistency review is not yet established.
farm_silos,5,authored-voxel,structural-screen-only,Authored occupied 3D cells; individual visual/detail/world consistency review is not yet established.
fizzy_157_finished,5,authored-voxel,structural-screen-only,Authored occupied 3D cells; individual visual/detail/world consistency review is not yet established.
fizzy_158_finished,5,authored-voxel,structural-screen-only,Authored occupied 3D cells; individual visual/detail/world consistency review is not yet established.
fizzy_158_pipework,5,authored-voxel,structural-screen-only,Authored occupied 3D cells; individual visual/detail/world consistency review is not yet established.
fizzy_159_empty,5,authored-voxel,structural-screen-only,Authored occupied 3D cells; individual visual/detail/world consistency review is not yet established.
fizzy_159_finished,5,authored-voxel,structural-screen-only,Authored occupied 3D cells; individual visual/detail/world consistency review is not yet established.
fizzy_159_pipework,5,authored-voxel,structural-screen-only,Authored occupied 3D cells; individual visual/detail/world consistency review is not yet established.
fizzy_ground,5,authored-voxel,structural-screen-only,Authored occupied 3D cells; individual visual/detail/world consistency review is not yet established.
food_boiler,5,authored-voxel,structural-screen-only,Authored occupied 3D cells; individual visual/detail/world consistency review is not yet established.
food_boiler_initial,5,authored-voxel,structural-screen-only,Authored occupied 3D cells; individual visual/detail/world consistency review is not yet established.
food_boiler_partial,5,authored-voxel,structural-screen-only,Authored occupied 3D cells; individual visual/detail/world consistency review is not yet established.
food_hall,5,authored-voxel,structural-screen-only,Authored occupied 3D cells; individual visual/detail/world consistency review is not yet established.
food_hall_initial,5,authored-voxel,structural-screen-only,Authored occupied 3D cells; individual visual/detail/world consistency review is not yet established.
food_hall_partial,5,authored-voxel,structural-screen-only,Authored occupied 3D cells; individual visual/detail/world consistency review is not yet established.
food_silo,5,authored-voxel,structural-screen-only,Authored occupied 3D cells; individual visual/detail/world consistency review is not yet established.
food_silo_initial,5,authored-voxel,structural-screen-only,Authored occupied 3D cells; individual visual/detail/world consistency review is not yet established.
food_silo_partial,5,authored-voxel,structural-screen-only,Authored occupied 3D cells; individual visual/detail/world consistency review is not yet established.
food_yard,5,authored-voxel,structural-screen-only,Authored occupied 3D cells; individual visual/detail/world consistency review is not yet established.
food_yard_initial,5,authored-voxel,structural-screen-only,Authored occupied 3D cells; individual visual/detail/world consistency review is not yet established.
food_yard_partial,5,authored-voxel,structural-screen-only,Authored occupied 3D cells; individual visual/detail/world consistency review is not yet established.
forest_felled_logs,5,authored-voxel,structural-screen-only,Authored occupied 3D cells; individual visual/detail/world consistency review is not yet established.
forest_ground,5,authored-voxel,structural-screen-only,Authored occupied 3D cells; individual visual/detail/world consistency review is not yet established.
forest_half_grown,5,authored-voxel,structural-screen-only,Authored occupied 3D cells; individual visual/detail/world consistency review is not yet established.
forest_mature,5,authored-voxel,structural-screen-only,Authored occupied 3D cells; individual visual/detail/world consistency review is not yet established.
forest_seedlings,5,authored-voxel,structural-screen-only,Authored occupied 3D cells; individual visual/detail/world consistency review is not yet established.
forest_young,5,authored-voxel,structural-screen-only,Authored occupied 3D cells; individual visual/detail/world consistency review is not yet established.
gold_72_finished,5,authored-voxel,structural-screen-only,Authored occupied 3D cells; individual visual/detail/world consistency review is not yet established.
gold_72_initial,5,authored-voxel,structural-screen-only,Authored occupied 3D cells; individual visual/detail/world consistency review is not yet established.
gold_72_middle,5,authored-voxel,structural-screen-only,Authored occupied 3D cells; individual visual/detail/world consistency review is not yet established.
gold_73_finished,5,authored-voxel,structural-screen-only,Authored occupied 3D cells; individual visual/detail/world consistency review is not yet established.
gold_73_initial,5,authored-voxel,structural-screen-only,Authored occupied 3D cells; individual visual/detail/world consistency review is not yet established.
gold_73_middle,5,authored-voxel,structural-screen-only,Authored occupied 3D cells; individual visual/detail/world consistency review is not yet established.
gold_74_finished,5,authored-voxel,structural-screen-only,Authored occupied 3D cells; individual visual/detail/world consistency review is not yet established.
gold_74_initial,5,authored-voxel,structural-screen-only,Authored occupied 3D cells; individual visual/detail/world consistency review is not yet established.
gold_74_middle,5,authored-voxel,structural-screen-only,Authored occupied 3D cells; individual visual/detail/world consistency review is not yet established.
gold_75_finished,5,authored-voxel,structural-screen-only,Authored occupied 3D cells; individual visual/detail/world consistency review is not yet established.
gold_75_initial,5,authored-voxel,structural-screen-only,Authored occupied 3D cells; individual visual/detail/world consistency review is not yet established.
gold_75_middle,5,authored-voxel,structural-screen-only,Authored occupied 3D cells; individual visual/detail/world consistency review is not yet established.
gold_76_finished,5,authored-voxel,structural-screen-only,Authored occupied 3D cells; individual visual/detail/world consistency review is not yet established.
gold_76_initial,5,authored-voxel,structural-screen-only,Authored occupied 3D cells; individual visual/detail/world consistency review is not yet established.
gold_76_middle,5,authored-voxel,structural-screen-only,Authored occupied 3D cells; individual visual/detail/world consistency review is not yet established.
gold_77_finished,5,authored-voxel,structural-screen-only,Authored occupied 3D cells; individual visual/detail/world consistency review is not yet established.
gold_77_initial,5,authored-voxel,structural-screen-only,Authored occupied 3D cells; individual visual/detail/world consistency review is not yet established.
gold_77_middle,5,authored-voxel,structural-screen-only,Authored occupied 3D cells; individual visual/detail/world consistency review is not yet established.
gold_78_finished,5,authored-voxel,structural-screen-only,Authored occupied 3D cells; individual visual/detail/world consistency review is not yet established.
gold_78_initial,5,authored-voxel,structural-screen-only,Authored occupied 3D cells; individual visual/detail/world consistency review is not yet established.
gold_78_middle,5,authored-voxel,structural-screen-only,Authored occupied 3D cells; individual visual/detail/world consistency review is not yet established.
gold_79_finished,5,authored-voxel,structural-screen-only,Authored occupied 3D cells; individual visual/detail/world consistency review is not yet established.
gold_79_initial,5,authored-voxel,structural-screen-only,Authored occupied 3D cells; individual visual/detail/world consistency review is not yet established.
gold_79_middle,5,authored-voxel,structural-screen-only,Authored occupied 3D cells; individual visual/detail/world consistency review is not yet established.
gold_80_finished,5,authored-voxel,structural-screen-only,Authored occupied 3D cells; individual visual/detail/world consistency review is not yet established.
gold_80_initial,5,authored-voxel,structural-screen-only,Authored occupied 3D cells; individual visual/detail/world consistency review is not yet established.
gold_80_middle,5,authored-voxel,structural-screen-only,Authored occupied 3D cells; individual visual/detail/world consistency review is not yet established.
gold_81_finished,5,authored-voxel,structural-screen-only,Authored occupied 3D cells; individual visual/detail/world consistency review is not yet established.
gold_81_initial,5,authored-voxel,structural-screen-only,Authored occupied 3D cells; individual visual/detail/world consistency review is not yet established.
gold_81_middle,5,authored-voxel,structural-screen-only,Authored occupied 3D cells; individual visual/detail/world consistency review is not yet established.
gold_82_finished,5,authored-voxel,structural-screen-only,Authored occupied 3D cells; individual visual/detail/world consistency review is not yet established.
gold_82_initial,5,authored-voxel,structural-screen-only,Authored occupied 3D cells; individual visual/detail/world consistency review is not yet established.
gold_82_middle,5,authored-voxel,structural-screen-only,Authored occupied 3D cells; individual visual/detail/world consistency review is not yet established.
gold_83_finished,5,authored-voxel,structural-screen-only,Authored occupied 3D cells; individual visual/detail/world consistency review is not yet established.
gold_83_initial,5,authored-voxel,structural-screen-only,Authored occupied 3D cells; individual visual/detail/world consistency review is not yet established.
gold_83_middle,5,authored-voxel,structural-screen-only,Authored occupied 3D cells; individual visual/detail/world consistency review is not yet established.
gold_84_finished,5,authored-voxel,structural-screen-only,Authored occupied 3D cells; individual visual/detail/world consistency review is not yet established.
gold_84_initial,5,authored-voxel,structural-screen-only,Authored occupied 3D cells; individual visual/detail/world consistency review is not yet established.
gold_84_middle,5,authored-voxel,structural-screen-only,Authored occupied 3D cells; individual visual/detail/world consistency review is not yet established.
gold_85_finished,5,authored-voxel,structural-screen-only,Authored occupied 3D cells; individual visual/detail/world consistency review is not yet established.
gold_85_initial,5,authored-voxel,structural-screen-only,Authored occupied 3D cells; individual visual/detail/world consistency review is not yet established.
gold_85_middle,5,authored-voxel,structural-screen-only,Authored occupied 3D cells; individual visual/detail/world consistency review is not yet established.
gold_86_finished,5,authored-voxel,structural-screen-only,Authored occupied 3D cells; individual visual/detail/world consistency review is not yet established.
gold_86_initial,5,authored-voxel,structural-screen-only,Authored occupied 3D cells; individual visual/detail/world consistency review is not yet established.
gold_86_middle,5,authored-voxel,structural-screen-only,Authored occupied 3D cells; individual visual/detail/world consistency review is not yet established.
gold_87_finished,5,authored-voxel,structural-screen-only,Authored occupied 3D cells; individual visual/detail/world consistency review is not yet established.
gold_87_initial,5,authored-voxel,structural-screen-only,Authored occupied 3D cells; individual visual/detail/world consistency review is not yet established.
gold_87_middle,5,authored-voxel,structural-screen-only,Authored occupied 3D cells; individual visual/detail/world consistency review is not yet established.
gold_bare_underlay,5,authored-voxel,structural-screen-only,Authored occupied 3D cells; individual visual/detail/world consistency review is not yet established.
gold_hoist_00,5,authored-voxel,structural-screen-only,Authored occupied 3D cells; individual visual/detail/world consistency review is not yet established.
gold_hoist_01,5,authored-voxel,structural-screen-only,Authored occupied 3D cells; individual visual/detail/world consistency review is not yet established.
gold_hoist_02,5,authored-voxel,structural-screen-only,Authored occupied 3D cells; individual visual/detail/world consistency review is not yet established.
gold_toyland_bare_underlay,5,authored-voxel,structural-screen-only,Authored occupied 3D cells; individual visual/detail/world consistency review is not yet established.
hotel_pavilion,5,authored-voxel,structural-screen-only,Authored occupied 3D cells; individual visual/detail/world consistency review is not yet established.
hotel_pavilion_shell,5,authored-voxel,structural-screen-only,Authored occupied 3D cells; individual visual/detail/world consistency review is not yet established.
hotel_pavilion_site,5,authored-voxel,structural-screen-only,Authored occupied 3D cells; individual visual/detail/world consistency review is not yet established.
hotel_pool,5,authored-voxel,structural-screen-only,Authored occupied 3D cells; individual visual/detail/world consistency review is not yet established.
hotel_pool_shell,5,authored-voxel,structural-screen-only,Authored occupied 3D cells; individual visual/detail/world consistency review is not yet established.
hotel_pool_site,5,authored-voxel,structural-screen-only,Authored occupied 3D cells; individual visual/detail/world consistency review is not yet established.
house_arctic_church,5,authored-voxel,structural-screen-only,Authored occupied 3D cells; individual visual/detail/world consistency review is not yet established.
house_arctic_church_frame,5,authored-voxel,structural-screen-only,Authored occupied 3D cells; individual visual/detail/world consistency review is not yet established.
house_arctic_church_ground,5,authored-voxel,structural-screen-only,Authored occupied 3D cells; individual visual/detail/world consistency review is not yet established.
house_arctic_church_site_ground,5,authored-voxel,structural-screen-only,Authored occupied 3D cells; individual visual/detail/world consistency review is not yet established.
house_arctic_church_snow,5,authored-voxel,structural-screen-only,Authored occupied 3D cells; individual visual/detail/world consistency review is not yet established.
house_arctic_final_balcony,5,authored-voxel,structural-screen-only,Authored occupied 3D cells; individual visual/detail/world consistency review is not yet established.
house_arctic_final_balcony_frame,5,authored-voxel,structural-screen-only,Authored occupied 3D cells; individual visual/detail/world consistency review is not yet established.
house_arctic_final_balcony_ground,5,authored-voxel,structural-screen-only,Authored occupied 3D cells; individual visual/detail/world consistency review is not yet established.
house_arctic_final_balcony_site,5,authored-voxel,structural-screen-only,Authored occupied 3D cells; individual visual/detail/world consistency review is not yet established.
house_arctic_final_balcony_snow,5,authored-voxel,structural-screen-only,Authored occupied 3D cells; individual visual/detail/world consistency review is not yet established.
house_arctic_final_rib,5,authored-voxel,structural-screen-only,Authored occupied 3D cells; individual visual/detail/world consistency review is not yet established.
house_arctic_final_rib_frame,5,authored-voxel,structural-screen-only,Authored occupied 3D cells; individual visual/detail/world consistency review is not yet established.
house_arctic_final_rib_ground,5,authored-voxel,structural-screen-only,Authored occupied 3D cells; individual visual/detail/world consistency review is not yet established.
house_arctic_final_rib_ground_site,5,authored-voxel,structural-screen-only,Authored occupied 3D cells; individual visual/detail/world consistency review is not yet established.
house_arctic_final_rib_site,5,authored-voxel,structural-screen-only,Authored occupied 3D cells; individual visual/detail/world consistency review is not yet established.
house_arctic_final_rib_snow,5,authored-voxel,structural-screen-only,Authored occupied 3D cells; individual visual/detail/world consistency review is not yet established.
house_arctic_hotel_north,5,authored-voxel,structural-screen-only,Authored occupied 3D cells; individual visual/detail/world consistency review is not yet established.
house_arctic_hotel_north_frame,5,authored-voxel,structural-screen-only,Authored occupied 3D cells; individual visual/detail/world consistency review is not yet established.
house_arctic_hotel_north_site_ground,5,authored-voxel,structural-screen-only,Authored occupied 3D cells; individual visual/detail/world consistency review is not yet established.
house_arctic_hotel_north_snow,5,authored-voxel,structural-screen-only,Authored occupied 3D cells; individual visual/detail/world consistency review is not yet established.
house_arctic_hotel_south,5,authored-voxel,structural-screen-only,Authored occupied 3D cells; individual visual/detail/world consistency review is not yet established.
house_arctic_hotel_south_frame,5,authored-voxel,structural-screen-only,Authored occupied 3D cells; individual visual/detail/world consistency review is not yet established.
house_arctic_hotel_south_site_ground,5,authored-voxel,structural-screen-only,Authored occupied 3D cells; individual visual/detail/world consistency review is not yet established.
house_arctic_hotel_south_snow,5,authored-voxel,structural-screen-only,Authored occupied 3D cells; individual visual/detail/world consistency review is not yet established.
house_arctic_late_corner,5,authored-voxel,structural-screen-only,Authored occupied 3D cells; individual visual/detail/world consistency review is not yet established.
house_arctic_late_corner_snow,5,authored-voxel,structural-screen-only,Authored occupied 3D cells; individual visual/detail/world consistency review is not yet established.
house_arctic_late_small,5,authored-voxel,structural-screen-only,Authored occupied 3D cells; individual visual/detail/world consistency review is not yet established.
house_arctic_late_small_frame,5,authored-voxel,structural-screen-only,Authored occupied 3D cells; individual visual/detail/world consistency review is not yet established.
house_arctic_late_small_ground,5,authored-voxel,structural-screen-only,Authored occupied 3D cells; individual visual/detail/world consistency review is not yet established.
house_arctic_late_small_ground_snow,5,authored-voxel,structural-screen-only,Authored occupied 3D cells; individual visual/detail/world consistency review is not yet established.
house_arctic_late_small_site,5,authored-voxel,structural-screen-only,Authored occupied 3D cells; individual visual/detail/world consistency review is not yet established.
house_arctic_late_small_snow,5,authored-voxel,structural-screen-only,Authored occupied 3D cells; individual visual/detail/world consistency review is not yet established.
house_arctic_low_flat,5,authored-voxel,structural-screen-only,Authored occupied 3D cells; individual visual/detail/world consistency review is not yet established.
house_arctic_low_flat_frame,5,authored-voxel,structural-screen-only,Authored occupied 3D cells; individual visual/detail/world consistency review is not yet established.
house_arctic_low_flat_site,5,authored-voxel,structural-screen-only,Authored occupied 3D cells; individual visual/detail/world consistency review is not yet established.
house_arctic_low_flat_snow,5,authored-voxel,structural-screen-only,Authored occupied 3D cells; individual visual/detail/world consistency review is not yet established.
house_arctic_low_ground,5,authored-voxel,structural-screen-only,Authored occupied 3D cells; individual visual/detail/world consistency review is not yet established.
house_arctic_low_ground_snow,5,authored-voxel,structural-screen-only,Authored occupied 3D cells; individual visual/detail/world consistency review is not yet established.
house_arctic_low_red,5,authored-voxel,structural-screen-only,Authored occupied 3D cells; individual visual/detail/world consistency review is not yet established.
house_arctic_low_red_frame,5,authored-voxel,structural-screen-only,Authored occupied 3D cells; individual visual/detail/world consistency review is not yet established.
house_arctic_low_red_site,5,authored-voxel,structural-screen-only,Authored occupied 3D cells; individual visual/detail/world consistency review is not yet established.
house_arctic_low_red_snow,5,authored-voxel,structural-screen-only,Authored occupied 3D cells; individual visual/detail/world consistency review is not yet established.
house_arctic_next_cottage,5,authored-voxel,structural-screen-only,Authored occupied 3D cells; individual visual/detail/world consistency review is not yet established.
house_arctic_next_cottage_frame,5,authored-voxel,structural-screen-only,Authored occupied 3D cells; individual visual/detail/world consistency review is not yet established.
house_arctic_next_cottage_ground,5,authored-voxel,structural-screen-only,Authored occupied 3D cells; individual visual/detail/world consistency review is not yet established.
house_arctic_next_cottage_ground_snow,5,authored-voxel,structural-screen-only,Authored occupied 3D cells; individual visual/detail/world consistency review is not yet established.
house_arctic_next_cottage_site,5,authored-voxel,structural-screen-only,Authored occupied 3D cells; individual visual/detail/world consistency review is not yet established.
house_arctic_next_cottage_snow,5,authored-voxel,structural-screen-only,Authored occupied 3D cells; individual visual/detail/world consistency review is not yet established.
house_arctic_next_glass,5,authored-voxel,structural-screen-only,Authored occupied 3D cells; individual visual/detail/world consistency review is not yet established.
house_arctic_next_glass_frame,5,authored-voxel,structural-screen-only,Authored occupied 3D cells; individual visual/detail/world consistency review is not yet established.
house_arctic_next_glass_ground,5,authored-voxel,structural-screen-only,Authored occupied 3D cells; individual visual/detail/world consistency review is not yet established.
house_arctic_next_glass_site,5,authored-voxel,structural-screen-only,Authored occupied 3D cells; individual visual/detail/world consistency review is not yet established.
house_arctic_next_glass_snow,5,authored-voxel,structural-screen-only,Authored occupied 3D cells; individual visual/detail/world consistency review is not yet established.
house_arctic_shop,5,authored-voxel,structural-screen-only,Authored occupied 3D cells; individual visual/detail/world consistency review is not yet established.
house_arctic_shop_frame,5,authored-voxel,structural-screen-only,Authored occupied 3D cells; individual visual/detail/world consistency review is not yet established.
house_arctic_shop_ground,5,authored-voxel,structural-screen-only,Authored occupied 3D cells; individual visual/detail/world consistency review is not yet established.
house_arctic_shop_site_ground,5,authored-voxel,structural-screen-only,Authored occupied 3D cells; individual visual/detail/world consistency review is not yet established.
house_arctic_shop_snow,5,authored-voxel,structural-screen-only,Authored occupied 3D cells; individual visual/detail/world consistency review is not yet established.
house_arctic_tower_ribbed,5,authored-voxel,structural-screen-only,Authored occupied 3D cells; individual visual/detail/world consistency review is not yet established.
house_arctic_tower_ribbed_frame,5,authored-voxel,structural-screen-only,Authored occupied 3D cells; individual visual/detail/world consistency review is not yet established.
house_arctic_tower_ribbed_ground,5,authored-voxel,structural-screen-only,Authored occupied 3D cells; individual visual/detail/world consistency review is not yet established.
house_arctic_tower_ribbed_site,5,authored-voxel,structural-screen-only,Authored occupied 3D cells; individual visual/detail/world consistency review is not yet established.
house_arctic_tower_ribbed_snow,5,authored-voxel,structural-screen-only,Authored occupied 3D cells; individual visual/detail/world consistency review is not yet established.
house_arctic_tower_setback,5,authored-voxel,structural-screen-only,Authored occupied 3D cells; individual visual/detail/world consistency review is not yet established.
house_arctic_tower_setback_frame,5,authored-voxel,structural-screen-only,Authored occupied 3D cells; individual visual/detail/world consistency review is not yet established.
house_arctic_tower_setback_ground,5,authored-voxel,structural-screen-only,Authored occupied 3D cells; individual visual/detail/world consistency review is not yet established.
house_arctic_tower_setback_site,5,authored-voxel,structural-screen-only,Authored occupied 3D cells; individual visual/detail/world consistency review is not yet established.
house_arctic_tower_setback_snow,5,authored-voxel,structural-screen-only,Authored occupied 3D cells; individual visual/detail/world consistency review is not yet established.
house_arctic_twin_north,5,authored-voxel,structural-screen-only,Authored occupied 3D cells; individual visual/detail/world consistency review is not yet established.
house_arctic_twin_north_frame,5,authored-voxel,structural-screen-only,Authored occupied 3D cells; individual visual/detail/world consistency review is not yet established.
house_arctic_twin_north_ground,5,authored-voxel,structural-screen-only,Authored occupied 3D cells; individual visual/detail/world consistency review is not yet established.
house_arctic_twin_north_site,5,authored-voxel,structural-screen-only,Authored occupied 3D cells; individual visual/detail/world consistency review is not yet established.
house_arctic_twin_north_snow,5,authored-voxel,structural-screen-only,Authored occupied 3D cells; individual visual/detail/world consistency review is not yet established.
house_arctic_twin_south,5,authored-voxel,structural-screen-only,Authored occupied 3D cells; individual visual/detail/world consistency review is not yet established.
house_arctic_twin_south_frame,5,authored-voxel,structural-screen-only,Authored occupied 3D cells; individual visual/detail/world consistency review is not yet established.
house_arctic_twin_south_ground,5,authored-voxel,structural-screen-only,Authored occupied 3D cells; individual visual/detail/world consistency review is not yet established.
house_arctic_twin_south_site,5,authored-voxel,structural-screen-only,Authored occupied 3D cells; individual visual/detail/world consistency review is not yet established.
house_arctic_twin_south_snow,5,authored-voxel,structural-screen-only,Authored occupied 3D cells; individual visual/detail/world consistency review is not yet established.
house_cabin_large,5,authored-voxel,structural-screen-only,Authored occupied 3D cells; individual visual/detail/world consistency review is not yet established.
house_cabin_large_frame,5,authored-voxel,structural-screen-only,Authored occupied 3D cells; individual visual/detail/world consistency review is not yet established.
house_cabin_large_ground,5,authored-voxel,structural-screen-only,Authored occupied 3D cells; individual visual/detail/world consistency review is not yet established.
house_cabin_large_ground_snow,5,authored-voxel,structural-screen-only,Authored occupied 3D cells; individual visual/detail/world consistency review is not yet established.
house_cabin_large_site,5,authored-voxel,structural-screen-only,Authored occupied 3D cells; individual visual/detail/world consistency review is not yet established.
house_cabin_large_snow,5,authored-voxel,structural-screen-only,Authored occupied 3D cells; individual visual/detail/world consistency review is not yet established.
house_cabin_small,5,authored-voxel,structural-screen-only,Authored occupied 3D cells; individual visual/detail/world consistency review is not yet established.
house_cabin_small_frame,5,authored-voxel,structural-screen-only,Authored occupied 3D cells; individual visual/detail/world consistency review is not yet established.
house_cabin_small_ground,5,authored-voxel,structural-screen-only,Authored occupied 3D cells; individual visual/detail/world consistency review is not yet established.
house_cabin_small_ground_snow,5,authored-voxel,structural-screen-only,Authored occupied 3D cells; individual visual/detail/world consistency review is not yet established.
house_cabin_small_site,5,authored-voxel,structural-screen-only,Authored occupied 3D cells; individual visual/detail/world consistency review is not yet established.
house_cabin_small_snow,5,authored-voxel,structural-screen-only,Authored occupied 3D cells; individual visual/detail/world consistency review is not yet established.
house_cinema_39,5,authored-voxel,structural-screen-only,Authored occupied 3D cells; individual visual/detail/world consistency review is not yet established.
house_cinema_ground,5,authored-voxel,structural-screen-only,Authored occupied 3D cells; individual visual/detail/world consistency review is not yet established.
house_city_chimney_row,5,authored-voxel,structural-screen-only,Authored occupied 3D cells; individual visual/detail/world consistency review is not yet established.
house_city_gold,5,authored-voxel,structural-screen-only,Authored occupied 3D cells; individual visual/detail/world consistency review is not yet established.
house_city_gold_frame,5,authored-voxel,structural-screen-only,Authored occupied 3D cells; individual visual/detail/world consistency review is not yet established.
house_city_gold_site,5,authored-voxel,structural-screen-only,Authored occupied 3D cells; individual visual/detail/world consistency review is not yet established.
house_city_heritage,5,authored-voxel,structural-screen-only,Authored occupied 3D cells; individual visual/detail/world consistency review is not yet established.
house_city_heritage_frame,5,authored-voxel,structural-screen-only,Authored occupied 3D cells; individual visual/detail/world consistency review is not yet established.
house_city_heritage_site,5,authored-voxel,structural-screen-only,Authored occupied 3D cells; individual visual/detail/world consistency review is not yet established.
house_city_mansard_shops,5,authored-voxel,structural-screen-only,Authored occupied 3D cells; individual visual/detail/world consistency review is not yet established.
house_city_ribbed,5,authored-voxel,structural-screen-only,Authored occupied 3D cells; individual visual/detail/world consistency review is not yet established.
house_city_ribbed_frame,5,authored-voxel,structural-screen-only,Authored occupied 3D cells; individual visual/detail/world consistency review is not yet established.
house_city_ribbed_site,5,authored-voxel,structural-screen-only,Authored occupied 3D cells; individual visual/detail/world consistency review is not yet established.
house_city_theatre,5,authored-voxel,structural-screen-only,Authored occupied 3D cells; individual visual/detail/world consistency review is not yet established.
house_flats_brick,5,authored-voxel,structural-screen-only,Authored occupied 3D cells; individual visual/detail/world consistency review is not yet established.
house_flats_brick_frame,5,authored-voxel,structural-screen-only,Authored occupied 3D cells; individual visual/detail/world consistency review is not yet established.
house_flats_brick_site,5,authored-voxel,structural-screen-only,Authored occupied 3D cells; individual visual/detail/world consistency review is not yet established.
house_flats_tan,5,authored-voxel,structural-screen-only,Authored occupied 3D cells; individual visual/detail/world consistency review is not yet established.
house_flats_tan_ground_site,5,authored-voxel,structural-screen-only,Authored occupied 3D cells; individual visual/detail/world consistency review is not yet established.
house_flats_tan_shell,5,authored-voxel,structural-screen-only,Authored occupied 3D cells; individual visual/detail/world consistency review is not yet established.
house_mall_40_ground,5,authored-voxel,structural-screen-only,Authored occupied 3D cells; individual visual/detail/world consistency review is not yet established.
house_mall_40_roof,5,authored-voxel,structural-screen-only,Authored occupied 3D cells; individual visual/detail/world consistency review is not yet established.
house_mall_40_site_body,5,authored-voxel,structural-screen-only,Authored occupied 3D cells; individual visual/detail/world consistency review is not yet established.
house_mall_40_site_ground,5,authored-voxel,structural-screen-only,Authored occupied 3D cells; individual visual/detail/world consistency review is not yet established.
house_mall_41_ground,5,authored-voxel,structural-screen-only,Authored occupied 3D cells; individual visual/detail/world consistency review is not yet established.
house_mall_41_roof,5,authored-voxel,structural-screen-only,Authored occupied 3D cells; individual visual/detail/world consistency review is not yet established.
house_mall_41_site_ground,5,authored-voxel,structural-screen-only,Authored occupied 3D cells; individual visual/detail/world consistency review is not yet established.
house_mall_42_ground,5,authored-voxel,structural-screen-only,Authored occupied 3D cells; individual visual/detail/world consistency review is not yet established.
house_mall_42_roof,5,authored-voxel,structural-screen-only,Authored occupied 3D cells; individual visual/detail/world consistency review is not yet established.
house_mall_42_site_ground,5,authored-voxel,structural-screen-only,Authored occupied 3D cells; individual visual/detail/world consistency review is not yet established.
house_mall_43_ground,5,authored-voxel,structural-screen-only,Authored occupied 3D cells; individual visual/detail/world consistency review is not yet established.
house_mall_43_site_ground,5,authored-voxel,structural-screen-only,Authored occupied 3D cells; individual visual/detail/world consistency review is not yet established.
house_mansard_shops,5,authored-voxel,structural-screen-only,Authored occupied 3D cells; individual visual/detail/world consistency review is not yet established.
house_mansard_shops_shell,5,authored-voxel,structural-screen-only,Authored occupied 3D cells; individual visual/detail/world consistency review is not yet established.
house_mansard_shops_site,5,authored-voxel,structural-screen-only,Authored occupied 3D cells; individual visual/detail/world consistency review is not yet established.
house_modular_office,5,authored-voxel,structural-screen-only,Authored occupied 3D cells; individual visual/detail/world consistency review is not yet established.
house_modular_office_shell,5,authored-voxel,structural-screen-only,Authored occupied 3D cells; individual visual/detail/world consistency review is not yet established.
house_modular_office_site,5,authored-voxel,structural-screen-only,Authored occupied 3D cells; individual visual/detail/world consistency review is not yet established.
house_next_arctic_narrow,5,authored-voxel,structural-screen-only,Authored occupied 3D cells; individual visual/detail/world consistency review is not yet established.
house_next_arctic_narrow_snow,5,authored-voxel,structural-screen-only,Authored occupied 3D cells; individual visual/detail/world consistency review is not yet established.
house_next_arctic_villa,5,authored-voxel,structural-screen-only,Authored occupied 3D cells; individual visual/detail/world consistency review is not yet established.
house_next_arctic_villa_snow,5,authored-voxel,structural-screen-only,Authored occupied 3D cells; individual visual/detail/world consistency review is not yet established.
house_next_cable,5,authored-voxel,structural-screen-only,Authored occupied 3D cells; individual visual/detail/world consistency review is not yet established.
house_next_cable_frame,5,authored-voxel,structural-screen-only,Authored occupied 3D cells; individual visual/detail/world consistency review is not yet established.
house_next_cable_ground_complete,5,authored-voxel,structural-screen-only,Authored occupied 3D cells; individual visual/detail/world consistency review is not yet established.
house_next_cable_ground_frame,5,authored-voxel,structural-screen-only,Authored occupied 3D cells; individual visual/detail/world consistency review is not yet established.
house_next_garden_narrow,5,authored-voxel,structural-screen-only,Authored occupied 3D cells; individual visual/detail/world consistency review is not yet established.
house_next_garden_narrow_snow,5,authored-voxel,structural-screen-only,Authored occupied 3D cells; individual visual/detail/world consistency review is not yet established.
house_next_garden_villa,5,authored-voxel,structural-screen-only,Authored occupied 3D cells; individual visual/detail/world consistency review is not yet established.
house_next_garden_villa_snow,5,authored-voxel,structural-screen-only,Authored occupied 3D cells; individual visual/detail/world consistency review is not yet established.
house_old_cottages,5,authored-voxel,structural-screen-only,Authored occupied 3D cells; individual visual/detail/world consistency review is not yet established.
house_old_single_gable,5,authored-voxel,structural-screen-only,Authored occupied 3D cells; individual visual/detail/world consistency review is not yet established.
house_old_straw_long,5,authored-voxel,structural-screen-only,Authored occupied 3D cells; individual visual/detail/world consistency review is not yet established.
house_old_straw_square,5,authored-voxel,structural-screen-only,Authored occupied 3D cells; individual visual/detail/world consistency review is not yet established.
house_old_twin_gables,5,authored-voxel,structural-screen-only,Authored occupied 3D cells; individual visual/detail/world consistency review is not yet established.
house_rooflight_office,5,authored-voxel,structural-screen-only,Authored occupied 3D cells; individual visual/detail/world consistency review is not yet established.
house_rooflight_office_shell,5,authored-voxel,structural-screen-only,Authored occupied 3D cells; individual visual/detail/world consistency review is not yet established.
house_rooflight_office_site,5,authored-voxel,structural-screen-only,Authored occupied 3D cells; individual visual/detail/world consistency review is not yet established.
house_sawtooth_warehouse,5,authored-voxel,structural-screen-only,Authored occupied 3D cells; individual visual/detail/world consistency review is not yet established.
house_sawtooth_warehouse_shell,5,authored-voxel,structural-screen-only,Authored occupied 3D cells; individual visual/detail/world consistency review is not yet established.
house_sawtooth_warehouse_site,5,authored-voxel,structural-screen-only,Authored occupied 3D cells; individual visual/detail/world consistency review is not yet established.
house_stucco_shops,5,authored-voxel,structural-screen-only,Authored occupied 3D cells; individual visual/detail/world consistency review is not yet established.
house_stucco_shops_shell,5,authored-voxel,structural-screen-only,Authored occupied 3D cells; individual visual/detail/world consistency review is not yet established.
house_stucco_shops_site,5,authored-voxel,structural-screen-only,Authored occupied 3D cells; individual visual/detail/world consistency review is not yet established.
house_suburban_bungalow,5,authored-voxel,structural-screen-only,Authored occupied 3D cells; individual visual/detail/world consistency review is not yet established.
house_suburban_bungalow_ground_shell,5,authored-voxel,structural-screen-only,Authored occupied 3D cells; individual visual/detail/world consistency review is not yet established.
house_suburban_bungalow_ground_site,5,authored-voxel,structural-screen-only,Authored occupied 3D cells; individual visual/detail/world consistency review is not yet established.
house_suburban_gable_pair,5,authored-voxel,structural-screen-only,Authored occupied 3D cells; individual visual/detail/world consistency review is not yet established.
house_suburban_gable_pair_shell,5,authored-voxel,structural-screen-only,Authored occupied 3D cells; individual visual/detail/world consistency review is not yet established.
house_suburban_gable_pair_site,5,authored-voxel,structural-screen-only,Authored occupied 3D cells; individual visual/detail/world consistency review is not yet established.
house_suburban_garage_pair,5,authored-voxel,structural-screen-only,Authored occupied 3D cells; individual visual/detail/world consistency review is not yet established.
house_suburban_garage_pair_shell,5,authored-voxel,structural-screen-only,Authored occupied 3D cells; individual visual/detail/world consistency review is not yet established.
house_suburban_garage_pair_site,5,authored-voxel,structural-screen-only,Authored occupied 3D cells; individual visual/detail/world consistency review is not yet established.
house_suburban_hip_pair,5,authored-voxel,structural-screen-only,Authored occupied 3D cells; individual visual/detail/world consistency review is not yet established.
house_suburban_hip_pair_shell,5,authored-voxel,structural-screen-only,Authored occupied 3D cells; individual visual/detail/world consistency review is not yet established.
house_suburban_hip_pair_site,5,authored-voxel,structural-screen-only,Authored occupied 3D cells; individual visual/detail/world consistency review is not yet established.
house_toy_boot_gift_toe,5,authored-voxel,structural-screen-only,Authored occupied 3D cells; individual visual/detail/world consistency review is not yet established.
house_toy_boot_gift_upper,5,authored-voxel,structural-screen-only,Authored occupied 3D cells; individual visual/detail/world consistency review is not yet established.
house_toy_boot_toe,5,authored-voxel,structural-screen-only,Authored occupied 3D cells; individual visual/detail/world consistency review is not yet established.
house_toy_boot_toe_unwrap,5,authored-voxel,structural-screen-only,Authored occupied 3D cells; individual visual/detail/world consistency review is not yet established.
house_toy_boot_upper,5,authored-voxel,structural-screen-only,Authored occupied 3D cells; individual visual/detail/world consistency review is not yet established.
house_toy_boot_upper_unwrap,5,authored-voxel,structural-screen-only,Authored occupied 3D cells; individual visual/detail/world consistency review is not yet established.
house_toy_cafe,5,authored-voxel,structural-screen-only,Authored occupied 3D cells; individual visual/detail/world consistency review is not yet established.
house_toy_cafe_unwrap,5,authored-voxel,structural-screen-only,Authored occupied 3D cells; individual visual/detail/world consistency review is not yet established.
house_toy_church,5,authored-voxel,structural-screen-only,Authored occupied 3D cells; individual visual/detail/world consistency review is not yet established.
house_toy_church_unwrap,5,authored-voxel,structural-screen-only,Authored occupied 3D cells; individual visual/detail/world consistency review is not yet established.
house_toy_flat_brick,5,authored-voxel,structural-screen-only,Authored occupied 3D cells; individual visual/detail/world consistency review is not yet established.
house_toy_flat_brick_unwrap,5,authored-voxel,structural-screen-only,Authored occupied 3D cells; individual visual/detail/world consistency review is not yet established.
house_toy_gift_blue_low,5,authored-voxel,structural-screen-only,Authored occupied 3D cells; individual visual/detail/world consistency review is not yet established.
house_toy_gift_blue_office,5,authored-voxel,structural-screen-only,Authored occupied 3D cells; individual visual/detail/world consistency review is not yet established.
house_toy_gift_blue_tallest,5,authored-voxel,structural-screen-only,Authored occupied 3D cells; individual visual/detail/world consistency review is not yet established.
house_toy_gift_blue_teepees,5,authored-voxel,structural-screen-only,Authored occupied 3D cells; individual visual/detail/world consistency review is not yet established.
house_toy_gift_green_low,5,authored-voxel,structural-screen-only,Authored occupied 3D cells; individual visual/detail/world consistency review is not yet established.
house_toy_gift_green_shop,5,authored-voxel,structural-screen-only,Authored occupied 3D cells; individual visual/detail/world consistency review is not yet established.
house_toy_gift_green_tall,5,authored-voxel,structural-screen-only,Authored occupied 3D cells; individual visual/detail/world consistency review is not yet established.
house_toy_gift_green_teapot,5,authored-voxel,structural-screen-only,Authored occupied 3D cells; individual visual/detail/world consistency review is not yet established.
house_toy_gift_red_low,5,authored-voxel,structural-screen-only,Authored occupied 3D cells; individual visual/detail/world consistency review is not yet established.
house_toy_gift_red_office,5,authored-voxel,structural-screen-only,Authored occupied 3D cells; individual visual/detail/world consistency review is not yet established.
house_toy_gift_red_tall,5,authored-voxel,structural-screen-only,Authored occupied 3D cells; individual visual/detail/world consistency review is not yet established.
house_toy_gift_yellow_cafe,5,authored-voxel,structural-screen-only,Authored occupied 3D cells; individual visual/detail/world consistency review is not yet established.
house_toy_gift_yellow_mid,5,authored-voxel,structural-screen-only,Authored occupied 3D cells; individual visual/detail/world consistency review is not yet established.
house_toy_gift_yellow_tall,5,authored-voxel,structural-screen-only,Authored occupied 3D cells; individual visual/detail/world consistency review is not yet established.
house_toy_green_pavilion,5,authored-voxel,structural-screen-only,Authored occupied 3D cells; individual visual/detail/world consistency review is not yet established.
house_toy_green_pavilion_unwrap,5,authored-voxel,structural-screen-only,Authored occupied 3D cells; individual visual/detail/world consistency review is not yet established.
house_toy_ground_a,5,authored-voxel,structural-screen-only,Authored occupied 3D cells; individual visual/detail/world consistency review is not yet established.
house_toy_ground_b,5,authored-voxel,structural-screen-only,Authored occupied 3D cells; individual visual/detail/world consistency review is not yet established.
house_toy_igloo,5,authored-voxel,structural-screen-only,Authored occupied 3D cells; individual visual/detail/world consistency review is not yet established.
house_toy_igloo_unwrap,5,authored-voxel,structural-screen-only,Authored occupied 3D cells; individual visual/detail/world consistency review is not yet established.
house_toy_log_cottage,5,authored-voxel,structural-screen-only,Authored occupied 3D cells; individual visual/detail/world consistency review is not yet established.
house_toy_log_cottage_unwrap,5,authored-voxel,structural-screen-only,Authored occupied 3D cells; individual visual/detail/world consistency review is not yet established.
house_toy_piggy,5,authored-voxel,structural-screen-only,Authored occupied 3D cells; individual visual/detail/world consistency review is not yet established.
house_toy_pink_office,5,authored-voxel,structural-screen-only,Authored occupied 3D cells; individual visual/detail/world consistency review is not yet established.
house_toy_pink_office_unwrap,5,authored-voxel,structural-screen-only,Authored occupied 3D cells; individual visual/detail/world consistency review is not yet established.
house_toy_pink_pavilion,5,authored-voxel,structural-screen-only,Authored occupied 3D cells; individual visual/detail/world consistency review is not yet established.
house_toy_pink_pavilion_unwrap,5,authored-voxel,structural-screen-only,Authored occupied 3D cells; individual visual/detail/world consistency review is not yet established.
house_toy_shop,5,authored-voxel,structural-screen-only,Authored occupied 3D cells; individual visual/detail/world consistency review is not yet established.
house_toy_shop_unwrap,5,authored-voxel,structural-screen-only,Authored occupied 3D cells; individual visual/detail/world consistency review is not yet established.
house_toy_striped_cottage,5,authored-voxel,structural-screen-only,Authored occupied 3D cells; individual visual/detail/world consistency review is not yet established.
house_toy_striped_cottage_unwrap,5,authored-voxel,structural-screen-only,Authored occupied 3D cells; individual visual/detail/world consistency review is not yet established.
house_toy_teapot,5,authored-voxel,structural-screen-only,Authored occupied 3D cells; individual visual/detail/world consistency review is not yet established.
house_toy_teapot_unwrap,5,authored-voxel,structural-screen-only,Authored occupied 3D cells; individual visual/detail/world consistency review is not yet established.
house_toy_teddy,5,authored-voxel,structural-screen-only,Authored occupied 3D cells; individual visual/detail/world consistency review is not yet established.
house_toy_teepees,5,authored-voxel,structural-screen-only,Authored occupied 3D cells; individual visual/detail/world consistency review is not yet established.
house_toy_teepees_unwrap,5,authored-voxel,structural-screen-only,Authored occupied 3D cells; individual visual/detail/world consistency review is not yet established.
house_toy_terracotta_office,5,authored-voxel,structural-screen-only,Authored occupied 3D cells; individual visual/detail/world consistency review is not yet established.
house_toy_terracotta_office_unwrap,5,authored-voxel,structural-screen-only,Authored occupied 3D cells; individual visual/detail/world consistency review is not yet established.
house_toy_white_office,5,authored-voxel,structural-screen-only,Authored occupied 3D cells; individual visual/detail/world consistency review is not yet established.
house_toy_white_office_unwrap,5,authored-voxel,structural-screen-only,Authored occupied 3D cells; individual visual/detail/world consistency review is not yet established.
house_tropic_civic_church,5,authored-voxel,structural-screen-only,Authored occupied 3D cells; individual visual/detail/world consistency review is not yet established.
house_tropic_civic_flats,5,authored-voxel,structural-screen-only,Authored occupied 3D cells; individual visual/detail/world consistency review is not yet established.
house_tropic_civic_flats_frame,5,authored-voxel,structural-screen-only,Authored occupied 3D cells; individual visual/detail/world consistency review is not yet established.
house_tropic_civic_flats_site,5,authored-voxel,structural-screen-only,Authored occupied 3D cells; individual visual/detail/world consistency review is not yet established.
house_tropic_last_balconies,5,authored-voxel,structural-screen-only,Authored occupied 3D cells; individual visual/detail/world consistency review is not yet established.
house_tropic_last_balconies_frame,5,authored-voxel,structural-screen-only,Authored occupied 3D cells; individual visual/detail/world consistency review is not yet established.
house_tropic_last_balconies_site,5,authored-voxel,structural-screen-only,Authored occupied 3D cells; individual visual/detail/world consistency review is not yet established.
house_tropic_last_blue,5,authored-voxel,structural-screen-only,Authored occupied 3D cells; individual visual/detail/world consistency review is not yet established.
house_tropic_last_blue_frame,5,authored-voxel,structural-screen-only,Authored occupied 3D cells; individual visual/detail/world consistency review is not yet established.
house_tropic_last_blue_site,5,authored-voxel,structural-screen-only,Authored occupied 3D cells; individual visual/detail/world consistency review is not yet established.
house_tropic_last_longflats,5,authored-voxel,structural-screen-only,Authored occupied 3D cells; individual visual/detail/world consistency review is not yet established.
house_tropic_last_longflats_frame,5,authored-voxel,structural-screen-only,Authored occupied 3D cells; individual visual/detail/world consistency review is not yet established.
house_tropic_last_longflats_site,5,authored-voxel,structural-screen-only,Authored occupied 3D cells; individual visual/detail/world consistency review is not yet established.
house_tropic_last_palms,5,authored-voxel,structural-screen-only,Authored occupied 3D cells; individual visual/detail/world consistency review is not yet established.
house_tropic_last_palms_frame,5,authored-voxel,structural-screen-only,Authored occupied 3D cells; individual visual/detail/world consistency review is not yet established.
house_tropic_last_palms_site,5,authored-voxel,structural-screen-only,Authored occupied 3D cells; individual visual/detail/world consistency review is not yet established.
house_tropic_last_square,5,authored-voxel,structural-screen-only,Authored occupied 3D cells; individual visual/detail/world consistency review is not yet established.
house_tropic_last_square_frame,5,authored-voxel,structural-screen-only,Authored occupied 3D cells; individual visual/detail/world consistency review is not yet established.
house_tropic_last_square_site,5,authored-voxel,structural-screen-only,Authored occupied 3D cells; individual visual/detail/world consistency review is not yet established.
house_tropic_last_twin_high,5,authored-voxel,structural-screen-only,Authored occupied 3D cells; individual visual/detail/world consistency review is not yet established.
house_tropic_last_twin_high_frame,5,authored-voxel,structural-screen-only,Authored occupied 3D cells; individual visual/detail/world consistency review is not yet established.
house_tropic_last_twin_high_site,5,authored-voxel,structural-screen-only,Authored occupied 3D cells; individual visual/detail/world consistency review is not yet established.
house_tropic_last_twin_low,5,authored-voxel,structural-screen-only,Authored occupied 3D cells; individual visual/detail/world consistency review is not yet established.
house_tropic_last_twin_low_frame,5,authored-voxel,structural-screen-only,Authored occupied 3D cells; individual visual/detail/world consistency review is not yet established.
house_tropic_last_twin_low_site,5,authored-voxel,structural-screen-only,Authored occupied 3D cells; individual visual/detail/world consistency review is not yet established.
house_tropic_small_bungalow,5,authored-voxel,structural-screen-only,Authored occupied 3D cells; individual visual/detail/world consistency review is not yet established.
house_tropic_small_bungalow_frame,5,authored-voxel,structural-screen-only,Authored occupied 3D cells; individual visual/detail/world consistency review is not yet established.
house_tropic_small_bungalow_site,5,authored-voxel,structural-screen-only,Authored occupied 3D cells; individual visual/detail/world consistency review is not yet established.
house_tropic_small_colonial,5,authored-voxel,structural-screen-only,Authored occupied 3D cells; individual visual/detail/world consistency review is not yet established.
house_tropic_small_colonial_frame,5,authored-voxel,structural-screen-only,Authored occupied 3D cells; individual visual/detail/world consistency review is not yet established.
house_tropic_small_colonial_site,5,authored-voxel,structural-screen-only,Authored occupied 3D cells; individual visual/detail/world consistency review is not yet established.
house_tropic_small_huts_blue,5,authored-voxel,structural-screen-only,Authored occupied 3D cells; individual visual/detail/world consistency review is not yet established.
house_tropic_small_huts_grey,5,authored-voxel,structural-screen-only,Authored occupied 3D cells; individual visual/detail/world consistency review is not yet established.
house_tropic_small_huts_palm,5,authored-voxel,structural-screen-only,Authored occupied 3D cells; individual visual/detail/world consistency review is not yet established.
house_tropic_small_huts_red,5,authored-voxel,structural-screen-only,Authored occupied 3D cells; individual visual/detail/world consistency review is not yet established.
house_tropic_small_striped,5,authored-voxel,structural-screen-only,Authored occupied 3D cells; individual visual/detail/world consistency review is not yet established.
house_tropic_small_striped_frame,5,authored-voxel,structural-screen-only,Authored occupied 3D cells; individual visual/detail/world consistency review is not yet established.
house_tropic_small_striped_site,5,authored-voxel,structural-screen-only,Authored occupied 3D cells; individual visual/detail/world consistency review is not yet established.
hq_ground_small_arctic_east,6,authored-voxel,individually-reviewed,"Small east Arctic owner keeps its open path, real fence posts/rails and yellow-brown soil volume at the original anchor; its own source and eight views are inspected."
hq_ground_small_arctic_north,6,authored-voxel,individually-reviewed,"Small Arctic north owner is individually inspected with the complete cottage, recessed windows, sloped roof and inset company fence above distinct ochre climate ground."
hq_ground_small_arctic_south,6,authored-voxel,individually-reviewed,"South Arctic small ground is independently inspected with its true inset fence, ochre perimeter and original body absence; exact compound cells are not duplicated."
hq_ground_small_arctic_west,6,authored-voxel,individually-reviewed,"Arctic small west source/eight-view study retains the independent hollow shed, corrugated roof, inset company fence and separately owned climate soil."
hq_ground_small_temperate_east,6,authored-voxel,individually-reviewed,Small east owner is inspected separately with an open physical entrance path and real inset fence posts/rails; source-anchored ground remains opaque and body-free.
hq_ground_small_temperate_north,6,authored-voxel,individually-reviewed,Individually inspected small north owner retains the cottage plus inset company-coloured pickets/rails and separately owned soil; openings and source absence remain real.
hq_ground_small_temperate_south,6,authored-voxel,individually-reviewed,"Small south source and eight views show a true inset fence around separately owned soil, with correct contact and no added sortable body."
hq_ground_small_temperate_west,6,authored-voxel,individually-reviewed,Small west source/eight-view inspection retains a hollow independent shed with corrugated roof and inset blue fence; neither building dimensions nor original body absence are substituted.
hq_ground_small_toyland_east,6,authored-voxel,individually-reviewed,"Small Toyland east source/eight-view study retains true castellated wall relief, an open entrance gap and separate checker ground rather than a flat facade."
hq_ground_small_toyland_north,6,authored-voxel,individually-reviewed,"Small Toyland north source/eight-view inspection retains the coherent hollow turret/flag plus real castellated curtain walls with air gaps, not a recoloured ordinary HQ."
hq_ground_small_toyland_south,6,authored-voxel,individually-reviewed,"South Toyland small owner is inspected independently with volumetric curtain walls, physical crenellation gaps and checker-ground registration; no absent body is invented."
hq_ground_small_toyland_west,6,authored-voxel,individually-reviewed,"West Toyland small owner is individually inspected with real thick curtain-wall relief, crenellation air gaps and checker courtyard; original source anchor remains distinct."
hq_ground_small_tropic_east,6,authored-voxel,individually-reviewed,"Small east tropical owner is individually inspected with the open real entrance path, inset fence and original soil/raised-edge source ownership."
hq_ground_small_tropic_north,6,authored-voxel,individually-reviewed,"Small tropical north source/eight-view inspection retains the cottage, sloped roof, recessed glazing and inset company fence on distinct pale climate soil."
hq_ground_small_tropic_south,6,authored-voxel,individually-reviewed,"South tropical small source/eight-view inspection preserves a real inset company fence, separately owned pale ground and intentional absence of a body."
hq_ground_small_tropic_west,6,authored-voxel,individually-reviewed,"The tropical small west owner retains a hollow shed, corrugated roof and real inset fence with separately registered pale soil; native/orbit/street views are inspected."
hq_ground_tiny_arctic_east,6,authored-voxel,individually-reviewed,"East Arctic source owner is inspected independently, with its pale entrance path, yellow soil flecks and correctly registered true ground relief."
hq_ground_tiny_arctic_north,6,authored-voxel,individually-reviewed,"Arctic north source/eight-view inspection retains a coherent cottage, company-coloured roof, real window recesses and separate yellow-brown original climate ground."
hq_ground_tiny_arctic_south,6,authored-voxel,individually-reviewed,South Arctic soil owner has exact separate contact and no invented building; own-source and all-eight-view inspection retains its distinct climate palette.
hq_ground_tiny_arctic_west,6,authored-voxel,individually-reviewed,"West Arctic owner keeps its own soil layer, ochre margin and original absence of a body; registered native/orbit/street views were individually inspected."
hq_ground_tiny_temperate_east,6,authored-voxel,individually-reviewed,"East owner preserves its independently anchored path and soil, with raised source-edge cells instead of a duplicated cottage facade; eight views were opened."
hq_ground_tiny_temperate_north,6,authored-voxel,individually-reviewed,"Individually inspected registered source and eight views: the complete north-owned cottage has a sloped company roof, recessed glazing, real interior and independent opaque soil."
hq_ground_tiny_temperate_south,6,authored-voxel,individually-reviewed,Separate south soil/turf volume is inspected against its own source and eight views; four-owner compound tests retain every cell exactly once.
hq_ground_tiny_temperate_west,6,authored-voxel,individually-reviewed,West source owner is independently inspected at native registration and all eight views; its thin true soil volume retains exact contact and no invented body.
hq_ground_tiny_toyland_east,6,authored-voxel,individually-reviewed,East checker-ground and door/base fragment retain their own source registration and real depth; all four orbit and four street views were inspected.
hq_ground_tiny_toyland_north,6,authored-voxel,individually-reviewed,"The original north-owned tall turret/flag is coherent real hollow XYZ geometry, not four column slices or a recoloured cottage; registered source/eight-view inspection is retained."
hq_ground_tiny_toyland_south,6,authored-voxel,individually-reviewed,Separate south Toyland checker ground is inspected against its own original and all eight views; its small turret-base corner does not duplicate the upper tower or flag.
hq_ground_tiny_toyland_west,6,authored-voxel,individually-reviewed,West Toyland owner is independently inspected with genuine checker ground and its low turret-base fragment; the complete tower/flag remains with the original north owner.
hq_ground_tiny_tropic_east,6,authored-voxel,individually-reviewed,"East tropical owner preserves the entrance path, separate original ground and raised source-edge relief without an extra cottage facade; all eight views are inspected."
hq_ground_tiny_tropic_north,6,authored-voxel,individually-reviewed,"Tropical north owner retains its cottage, inset windows and genuine sloped roof above its own pale-green climate ground; eight views are individually inspected."
hq_ground_tiny_tropic_south,6,authored-voxel,individually-reviewed,South tropical source/eight-view inspection shows exact separate soil contact and a distinct pale-green margin; no absent body is filled.
hq_ground_tiny_tropic_west,6,authored-voxel,individually-reviewed,"West tropical ground remains a separately registered thin volume with its own source palette and no body; native, orbit and street views were inspected."
industry_climate_arctic_oil_ground,5,authored-voxel,structural-screen-only,Authored occupied 3D cells; individual visual/detail/world consistency review is not yet established.
industry_climate_soil,5,authored-voxel,structural-screen-only,Authored occupied 3D cells; individual visual/detail/world consistency review is not yet established.
industry_climate_toyland_paving,5,authored-voxel,structural-screen-only,Authored occupied 3D cells; individual visual/detail/world consistency review is not yet established.
industry_climate_tropic_oil_ground,5,authored-voxel,structural-screen-only,Authored occupied 3D cells; individual visual/detail/world consistency review is not yet established.
large_office,5,authored-voxel,structural-screen-only,Authored occupied 3D cells; individual visual/detail/world consistency review is not yet established.
large_office_frame,5,authored-voxel,structural-screen-only,Authored occupied 3D cells; individual visual/detail/world consistency review is not yet established.
large_office_site,5,authored-voxel,structural-screen-only,Authored occupied 3D cells; individual visual/detail/world consistency review is not yet established.
large_office_snow,5,authored-voxel,structural-screen-only,Authored occupied 3D cells; individual visual/detail/world consistency review is not yet established.
lumber_boiler_finished,5,authored-voxel,structural-screen-only,Authored occupied 3D cells; individual visual/detail/world consistency review is not yet established.
lumber_boiler_initial,5,authored-voxel,structural-screen-only,Authored occupied 3D cells; individual visual/detail/world consistency review is not yet established.
lumber_boiler_partial,5,authored-voxel,structural-screen-only,Authored occupied 3D cells; individual visual/detail/world consistency review is not yet established.
lumber_shed_finished,5,authored-voxel,structural-screen-only,Authored occupied 3D cells; individual visual/detail/world consistency review is not yet established.
lumber_shed_initial,5,authored-voxel,structural-screen-only,Authored occupied 3D cells; individual visual/detail/world consistency review is not yet established.
lumber_shed_partial,5,authored-voxel,structural-screen-only,Authored occupied 3D cells; individual visual/detail/world consistency review is not yet established.
lumber_stock_finished,5,authored-voxel,structural-screen-only,Authored occupied 3D cells; individual visual/detail/world consistency review is not yet established.
lumber_stock_initial,5,authored-voxel,structural-screen-only,Authored occupied 3D cells; individual visual/detail/world consistency review is not yet established.
lumber_stock_partial,5,authored-voxel,structural-screen-only,Authored occupied 3D cells; individual visual/detail/world consistency review is not yet established.
lumber_yard_finished,5,authored-voxel,structural-screen-only,Authored occupied 3D cells; individual visual/detail/world consistency review is not yet established.
lumber_yard_initial,5,authored-voxel,structural-screen-only,Authored occupied 3D cells; individual visual/detail/world consistency review is not yet established.
lumber_yard_partial,5,authored-voxel,structural-screen-only,Authored occupied 3D cells; individual visual/detail/world consistency review is not yet established.
mine_engine_frame,5,authored-voxel,structural-screen-only,Authored occupied 3D cells; individual visual/detail/world consistency review is not yet established.
mine_engine_house,5,authored-voxel,structural-screen-only,Authored occupied 3D cells; individual visual/detail/world consistency review is not yet established.
mine_engine_site,5,authored-voxel,structural-screen-only,Authored occupied 3D cells; individual visual/detail/world consistency review is not yet established.
mine_ground_bare,5,authored-voxel,structural-screen-only,Authored occupied 3D cells; individual visual/detail/world consistency review is not yet established.
mine_ground_heap_left,5,authored-voxel,structural-screen-only,Authored occupied 3D cells; individual visual/detail/world consistency review is not yet established.
mine_ground_heap_right,5,authored-voxel,structural-screen-only,Authored occupied 3D cells; individual visual/detail/world consistency review is not yet established.
mine_ground_heap_small,5,authored-voxel,structural-screen-only,Authored occupied 3D cells; individual visual/detail/world consistency review is not yet established.
mine_ground_site,5,authored-voxel,structural-screen-only,Authored occupied 3D cells; individual visual/detail/world consistency review is not yet established.
mine_head_00,5,authored-voxel,structural-screen-only,Authored occupied 3D cells; individual visual/detail/world consistency review is not yet established.
mine_head_01,5,authored-voxel,structural-screen-only,Authored occupied 3D cells; individual visual/detail/world consistency review is not yet established.
mine_head_02,5,authored-voxel,structural-screen-only,Authored occupied 3D cells; individual visual/detail/world consistency review is not yet established.
mine_head_shell,5,authored-voxel,structural-screen-only,Authored occupied 3D cells; individual visual/detail/world consistency review is not yet established.
mine_head_skeleton,5,authored-voxel,structural-screen-only,Authored occupied 3D cells; individual visual/detail/world consistency review is not yet established.
mine_machine_frame,5,authored-voxel,structural-screen-only,Authored occupied 3D cells; individual visual/detail/world consistency review is not yet established.
mine_machine_house,5,authored-voxel,structural-screen-only,Authored occupied 3D cells; individual visual/detail/world consistency review is not yet established.
mine_machine_piers,5,authored-voxel,structural-screen-only,Authored occupied 3D cells; individual visual/detail/world consistency review is not yet established.
object_company_gnome,6,authored-voxel,individually-reviewed,The Toyland source/eight-view sheet and actual town-action world show an independently sculpted full-depth gnome rather than a resized normal statue. The corrected green coat and pink hand/nose paint stay on their proper body parts; original Toyland selection and company-coloured boundary fixtures are retained.
object_company_statue,6,authored-voxel,individually-reviewed,"The three normal-climate source/eight-view sheets and actual town-action statues retain a full-depth human sculpture, stepped pedestal and eight independently company-coloured edge bollards around an open walkway. The concrete source ground and actual town-action/company ownership remain separate."
object_lighthouse,6,authored-voxel,individually-reviewed,"The two supported-climate source/eight-view sheets and natural coastal worlds show a tapered rounded masonry shaft, recessed openings, genuine open lantern cage and independently supported conical roof. The original4,4 body anchor, separate terrain and lamp paint are retained; all four original lamp triples are observed without forcing the palette clock."
object_owned_land_sign,7,authored-voxel,individually-reviewed,"Individually inspected in all four source/eight-view sheets and flat/naturally sloped public-command worlds. The corrected +X board has real half-unit thickness, independent company paint/letter relief and a post rooted at the actual doubled slope; the original bare-land chart is not replaced or flattened."
object_transmitter,6,authored-voxel,individually-reviewed,"Individually inspected in the three supported-climate registered source/eight-view sheets and close generated worlds. The mast retains real lattice openings, guy wires, dishes and paired palette beacons, with the independently airport-owned fence removed; original anchor7,7 remains unchanged."
office_lift,5,authored-voxel,structural-screen-only,Authored occupied 3D cells; individual visual/detail/world consistency review is not yet established.
oilrig_derrick,5,authored-voxel,structural-screen-only,Authored occupied 3D cells; individual visual/detail/world consistency review is not yet established.
oilrig_derrick_initial,5,authored-voxel,structural-screen-only,Authored occupied 3D cells; individual visual/detail/world consistency review is not yet established.
oilrig_derrick_partial,5,authored-voxel,structural-screen-only,Authored occupied 3D cells; individual visual/detail/world consistency review is not yet established.
oilrig_flare,5,authored-voxel,structural-screen-only,Authored occupied 3D cells; individual visual/detail/world consistency review is not yet established.
oilrig_helipad,5,authored-voxel,structural-screen-only,Authored occupied 3D cells; individual visual/detail/world consistency review is not yet established.
oilrig_helipad_initial,5,authored-voxel,structural-screen-only,Authored occupied 3D cells; individual visual/detail/world consistency review is not yet established.
oilrig_helipad_partial,5,authored-voxel,structural-screen-only,Authored occupied 3D cells; individual visual/detail/world consistency review is not yet established.
oilrig_office,5,authored-voxel,structural-screen-only,Authored occupied 3D cells; individual visual/detail/world consistency review is not yet established.
oilrig_office_initial,5,authored-voxel,structural-screen-only,Authored occupied 3D cells; individual visual/detail/world consistency review is not yet established.
oilrig_office_partial,5,authored-voxel,structural-screen-only,Authored occupied 3D cells; individual visual/detail/world consistency review is not yet established.
oilrig_toyland_water_ground,5,authored-voxel,structural-screen-only,Authored occupied 3D cells; individual visual/detail/world consistency review is not yet established.
oilrig_water_ground,5,authored-voxel,structural-screen-only,Authored occupied 3D cells; individual visual/detail/world consistency review is not yet established.
oilwell_ground,5,authored-voxel,structural-screen-only,Authored occupied 3D cells; individual visual/detail/world consistency review is not yet established.
oilwell_pump_0,5,authored-voxel,structural-screen-only,Authored occupied 3D cells; individual visual/detail/world consistency review is not yet established.
oilwell_pump_1,5,authored-voxel,structural-screen-only,Authored occupied 3D cells; individual visual/detail/world consistency review is not yet established.
oilwell_pump_2,5,authored-voxel,structural-screen-only,Authored occupied 3D cells; individual visual/detail/world consistency review is not yet established.
oilwell_pump_3,5,authored-voxel,structural-screen-only,Authored occupied 3D cells; individual visual/detail/world consistency review is not yet established.
oilwell_pump_4,5,authored-voxel,structural-screen-only,Authored occupied 3D cells; individual visual/detail/world consistency review is not yet established.
oilwell_pump_5,5,authored-voxel,structural-screen-only,Authored occupied 3D cells; individual visual/detail/world consistency review is not yet established.
ore_100_finished,5,authored-voxel,structural-screen-only,Authored occupied 3D cells; individual visual/detail/world consistency review is not yet established.
ore_100_initial,5,authored-voxel,structural-screen-only,Authored occupied 3D cells; individual visual/detail/world consistency review is not yet established.
ore_100_middle,5,authored-voxel,structural-screen-only,Authored occupied 3D cells; individual visual/detail/world consistency review is not yet established.
ore_101_finished,5,authored-voxel,structural-screen-only,Authored occupied 3D cells; individual visual/detail/world consistency review is not yet established.
ore_101_initial,5,authored-voxel,structural-screen-only,Authored occupied 3D cells; individual visual/detail/world consistency review is not yet established.
ore_101_middle,5,authored-voxel,structural-screen-only,Authored occupied 3D cells; individual visual/detail/world consistency review is not yet established.
ore_102_finished,5,authored-voxel,structural-screen-only,Authored occupied 3D cells; individual visual/detail/world consistency review is not yet established.
ore_102_initial,5,authored-voxel,structural-screen-only,Authored occupied 3D cells; individual visual/detail/world consistency review is not yet established.
ore_102_middle,5,authored-voxel,structural-screen-only,Authored occupied 3D cells; individual visual/detail/world consistency review is not yet established.
ore_103_finished,5,authored-voxel,structural-screen-only,Authored occupied 3D cells; individual visual/detail/world consistency review is not yet established.
ore_103_initial,5,authored-voxel,structural-screen-only,Authored occupied 3D cells; individual visual/detail/world consistency review is not yet established.
ore_103_middle,5,authored-voxel,structural-screen-only,Authored occupied 3D cells; individual visual/detail/world consistency review is not yet established.
ore_104_finished,5,authored-voxel,structural-screen-only,Authored occupied 3D cells; individual visual/detail/world consistency review is not yet established.
ore_104_initial,5,authored-voxel,structural-screen-only,Authored occupied 3D cells; individual visual/detail/world consistency review is not yet established.
ore_104_middle,5,authored-voxel,structural-screen-only,Authored occupied 3D cells; individual visual/detail/world consistency review is not yet established.
ore_105_finished,5,authored-voxel,structural-screen-only,Authored occupied 3D cells; individual visual/detail/world consistency review is not yet established.
ore_105_initial,5,authored-voxel,structural-screen-only,Authored occupied 3D cells; individual visual/detail/world consistency review is not yet established.
ore_105_middle,5,authored-voxel,structural-screen-only,Authored occupied 3D cells; individual visual/detail/world consistency review is not yet established.
ore_106_finished,5,authored-voxel,structural-screen-only,Authored occupied 3D cells; individual visual/detail/world consistency review is not yet established.
ore_106_initial,5,authored-voxel,structural-screen-only,Authored occupied 3D cells; individual visual/detail/world consistency review is not yet established.
ore_106_middle,5,authored-voxel,structural-screen-only,Authored occupied 3D cells; individual visual/detail/world consistency review is not yet established.
ore_107_finished,5,authored-voxel,structural-screen-only,Authored occupied 3D cells; individual visual/detail/world consistency review is not yet established.
ore_107_initial,5,authored-voxel,structural-screen-only,Authored occupied 3D cells; individual visual/detail/world consistency review is not yet established.
ore_107_middle,5,authored-voxel,structural-screen-only,Authored occupied 3D cells; individual visual/detail/world consistency review is not yet established.
ore_108_finished,5,authored-voxel,structural-screen-only,Authored occupied 3D cells; individual visual/detail/world consistency review is not yet established.
ore_108_initial,5,authored-voxel,structural-screen-only,Authored occupied 3D cells; individual visual/detail/world consistency review is not yet established.
ore_108_middle,5,authored-voxel,structural-screen-only,Authored occupied 3D cells; individual visual/detail/world consistency review is not yet established.
ore_109_finished,5,authored-voxel,structural-screen-only,Authored occupied 3D cells; individual visual/detail/world consistency review is not yet established.
ore_109_initial,5,authored-voxel,structural-screen-only,Authored occupied 3D cells; individual visual/detail/world consistency review is not yet established.
ore_109_middle,5,authored-voxel,structural-screen-only,Authored occupied 3D cells; individual visual/detail/world consistency review is not yet established.
ore_110_finished,5,authored-voxel,structural-screen-only,Authored occupied 3D cells; individual visual/detail/world consistency review is not yet established.
ore_110_initial,5,authored-voxel,structural-screen-only,Authored occupied 3D cells; individual visual/detail/world consistency review is not yet established.
ore_110_middle,5,authored-voxel,structural-screen-only,Authored occupied 3D cells; individual visual/detail/world consistency review is not yet established.
ore_111_finished,5,authored-voxel,structural-screen-only,Authored occupied 3D cells; individual visual/detail/world consistency review is not yet established.
ore_111_initial,5,authored-voxel,structural-screen-only,Authored occupied 3D cells; individual visual/detail/world consistency review is not yet established.
ore_111_middle,5,authored-voxel,structural-screen-only,Authored occupied 3D cells; individual visual/detail/world consistency review is not yet established.
ore_112_finished,5,authored-voxel,structural-screen-only,Authored occupied 3D cells; individual visual/detail/world consistency review is not yet established.
ore_112_initial,5,authored-voxel,structural-screen-only,Authored occupied 3D cells; individual visual/detail/world consistency review is not yet established.
ore_112_middle,5,authored-voxel,structural-screen-only,Authored occupied 3D cells; individual visual/detail/world consistency review is not yet established.
ore_113_finished,5,authored-voxel,structural-screen-only,Authored occupied 3D cells; individual visual/detail/world consistency review is not yet established.
ore_113_initial,5,authored-voxel,structural-screen-only,Authored occupied 3D cells; individual visual/detail/world consistency review is not yet established.
ore_113_middle,5,authored-voxel,structural-screen-only,Authored occupied 3D cells; individual visual/detail/world consistency review is not yet established.
ore_114_finished,5,authored-voxel,structural-screen-only,Authored occupied 3D cells; individual visual/detail/world consistency review is not yet established.
ore_114_initial,5,authored-voxel,structural-screen-only,Authored occupied 3D cells; individual visual/detail/world consistency review is not yet established.
ore_114_middle,5,authored-voxel,structural-screen-only,Authored occupied 3D cells; individual visual/detail/world consistency review is not yet established.
ore_115_finished,5,authored-voxel,structural-screen-only,Authored occupied 3D cells; individual visual/detail/world consistency review is not yet established.
ore_115_initial,5,authored-voxel,structural-screen-only,Authored occupied 3D cells; individual visual/detail/world consistency review is not yet established.
ore_115_middle,5,authored-voxel,structural-screen-only,Authored occupied 3D cells; individual visual/detail/world consistency review is not yet established.
paper_boiler,5,authored-voxel,structural-screen-only,Authored occupied 3D cells; individual visual/detail/world consistency review is not yet established.
paper_boiler_partial,5,authored-voxel,structural-screen-only,Authored occupied 3D cells; individual visual/detail/world consistency review is not yet established.
paper_boiler_stocked,5,authored-voxel,structural-screen-only,Authored occupied 3D cells; individual visual/detail/world consistency review is not yet established.
paper_loading_shelter,5,authored-voxel,structural-screen-only,Authored occupied 3D cells; individual visual/detail/world consistency review is not yet established.
paper_office,5,authored-voxel,structural-screen-only,Authored occupied 3D cells; individual visual/detail/world consistency review is not yet established.
paper_office_initial,5,authored-voxel,structural-screen-only,Authored occupied 3D cells; individual visual/detail/world consistency review is not yet established.
paper_office_partial,5,authored-voxel,structural-screen-only,Authored occupied 3D cells; individual visual/detail/world consistency review is not yet established.
paper_process,5,authored-voxel,structural-screen-only,Authored occupied 3D cells; individual visual/detail/world consistency review is not yet established.
paper_process_initial,5,authored-voxel,structural-screen-only,Authored occupied 3D cells; individual visual/detail/world consistency review is not yet established.
paper_process_partial,5,authored-voxel,structural-screen-only,Authored occupied 3D cells; individual visual/detail/world consistency review is not yet established.
paper_ventilation,5,authored-voxel,structural-screen-only,Authored occupied 3D cells; individual visual/detail/world consistency review is not yet established.
paper_yard,5,authored-voxel,structural-screen-only,Authored occupied 3D cells; individual visual/detail/world consistency review is not yet established.
paper_yard_initial,5,authored-voxel,structural-screen-only,Authored occupied 3D cells; individual visual/detail/world consistency review is not yet established.
paper_yard_lumber,5,authored-voxel,structural-screen-only,Authored occupied 3D cells; individual visual/detail/world consistency review is not yet established.
paper_yard_partial,5,authored-voxel,structural-screen-only,Authored occupied 3D cells; individual visual/detail/world consistency review is not yet established.
park_autumn,5,authored-voxel,structural-screen-only,Authored occupied 3D cells; individual visual/detail/world consistency review is not yet established.
park_pond,5,authored-voxel,structural-screen-only,Authored occupied 3D cells; individual visual/detail/world consistency review is not yet established.
plantation_banana,5,authored-voxel,structural-screen-only,Authored occupied 3D cells; individual visual/detail/world consistency review is not yet established.
plantation_ground,5,authored-voxel,structural-screen-only,Authored occupied 3D cells; individual visual/detail/world consistency review is not yet established.
plantation_rubber,5,authored-voxel,structural-screen-only,Authored occupied 3D cells; individual visual/detail/world consistency review is not yet established.
plastic_ground_0,5,authored-voxel,structural-screen-only,Authored occupied 3D cells; individual visual/detail/world consistency review is not yet established.
plastic_ground_1,5,authored-voxel,structural-screen-only,Authored occupied 3D cells; individual visual/detail/world consistency review is not yet established.
plastic_ground_2,5,authored-voxel,structural-screen-only,Authored occupied 3D cells; individual visual/detail/world consistency review is not yet established.
plastic_ground_3,5,authored-voxel,structural-screen-only,Authored occupied 3D cells; individual visual/detail/world consistency review is not yet established.
plastic_ground_4,5,authored-voxel,structural-screen-only,Authored occupied 3D cells; individual visual/detail/world consistency review is not yet established.
plastic_ground_5,5,authored-voxel,structural-screen-only,Authored occupied 3D cells; individual visual/detail/world consistency review is not yet established.
plastic_ground_6,5,authored-voxel,structural-screen-only,Authored occupied 3D cells; individual visual/detail/world consistency review is not yet established.
plastic_ground_7,5,authored-voxel,structural-screen-only,Authored occupied 3D cells; individual visual/detail/world consistency review is not yet established.
plastic_splash_0,5,authored-voxel,structural-screen-only,Authored occupied 3D cells; individual visual/detail/world consistency review is not yet established.
plastic_splash_1,5,authored-voxel,structural-screen-only,Authored occupied 3D cells; individual visual/detail/world consistency review is not yet established.
plastic_splash_2,5,authored-voxel,structural-screen-only,Authored occupied 3D cells; individual visual/detail/world consistency review is not yet established.
plastic_splash_3,5,authored-voxel,structural-screen-only,Authored occupied 3D cells; individual visual/detail/world consistency review is not yet established.
plastic_splash_4,5,authored-voxel,structural-screen-only,Authored occupied 3D cells; individual visual/detail/world consistency review is not yet established.
plastic_splash_5,5,authored-voxel,structural-screen-only,Authored occupied 3D cells; individual visual/detail/world consistency review is not yet established.
plastic_splash_6,5,authored-voxel,structural-screen-only,Authored occupied 3D cells; individual visual/detail/world consistency review is not yet established.
plastic_splash_7,5,authored-voxel,structural-screen-only,Authored occupied 3D cells; individual visual/detail/world consistency review is not yet established.
power_boiler_frame,5,authored-voxel,structural-screen-only,Authored occupied 3D cells; individual visual/detail/world consistency review is not yet established.
power_boiler_house,5,authored-voxel,structural-screen-only,Authored occupied 3D cells; individual visual/detail/world consistency review is not yet established.
power_cooling_base,5,authored-voxel,structural-screen-only,Authored occupied 3D cells; individual visual/detail/world consistency review is not yet established.
power_cooling_shell,5,authored-voxel,structural-screen-only,Authored occupied 3D cells; individual visual/detail/world consistency review is not yet established.
power_cooling_tower,5,authored-voxel,structural-screen-only,Authored occupied 3D cells; individual visual/detail/world consistency review is not yet established.
power_generator_frame,5,authored-voxel,structural-screen-only,Authored occupied 3D cells; individual visual/detail/world consistency review is not yet established.
power_generator_house,5,authored-voxel,structural-screen-only,Authored occupied 3D cells; individual visual/detail/world consistency review is not yet established.
power_spark_1,5,authored-voxel,structural-screen-only,Authored occupied 3D cells; individual visual/detail/world consistency review is not yet established.
power_spark_2,5,authored-voxel,structural-screen-only,Authored occupied 3D cells; individual visual/detail/world consistency review is not yet established.
power_spark_3,5,authored-voxel,structural-screen-only,Authored occupied 3D cells; individual visual/detail/world consistency review is not yet established.
power_spark_4,5,authored-voxel,structural-screen-only,Authored occupied 3D cells; individual visual/detail/world consistency review is not yet established.
power_spark_5,5,authored-voxel,structural-screen-only,Authored occupied 3D cells; individual visual/detail/world consistency review is not yet established.
power_spark_6,5,authored-voxel,structural-screen-only,Authored occupied 3D cells; individual visual/detail/world consistency review is not yet established.
power_transformer,5,authored-voxel,structural-screen-only,Authored occupied 3D cells; individual visual/detail/world consistency review is not yet established.
print_east_finished,5,authored-voxel,structural-screen-only,Authored occupied 3D cells; individual visual/detail/world consistency review is not yet established.
print_east_initial,5,authored-voxel,structural-screen-only,Authored occupied 3D cells; individual visual/detail/world consistency review is not yet established.
print_east_partial,5,authored-voxel,structural-screen-only,Authored occupied 3D cells; individual visual/detail/world consistency review is not yet established.
print_north_finished,5,authored-voxel,structural-screen-only,Authored occupied 3D cells; individual visual/detail/world consistency review is not yet established.
print_north_initial,5,authored-voxel,structural-screen-only,Authored occupied 3D cells; individual visual/detail/world consistency review is not yet established.
print_north_partial,5,authored-voxel,structural-screen-only,Authored occupied 3D cells; individual visual/detail/world consistency review is not yet established.
print_site_ground,5,authored-voxel,structural-screen-only,Authored occupied 3D cells; individual visual/detail/world consistency review is not yet established.
print_south_finished,5,authored-voxel,structural-screen-only,Authored occupied 3D cells; individual visual/detail/world consistency review is not yet established.
print_south_initial,5,authored-voxel,structural-screen-only,Authored occupied 3D cells; individual visual/detail/world consistency review is not yet established.
print_south_partial,5,authored-voxel,structural-screen-only,Authored occupied 3D cells; individual visual/detail/world consistency review is not yet established.
print_west_finished,5,authored-voxel,structural-screen-only,Authored occupied 3D cells; individual visual/detail/world consistency review is not yet established.
print_west_initial,5,authored-voxel,structural-screen-only,Authored occupied 3D cells; individual visual/detail/world consistency review is not yet established.
print_west_partial,5,authored-voxel,structural-screen-only,Authored occupied 3D cells; individual visual/detail/world consistency review is not yet established.
rail_collector_sh_front,5,authored-voxel,structural-screen-only,Authored occupied 3D cells; individual visual/detail/world consistency review is not yet established.
rail_collector_sh_rear,5,authored-voxel,structural-screen-only,Authored occupied 3D cells; individual visual/detail/world consistency review is not yet established.
rail_collector_single,5,authored-voxel,structural-screen-only,Authored occupied 3D cells; individual visual/detail/world consistency review is not yet established.
rail_depot_classic_ne,5,authored-voxel,structural-screen-only,Authored occupied 3D cells; individual visual/detail/world consistency review is not yet established.
rail_depot_classic_nw,5,authored-voxel,structural-screen-only,Authored occupied 3D cells; individual visual/detail/world consistency review is not yet established.
rail_depot_classic_se,5,authored-voxel,structural-screen-only,Authored occupied 3D cells; individual visual/detail/world consistency review is not yet established.
rail_depot_classic_sw,5,authored-voxel,structural-screen-only,Authored occupied 3D cells; individual visual/detail/world consistency review is not yet established.
rail_depot_floor_desert,5,authored-voxel,structural-screen-only,Authored occupied 3D cells; individual visual/detail/world consistency review is not yet established.
rail_depot_floor_grass,5,authored-voxel,structural-screen-only,Authored occupied 3D cells; individual visual/detail/world consistency review is not yet established.
rail_depot_floor_snow,5,authored-voxel,structural-screen-only,Authored occupied 3D cells; individual visual/detail/world consistency review is not yet established.
rail_depot_floor_toyland,5,authored-voxel,structural-screen-only,Authored occupied 3D cells; individual visual/detail/world consistency review is not yet established.
rail_depot_maglev_ne,5,authored-voxel,structural-screen-only,Authored occupied 3D cells; individual visual/detail/world consistency review is not yet established.
rail_depot_maglev_nw,5,authored-voxel,structural-screen-only,Authored occupied 3D cells; individual visual/detail/world consistency review is not yet established.
rail_depot_maglev_se,5,authored-voxel,structural-screen-only,Authored occupied 3D cells; individual visual/detail/world consistency review is not yet established.
rail_depot_maglev_sw,5,authored-voxel,structural-screen-only,Authored occupied 3D cells; individual visual/detail/world consistency review is not yet established.
rail_depot_mono_ne,5,authored-voxel,structural-screen-only,Authored occupied 3D cells; individual visual/detail/world consistency review is not yet established.
rail_depot_mono_nw,5,authored-voxel,structural-screen-only,Authored occupied 3D cells; individual visual/detail/world consistency review is not yet established.
rail_depot_mono_se,5,authored-voxel,structural-screen-only,Authored occupied 3D cells; individual visual/detail/world consistency review is not yet established.
rail_depot_mono_sw,5,authored-voxel,structural-screen-only,Authored occupied 3D cells; individual visual/detail/world consistency review is not yet established.
rail_depot_wire,5,authored-voxel,structural-screen-only,Authored occupied 3D cells; individual visual/detail/world consistency review is not yet established.
rail_loco_a4,5,authored-voxel,structural-screen-only,Authored occupied 3D cells; individual visual/detail/world consistency review is not yet established.
rail_loco_asiastar,5,authored-voxel,structural-screen-only,Authored occupied 3D cells; individual visual/detail/world consistency review is not yet established.
rail_loco_centennial_arctic,5,authored-voxel,structural-screen-only,Authored occupied 3D cells; individual visual/detail/world consistency review is not yet established.
rail_loco_centennial_tropic,5,authored-voxel,structural-screen-only,Authored occupied 3D cells; individual visual/detail/world consistency review is not yet established.
rail_loco_chimaera,5,authored-voxel,structural-screen-only,Authored occupied 3D cells; individual visual/detail/world consistency review is not yet established.
rail_loco_cs2400_arctic,5,authored-voxel,structural-screen-only,Authored occupied 3D cells; individual visual/detail/world consistency review is not yet established.
rail_loco_cs2400_tropic,5,authored-voxel,structural-screen-only,Authored occupied 3D cells; individual visual/detail/world consistency review is not yet established.
rail_loco_cs4000_arctic,5,authored-voxel,structural-screen-only,Authored occupied 3D cells; individual visual/detail/world consistency review is not yet established.
rail_loco_cs4000_tropic,5,authored-voxel,structural-screen-only,Authored occupied 3D cells; individual visual/detail/world consistency review is not yet established.
rail_loco_cyclops,5,authored-voxel,structural-screen-only,Authored occupied 3D cells; individual visual/detail/world consistency review is not yet established.
rail_loco_dash,5,authored-voxel,structural-screen-only,Authored occupied 3D cells; individual visual/detail/world consistency review is not yet established.
rail_loco_dmu,5,authored-voxel,structural-screen-only,Authored occupied 3D cells; individual visual/detail/world consistency review is not yet established.
rail_loco_hendry,5,authored-voxel,structural-screen-only,Authored occupied 3D cells; individual visual/detail/world consistency review is not yet established.
rail_loco_jubilee,5,authored-voxel,structural-screen-only,Authored occupied 3D cells; individual visual/detail/world consistency review is not yet established.
rail_loco_kelling_arctic,5,authored-voxel,structural-screen-only,Authored occupied 3D cells; individual visual/detail/world consistency review is not yet established.
rail_loco_kelling_tropic,5,authored-voxel,structural-screen-only,Authored occupied 3D cells; individual visual/detail/world consistency review is not yet established.
rail_loco_kirby,5,authored-voxel,structural-screen-only,Authored occupied 3D cells; individual visual/detail/world consistency review is not yet established.
rail_loco_leviathan,5,authored-voxel,structural-screen-only,Authored occupied 3D cells; individual visual/detail/world consistency review is not yet established.
rail_loco_mightymover,5,authored-voxel,structural-screen-only,Authored occupied 3D cells; individual visual/detail/world consistency review is not yet established.
rail_loco_millennium,5,authored-voxel,structural-screen-only,Authored occupied 3D cells; individual visual/detail/world consistency review is not yet established.
rail_loco_mjs1000_arctic,5,authored-voxel,structural-screen-only,Authored occupied 3D cells; individual visual/detail/world consistency review is not yet established.
rail_loco_mjs1000_tropic,5,authored-voxel,structural-screen-only,Authored occupied 3D cells; individual visual/detail/world consistency review is not yet established.
rail_loco_mjs250_arctic,5,authored-voxel,structural-screen-only,Authored occupied 3D cells; individual visual/detail/world consistency review is not yet established.
rail_loco_mjs250_tropic,5,authored-voxel,structural-screen-only,Authored occupied 3D cells; individual visual/detail/world consistency review is not yet established.
rail_loco_pegasus,5,authored-voxel,structural-screen-only,Authored occupied 3D cells; individual visual/detail/world consistency review is not yet established.
rail_loco_ploddyphut,5,authored-voxel,structural-screen-only,Authored occupied 3D cells; individual visual/detail/world consistency review is not yet established.
rail_loco_powernaut,5,authored-voxel,structural-screen-only,Authored occupied 3D cells; individual visual/detail/world consistency review is not yet established.
rail_loco_sh125,5,authored-voxel,structural-screen-only,Authored occupied 3D cells; individual visual/detail/world consistency review is not yet established.
rail_loco_tim,5,authored-voxel,structural-screen-only,Authored occupied 3D cells; individual visual/detail/world consistency review is not yet established.
rail_loco_toy_ploddy_diesel,5,authored-voxel,structural-screen-only,Authored occupied 3D cells; individual visual/detail/world consistency review is not yet established.
rail_loco_toy_powernaut_diesel,5,authored-voxel,structural-screen-only,Authored occupied 3D cells; individual visual/detail/world consistency review is not yet established.
rail_loco_toy_rocketeer,5,authored-voxel,structural-screen-only,Authored occupied 3D cells; individual visual/detail/world consistency review is not yet established.
rail_loco_toy_wizzowow,5,authored-voxel,structural-screen-only,Authored occupied 3D cells; individual visual/detail/world consistency review is not yet established.
rail_loco_turner_arctic,5,authored-voxel,structural-screen-only,Authored occupied 3D cells; individual visual/detail/world consistency review is not yet established.
rail_loco_turner_tropic,5,authored-voxel,structural-screen-only,Authored occupied 3D cells; individual visual/detail/world consistency review is not yet established.
rail_loco_uu37,5,authored-voxel,structural-screen-only,Authored occupied 3D cells; individual visual/detail/world consistency review is not yet established.
rail_loco_wills,5,authored-voxel,structural-screen-only,Authored occupied 3D cells; individual visual/detail/world consistency review is not yet established.
rail_loco_x2001,5,authored-voxel,structural-screen-only,Authored occupied 3D cells; individual visual/detail/world consistency review is not yet established.
rail_sh_electric,5,authored-voxel,structural-screen-only,Authored occupied 3D cells; individual visual/detail/world consistency review is not yet established.
red_z_office,5,authored-voxel,structural-screen-only,Authored occupied 3D cells; individual visual/detail/world consistency review is not yet established.
red_z_office_frame,5,authored-voxel,structural-screen-only,Authored occupied 3D cells; individual visual/detail/world consistency review is not yet established.
red_z_office_site,5,authored-voxel,structural-screen-only,Authored occupied 3D cells; individual visual/detail/world consistency review is not yet established.
refinery_cooler,5,authored-voxel,structural-screen-only,Authored occupied 3D cells; individual visual/detail/world consistency review is not yet established.
refinery_cooler_build,5,authored-voxel,structural-screen-only,Authored occupied 3D cells; individual visual/detail/world consistency review is not yet established.
refinery_cooler_site,5,authored-voxel,structural-screen-only,Authored occupied 3D cells; individual visual/detail/world consistency review is not yet established.
refinery_flare,5,authored-voxel,structural-screen-only,Authored occupied 3D cells; individual visual/detail/world consistency review is not yet established.
refinery_flare_open,5,authored-voxel,structural-screen-only,Authored occupied 3D cells; individual visual/detail/world consistency review is not yet established.
refinery_flare_site,5,authored-voxel,structural-screen-only,Authored occupied 3D cells; individual visual/detail/world consistency review is not yet established.
refinery_fractionator,5,authored-voxel,structural-screen-only,Authored occupied 3D cells; individual visual/detail/world consistency review is not yet established.
refinery_fractionator_open,5,authored-voxel,structural-screen-only,Authored occupied 3D cells; individual visual/detail/world consistency review is not yet established.
refinery_fractionator_site,5,authored-voxel,structural-screen-only,Authored occupied 3D cells; individual visual/detail/world consistency review is not yet established.
refinery_office,5,authored-voxel,structural-screen-only,Authored occupied 3D cells; individual visual/detail/world consistency review is not yet established.
refinery_office_build,5,authored-voxel,structural-screen-only,Authored occupied 3D cells; individual visual/detail/world consistency review is not yet established.
refinery_office_site,5,authored-voxel,structural-screen-only,Authored occupied 3D cells; individual visual/detail/world consistency review is not yet established.
refinery_paved_ground,5,authored-voxel,structural-screen-only,Authored occupied 3D cells; individual visual/detail/world consistency review is not yet established.
refinery_process,5,authored-voxel,structural-screen-only,Authored occupied 3D cells; individual visual/detail/world consistency review is not yet established.
refinery_process_build,5,authored-voxel,structural-screen-only,Authored occupied 3D cells; individual visual/detail/world consistency review is not yet established.
refinery_process_site,5,authored-voxel,structural-screen-only,Authored occupied 3D cells; individual visual/detail/world consistency review is not yet established.
refinery_tank,5,authored-voxel,structural-screen-only,Authored occupied 3D cells; individual visual/detail/world consistency review is not yet established.
refinery_tank_open,5,authored-voxel,structural-screen-only,Authored occupied 3D cells; individual visual/detail/world consistency review is not yet established.
refinery_tank_site,5,authored-voxel,structural-screen-only,Authored occupied 3D cells; individual visual/detail/world consistency review is not yet established.
road_balogh_coal_empty,5,authored-voxel,structural-screen-only,Authored occupied 3D cells; individual visual/detail/world consistency review is not yet established.
road_balogh_coal_loaded,5,authored-voxel,structural-screen-only,Authored occupied 3D cells; individual visual/detail/world consistency review is not yet established.
road_bus_foster_mk2,5,authored-voxel,structural-screen-only,Authored occupied 3D cells; individual visual/detail/world consistency review is not yet established.
road_bus_hereford,5,authored-voxel,structural-screen-only,Authored occupied 3D cells; individual visual/detail/world consistency review is not yet established.
road_bus_ploddyphut,5,authored-voxel,structural-screen-only,Authored occupied 3D cells; individual visual/detail/world consistency review is not yet established.
road_bus_regal,5,authored-voxel,structural-screen-only,Authored occupied 3D cells; individual visual/detail/world consistency review is not yet established.
road_climate_copper_mid_empty,5,authored-voxel,structural-screen-only,Authored occupied 3D cells; individual visual/detail/world consistency review is not yet established.
road_climate_copper_mid_loaded,5,authored-voxel,structural-screen-only,Authored occupied 3D cells; individual visual/detail/world consistency review is not yet established.
road_climate_copper_new_empty,5,authored-voxel,structural-screen-only,Authored occupied 3D cells; individual visual/detail/world consistency review is not yet established.
road_climate_copper_new_loaded,5,authored-voxel,structural-screen-only,Authored occupied 3D cells; individual visual/detail/world consistency review is not yet established.
road_climate_copper_old_empty,5,authored-voxel,structural-screen-only,Authored occupied 3D cells; individual visual/detail/world consistency review is not yet established.
road_climate_copper_old_loaded,5,authored-voxel,structural-screen-only,Authored occupied 3D cells; individual visual/detail/world consistency review is not yet established.
road_climate_food_arctic_mid,5,authored-voxel,structural-screen-only,Authored occupied 3D cells; individual visual/detail/world consistency review is not yet established.
road_climate_food_arctic_new,5,authored-voxel,structural-screen-only,Authored occupied 3D cells; individual visual/detail/world consistency review is not yet established.
road_climate_food_arctic_old,5,authored-voxel,structural-screen-only,Authored occupied 3D cells; individual visual/detail/world consistency review is not yet established.
road_climate_food_tropic_mid,5,authored-voxel,structural-screen-only,Authored occupied 3D cells; individual visual/detail/world consistency review is not yet established.
road_climate_food_tropic_new,5,authored-voxel,structural-screen-only,Authored occupied 3D cells; individual visual/detail/world consistency review is not yet established.
road_climate_food_tropic_old,5,authored-voxel,structural-screen-only,Authored occupied 3D cells; individual visual/detail/world consistency review is not yet established.
road_climate_fruit_mid_empty,5,authored-voxel,structural-screen-only,Authored occupied 3D cells; individual visual/detail/world consistency review is not yet established.
road_climate_fruit_mid_loaded,5,authored-voxel,structural-screen-only,Authored occupied 3D cells; individual visual/detail/world consistency review is not yet established.
road_climate_fruit_new_empty,5,authored-voxel,structural-screen-only,Authored occupied 3D cells; individual visual/detail/world consistency review is not yet established.
road_climate_fruit_new_loaded,5,authored-voxel,structural-screen-only,Authored occupied 3D cells; individual visual/detail/world consistency review is not yet established.
road_climate_fruit_old_empty,5,authored-voxel,structural-screen-only,Authored occupied 3D cells; individual visual/detail/world consistency review is not yet established.
road_climate_fruit_old_loaded,5,authored-voxel,structural-screen-only,Authored occupied 3D cells; individual visual/detail/world consistency review is not yet established.
road_climate_paper_mid_empty,5,authored-voxel,structural-screen-only,Authored occupied 3D cells; individual visual/detail/world consistency review is not yet established.
road_climate_paper_mid_loaded,5,authored-voxel,structural-screen-only,Authored occupied 3D cells; individual visual/detail/world consistency review is not yet established.
road_climate_paper_new_empty,5,authored-voxel,structural-screen-only,Authored occupied 3D cells; individual visual/detail/world consistency review is not yet established.
road_climate_paper_new_loaded,5,authored-voxel,structural-screen-only,Authored occupied 3D cells; individual visual/detail/world consistency review is not yet established.
road_climate_paper_old_empty,5,authored-voxel,structural-screen-only,Authored occupied 3D cells; individual visual/detail/world consistency review is not yet established.
road_climate_paper_old_loaded,5,authored-voxel,structural-screen-only,Authored occupied 3D cells; individual visual/detail/world consistency review is not yet established.
road_climate_rubber_mid_empty,5,authored-voxel,structural-screen-only,Authored occupied 3D cells; individual visual/detail/world consistency review is not yet established.
road_climate_rubber_mid_loaded,5,authored-voxel,structural-screen-only,Authored occupied 3D cells; individual visual/detail/world consistency review is not yet established.
road_climate_rubber_new_empty,5,authored-voxel,structural-screen-only,Authored occupied 3D cells; individual visual/detail/world consistency review is not yet established.
road_climate_rubber_new_loaded,5,authored-voxel,structural-screen-only,Authored occupied 3D cells; individual visual/detail/world consistency review is not yet established.
road_climate_rubber_old_empty,5,authored-voxel,structural-screen-only,Authored occupied 3D cells; individual visual/detail/world consistency review is not yet established.
road_climate_rubber_old_loaded,5,authored-voxel,structural-screen-only,Authored occupied 3D cells; individual visual/detail/world consistency review is not yet established.
road_climate_water_mid,5,authored-voxel,structural-screen-only,Authored occupied 3D cells; individual visual/detail/world consistency review is not yet established.
road_climate_water_new,5,authored-voxel,structural-screen-only,Authored occupied 3D cells; individual visual/detail/world consistency review is not yet established.
road_climate_water_old,5,authored-voxel,structural-screen-only,Authored occupied 3D cells; individual visual/detail/world consistency review is not yet established.
road_depot_floor,5,authored-voxel,structural-screen-only,Authored occupied 3D cells; individual visual/detail/world consistency review is not yet established.
road_depot_ne,5,authored-voxel,structural-screen-only,Authored occupied 3D cells; individual visual/detail/world consistency review is not yet established.
road_depot_nw,5,authored-voxel,structural-screen-only,Authored occupied 3D cells; individual visual/detail/world consistency review is not yet established.
road_depot_se,5,authored-voxel,structural-screen-only,Authored occupied 3D cells; individual visual/detail/world consistency review is not yet established.
road_depot_sw,5,authored-voxel,structural-screen-only,Authored occupied 3D cells; individual visual/detail/world consistency review is not yet established.
road_depot_toy_ne,5,authored-voxel,structural-screen-only,Authored occupied 3D cells; individual visual/detail/world consistency review is not yet established.
road_depot_toy_nw,5,authored-voxel,structural-screen-only,Authored occupied 3D cells; individual visual/detail/world consistency review is not yet established.
road_depot_toy_se,5,authored-voxel,structural-screen-only,Authored occupied 3D cells; individual visual/detail/world consistency review is not yet established.
road_depot_toy_sw,5,authored-voxel,structural-screen-only,Authored occupied 3D cells; individual visual/detail/world consistency review is not yet established.
road_open_coal_mid_empty,5,authored-voxel,structural-screen-only,Authored occupied 3D cells; individual visual/detail/world consistency review is not yet established.
road_open_coal_mid_loaded,5,authored-voxel,structural-screen-only,Authored occupied 3D cells; individual visual/detail/world consistency review is not yet established.
road_open_coal_new_empty,5,authored-voxel,structural-screen-only,Authored occupied 3D cells; individual visual/detail/world consistency review is not yet established.
road_open_coal_new_loaded,5,authored-voxel,structural-screen-only,Authored occupied 3D cells; individual visual/detail/world consistency review is not yet established.
road_open_grain_mid_empty,5,authored-voxel,structural-screen-only,Authored occupied 3D cells; individual visual/detail/world consistency review is not yet established.
road_open_grain_mid_loaded,5,authored-voxel,structural-screen-only,Authored occupied 3D cells; individual visual/detail/world consistency review is not yet established.
road_open_grain_new_empty,5,authored-voxel,structural-screen-only,Authored occupied 3D cells; individual visual/detail/world consistency review is not yet established.
road_open_grain_new_loaded,5,authored-voxel,structural-screen-only,Authored occupied 3D cells; individual visual/detail/world consistency review is not yet established.
road_open_grain_old_empty,5,authored-voxel,structural-screen-only,Authored occupied 3D cells; individual visual/detail/world consistency review is not yet established.
road_open_grain_old_loaded,5,authored-voxel,structural-screen-only,Authored occupied 3D cells; individual visual/detail/world consistency review is not yet established.
road_open_ore_mid_empty,5,authored-voxel,structural-screen-only,Authored occupied 3D cells; individual visual/detail/world consistency review is not yet established.
road_open_ore_mid_loaded,5,authored-voxel,structural-screen-only,Authored occupied 3D cells; individual visual/detail/world consistency review is not yet established.
road_open_ore_new_empty,5,authored-voxel,structural-screen-only,Authored occupied 3D cells; individual visual/detail/world consistency review is not yet established.
road_open_ore_new_loaded,5,authored-voxel,structural-screen-only,Authored occupied 3D cells; individual visual/detail/world consistency review is not yet established.
road_open_ore_old_empty,5,authored-voxel,structural-screen-only,Authored occupied 3D cells; individual visual/detail/world consistency review is not yet established.
road_open_ore_old_loaded,5,authored-voxel,structural-screen-only,Authored occupied 3D cells; individual visual/detail/world consistency review is not yet established.
road_open_steel_mid_empty,5,authored-voxel,structural-screen-only,Authored occupied 3D cells; individual visual/detail/world consistency review is not yet established.
road_open_steel_mid_loaded,5,authored-voxel,structural-screen-only,Authored occupied 3D cells; individual visual/detail/world consistency review is not yet established.
road_open_steel_new_empty,5,authored-voxel,structural-screen-only,Authored occupied 3D cells; individual visual/detail/world consistency review is not yet established.
road_open_steel_new_loaded,5,authored-voxel,structural-screen-only,Authored occupied 3D cells; individual visual/detail/world consistency review is not yet established.
road_open_steel_old_empty,5,authored-voxel,structural-screen-only,Authored occupied 3D cells; individual visual/detail/world consistency review is not yet established.
road_open_steel_old_loaded,5,authored-voxel,structural-screen-only,Authored occupied 3D cells; individual visual/detail/world consistency review is not yet established.
road_open_wood_mid_empty,5,authored-voxel,structural-screen-only,Authored occupied 3D cells; individual visual/detail/world consistency review is not yet established.
road_open_wood_mid_loaded,5,authored-voxel,structural-screen-only,Authored occupied 3D cells; individual visual/detail/world consistency review is not yet established.
road_open_wood_new_empty,5,authored-voxel,structural-screen-only,Authored occupied 3D cells; individual visual/detail/world consistency review is not yet established.
road_open_wood_new_loaded,5,authored-voxel,structural-screen-only,Authored occupied 3D cells; individual visual/detail/world consistency review is not yet established.
road_open_wood_old_empty,5,authored-voxel,structural-screen-only,Authored occupied 3D cells; individual visual/detail/world consistency review is not yet established.
road_open_wood_old_loaded,5,authored-voxel,structural-screen-only,Authored occupied 3D cells; individual visual/detail/world consistency review is not yet established.
road_tanker_oil_mid,5,authored-voxel,structural-screen-only,Authored occupied 3D cells; individual visual/detail/world consistency review is not yet established.
road_tanker_oil_new,5,authored-voxel,structural-screen-only,Authored occupied 3D cells; individual visual/detail/world consistency review is not yet established.
road_tanker_oil_old,5,authored-voxel,structural-screen-only,Authored occupied 3D cells; individual visual/detail/world consistency review is not yet established.
road_toy_battery_empty,5,authored-voxel,structural-screen-only,Authored occupied 3D cells; individual visual/detail/world consistency review is not yet established.
road_toy_battery_loaded,5,authored-voxel,structural-screen-only,Authored occupied 3D cells; individual visual/detail/world consistency review is not yet established.
road_toy_bubble_empty,5,authored-voxel,structural-screen-only,Authored occupied 3D cells; individual visual/detail/world consistency review is not yet established.
road_toy_bubble_loaded,5,authored-voxel,structural-screen-only,Authored occupied 3D cells; individual visual/detail/world consistency review is not yet established.
road_toy_candyfloss_empty,5,authored-voxel,structural-screen-only,Authored occupied 3D cells; individual visual/detail/world consistency review is not yet established.
road_toy_candyfloss_loaded,5,authored-voxel,structural-screen-only,Authored occupied 3D cells; individual visual/detail/world consistency review is not yet established.
road_toy_cola_empty,5,authored-voxel,structural-screen-only,Authored occupied 3D cells; individual visual/detail/world consistency review is not yet established.
road_toy_cola_loaded,5,authored-voxel,structural-screen-only,Authored occupied 3D cells; individual visual/detail/world consistency review is not yet established.
road_toy_drinks_empty,5,authored-voxel,structural-screen-only,Authored occupied 3D cells; individual visual/detail/world consistency review is not yet established.
road_toy_drinks_loaded,5,authored-voxel,structural-screen-only,Authored occupied 3D cells; individual visual/detail/world consistency review is not yet established.
road_toy_plastic_empty,5,authored-voxel,structural-screen-only,Authored occupied 3D cells; individual visual/detail/world consistency review is not yet established.
road_toy_plastic_loaded,5,authored-voxel,structural-screen-only,Authored occupied 3D cells; individual visual/detail/world consistency review is not yet established.
road_toy_sugar_empty,5,authored-voxel,structural-screen-only,Authored occupied 3D cells; individual visual/detail/world consistency review is not yet established.
road_toy_sugar_loaded,5,authored-voxel,structural-screen-only,Authored occupied 3D cells; individual visual/detail/world consistency review is not yet established.
road_toy_toffee_empty,5,authored-voxel,structural-screen-only,Authored occupied 3D cells; individual visual/detail/world consistency review is not yet established.
road_toy_toffee_loaded,5,authored-voxel,structural-screen-only,Authored occupied 3D cells; individual visual/detail/world consistency review is not yet established.
road_van_armoured_mid,5,authored-voxel,structural-screen-only,Authored occupied 3D cells; individual visual/detail/world consistency review is not yet established.
road_van_armoured_new,5,authored-voxel,structural-screen-only,Authored occupied 3D cells; individual visual/detail/world consistency review is not yet established.
road_van_armoured_old,5,authored-voxel,structural-screen-only,Authored occupied 3D cells; individual visual/detail/world consistency review is not yet established.
road_van_goods_mid,5,authored-voxel,structural-screen-only,Authored occupied 3D cells; individual visual/detail/world consistency review is not yet established.
road_van_goods_new,5,authored-voxel,structural-screen-only,Authored occupied 3D cells; individual visual/detail/world consistency review is not yet established.
road_van_goods_old,5,authored-voxel,structural-screen-only,Authored occupied 3D cells; individual visual/detail/world consistency review is not yet established.
road_van_livestock_mid,5,authored-voxel,structural-screen-only,Authored occupied 3D cells; individual visual/detail/world consistency review is not yet established.
road_van_livestock_new,5,authored-voxel,structural-screen-only,Authored occupied 3D cells; individual visual/detail/world consistency review is not yet established.
road_van_livestock_old,5,authored-voxel,structural-screen-only,Authored occupied 3D cells; individual visual/detail/world consistency review is not yet established.
road_van_mail_mid,5,authored-voxel,structural-screen-only,Authored occupied 3D cells; individual visual/detail/world consistency review is not yet established.
road_van_mail_new,5,authored-voxel,structural-screen-only,Authored occupied 3D cells; individual visual/detail/world consistency review is not yet established.
road_van_mail_old,5,authored-voxel,structural-screen-only,Authored occupied 3D cells; individual visual/detail/world consistency review is not yet established.
road_van_toy_mail,5,authored-voxel,structural-screen-only,Authored occupied 3D cells; individual visual/detail/world consistency review is not yet established.
road_van_toy_sweets,5,authored-voxel,structural-screen-only,Authored occupied 3D cells; individual visual/detail/world consistency review is not yet established.
road_van_toy_toys,5,authored-voxel,structural-screen-only,Authored occupied 3D cells; individual visual/detail/world consistency review is not yet established.
sawmill_boards,5,authored-voxel,structural-screen-only,Authored occupied 3D cells; individual visual/detail/world consistency review is not yet established.
sawmill_cutting_frame,5,authored-voxel,structural-screen-only,Authored occupied 3D cells; individual visual/detail/world consistency review is not yet established.
sawmill_cutting_house,5,authored-voxel,structural-screen-only,Authored occupied 3D cells; individual visual/detail/world consistency review is not yet established.
sawmill_cutting_site,5,authored-voxel,structural-screen-only,Authored occupied 3D cells; individual visual/detail/world consistency review is not yet established.
sawmill_logs,5,authored-voxel,structural-screen-only,Authored occupied 3D cells; individual visual/detail/world consistency review is not yet established.
sawmill_northlight_frame,5,authored-voxel,structural-screen-only,Authored occupied 3D cells; individual visual/detail/world consistency review is not yet established.
sawmill_northlight_house,5,authored-voxel,structural-screen-only,Authored occupied 3D cells; individual visual/detail/world consistency review is not yet established.
sawmill_northlight_site,5,authored-voxel,structural-screen-only,Authored occupied 3D cells; individual visual/detail/world consistency review is not yet established.
sawmill_store_frame,5,authored-voxel,structural-screen-only,Authored occupied 3D cells; individual visual/detail/world consistency review is not yet established.
sawmill_store_house,5,authored-voxel,structural-screen-only,Authored occupied 3D cells; individual visual/detail/world consistency review is not yet established.
sawmill_store_site,5,authored-voxel,structural-screen-only,Authored occupied 3D cells; individual visual/detail/world consistency review is not yet established.
ship_cargo_freighter,5,authored-voxel,structural-screen-only,Authored occupied 3D cells; individual visual/detail/world consistency review is not yet established.
ship_hovercraft,5,authored-voxel,structural-screen-only,Authored occupied 3D cells; individual visual/detail/world consistency review is not yet established.
ship_oil_tanker,5,authored-voxel,structural-screen-only,Authored occupied 3D cells; individual visual/detail/world consistency review is not yet established.
ship_passenger_ferry,5,authored-voxel,structural-screen-only,Authored occupied 3D cells; individual visual/detail/world consistency review is not yet established.
ship_toy_cargo,5,authored-voxel,structural-screen-only,Authored occupied 3D cells; individual visual/detail/world consistency review is not yet established.
ship_toy_passenger,5,authored-voxel,structural-screen-only,Authored occupied 3D cells; individual visual/detail/world consistency review is not yet established.
shops_offices,5,authored-voxel,structural-screen-only,Authored occupied 3D cells; individual visual/detail/world consistency review is not yet established.
shops_offices_shell,5,authored-voxel,structural-screen-only,Authored occupied 3D cells; individual visual/detail/world consistency review is not yet established.
shops_offices_site,5,authored-voxel,structural-screen-only,Authored occupied 3D cells; individual visual/detail/world consistency review is not yet established.
snow_forest_felled,5,authored-voxel,structural-screen-only,Authored occupied 3D cells; individual visual/detail/world consistency review is not yet established.
snow_forest_ground,5,authored-voxel,structural-screen-only,Authored occupied 3D cells; individual visual/detail/world consistency review is not yet established.
snow_forest_growth_0,5,authored-voxel,structural-screen-only,Authored occupied 3D cells; individual visual/detail/world consistency review is not yet established.
snow_forest_growth_1,5,authored-voxel,structural-screen-only,Authored occupied 3D cells; individual visual/detail/world consistency review is not yet established.
snow_forest_growth_2,5,authored-voxel,structural-screen-only,Authored occupied 3D cells; individual visual/detail/world consistency review is not yet established.
snow_forest_growth_3,5,authored-voxel,structural-screen-only,Authored occupied 3D cells; individual visual/detail/world consistency review is not yet established.
stadium_gridiron_ground_e,5,authored-voxel,structural-screen-only,Authored occupied 3D cells; individual visual/detail/world consistency review is not yet established.
stadium_gridiron_ground_n,5,authored-voxel,structural-screen-only,Authored occupied 3D cells; individual visual/detail/world consistency review is not yet established.
stadium_gridiron_ground_s,5,authored-voxel,structural-screen-only,Authored occupied 3D cells; individual visual/detail/world consistency review is not yet established.
stadium_gridiron_ground_w,5,authored-voxel,structural-screen-only,Authored occupied 3D cells; individual visual/detail/world consistency review is not yet established.
stadium_gridiron_stand_e,5,authored-voxel,structural-screen-only,Authored occupied 3D cells; individual visual/detail/world consistency review is not yet established.
stadium_gridiron_stand_n,5,authored-voxel,structural-screen-only,Authored occupied 3D cells; individual visual/detail/world consistency review is not yet established.
stadium_gridiron_stand_s,5,authored-voxel,structural-screen-only,Authored occupied 3D cells; individual visual/detail/world consistency review is not yet established.
stadium_gridiron_stand_w,5,authored-voxel,structural-screen-only,Authored occupied 3D cells; individual visual/detail/world consistency review is not yet established.
stadium_soccer_ground_e,5,authored-voxel,structural-screen-only,Authored occupied 3D cells; individual visual/detail/world consistency review is not yet established.
stadium_soccer_ground_n,5,authored-voxel,structural-screen-only,Authored occupied 3D cells; individual visual/detail/world consistency review is not yet established.
stadium_soccer_ground_s,5,authored-voxel,structural-screen-only,Authored occupied 3D cells; individual visual/detail/world consistency review is not yet established.
stadium_soccer_ground_w,5,authored-voxel,structural-screen-only,Authored occupied 3D cells; individual visual/detail/world consistency review is not yet established.
stadium_soccer_stand_e,5,authored-voxel,structural-screen-only,Authored occupied 3D cells; individual visual/detail/world consistency review is not yet established.
stadium_soccer_stand_n,5,authored-voxel,structural-screen-only,Authored occupied 3D cells; individual visual/detail/world consistency review is not yet established.
stadium_soccer_stand_s,5,authored-voxel,structural-screen-only,Authored occupied 3D cells; individual visual/detail/world consistency review is not yet established.
stadium_soccer_stand_w,5,authored-voxel,structural-screen-only,Authored occupied 3D cells; individual visual/detail/world consistency review is not yet established.
steel_boiler_finished,5,authored-voxel,structural-screen-only,Authored occupied 3D cells; individual visual/detail/world consistency review is not yet established.
steel_boiler_ground,5,authored-voxel,structural-screen-only,Authored occupied 3D cells; individual visual/detail/world consistency review is not yet established.
steel_boiler_ground_partial,5,authored-voxel,structural-screen-only,Authored occupied 3D cells; individual visual/detail/world consistency review is not yet established.
steel_boiler_initial,5,authored-voxel,structural-screen-only,Authored occupied 3D cells; individual visual/detail/world consistency review is not yet established.
steel_boiler_partial,5,authored-voxel,structural-screen-only,Authored occupied 3D cells; individual visual/detail/world consistency review is not yet established.
steel_casting_finished,5,authored-voxel,structural-screen-only,Authored occupied 3D cells; individual visual/detail/world consistency review is not yet established.
steel_casting_ground,5,authored-voxel,structural-screen-only,Authored occupied 3D cells; individual visual/detail/world consistency review is not yet established.
steel_casting_ground_partial,5,authored-voxel,structural-screen-only,Authored occupied 3D cells; individual visual/detail/world consistency review is not yet established.
steel_casting_initial,5,authored-voxel,structural-screen-only,Authored occupied 3D cells; individual visual/detail/world consistency review is not yet established.
steel_casting_partial,5,authored-voxel,structural-screen-only,Authored occupied 3D cells; individual visual/detail/world consistency review is not yet established.
steel_north_finished,5,authored-voxel,structural-screen-only,Authored occupied 3D cells; individual visual/detail/world consistency review is not yet established.
steel_north_ground,5,authored-voxel,structural-screen-only,Authored occupied 3D cells; individual visual/detail/world consistency review is not yet established.
steel_north_ground_partial,5,authored-voxel,structural-screen-only,Authored occupied 3D cells; individual visual/detail/world consistency review is not yet established.
steel_north_initial,5,authored-voxel,structural-screen-only,Authored occupied 3D cells; individual visual/detail/world consistency review is not yet established.
steel_north_partial,5,authored-voxel,structural-screen-only,Authored occupied 3D cells; individual visual/detail/world consistency review is not yet established.
steel_rolling_finished,5,authored-voxel,structural-screen-only,Authored occupied 3D cells; individual visual/detail/world consistency review is not yet established.
steel_rolling_ground,5,authored-voxel,structural-screen-only,Authored occupied 3D cells; individual visual/detail/world consistency review is not yet established.
steel_rolling_ground_partial,5,authored-voxel,structural-screen-only,Authored occupied 3D cells; individual visual/detail/world consistency review is not yet established.
steel_rolling_initial,5,authored-voxel,structural-screen-only,Authored occupied 3D cells; individual visual/detail/world consistency review is not yet established.
steel_rolling_partial,5,authored-voxel,structural-screen-only,Authored occupied 3D cells; individual visual/detail/world consistency review is not yet established.
steel_service_finished,5,authored-voxel,structural-screen-only,Authored occupied 3D cells; individual visual/detail/world consistency review is not yet established.
steel_service_ground,5,authored-voxel,structural-screen-only,Authored occupied 3D cells; individual visual/detail/world consistency review is not yet established.
steel_service_ground_partial,5,authored-voxel,structural-screen-only,Authored occupied 3D cells; individual visual/detail/world consistency review is not yet established.
steel_service_initial,5,authored-voxel,structural-screen-only,Authored occupied 3D cells; individual visual/detail/world consistency review is not yet established.
steel_service_partial,5,authored-voxel,structural-screen-only,Authored occupied 3D cells; individual visual/detail/world consistency review is not yet established.
steel_stock_ground,5,authored-voxel,structural-screen-only,Authored occupied 3D cells; individual visual/detail/world consistency review is not yet established.
steel_stock_ground_partial,5,authored-voxel,structural-screen-only,Authored occupied 3D cells; individual visual/detail/world consistency review is not yet established.
steel_stock_initial,5,authored-voxel,structural-screen-only,Authored occupied 3D cells; individual visual/detail/world consistency review is not yet established.
sugar_167_ground,5,authored-voxel,structural-screen-only,Authored occupied 3D cells; individual visual/detail/world consistency review is not yet established.
sugar_168_ground,5,authored-voxel,structural-screen-only,Authored occupied 3D cells; individual visual/detail/world consistency review is not yet established.
sugar_169_ground,5,authored-voxel,structural-screen-only,Authored occupied 3D cells; individual visual/detail/world consistency review is not yet established.
sugar_170_ground,5,authored-voxel,structural-screen-only,Authored occupied 3D cells; individual visual/detail/world consistency review is not yet established.
sugar_172_body,5,authored-voxel,structural-screen-only,Authored occupied 3D cells; individual visual/detail/world consistency review is not yet established.
sugar_173_body,5,authored-voxel,structural-screen-only,Authored occupied 3D cells; individual visual/detail/world consistency review is not yet established.
sugar_174_body,5,authored-voxel,structural-screen-only,Authored occupied 3D cells; individual visual/detail/world consistency review is not yet established.
sugar_cloud_0,5,authored-voxel,structural-screen-only,Authored occupied 3D cells; individual visual/detail/world consistency review is not yet established.
sugar_cloud_1,5,authored-voxel,structural-screen-only,Authored occupied 3D cells; individual visual/detail/world consistency review is not yet established.
sugar_cloud_2,5,authored-voxel,structural-screen-only,Authored occupied 3D cells; individual visual/detail/world consistency review is not yet established.
sugar_cloud_3,5,authored-voxel,structural-screen-only,Authored occupied 3D cells; individual visual/detail/world consistency review is not yet established.
sugar_cloud_4,5,authored-voxel,structural-screen-only,Authored occupied 3D cells; individual visual/detail/world consistency review is not yet established.
sugar_cloud_5,5,authored-voxel,structural-screen-only,Authored occupied 3D cells; individual visual/detail/world consistency review is not yet established.
sugar_pile_0,5,authored-voxel,structural-screen-only,Authored occupied 3D cells; individual visual/detail/world consistency review is not yet established.
sugar_pile_1,5,authored-voxel,structural-screen-only,Authored occupied 3D cells; individual visual/detail/world consistency review is not yet established.
sugar_pile_2,5,authored-voxel,structural-screen-only,Authored occupied 3D cells; individual visual/detail/world consistency review is not yet established.
sugar_pile_3,5,authored-voxel,structural-screen-only,Authored occupied 3D cells; individual visual/detail/world consistency review is not yet established.
sugar_sieve_0,5,authored-voxel,structural-screen-only,Authored occupied 3D cells; individual visual/detail/world consistency review is not yet established.
sugar_sieve_1,5,authored-voxel,structural-screen-only,Authored occupied 3D cells; individual visual/detail/world consistency review is not yet established.
sugar_sieve_2,5,authored-voxel,structural-screen-only,Authored occupied 3D cells; individual visual/detail/world consistency review is not yet established.
sugar_sieve_3,5,authored-voxel,structural-screen-only,Authored occupied 3D cells; individual visual/detail/world consistency review is not yet established.
sugar_sieve_4,5,authored-voxel,structural-screen-only,Authored occupied 3D cells; individual visual/detail/world consistency review is not yet established.
sweets_132_finished,5,authored-voxel,structural-screen-only,Authored occupied 3D cells; individual visual/detail/world consistency review is not yet established.
sweets_132_gift,5,authored-voxel,structural-screen-only,Authored occupied 3D cells; individual visual/detail/world consistency review is not yet established.
sweets_132_unwrapping,5,authored-voxel,structural-screen-only,Authored occupied 3D cells; individual visual/detail/world consistency review is not yet established.
sweets_133_finished,5,authored-voxel,structural-screen-only,Authored occupied 3D cells; individual visual/detail/world consistency review is not yet established.
sweets_133_gift,5,authored-voxel,structural-screen-only,Authored occupied 3D cells; individual visual/detail/world consistency review is not yet established.
sweets_133_unwrapping,5,authored-voxel,structural-screen-only,Authored occupied 3D cells; individual visual/detail/world consistency review is not yet established.
sweets_134_finished,5,authored-voxel,structural-screen-only,Authored occupied 3D cells; individual visual/detail/world consistency review is not yet established.
sweets_134_gift,5,authored-voxel,structural-screen-only,Authored occupied 3D cells; individual visual/detail/world consistency review is not yet established.
sweets_134_unwrapping,5,authored-voxel,structural-screen-only,Authored occupied 3D cells; individual visual/detail/world consistency review is not yet established.
sweets_ground,5,authored-voxel,structural-screen-only,Authored occupied 3D cells; individual visual/detail/world consistency review is not yet established.
tall_office_brick,5,authored-voxel,structural-screen-only,Authored occupied 3D cells; individual visual/detail/world consistency review is not yet established.
tall_office_frame,5,authored-voxel,structural-screen-only,Authored occupied 3D cells; individual visual/detail/world consistency review is not yet established.
tall_office_site,5,authored-voxel,structural-screen-only,Authored occupied 3D cells; individual visual/detail/world consistency review is not yet established.
tall_office_steel,5,authored-voxel,structural-screen-only,Authored occupied 3D cells; individual visual/detail/world consistency review is not yet established.
toffee_164_body,5,authored-voxel,structural-screen-only,Authored occupied 3D cells; individual visual/detail/world consistency review is not yet established.
toffee_165_body,5,authored-voxel,structural-screen-only,Authored occupied 3D cells; individual visual/detail/world consistency review is not yet established.
toffee_166_body,5,authored-voxel,structural-screen-only,Authored occupied 3D cells; individual visual/detail/world consistency review is not yet established.
toffee_shovel,5,authored-voxel,structural-screen-only,Authored occupied 3D cells; individual visual/detail/world consistency review is not yet established.
town_houses_gable,5,authored-voxel,structural-screen-only,Authored occupied 3D cells; individual visual/detail/world consistency review is not yet established.
town_houses_gable_shell,5,authored-voxel,structural-screen-only,Authored occupied 3D cells; individual visual/detail/world consistency review is not yet established.
town_houses_gable_site,5,authored-voxel,structural-screen-only,Authored occupied 3D cells; individual visual/detail/world consistency review is not yet established.
town_houses_hip,5,authored-voxel,structural-screen-only,Authored occupied 3D cells; individual visual/detail/world consistency review is not yet established.
town_houses_hip_shell,5,authored-voxel,structural-screen-only,Authored occupied 3D cells; individual visual/detail/world consistency review is not yet established.
town_houses_hip_site,5,authored-voxel,structural-screen-only,Authored occupied 3D cells; individual visual/detail/world consistency review is not yet established.
toy_factory_142_construction,5,authored-voxel,structural-screen-only,Authored occupied 3D cells; individual visual/detail/world consistency review is not yet established.
toy_factory_142_finished,5,authored-voxel,structural-screen-only,Authored occupied 3D cells; individual visual/detail/world consistency review is not yet established.
toy_factory_143_construction,5,authored-voxel,structural-screen-only,Authored occupied 3D cells; individual visual/detail/world consistency review is not yet established.
toy_factory_143_finished,5,authored-voxel,structural-screen-only,Authored occupied 3D cells; individual visual/detail/world consistency review is not yet established.
toy_factory_144_construction,5,authored-voxel,structural-screen-only,Authored occupied 3D cells; individual visual/detail/world consistency review is not yet established.
toy_factory_145_finished,5,authored-voxel,structural-screen-only,Authored occupied 3D cells; individual visual/detail/world consistency review is not yet established.
toy_factory_146_finished,5,authored-voxel,structural-screen-only,Authored occupied 3D cells; individual visual/detail/world consistency review is not yet established.
toy_factory_clay,5,authored-voxel,structural-screen-only,Authored occupied 3D cells; individual visual/detail/world consistency review is not yet established.
toy_factory_ground,5,authored-voxel,structural-screen-only,Authored occupied 3D cells; individual visual/detail/world consistency review is not yet established.
toy_factory_holder,5,authored-voxel,structural-screen-only,Authored occupied 3D cells; individual visual/detail/world consistency review is not yet established.
toy_factory_robot,5,authored-voxel,structural-screen-only,Authored occupied 3D cells; individual visual/detail/world consistency review is not yet established.
toy_factory_stamp,5,authored-voxel,structural-screen-only,Authored occupied 3D cells; individual visual/detail/world consistency review is not yet established.
toy_shop_139_finished,5,authored-voxel,structural-screen-only,Authored occupied 3D cells; individual visual/detail/world consistency review is not yet established.
toy_shop_139_first,5,authored-voxel,structural-screen-only,Authored occupied 3D cells; individual visual/detail/world consistency review is not yet established.
toy_shop_139_walls,5,authored-voxel,structural-screen-only,Authored occupied 3D cells; individual visual/detail/world consistency review is not yet established.
toy_shop_140_finished,5,authored-voxel,structural-screen-only,Authored occupied 3D cells; individual visual/detail/world consistency review is not yet established.
toy_shop_140_first,5,authored-voxel,structural-screen-only,Authored occupied 3D cells; individual visual/detail/world consistency review is not yet established.
toy_shop_140_walls,5,authored-voxel,structural-screen-only,Authored occupied 3D cells; individual visual/detail/world consistency review is not yet established.
toy_shop_141_finished,5,authored-voxel,structural-screen-only,Authored occupied 3D cells; individual visual/detail/world consistency review is not yet established.
toy_shop_141_walls,5,authored-voxel,structural-screen-only,Authored occupied 3D cells; individual visual/detail/world consistency review is not yet established.
tram_depot_floor_ne,5,authored-voxel,structural-screen-only,Authored occupied 3D cells; individual visual/detail/world consistency review is not yet established.
tram_depot_floor_nw,5,authored-voxel,structural-screen-only,Authored occupied 3D cells; individual visual/detail/world consistency review is not yet established.
tram_depot_floor_se,5,authored-voxel,structural-screen-only,Authored occupied 3D cells; individual visual/detail/world consistency review is not yet established.
tram_depot_floor_sw,5,authored-voxel,structural-screen-only,Authored occupied 3D cells; individual visual/detail/world consistency review is not yet established.
tram_depot_ne,5,authored-voxel,structural-screen-only,Authored occupied 3D cells; individual visual/detail/world consistency review is not yet established.
tram_depot_nw,5,authored-voxel,structural-screen-only,Authored occupied 3D cells; individual visual/detail/world consistency review is not yet established.
tram_depot_se,5,authored-voxel,structural-screen-only,Authored occupied 3D cells; individual visual/detail/world consistency review is not yet established.
tram_depot_sw,5,authored-voxel,structural-screen-only,Authored occupied 3D cells; individual visual/detail/world consistency review is not yet established.
tram_depot_wire_ne,5,authored-voxel,structural-screen-only,Authored occupied 3D cells; individual visual/detail/world consistency review is not yet established.
tram_depot_wire_nw,5,authored-voxel,structural-screen-only,Authored occupied 3D cells; individual visual/detail/world consistency review is not yet established.
tram_depot_wire_se,5,authored-voxel,structural-screen-only,Authored occupied 3D cells; individual visual/detail/world consistency review is not yet established.
tram_depot_wire_sw,5,authored-voxel,structural-screen-only,Authored occupied 3D cells; individual visual/detail/world consistency review is not yet established.
tree_arctic_copper_00,5,authored-voxel,structural-screen-only,Authored occupied 3D cells; individual visual/detail/world consistency review is not yet established.
tree_arctic_copper_01,5,authored-voxel,structural-screen-only,Authored occupied 3D cells; individual visual/detail/world consistency review is not yet established.
tree_arctic_copper_02,5,authored-voxel,structural-screen-only,Authored occupied 3D cells; individual visual/detail/world consistency review is not yet established.
tree_arctic_copper_03,5,authored-voxel,structural-screen-only,Authored occupied 3D cells; individual visual/detail/world consistency review is not yet established.
tree_arctic_copper_04,5,authored-voxel,structural-screen-only,Authored occupied 3D cells; individual visual/detail/world consistency review is not yet established.
tree_arctic_copper_05,5,authored-voxel,structural-screen-only,Authored occupied 3D cells; individual visual/detail/world consistency review is not yet established.
tree_arctic_copper_06,5,authored-voxel,structural-screen-only,Authored occupied 3D cells; individual visual/detail/world consistency review is not yet established.
tree_arctic_droop_00,5,authored-voxel,structural-screen-only,Authored occupied 3D cells; individual visual/detail/world consistency review is not yet established.
tree_arctic_droop_01,5,authored-voxel,structural-screen-only,Authored occupied 3D cells; individual visual/detail/world consistency review is not yet established.
tree_arctic_droop_02,5,authored-voxel,structural-screen-only,Authored occupied 3D cells; individual visual/detail/world consistency review is not yet established.
tree_arctic_droop_03,5,authored-voxel,structural-screen-only,Authored occupied 3D cells; individual visual/detail/world consistency review is not yet established.
tree_arctic_droop_04,5,authored-voxel,structural-screen-only,Authored occupied 3D cells; individual visual/detail/world consistency review is not yet established.
tree_arctic_droop_05,5,authored-voxel,structural-screen-only,Authored occupied 3D cells; individual visual/detail/world consistency review is not yet established.
tree_arctic_droop_06,5,authored-voxel,structural-screen-only,Authored occupied 3D cells; individual visual/detail/world consistency review is not yet established.
tree_arctic_fine_00,5,authored-voxel,structural-screen-only,Authored occupied 3D cells; individual visual/detail/world consistency review is not yet established.
tree_arctic_fine_01,5,authored-voxel,structural-screen-only,Authored occupied 3D cells; individual visual/detail/world consistency review is not yet established.
tree_arctic_fine_02,5,authored-voxel,structural-screen-only,Authored occupied 3D cells; individual visual/detail/world consistency review is not yet established.
tree_arctic_fine_03,5,authored-voxel,structural-screen-only,Authored occupied 3D cells; individual visual/detail/world consistency review is not yet established.
tree_arctic_fine_04,5,authored-voxel,structural-screen-only,Authored occupied 3D cells; individual visual/detail/world consistency review is not yet established.
tree_arctic_fine_05,5,authored-voxel,structural-screen-only,Authored occupied 3D cells; individual visual/detail/world consistency review is not yet established.
tree_arctic_fine_06,5,authored-voxel,structural-screen-only,Authored occupied 3D cells; individual visual/detail/world consistency review is not yet established.
tree_arctic_olive_00,5,authored-voxel,structural-screen-only,Authored occupied 3D cells; individual visual/detail/world consistency review is not yet established.
tree_arctic_olive_01,5,authored-voxel,structural-screen-only,Authored occupied 3D cells; individual visual/detail/world consistency review is not yet established.
tree_arctic_olive_02,5,authored-voxel,structural-screen-only,Authored occupied 3D cells; individual visual/detail/world consistency review is not yet established.
tree_arctic_olive_03,5,authored-voxel,structural-screen-only,Authored occupied 3D cells; individual visual/detail/world consistency review is not yet established.
tree_arctic_olive_04,5,authored-voxel,structural-screen-only,Authored occupied 3D cells; individual visual/detail/world consistency review is not yet established.
tree_arctic_olive_05,5,authored-voxel,structural-screen-only,Authored occupied 3D cells; individual visual/detail/world consistency review is not yet established.
tree_arctic_olive_06,5,authored-voxel,structural-screen-only,Authored occupied 3D cells; individual visual/detail/world consistency review is not yet established.
tree_arctic_oval_00,5,authored-voxel,structural-screen-only,Authored occupied 3D cells; individual visual/detail/world consistency review is not yet established.
tree_arctic_oval_01,5,authored-voxel,structural-screen-only,Authored occupied 3D cells; individual visual/detail/world consistency review is not yet established.
tree_arctic_oval_02,5,authored-voxel,structural-screen-only,Authored occupied 3D cells; individual visual/detail/world consistency review is not yet established.
tree_arctic_oval_03,5,authored-voxel,structural-screen-only,Authored occupied 3D cells; individual visual/detail/world consistency review is not yet established.
tree_arctic_oval_04,5,authored-voxel,structural-screen-only,Authored occupied 3D cells; individual visual/detail/world consistency review is not yet established.
tree_arctic_oval_05,5,authored-voxel,structural-screen-only,Authored occupied 3D cells; individual visual/detail/world consistency review is not yet established.
tree_arctic_oval_06,5,authored-voxel,structural-screen-only,Authored occupied 3D cells; individual visual/detail/world consistency review is not yet established.
tree_arctic_pine_00,5,authored-voxel,structural-screen-only,Authored occupied 3D cells; individual visual/detail/world consistency review is not yet established.
tree_arctic_pine_01,5,authored-voxel,structural-screen-only,Authored occupied 3D cells; individual visual/detail/world consistency review is not yet established.
tree_arctic_pine_02,5,authored-voxel,structural-screen-only,Authored occupied 3D cells; individual visual/detail/world consistency review is not yet established.
tree_arctic_pine_03,5,authored-voxel,structural-screen-only,Authored occupied 3D cells; individual visual/detail/world consistency review is not yet established.
tree_arctic_pine_04,5,authored-voxel,structural-screen-only,Authored occupied 3D cells; individual visual/detail/world consistency review is not yet established.
tree_arctic_pine_05,5,authored-voxel,structural-screen-only,Authored occupied 3D cells; individual visual/detail/world consistency review is not yet established.
tree_arctic_pine_06,5,authored-voxel,structural-screen-only,Authored occupied 3D cells; individual visual/detail/world consistency review is not yet established.
tree_arctic_snow_copper_00,5,authored-voxel,structural-screen-only,Authored occupied 3D cells; individual visual/detail/world consistency review is not yet established.
tree_arctic_snow_copper_01,5,authored-voxel,structural-screen-only,Authored occupied 3D cells; individual visual/detail/world consistency review is not yet established.
tree_arctic_snow_copper_02,5,authored-voxel,structural-screen-only,Authored occupied 3D cells; individual visual/detail/world consistency review is not yet established.
tree_arctic_snow_copper_03,5,authored-voxel,structural-screen-only,Authored occupied 3D cells; individual visual/detail/world consistency review is not yet established.
tree_arctic_snow_copper_04,5,authored-voxel,structural-screen-only,Authored occupied 3D cells; individual visual/detail/world consistency review is not yet established.
tree_arctic_snow_copper_05,5,authored-voxel,structural-screen-only,Authored occupied 3D cells; individual visual/detail/world consistency review is not yet established.
tree_arctic_snow_copper_06,5,authored-voxel,structural-screen-only,Authored occupied 3D cells; individual visual/detail/world consistency review is not yet established.
tree_arctic_snow_droop_00,5,authored-voxel,structural-screen-only,Authored occupied 3D cells; individual visual/detail/world consistency review is not yet established.
tree_arctic_snow_droop_01,5,authored-voxel,structural-screen-only,Authored occupied 3D cells; individual visual/detail/world consistency review is not yet established.
tree_arctic_snow_droop_02,5,authored-voxel,structural-screen-only,Authored occupied 3D cells; individual visual/detail/world consistency review is not yet established.
tree_arctic_snow_droop_03,5,authored-voxel,structural-screen-only,Authored occupied 3D cells; individual visual/detail/world consistency review is not yet established.
tree_arctic_snow_droop_04,5,authored-voxel,structural-screen-only,Authored occupied 3D cells; individual visual/detail/world consistency review is not yet established.
tree_arctic_snow_droop_05,5,authored-voxel,structural-screen-only,Authored occupied 3D cells; individual visual/detail/world consistency review is not yet established.
tree_arctic_snow_droop_06,5,authored-voxel,structural-screen-only,Authored occupied 3D cells; individual visual/detail/world consistency review is not yet established.
tree_arctic_snow_fine_00,5,authored-voxel,structural-screen-only,Authored occupied 3D cells; individual visual/detail/world consistency review is not yet established.
tree_arctic_snow_fine_01,5,authored-voxel,structural-screen-only,Authored occupied 3D cells; individual visual/detail/world consistency review is not yet established.
tree_arctic_snow_fine_02,5,authored-voxel,structural-screen-only,Authored occupied 3D cells; individual visual/detail/world consistency review is not yet established.
tree_arctic_snow_fine_03,5,authored-voxel,structural-screen-only,Authored occupied 3D cells; individual visual/detail/world consistency review is not yet established.
tree_arctic_snow_fine_04,5,authored-voxel,structural-screen-only,Authored occupied 3D cells; individual visual/detail/world consistency review is not yet established.
tree_arctic_snow_fine_05,5,authored-voxel,structural-screen-only,Authored occupied 3D cells; individual visual/detail/world consistency review is not yet established.
tree_arctic_snow_fine_06,5,authored-voxel,structural-screen-only,Authored occupied 3D cells; individual visual/detail/world consistency review is not yet established.
tree_arctic_snow_olive_00,5,authored-voxel,structural-screen-only,Authored occupied 3D cells; individual visual/detail/world consistency review is not yet established.
tree_arctic_snow_olive_01,5,authored-voxel,structural-screen-only,Authored occupied 3D cells; individual visual/detail/world consistency review is not yet established.
tree_arctic_snow_olive_02,5,authored-voxel,structural-screen-only,Authored occupied 3D cells; individual visual/detail/world consistency review is not yet established.
tree_arctic_snow_olive_03,5,authored-voxel,structural-screen-only,Authored occupied 3D cells; individual visual/detail/world consistency review is not yet established.
tree_arctic_snow_olive_04,5,authored-voxel,structural-screen-only,Authored occupied 3D cells; individual visual/detail/world consistency review is not yet established.
tree_arctic_snow_olive_05,5,authored-voxel,structural-screen-only,Authored occupied 3D cells; individual visual/detail/world consistency review is not yet established.
tree_arctic_snow_olive_06,5,authored-voxel,structural-screen-only,Authored occupied 3D cells; individual visual/detail/world consistency review is not yet established.
tree_arctic_snow_oval_00,5,authored-voxel,structural-screen-only,Authored occupied 3D cells; individual visual/detail/world consistency review is not yet established.
tree_arctic_snow_oval_01,5,authored-voxel,structural-screen-only,Authored occupied 3D cells; individual visual/detail/world consistency review is not yet established.
tree_arctic_snow_oval_02,5,authored-voxel,structural-screen-only,Authored occupied 3D cells; individual visual/detail/world consistency review is not yet established.
tree_arctic_snow_oval_03,5,authored-voxel,structural-screen-only,Authored occupied 3D cells; individual visual/detail/world consistency review is not yet established.
tree_arctic_snow_oval_04,5,authored-voxel,structural-screen-only,Authored occupied 3D cells; individual visual/detail/world consistency review is not yet established.
tree_arctic_snow_oval_05,5,authored-voxel,structural-screen-only,Authored occupied 3D cells; individual visual/detail/world consistency review is not yet established.
tree_arctic_snow_oval_06,5,authored-voxel,structural-screen-only,Authored occupied 3D cells; individual visual/detail/world consistency review is not yet established.
tree_arctic_snow_pine_00,5,authored-voxel,structural-screen-only,Authored occupied 3D cells; individual visual/detail/world consistency review is not yet established.
tree_arctic_snow_pine_01,5,authored-voxel,structural-screen-only,Authored occupied 3D cells; individual visual/detail/world consistency review is not yet established.
tree_arctic_snow_pine_02,5,authored-voxel,structural-screen-only,Authored occupied 3D cells; individual visual/detail/world consistency review is not yet established.
tree_arctic_snow_pine_03,5,authored-voxel,structural-screen-only,Authored occupied 3D cells; individual visual/detail/world consistency review is not yet established.
tree_arctic_snow_pine_04,5,authored-voxel,structural-screen-only,Authored occupied 3D cells; individual visual/detail/world consistency review is not yet established.
tree_arctic_snow_pine_05,5,authored-voxel,structural-screen-only,Authored occupied 3D cells; individual visual/detail/world consistency review is not yet established.
tree_arctic_snow_pine_06,5,authored-voxel,structural-screen-only,Authored occupied 3D cells; individual visual/detail/world consistency review is not yet established.
tree_arctic_snow_thin_00,5,authored-voxel,structural-screen-only,Authored occupied 3D cells; individual visual/detail/world consistency review is not yet established.
tree_arctic_snow_thin_01,5,authored-voxel,structural-screen-only,Authored occupied 3D cells; individual visual/detail/world consistency review is not yet established.
tree_arctic_snow_thin_02,5,authored-voxel,structural-screen-only,Authored occupied 3D cells; individual visual/detail/world consistency review is not yet established.
tree_arctic_snow_thin_03,5,authored-voxel,structural-screen-only,Authored occupied 3D cells; individual visual/detail/world consistency review is not yet established.
tree_arctic_snow_thin_04,5,authored-voxel,structural-screen-only,Authored occupied 3D cells; individual visual/detail/world consistency review is not yet established.
tree_arctic_snow_thin_05,5,authored-voxel,structural-screen-only,Authored occupied 3D cells; individual visual/detail/world consistency review is not yet established.
tree_arctic_snow_thin_06,5,authored-voxel,structural-screen-only,Authored occupied 3D cells; individual visual/detail/world consistency review is not yet established.
tree_arctic_snow_tier_00,5,authored-voxel,structural-screen-only,Authored occupied 3D cells; individual visual/detail/world consistency review is not yet established.
tree_arctic_snow_tier_01,5,authored-voxel,structural-screen-only,Authored occupied 3D cells; individual visual/detail/world consistency review is not yet established.
tree_arctic_snow_tier_02,5,authored-voxel,structural-screen-only,Authored occupied 3D cells; individual visual/detail/world consistency review is not yet established.
tree_arctic_snow_tier_03,5,authored-voxel,structural-screen-only,Authored occupied 3D cells; individual visual/detail/world consistency review is not yet established.
tree_arctic_snow_tier_04,5,authored-voxel,structural-screen-only,Authored occupied 3D cells; individual visual/detail/world consistency review is not yet established.
tree_arctic_snow_tier_05,5,authored-voxel,structural-screen-only,Authored occupied 3D cells; individual visual/detail/world consistency review is not yet established.
tree_arctic_snow_tier_06,5,authored-voxel,structural-screen-only,Authored occupied 3D cells; individual visual/detail/world consistency review is not yet established.
tree_arctic_thin_00,5,authored-voxel,structural-screen-only,Authored occupied 3D cells; individual visual/detail/world consistency review is not yet established.
tree_arctic_thin_01,5,authored-voxel,structural-screen-only,Authored occupied 3D cells; individual visual/detail/world consistency review is not yet established.
tree_arctic_thin_02,5,authored-voxel,structural-screen-only,Authored occupied 3D cells; individual visual/detail/world consistency review is not yet established.
tree_arctic_thin_03,5,authored-voxel,structural-screen-only,Authored occupied 3D cells; individual visual/detail/world consistency review is not yet established.
tree_arctic_thin_04,5,authored-voxel,structural-screen-only,Authored occupied 3D cells; individual visual/detail/world consistency review is not yet established.
tree_arctic_thin_05,5,authored-voxel,structural-screen-only,Authored occupied 3D cells; individual visual/detail/world consistency review is not yet established.
tree_arctic_thin_06,5,authored-voxel,structural-screen-only,Authored occupied 3D cells; individual visual/detail/world consistency review is not yet established.
tree_arctic_tier_00,5,authored-voxel,structural-screen-only,Authored occupied 3D cells; individual visual/detail/world consistency review is not yet established.
tree_arctic_tier_01,5,authored-voxel,structural-screen-only,Authored occupied 3D cells; individual visual/detail/world consistency review is not yet established.
tree_arctic_tier_02,5,authored-voxel,structural-screen-only,Authored occupied 3D cells; individual visual/detail/world consistency review is not yet established.
tree_arctic_tier_03,5,authored-voxel,structural-screen-only,Authored occupied 3D cells; individual visual/detail/world consistency review is not yet established.
tree_arctic_tier_04,5,authored-voxel,structural-screen-only,Authored occupied 3D cells; individual visual/detail/world consistency review is not yet established.
tree_arctic_tier_05,5,authored-voxel,structural-screen-only,Authored occupied 3D cells; individual visual/detail/world consistency review is not yet established.
tree_arctic_tier_06,5,authored-voxel,structural-screen-only,Authored occupied 3D cells; individual visual/detail/world consistency review is not yet established.
tree_column_cactus_00,5,authored-voxel,structural-screen-only,Authored occupied 3D cells; individual visual/detail/world consistency review is not yet established.
tree_column_cactus_01,5,authored-voxel,structural-screen-only,Authored occupied 3D cells; individual visual/detail/world consistency review is not yet established.
tree_column_cactus_02,5,authored-voxel,structural-screen-only,Authored occupied 3D cells; individual visual/detail/world consistency review is not yet established.
tree_column_cactus_03,5,authored-voxel,structural-screen-only,Authored occupied 3D cells; individual visual/detail/world consistency review is not yet established.
tree_column_cactus_04,5,authored-voxel,structural-screen-only,Authored occupied 3D cells; individual visual/detail/world consistency review is not yet established.
tree_column_cactus_05,5,authored-voxel,structural-screen-only,Authored occupied 3D cells; individual visual/detail/world consistency review is not yet established.
tree_column_cactus_06,5,authored-voxel,structural-screen-only,Authored occupied 3D cells; individual visual/detail/world consistency review is not yet established.
tree_lime_00,5,authored-voxel,structural-screen-only,Authored occupied 3D cells; individual visual/detail/world consistency review is not yet established.
tree_lime_01,5,authored-voxel,structural-screen-only,Authored occupied 3D cells; individual visual/detail/world consistency review is not yet established.
tree_lime_02,5,authored-voxel,structural-screen-only,Authored occupied 3D cells; individual visual/detail/world consistency review is not yet established.
tree_lime_03,5,authored-voxel,structural-screen-only,Authored occupied 3D cells; individual visual/detail/world consistency review is not yet established.
tree_lime_04,5,authored-voxel,structural-screen-only,Authored occupied 3D cells; individual visual/detail/world consistency review is not yet established.
tree_lime_05,5,authored-voxel,structural-screen-only,Authored occupied 3D cells; individual visual/detail/world consistency review is not yet established.
tree_lime_06,5,authored-voxel,structural-screen-only,Authored occupied 3D cells; individual visual/detail/world consistency review is not yet established.
tree_olive_column_00,5,authored-voxel,structural-screen-only,Authored occupied 3D cells; individual visual/detail/world consistency review is not yet established.
tree_olive_column_01,5,authored-voxel,structural-screen-only,Authored occupied 3D cells; individual visual/detail/world consistency review is not yet established.
tree_olive_column_02,5,authored-voxel,structural-screen-only,Authored occupied 3D cells; individual visual/detail/world consistency review is not yet established.
tree_olive_column_03,5,authored-voxel,structural-screen-only,Authored occupied 3D cells; individual visual/detail/world consistency review is not yet established.
tree_olive_column_04,5,authored-voxel,structural-screen-only,Authored occupied 3D cells; individual visual/detail/world consistency review is not yet established.
tree_olive_column_05,5,authored-voxel,structural-screen-only,Authored occupied 3D cells; individual visual/detail/world consistency review is not yet established.
tree_olive_column_06,5,authored-voxel,structural-screen-only,Authored occupied 3D cells; individual visual/detail/world consistency review is not yet established.
tree_palm_bent_00,5,authored-voxel,structural-screen-only,Authored occupied 3D cells; individual visual/detail/world consistency review is not yet established.
tree_palm_bent_01,5,authored-voxel,structural-screen-only,Authored occupied 3D cells; individual visual/detail/world consistency review is not yet established.
tree_palm_bent_02,5,authored-voxel,structural-screen-only,Authored occupied 3D cells; individual visual/detail/world consistency review is not yet established.
tree_palm_bent_03,5,authored-voxel,structural-screen-only,Authored occupied 3D cells; individual visual/detail/world consistency review is not yet established.
tree_palm_bent_04,5,authored-voxel,structural-screen-only,Authored occupied 3D cells; individual visual/detail/world consistency review is not yet established.
tree_palm_bent_05,5,authored-voxel,structural-screen-only,Authored occupied 3D cells; individual visual/detail/world consistency review is not yet established.
tree_palm_bent_06,5,authored-voxel,structural-screen-only,Authored occupied 3D cells; individual visual/detail/world consistency review is not yet established.
tree_palm_tuft_00,5,authored-voxel,structural-screen-only,Authored occupied 3D cells; individual visual/detail/world consistency review is not yet established.
tree_palm_tuft_01,5,authored-voxel,structural-screen-only,Authored occupied 3D cells; individual visual/detail/world consistency review is not yet established.
tree_palm_tuft_02,5,authored-voxel,structural-screen-only,Authored occupied 3D cells; individual visual/detail/world consistency review is not yet established.
tree_palm_tuft_03,5,authored-voxel,structural-screen-only,Authored occupied 3D cells; individual visual/detail/world consistency review is not yet established.
tree_palm_tuft_04,5,authored-voxel,structural-screen-only,Authored occupied 3D cells; individual visual/detail/world consistency review is not yet established.
tree_palm_tuft_05,5,authored-voxel,structural-screen-only,Authored occupied 3D cells; individual visual/detail/world consistency review is not yet established.
tree_palm_tuft_06,5,authored-voxel,structural-screen-only,Authored occupied 3D cells; individual visual/detail/world consistency review is not yet established.
tree_saguaro_00,5,authored-voxel,structural-screen-only,Authored occupied 3D cells; individual visual/detail/world consistency review is not yet established.
tree_saguaro_01,5,authored-voxel,structural-screen-only,Authored occupied 3D cells; individual visual/detail/world consistency review is not yet established.
tree_saguaro_02,5,authored-voxel,structural-screen-only,Authored occupied 3D cells; individual visual/detail/world consistency review is not yet established.
tree_saguaro_03,5,authored-voxel,structural-screen-only,Authored occupied 3D cells; individual visual/detail/world consistency review is not yet established.
tree_saguaro_04,5,authored-voxel,structural-screen-only,Authored occupied 3D cells; individual visual/detail/world consistency review is not yet established.
tree_saguaro_05,5,authored-voxel,structural-screen-only,Authored occupied 3D cells; individual visual/detail/world consistency review is not yet established.
tree_saguaro_06,5,authored-voxel,structural-screen-only,Authored occupied 3D cells; individual visual/detail/world consistency review is not yet established.
tree_silver_00,5,authored-voxel,structural-screen-only,Authored occupied 3D cells; individual visual/detail/world consistency review is not yet established.
tree_silver_01,5,authored-voxel,structural-screen-only,Authored occupied 3D cells; individual visual/detail/world consistency review is not yet established.
tree_silver_02,5,authored-voxel,structural-screen-only,Authored occupied 3D cells; individual visual/detail/world consistency review is not yet established.
tree_silver_03,5,authored-voxel,structural-screen-only,Authored occupied 3D cells; individual visual/detail/world consistency review is not yet established.
tree_silver_04,5,authored-voxel,structural-screen-only,Authored occupied 3D cells; individual visual/detail/world consistency review is not yet established.
tree_silver_05,5,authored-voxel,structural-screen-only,Authored occupied 3D cells; individual visual/detail/world consistency review is not yet established.
tree_silver_06,5,authored-voxel,structural-screen-only,Authored occupied 3D cells; individual visual/detail/world consistency review is not yet established.
tree_spruce_00,5,authored-voxel,structural-screen-only,Authored occupied 3D cells; individual visual/detail/world consistency review is not yet established.
tree_spruce_01,5,authored-voxel,structural-screen-only,Authored occupied 3D cells; individual visual/detail/world consistency review is not yet established.
tree_spruce_02,5,authored-voxel,structural-screen-only,Authored occupied 3D cells; individual visual/detail/world consistency review is not yet established.
tree_spruce_03,5,authored-voxel,structural-screen-only,Authored occupied 3D cells; individual visual/detail/world consistency review is not yet established.
tree_spruce_04,5,authored-voxel,structural-screen-only,Authored occupied 3D cells; individual visual/detail/world consistency review is not yet established.
tree_spruce_05,5,authored-voxel,structural-screen-only,Authored occupied 3D cells; individual visual/detail/world consistency review is not yet established.
tree_spruce_06,5,authored-voxel,structural-screen-only,Authored occupied 3D cells; individual visual/detail/world consistency review is not yet established.
tree_temperate_autumn_00,5,authored-voxel,structural-screen-only,Authored occupied 3D cells; individual visual/detail/world consistency review is not yet established.
tree_temperate_autumn_01,5,authored-voxel,structural-screen-only,Authored occupied 3D cells; individual visual/detail/world consistency review is not yet established.
tree_temperate_autumn_02,5,authored-voxel,structural-screen-only,Authored occupied 3D cells; individual visual/detail/world consistency review is not yet established.
tree_temperate_autumn_03,5,authored-voxel,structural-screen-only,Authored occupied 3D cells; individual visual/detail/world consistency review is not yet established.
tree_temperate_autumn_04,5,authored-voxel,structural-screen-only,Authored occupied 3D cells; individual visual/detail/world consistency review is not yet established.
tree_temperate_autumn_05,5,authored-voxel,structural-screen-only,Authored occupied 3D cells; individual visual/detail/world consistency review is not yet established.
tree_temperate_autumn_06,5,authored-voxel,structural-screen-only,Authored occupied 3D cells; individual visual/detail/world consistency review is not yet established.
tree_temperate_cedar_00,5,authored-voxel,structural-screen-only,Authored occupied 3D cells; individual visual/detail/world consistency review is not yet established.
tree_temperate_cedar_01,5,authored-voxel,structural-screen-only,Authored occupied 3D cells; individual visual/detail/world consistency review is not yet established.
tree_temperate_cedar_02,5,authored-voxel,structural-screen-only,Authored occupied 3D cells; individual visual/detail/world consistency review is not yet established.
tree_temperate_cedar_03,5,authored-voxel,structural-screen-only,Authored occupied 3D cells; individual visual/detail/world consistency review is not yet established.
tree_temperate_cedar_04,5,authored-voxel,structural-screen-only,Authored occupied 3D cells; individual visual/detail/world consistency review is not yet established.
tree_temperate_cedar_05,5,authored-voxel,structural-screen-only,Authored occupied 3D cells; individual visual/detail/world consistency review is not yet established.
tree_temperate_cedar_06,5,authored-voxel,structural-screen-only,Authored occupied 3D cells; individual visual/detail/world consistency review is not yet established.
tree_temperate_elm_00,5,authored-voxel,structural-screen-only,Authored occupied 3D cells; individual visual/detail/world consistency review is not yet established.
tree_temperate_elm_01,5,authored-voxel,structural-screen-only,Authored occupied 3D cells; individual visual/detail/world consistency review is not yet established.
tree_temperate_elm_02,5,authored-voxel,structural-screen-only,Authored occupied 3D cells; individual visual/detail/world consistency review is not yet established.
tree_temperate_elm_03,5,authored-voxel,structural-screen-only,Authored occupied 3D cells; individual visual/detail/world consistency review is not yet established.
tree_temperate_elm_04,5,authored-voxel,structural-screen-only,Authored occupied 3D cells; individual visual/detail/world consistency review is not yet established.
tree_temperate_elm_05,5,authored-voxel,structural-screen-only,Authored occupied 3D cells; individual visual/detail/world consistency review is not yet established.
tree_temperate_elm_06,5,authored-voxel,structural-screen-only,Authored occupied 3D cells; individual visual/detail/world consistency review is not yet established.
tree_temperate_gold_00,5,authored-voxel,structural-screen-only,Authored occupied 3D cells; individual visual/detail/world consistency review is not yet established.
tree_temperate_gold_01,5,authored-voxel,structural-screen-only,Authored occupied 3D cells; individual visual/detail/world consistency review is not yet established.
tree_temperate_gold_02,5,authored-voxel,structural-screen-only,Authored occupied 3D cells; individual visual/detail/world consistency review is not yet established.
tree_temperate_gold_03,5,authored-voxel,structural-screen-only,Authored occupied 3D cells; individual visual/detail/world consistency review is not yet established.
tree_temperate_gold_04,5,authored-voxel,structural-screen-only,Authored occupied 3D cells; individual visual/detail/world consistency review is not yet established.
tree_temperate_gold_05,5,authored-voxel,structural-screen-only,Authored occupied 3D cells; individual visual/detail/world consistency review is not yet established.
tree_temperate_gold_06,5,authored-voxel,structural-screen-only,Authored occupied 3D cells; individual visual/detail/world consistency review is not yet established.
tree_temperate_low_spread_00,5,authored-voxel,structural-screen-only,Authored occupied 3D cells; individual visual/detail/world consistency review is not yet established.
tree_temperate_low_spread_01,5,authored-voxel,structural-screen-only,Authored occupied 3D cells; individual visual/detail/world consistency review is not yet established.
tree_temperate_low_spread_02,5,authored-voxel,structural-screen-only,Authored occupied 3D cells; individual visual/detail/world consistency review is not yet established.
tree_temperate_low_spread_03,5,authored-voxel,structural-screen-only,Authored occupied 3D cells; individual visual/detail/world consistency review is not yet established.
tree_temperate_low_spread_04,5,authored-voxel,structural-screen-only,Authored occupied 3D cells; individual visual/detail/world consistency review is not yet established.
tree_temperate_low_spread_05,5,authored-voxel,structural-screen-only,Authored occupied 3D cells; individual visual/detail/world consistency review is not yet established.
tree_temperate_low_spread_06,5,authored-voxel,structural-screen-only,Authored occupied 3D cells; individual visual/detail/world consistency review is not yet established.
tree_temperate_oliveround_00,5,authored-voxel,structural-screen-only,Authored occupied 3D cells; individual visual/detail/world consistency review is not yet established.
tree_temperate_oliveround_01,5,authored-voxel,structural-screen-only,Authored occupied 3D cells; individual visual/detail/world consistency review is not yet established.
tree_temperate_oliveround_02,5,authored-voxel,structural-screen-only,Authored occupied 3D cells; individual visual/detail/world consistency review is not yet established.
tree_temperate_oliveround_03,5,authored-voxel,structural-screen-only,Authored occupied 3D cells; individual visual/detail/world consistency review is not yet established.
tree_temperate_oliveround_04,5,authored-voxel,structural-screen-only,Authored occupied 3D cells; individual visual/detail/world consistency review is not yet established.
tree_temperate_oliveround_05,5,authored-voxel,structural-screen-only,Authored occupied 3D cells; individual visual/detail/world consistency review is not yet established.
tree_temperate_oliveround_06,5,authored-voxel,structural-screen-only,Authored occupied 3D cells; individual visual/detail/world consistency review is not yet established.
tree_temperate_pear_00,5,authored-voxel,structural-screen-only,Authored occupied 3D cells; individual visual/detail/world consistency review is not yet established.
tree_temperate_pear_01,5,authored-voxel,structural-screen-only,Authored occupied 3D cells; individual visual/detail/world consistency review is not yet established.
tree_temperate_pear_02,5,authored-voxel,structural-screen-only,Authored occupied 3D cells; individual visual/detail/world consistency review is not yet established.
tree_temperate_pear_03,5,authored-voxel,structural-screen-only,Authored occupied 3D cells; individual visual/detail/world consistency review is not yet established.
tree_temperate_pear_04,5,authored-voxel,structural-screen-only,Authored occupied 3D cells; individual visual/detail/world consistency review is not yet established.
tree_temperate_pear_05,5,authored-voxel,structural-screen-only,Authored occupied 3D cells; individual visual/detail/world consistency review is not yet established.
tree_temperate_pear_06,5,authored-voxel,structural-screen-only,Authored occupied 3D cells; individual visual/detail/world consistency review is not yet established.
tree_temperate_redspread_00,5,authored-voxel,structural-screen-only,Authored occupied 3D cells; individual visual/detail/world consistency review is not yet established.
tree_temperate_redspread_01,5,authored-voxel,structural-screen-only,Authored occupied 3D cells; individual visual/detail/world consistency review is not yet established.
tree_temperate_redspread_02,5,authored-voxel,structural-screen-only,Authored occupied 3D cells; individual visual/detail/world consistency review is not yet established.
tree_temperate_redspread_03,5,authored-voxel,structural-screen-only,Authored occupied 3D cells; individual visual/detail/world consistency review is not yet established.
tree_temperate_redspread_04,5,authored-voxel,structural-screen-only,Authored occupied 3D cells; individual visual/detail/world consistency review is not yet established.
tree_temperate_redspread_05,5,authored-voxel,structural-screen-only,Authored occupied 3D cells; individual visual/detail/world consistency review is not yet established.
tree_temperate_redspread_06,5,authored-voxel,structural-screen-only,Authored occupied 3D cells; individual visual/detail/world consistency review is not yet established.
tree_temperate_round_00,5,authored-voxel,structural-screen-only,Authored occupied 3D cells; individual visual/detail/world consistency review is not yet established.
tree_temperate_round_01,5,authored-voxel,structural-screen-only,Authored occupied 3D cells; individual visual/detail/world consistency review is not yet established.
tree_temperate_round_02,5,authored-voxel,structural-screen-only,Authored occupied 3D cells; individual visual/detail/world consistency review is not yet established.
tree_temperate_round_03,5,authored-voxel,structural-screen-only,Authored occupied 3D cells; individual visual/detail/world consistency review is not yet established.
tree_temperate_round_04,5,authored-voxel,structural-screen-only,Authored occupied 3D cells; individual visual/detail/world consistency review is not yet established.
tree_temperate_round_05,5,authored-voxel,structural-screen-only,Authored occupied 3D cells; individual visual/detail/world consistency review is not yet established.
tree_temperate_round_06,5,authored-voxel,structural-screen-only,Authored occupied 3D cells; individual visual/detail/world consistency review is not yet established.
tree_temperate_rust_00,5,authored-voxel,structural-screen-only,Authored occupied 3D cells; individual visual/detail/world consistency review is not yet established.
tree_temperate_rust_01,5,authored-voxel,structural-screen-only,Authored occupied 3D cells; individual visual/detail/world consistency review is not yet established.
tree_temperate_rust_02,5,authored-voxel,structural-screen-only,Authored occupied 3D cells; individual visual/detail/world consistency review is not yet established.
tree_temperate_rust_03,5,authored-voxel,structural-screen-only,Authored occupied 3D cells; individual visual/detail/world consistency review is not yet established.
tree_temperate_rust_04,5,authored-voxel,structural-screen-only,Authored occupied 3D cells; individual visual/detail/world consistency review is not yet established.
tree_temperate_rust_05,5,authored-voxel,structural-screen-only,Authored occupied 3D cells; individual visual/detail/world consistency review is not yet established.
tree_temperate_rust_06,5,authored-voxel,structural-screen-only,Authored occupied 3D cells; individual visual/detail/world consistency review is not yet established.
tree_temperate_silvergreen_00,5,authored-voxel,structural-screen-only,Authored occupied 3D cells; individual visual/detail/world consistency review is not yet established.
tree_temperate_silvergreen_01,5,authored-voxel,structural-screen-only,Authored occupied 3D cells; individual visual/detail/world consistency review is not yet established.
tree_temperate_silvergreen_02,5,authored-voxel,structural-screen-only,Authored occupied 3D cells; individual visual/detail/world consistency review is not yet established.
tree_temperate_silvergreen_03,5,authored-voxel,structural-screen-only,Authored occupied 3D cells; individual visual/detail/world consistency review is not yet established.
tree_temperate_silvergreen_04,5,authored-voxel,structural-screen-only,Authored occupied 3D cells; individual visual/detail/world consistency review is not yet established.
tree_temperate_silvergreen_05,5,authored-voxel,structural-screen-only,Authored occupied 3D cells; individual visual/detail/world consistency review is not yet established.
tree_temperate_silvergreen_06,5,authored-voxel,structural-screen-only,Authored occupied 3D cells; individual visual/detail/world consistency review is not yet established.
tree_temperate_tall_spread_00,5,authored-voxel,structural-screen-only,Authored occupied 3D cells; individual visual/detail/world consistency review is not yet established.
tree_temperate_tall_spread_01,5,authored-voxel,structural-screen-only,Authored occupied 3D cells; individual visual/detail/world consistency review is not yet established.
tree_temperate_tall_spread_02,5,authored-voxel,structural-screen-only,Authored occupied 3D cells; individual visual/detail/world consistency review is not yet established.
tree_temperate_tall_spread_03,5,authored-voxel,structural-screen-only,Authored occupied 3D cells; individual visual/detail/world consistency review is not yet established.
tree_temperate_tall_spread_04,5,authored-voxel,structural-screen-only,Authored occupied 3D cells; individual visual/detail/world consistency review is not yet established.
tree_temperate_tall_spread_05,5,authored-voxel,structural-screen-only,Authored occupied 3D cells; individual visual/detail/world consistency review is not yet established.
tree_temperate_tall_spread_06,5,authored-voxel,structural-screen-only,Authored occupied 3D cells; individual visual/detail/world consistency review is not yet established.
tree_temperate_tanspread_00,5,authored-voxel,structural-screen-only,Authored occupied 3D cells; individual visual/detail/world consistency review is not yet established.
tree_temperate_tanspread_01,5,authored-voxel,structural-screen-only,Authored occupied 3D cells; individual visual/detail/world consistency review is not yet established.
tree_temperate_tanspread_02,5,authored-voxel,structural-screen-only,Authored occupied 3D cells; individual visual/detail/world consistency review is not yet established.
tree_temperate_tanspread_03,5,authored-voxel,structural-screen-only,Authored occupied 3D cells; individual visual/detail/world consistency review is not yet established.
tree_temperate_tanspread_04,5,authored-voxel,structural-screen-only,Authored occupied 3D cells; individual visual/detail/world consistency review is not yet established.
tree_temperate_tanspread_05,5,authored-voxel,structural-screen-only,Authored occupied 3D cells; individual visual/detail/world consistency review is not yet established.
tree_temperate_tanspread_06,5,authored-voxel,structural-screen-only,Authored occupied 3D cells; individual visual/detail/world consistency review is not yet established.
tree_temperate_teal_00,5,authored-voxel,structural-screen-only,Authored occupied 3D cells; individual visual/detail/world consistency review is not yet established.
tree_temperate_teal_01,5,authored-voxel,structural-screen-only,Authored occupied 3D cells; individual visual/detail/world consistency review is not yet established.
tree_temperate_teal_02,5,authored-voxel,structural-screen-only,Authored occupied 3D cells; individual visual/detail/world consistency review is not yet established.
tree_temperate_teal_03,5,authored-voxel,structural-screen-only,Authored occupied 3D cells; individual visual/detail/world consistency review is not yet established.
tree_temperate_teal_04,5,authored-voxel,structural-screen-only,Authored occupied 3D cells; individual visual/detail/world consistency review is not yet established.
tree_temperate_teal_05,5,authored-voxel,structural-screen-only,Authored occupied 3D cells; individual visual/detail/world consistency review is not yet established.
tree_temperate_teal_06,5,authored-voxel,structural-screen-only,Authored occupied 3D cells; individual visual/detail/world consistency review is not yet established.
tree_temperate_vase_00,5,authored-voxel,structural-screen-only,Authored occupied 3D cells; individual visual/detail/world consistency review is not yet established.
tree_temperate_vase_01,5,authored-voxel,structural-screen-only,Authored occupied 3D cells; individual visual/detail/world consistency review is not yet established.
tree_temperate_vase_02,5,authored-voxel,structural-screen-only,Authored occupied 3D cells; individual visual/detail/world consistency review is not yet established.
tree_temperate_vase_03,5,authored-voxel,structural-screen-only,Authored occupied 3D cells; individual visual/detail/world consistency review is not yet established.
tree_temperate_vase_04,5,authored-voxel,structural-screen-only,Authored occupied 3D cells; individual visual/detail/world consistency review is not yet established.
tree_temperate_vase_05,5,authored-voxel,structural-screen-only,Authored occupied 3D cells; individual visual/detail/world consistency review is not yet established.
tree_temperate_vase_06,5,authored-voxel,structural-screen-only,Authored occupied 3D cells; individual visual/detail/world consistency review is not yet established.
tree_toy_cone_00,5,authored-voxel,structural-screen-only,Authored occupied 3D cells; individual visual/detail/world consistency review is not yet established.
tree_toy_cone_01,5,authored-voxel,structural-screen-only,Authored occupied 3D cells; individual visual/detail/world consistency review is not yet established.
tree_toy_cone_02,5,authored-voxel,structural-screen-only,Authored occupied 3D cells; individual visual/detail/world consistency review is not yet established.
tree_toy_cone_03,5,authored-voxel,structural-screen-only,Authored occupied 3D cells; individual visual/detail/world consistency review is not yet established.
tree_toy_cone_04,5,authored-voxel,structural-screen-only,Authored occupied 3D cells; individual visual/detail/world consistency review is not yet established.
tree_toy_cone_05,5,authored-voxel,structural-screen-only,Authored occupied 3D cells; individual visual/detail/world consistency review is not yet established.
tree_toy_cone_06,5,authored-voxel,structural-screen-only,Authored occupied 3D cells; individual visual/detail/world consistency review is not yet established.
tree_toy_cylinder_00,5,authored-voxel,structural-screen-only,Authored occupied 3D cells; individual visual/detail/world consistency review is not yet established.
tree_toy_cylinder_01,5,authored-voxel,structural-screen-only,Authored occupied 3D cells; individual visual/detail/world consistency review is not yet established.
tree_toy_cylinder_02,5,authored-voxel,structural-screen-only,Authored occupied 3D cells; individual visual/detail/world consistency review is not yet established.
tree_toy_cylinder_03,5,authored-voxel,structural-screen-only,Authored occupied 3D cells; individual visual/detail/world consistency review is not yet established.
tree_toy_cylinder_04,5,authored-voxel,structural-screen-only,Authored occupied 3D cells; individual visual/detail/world consistency review is not yet established.
tree_toy_cylinder_05,5,authored-voxel,structural-screen-only,Authored occupied 3D cells; individual visual/detail/world consistency review is not yet established.
tree_toy_cylinder_06,5,authored-voxel,structural-screen-only,Authored occupied 3D cells; individual visual/detail/world consistency review is not yet established.
tree_toy_globe_00,5,authored-voxel,structural-screen-only,Authored occupied 3D cells; individual visual/detail/world consistency review is not yet established.
tree_toy_globe_01,5,authored-voxel,structural-screen-only,Authored occupied 3D cells; individual visual/detail/world consistency review is not yet established.
tree_toy_globe_02,5,authored-voxel,structural-screen-only,Authored occupied 3D cells; individual visual/detail/world consistency review is not yet established.
tree_toy_globe_03,5,authored-voxel,structural-screen-only,Authored occupied 3D cells; individual visual/detail/world consistency review is not yet established.
tree_toy_globe_04,5,authored-voxel,structural-screen-only,Authored occupied 3D cells; individual visual/detail/world consistency review is not yet established.
tree_toy_globe_05,5,authored-voxel,structural-screen-only,Authored occupied 3D cells; individual visual/detail/world consistency review is not yet established.
tree_toy_globe_06,5,authored-voxel,structural-screen-only,Authored occupied 3D cells; individual visual/detail/world consistency review is not yet established.
tree_toy_lollipop_00,5,authored-voxel,structural-screen-only,Authored occupied 3D cells; individual visual/detail/world consistency review is not yet established.
tree_toy_lollipop_01,5,authored-voxel,structural-screen-only,Authored occupied 3D cells; individual visual/detail/world consistency review is not yet established.
tree_toy_lollipop_02,5,authored-voxel,structural-screen-only,Authored occupied 3D cells; individual visual/detail/world consistency review is not yet established.
tree_toy_lollipop_03,5,authored-voxel,structural-screen-only,Authored occupied 3D cells; individual visual/detail/world consistency review is not yet established.
tree_toy_lollipop_04,5,authored-voxel,structural-screen-only,Authored occupied 3D cells; individual visual/detail/world consistency review is not yet established.
tree_toy_lollipop_05,5,authored-voxel,structural-screen-only,Authored occupied 3D cells; individual visual/detail/world consistency review is not yet established.
tree_toy_lollipop_06,5,authored-voxel,structural-screen-only,Authored occupied 3D cells; individual visual/detail/world consistency review is not yet established.
tree_toy_mushroom_00,5,authored-voxel,structural-screen-only,Authored occupied 3D cells; individual visual/detail/world consistency review is not yet established.
tree_toy_mushroom_01,5,authored-voxel,structural-screen-only,Authored occupied 3D cells; individual visual/detail/world consistency review is not yet established.
tree_toy_mushroom_02,5,authored-voxel,structural-screen-only,Authored occupied 3D cells; individual visual/detail/world consistency review is not yet established.
tree_toy_mushroom_03,5,authored-voxel,structural-screen-only,Authored occupied 3D cells; individual visual/detail/world consistency review is not yet established.
tree_toy_mushroom_04,5,authored-voxel,structural-screen-only,Authored occupied 3D cells; individual visual/detail/world consistency review is not yet established.
tree_toy_mushroom_05,5,authored-voxel,structural-screen-only,Authored occupied 3D cells; individual visual/detail/world consistency review is not yet established.
tree_toy_mushroom_06,5,authored-voxel,structural-screen-only,Authored occupied 3D cells; individual visual/detail/world consistency review is not yet established.
tree_toy_parasol_00,5,authored-voxel,structural-screen-only,Authored occupied 3D cells; individual visual/detail/world consistency review is not yet established.
tree_toy_parasol_01,5,authored-voxel,structural-screen-only,Authored occupied 3D cells; individual visual/detail/world consistency review is not yet established.
tree_toy_parasol_02,5,authored-voxel,structural-screen-only,Authored occupied 3D cells; individual visual/detail/world consistency review is not yet established.
tree_toy_parasol_03,5,authored-voxel,structural-screen-only,Authored occupied 3D cells; individual visual/detail/world consistency review is not yet established.
tree_toy_parasol_04,5,authored-voxel,structural-screen-only,Authored occupied 3D cells; individual visual/detail/world consistency review is not yet established.
tree_toy_parasol_05,5,authored-voxel,structural-screen-only,Authored occupied 3D cells; individual visual/detail/world consistency review is not yet established.
tree_toy_parasol_06,5,authored-voxel,structural-screen-only,Authored occupied 3D cells; individual visual/detail/world consistency review is not yet established.
tree_toy_striped_00,5,authored-voxel,structural-screen-only,Authored occupied 3D cells; individual visual/detail/world consistency review is not yet established.
tree_toy_striped_01,5,authored-voxel,structural-screen-only,Authored occupied 3D cells; individual visual/detail/world consistency review is not yet established.
tree_toy_striped_02,5,authored-voxel,structural-screen-only,Authored occupied 3D cells; individual visual/detail/world consistency review is not yet established.
tree_toy_striped_03,5,authored-voxel,structural-screen-only,Authored occupied 3D cells; individual visual/detail/world consistency review is not yet established.
tree_toy_striped_04,5,authored-voxel,structural-screen-only,Authored occupied 3D cells; individual visual/detail/world consistency review is not yet established.
tree_toy_striped_05,5,authored-voxel,structural-screen-only,Authored occupied 3D cells; individual visual/detail/world consistency review is not yet established.
tree_toy_striped_06,5,authored-voxel,structural-screen-only,Authored occupied 3D cells; individual visual/detail/world consistency review is not yet established.
tree_toy_tiers_00,5,authored-voxel,structural-screen-only,Authored occupied 3D cells; individual visual/detail/world consistency review is not yet established.
tree_toy_tiers_01,5,authored-voxel,structural-screen-only,Authored occupied 3D cells; individual visual/detail/world consistency review is not yet established.
tree_toy_tiers_02,5,authored-voxel,structural-screen-only,Authored occupied 3D cells; individual visual/detail/world consistency review is not yet established.
tree_toy_tiers_03,5,authored-voxel,structural-screen-only,Authored occupied 3D cells; individual visual/detail/world consistency review is not yet established.
tree_toy_tiers_04,5,authored-voxel,structural-screen-only,Authored occupied 3D cells; individual visual/detail/world consistency review is not yet established.
tree_toy_tiers_05,5,authored-voxel,structural-screen-only,Authored occupied 3D cells; individual visual/detail/world consistency review is not yet established.
tree_toy_tiers_06,5,authored-voxel,structural-screen-only,Authored occupied 3D cells; individual visual/detail/world consistency review is not yet established.
tree_toy_umbrella_00,5,authored-voxel,structural-screen-only,Authored occupied 3D cells; individual visual/detail/world consistency review is not yet established.
tree_toy_umbrella_01,5,authored-voxel,structural-screen-only,Authored occupied 3D cells; individual visual/detail/world consistency review is not yet established.
tree_toy_umbrella_02,5,authored-voxel,structural-screen-only,Authored occupied 3D cells; individual visual/detail/world consistency review is not yet established.
tree_toy_umbrella_03,5,authored-voxel,structural-screen-only,Authored occupied 3D cells; individual visual/detail/world consistency review is not yet established.
tree_toy_umbrella_04,5,authored-voxel,structural-screen-only,Authored occupied 3D cells; individual visual/detail/world consistency review is not yet established.
tree_toy_umbrella_05,5,authored-voxel,structural-screen-only,Authored occupied 3D cells; individual visual/detail/world consistency review is not yet established.
tree_toy_umbrella_06,5,authored-voxel,structural-screen-only,Authored occupied 3D cells; individual visual/detail/world consistency review is not yet established.
tree_tropical_banyan_00,5,authored-voxel,structural-screen-only,Authored occupied 3D cells; individual visual/detail/world consistency review is not yet established.
tree_tropical_banyan_01,5,authored-voxel,structural-screen-only,Authored occupied 3D cells; individual visual/detail/world consistency review is not yet established.
tree_tropical_banyan_02,5,authored-voxel,structural-screen-only,Authored occupied 3D cells; individual visual/detail/world consistency review is not yet established.
tree_tropical_banyan_03,5,authored-voxel,structural-screen-only,Authored occupied 3D cells; individual visual/detail/world consistency review is not yet established.
tree_tropical_banyan_04,5,authored-voxel,structural-screen-only,Authored occupied 3D cells; individual visual/detail/world consistency review is not yet established.
tree_tropical_banyan_05,5,authored-voxel,structural-screen-only,Authored occupied 3D cells; individual visual/detail/world consistency review is not yet established.
tree_tropical_banyan_06,5,authored-voxel,structural-screen-only,Authored occupied 3D cells; individual visual/detail/world consistency review is not yet established.
tree_tropical_bottle_00,5,authored-voxel,structural-screen-only,Authored occupied 3D cells; individual visual/detail/world consistency review is not yet established.
tree_tropical_bottle_01,5,authored-voxel,structural-screen-only,Authored occupied 3D cells; individual visual/detail/world consistency review is not yet established.
tree_tropical_bottle_02,5,authored-voxel,structural-screen-only,Authored occupied 3D cells; individual visual/detail/world consistency review is not yet established.
tree_tropical_bottle_03,5,authored-voxel,structural-screen-only,Authored occupied 3D cells; individual visual/detail/world consistency review is not yet established.
tree_tropical_bottle_04,5,authored-voxel,structural-screen-only,Authored occupied 3D cells; individual visual/detail/world consistency review is not yet established.
tree_tropical_bottle_05,5,authored-voxel,structural-screen-only,Authored occupied 3D cells; individual visual/detail/world consistency review is not yet established.
tree_tropical_bottle_06,5,authored-voxel,structural-screen-only,Authored occupied 3D cells; individual visual/detail/world consistency review is not yet established.
tree_tropical_bright_00,5,authored-voxel,structural-screen-only,Authored occupied 3D cells; individual visual/detail/world consistency review is not yet established.
tree_tropical_bright_01,5,authored-voxel,structural-screen-only,Authored occupied 3D cells; individual visual/detail/world consistency review is not yet established.
tree_tropical_bright_02,5,authored-voxel,structural-screen-only,Authored occupied 3D cells; individual visual/detail/world consistency review is not yet established.
tree_tropical_bright_03,5,authored-voxel,structural-screen-only,Authored occupied 3D cells; individual visual/detail/world consistency review is not yet established.
tree_tropical_bright_04,5,authored-voxel,structural-screen-only,Authored occupied 3D cells; individual visual/detail/world consistency review is not yet established.
tree_tropical_bright_05,5,authored-voxel,structural-screen-only,Authored occupied 3D cells; individual visual/detail/world consistency review is not yet established.
tree_tropical_bright_06,5,authored-voxel,structural-screen-only,Authored occupied 3D cells; individual visual/detail/world consistency review is not yet established.
tree_tropical_darkgreen_00,5,authored-voxel,structural-screen-only,Authored occupied 3D cells; individual visual/detail/world consistency review is not yet established.
tree_tropical_darkgreen_01,5,authored-voxel,structural-screen-only,Authored occupied 3D cells; individual visual/detail/world consistency review is not yet established.
tree_tropical_darkgreen_02,5,authored-voxel,structural-screen-only,Authored occupied 3D cells; individual visual/detail/world consistency review is not yet established.
tree_tropical_darkgreen_03,5,authored-voxel,structural-screen-only,Authored occupied 3D cells; individual visual/detail/world consistency review is not yet established.
tree_tropical_darkgreen_04,5,authored-voxel,structural-screen-only,Authored occupied 3D cells; individual visual/detail/world consistency review is not yet established.
tree_tropical_darkgreen_05,5,authored-voxel,structural-screen-only,Authored occupied 3D cells; individual visual/detail/world consistency review is not yet established.
tree_tropical_darkgreen_06,5,authored-voxel,structural-screen-only,Authored occupied 3D cells; individual visual/detail/world consistency review is not yet established.
tree_tropical_green_shrub_00,5,authored-voxel,structural-screen-only,Authored occupied 3D cells; individual visual/detail/world consistency review is not yet established.
tree_tropical_green_shrub_01,5,authored-voxel,structural-screen-only,Authored occupied 3D cells; individual visual/detail/world consistency review is not yet established.
tree_tropical_green_shrub_02,5,authored-voxel,structural-screen-only,Authored occupied 3D cells; individual visual/detail/world consistency review is not yet established.
tree_tropical_green_shrub_03,5,authored-voxel,structural-screen-only,Authored occupied 3D cells; individual visual/detail/world consistency review is not yet established.
tree_tropical_green_shrub_04,5,authored-voxel,structural-screen-only,Authored occupied 3D cells; individual visual/detail/world consistency review is not yet established.
tree_tropical_green_shrub_05,5,authored-voxel,structural-screen-only,Authored occupied 3D cells; individual visual/detail/world consistency review is not yet established.
tree_tropical_green_shrub_06,5,authored-voxel,structural-screen-only,Authored occupied 3D cells; individual visual/detail/world consistency review is not yet established.
tree_tropical_olivewhite_00,5,authored-voxel,structural-screen-only,Authored occupied 3D cells; individual visual/detail/world consistency review is not yet established.
tree_tropical_olivewhite_01,5,authored-voxel,structural-screen-only,Authored occupied 3D cells; individual visual/detail/world consistency review is not yet established.
tree_tropical_olivewhite_02,5,authored-voxel,structural-screen-only,Authored occupied 3D cells; individual visual/detail/world consistency review is not yet established.
tree_tropical_olivewhite_03,5,authored-voxel,structural-screen-only,Authored occupied 3D cells; individual visual/detail/world consistency review is not yet established.
tree_tropical_olivewhite_04,5,authored-voxel,structural-screen-only,Authored occupied 3D cells; individual visual/detail/world consistency review is not yet established.
tree_tropical_olivewhite_05,5,authored-voxel,structural-screen-only,Authored occupied 3D cells; individual visual/detail/world consistency review is not yet established.
tree_tropical_olivewhite_06,5,authored-voxel,structural-screen-only,Authored occupied 3D cells; individual visual/detail/world consistency review is not yet established.
tree_tropical_peachpalm_00,5,authored-voxel,structural-screen-only,Authored occupied 3D cells; individual visual/detail/world consistency review is not yet established.
tree_tropical_peachpalm_01,5,authored-voxel,structural-screen-only,Authored occupied 3D cells; individual visual/detail/world consistency review is not yet established.
tree_tropical_peachpalm_02,5,authored-voxel,structural-screen-only,Authored occupied 3D cells; individual visual/detail/world consistency review is not yet established.
tree_tropical_peachpalm_03,5,authored-voxel,structural-screen-only,Authored occupied 3D cells; individual visual/detail/world consistency review is not yet established.
tree_tropical_peachpalm_04,5,authored-voxel,structural-screen-only,Authored occupied 3D cells; individual visual/detail/world consistency review is not yet established.
tree_tropical_peachpalm_05,5,authored-voxel,structural-screen-only,Authored occupied 3D cells; individual visual/detail/world consistency review is not yet established.
tree_tropical_peachpalm_06,5,authored-voxel,structural-screen-only,Authored occupied 3D cells; individual visual/detail/world consistency review is not yet established.
tree_tropical_ringpalm_00,5,authored-voxel,structural-screen-only,Authored occupied 3D cells; individual visual/detail/world consistency review is not yet established.
tree_tropical_ringpalm_01,5,authored-voxel,structural-screen-only,Authored occupied 3D cells; individual visual/detail/world consistency review is not yet established.
tree_tropical_ringpalm_02,5,authored-voxel,structural-screen-only,Authored occupied 3D cells; individual visual/detail/world consistency review is not yet established.
tree_tropical_ringpalm_03,5,authored-voxel,structural-screen-only,Authored occupied 3D cells; individual visual/detail/world consistency review is not yet established.
tree_tropical_ringpalm_04,5,authored-voxel,structural-screen-only,Authored occupied 3D cells; individual visual/detail/world consistency review is not yet established.
tree_tropical_ringpalm_05,5,authored-voxel,structural-screen-only,Authored occupied 3D cells; individual visual/detail/world consistency review is not yet established.
tree_tropical_ringpalm_06,5,authored-voxel,structural-screen-only,Authored occupied 3D cells; individual visual/detail/world consistency review is not yet established.
tree_tropical_sage_00,5,authored-voxel,structural-screen-only,Authored occupied 3D cells; individual visual/detail/world consistency review is not yet established.
tree_tropical_sage_01,5,authored-voxel,structural-screen-only,Authored occupied 3D cells; individual visual/detail/world consistency review is not yet established.
tree_tropical_sage_02,5,authored-voxel,structural-screen-only,Authored occupied 3D cells; individual visual/detail/world consistency review is not yet established.
tree_tropical_sage_03,5,authored-voxel,structural-screen-only,Authored occupied 3D cells; individual visual/detail/world consistency review is not yet established.
tree_tropical_sage_04,5,authored-voxel,structural-screen-only,Authored occupied 3D cells; individual visual/detail/world consistency review is not yet established.
tree_tropical_sage_05,5,authored-voxel,structural-screen-only,Authored occupied 3D cells; individual visual/detail/world consistency review is not yet established.
tree_tropical_sage_06,5,authored-voxel,structural-screen-only,Authored occupied 3D cells; individual visual/detail/world consistency review is not yet established.
tree_tropical_sage_shrub_00,5,authored-voxel,structural-screen-only,Authored occupied 3D cells; individual visual/detail/world consistency review is not yet established.
tree_tropical_sage_shrub_01,5,authored-voxel,structural-screen-only,Authored occupied 3D cells; individual visual/detail/world consistency review is not yet established.
tree_tropical_sage_shrub_02,5,authored-voxel,structural-screen-only,Authored occupied 3D cells; individual visual/detail/world consistency review is not yet established.
tree_tropical_sage_shrub_03,5,authored-voxel,structural-screen-only,Authored occupied 3D cells; individual visual/detail/world consistency review is not yet established.
tree_tropical_sage_shrub_04,5,authored-voxel,structural-screen-only,Authored occupied 3D cells; individual visual/detail/world consistency review is not yet established.
tree_tropical_sage_shrub_05,5,authored-voxel,structural-screen-only,Authored occupied 3D cells; individual visual/detail/world consistency review is not yet established.
tree_tropical_sage_shrub_06,5,authored-voxel,structural-screen-only,Authored occupied 3D cells; individual visual/detail/world consistency review is not yet established.
tree_tropical_tallpalm_00,5,authored-voxel,structural-screen-only,Authored occupied 3D cells; individual visual/detail/world consistency review is not yet established.
tree_tropical_tallpalm_01,5,authored-voxel,structural-screen-only,Authored occupied 3D cells; individual visual/detail/world consistency review is not yet established.
tree_tropical_tallpalm_02,5,authored-voxel,structural-screen-only,Authored occupied 3D cells; individual visual/detail/world consistency review is not yet established.
tree_tropical_tallpalm_03,5,authored-voxel,structural-screen-only,Authored occupied 3D cells; individual visual/detail/world consistency review is not yet established.
tree_tropical_tallpalm_04,5,authored-voxel,structural-screen-only,Authored occupied 3D cells; individual visual/detail/world consistency review is not yet established.
tree_tropical_tallpalm_05,5,authored-voxel,structural-screen-only,Authored occupied 3D cells; individual visual/detail/world consistency review is not yet established.
tree_tropical_tallpalm_06,5,authored-voxel,structural-screen-only,Authored occupied 3D cells; individual visual/detail/world consistency review is not yet established.
tree_tropical_tallwhite_00,5,authored-voxel,structural-screen-only,Authored occupied 3D cells; individual visual/detail/world consistency review is not yet established.
tree_tropical_tallwhite_01,5,authored-voxel,structural-screen-only,Authored occupied 3D cells; individual visual/detail/world consistency review is not yet established.
tree_tropical_tallwhite_02,5,authored-voxel,structural-screen-only,Authored occupied 3D cells; individual visual/detail/world consistency review is not yet established.
tree_tropical_tallwhite_03,5,authored-voxel,structural-screen-only,Authored occupied 3D cells; individual visual/detail/world consistency review is not yet established.
tree_tropical_tallwhite_04,5,authored-voxel,structural-screen-only,Authored occupied 3D cells; individual visual/detail/world consistency review is not yet established.
tree_tropical_tallwhite_05,5,authored-voxel,structural-screen-only,Authored occupied 3D cells; individual visual/detail/world consistency review is not yet established.
tree_tropical_tallwhite_06,5,authored-voxel,structural-screen-only,Authored occupied 3D cells; individual visual/detail/world consistency review is not yet established.
tree_tropical_tealwhite_00,5,authored-voxel,structural-screen-only,Authored occupied 3D cells; individual visual/detail/world consistency review is not yet established.
tree_tropical_tealwhite_01,5,authored-voxel,structural-screen-only,Authored occupied 3D cells; individual visual/detail/world consistency review is not yet established.
tree_tropical_tealwhite_02,5,authored-voxel,structural-screen-only,Authored occupied 3D cells; individual visual/detail/world consistency review is not yet established.
tree_tropical_tealwhite_03,5,authored-voxel,structural-screen-only,Authored occupied 3D cells; individual visual/detail/world consistency review is not yet established.
tree_tropical_tealwhite_04,5,authored-voxel,structural-screen-only,Authored occupied 3D cells; individual visual/detail/world consistency review is not yet established.
tree_tropical_tealwhite_05,5,authored-voxel,structural-screen-only,Authored occupied 3D cells; individual visual/detail/world consistency review is not yet established.
tree_tropical_tealwhite_06,5,authored-voxel,structural-screen-only,Authored occupied 3D cells; individual visual/detail/world consistency review is not yet established.
tree_tropical_whitebase_00,5,authored-voxel,structural-screen-only,Authored occupied 3D cells; individual visual/detail/world consistency review is not yet established.
tree_tropical_whitebase_01,5,authored-voxel,structural-screen-only,Authored occupied 3D cells; individual visual/detail/world consistency review is not yet established.
tree_tropical_whitebase_02,5,authored-voxel,structural-screen-only,Authored occupied 3D cells; individual visual/detail/world consistency review is not yet established.
tree_tropical_whitebase_03,5,authored-voxel,structural-screen-only,Authored occupied 3D cells; individual visual/detail/world consistency review is not yet established.
tree_tropical_whitebase_04,5,authored-voxel,structural-screen-only,Authored occupied 3D cells; individual visual/detail/world consistency review is not yet established.
tree_tropical_whitebase_05,5,authored-voxel,structural-screen-only,Authored occupied 3D cells; individual visual/detail/world consistency review is not yet established.
tree_tropical_whitebase_06,5,authored-voxel,structural-screen-only,Authored occupied 3D cells; individual visual/detail/world consistency review is not yet established.
wagon_closed_armoured_a,5,authored-voxel,structural-screen-only,Authored occupied 3D cells; individual visual/detail/world consistency review is not yet established.
wagon_closed_armoured_fast,5,authored-voxel,structural-screen-only,Authored occupied 3D cells; individual visual/detail/world consistency review is not yet established.
wagon_closed_armoured_s,5,authored-voxel,structural-screen-only,Authored occupied 3D cells; individual visual/detail/world consistency review is not yet established.
wagon_closed_armoured_t,5,authored-voxel,structural-screen-only,Authored occupied 3D cells; individual visual/detail/world consistency review is not yet established.
wagon_closed_food_a,5,authored-voxel,structural-screen-only,Authored occupied 3D cells; individual visual/detail/world consistency review is not yet established.
wagon_closed_food_fast_a,5,authored-voxel,structural-screen-only,Authored occupied 3D cells; individual visual/detail/world consistency review is not yet established.
wagon_closed_food_fast_s,5,authored-voxel,structural-screen-only,Authored occupied 3D cells; individual visual/detail/world consistency review is not yet established.
wagon_closed_food_s,5,authored-voxel,structural-screen-only,Authored occupied 3D cells; individual visual/detail/world consistency review is not yet established.
wagon_closed_goods_a,5,authored-voxel,structural-screen-only,Authored occupied 3D cells; individual visual/detail/world consistency review is not yet established.
wagon_closed_goods_fast_a,5,authored-voxel,structural-screen-only,Authored occupied 3D cells; individual visual/detail/world consistency review is not yet established.
wagon_closed_goods_fast_s,5,authored-voxel,structural-screen-only,Authored occupied 3D cells; individual visual/detail/world consistency review is not yet established.
wagon_closed_goods_fast_t,5,authored-voxel,structural-screen-only,Authored occupied 3D cells; individual visual/detail/world consistency review is not yet established.
wagon_closed_goods_s,5,authored-voxel,structural-screen-only,Authored occupied 3D cells; individual visual/detail/world consistency review is not yet established.
wagon_closed_goods_t,5,authored-voxel,structural-screen-only,Authored occupied 3D cells; individual visual/detail/world consistency review is not yet established.
wagon_closed_livestock,5,authored-voxel,structural-screen-only,Authored occupied 3D cells; individual visual/detail/world consistency review is not yet established.
wagon_closed_livestock_fast,5,authored-voxel,structural-screen-only,Authored occupied 3D cells; individual visual/detail/world consistency review is not yet established.
wagon_closed_mail_a,5,authored-voxel,structural-screen-only,Authored occupied 3D cells; individual visual/detail/world consistency review is not yet established.
wagon_closed_mail_fast,5,authored-voxel,structural-screen-only,Authored occupied 3D cells; individual visual/detail/world consistency review is not yet established.
wagon_closed_mail_s,5,authored-voxel,structural-screen-only,Authored occupied 3D cells; individual visual/detail/world consistency review is not yet established.
wagon_closed_mail_t,5,authored-voxel,structural-screen-only,Authored occupied 3D cells; individual visual/detail/world consistency review is not yet established.
wagon_closed_mail_y,5,authored-voxel,structural-screen-only,Authored occupied 3D cells; individual visual/detail/world consistency review is not yet established.
wagon_closed_oil,5,authored-voxel,structural-screen-only,Authored occupied 3D cells; individual visual/detail/world consistency review is not yet established.
wagon_closed_oil_fast,5,authored-voxel,structural-screen-only,Authored occupied 3D cells; individual visual/detail/world consistency review is not yet established.
wagon_closed_oil_fast_tropic,5,authored-voxel,structural-screen-only,Authored occupied 3D cells; individual visual/detail/world consistency review is not yet established.
wagon_closed_oil_tropic,5,authored-voxel,structural-screen-only,Authored occupied 3D cells; individual visual/detail/world consistency review is not yet established.
wagon_closed_passenger_a,5,authored-voxel,structural-screen-only,Authored occupied 3D cells; individual visual/detail/world consistency review is not yet established.
wagon_closed_passenger_fast,5,authored-voxel,structural-screen-only,Authored occupied 3D cells; individual visual/detail/world consistency review is not yet established.
wagon_closed_passenger_s,5,authored-voxel,structural-screen-only,Authored occupied 3D cells; individual visual/detail/world consistency review is not yet established.
wagon_closed_passenger_t,5,authored-voxel,structural-screen-only,Authored occupied 3D cells; individual visual/detail/world consistency review is not yet established.
wagon_closed_passenger_y,5,authored-voxel,structural-screen-only,Authored occupied 3D cells; individual visual/detail/world consistency review is not yet established.
wagon_closed_sweets_y,5,authored-voxel,structural-screen-only,Authored occupied 3D cells; individual visual/detail/world consistency review is not yet established.
wagon_closed_toys_y,5,authored-voxel,structural-screen-only,Authored occupied 3D cells; individual visual/detail/world consistency review is not yet established.
wagon_open_coal_arctic_empty,5,authored-voxel,structural-screen-only,Authored occupied 3D cells; individual visual/detail/world consistency review is not yet established.
wagon_open_coal_arctic_loaded,5,authored-voxel,structural-screen-only,Authored occupied 3D cells; individual visual/detail/world consistency review is not yet established.
wagon_open_coal_empty,5,authored-voxel,structural-screen-only,Authored occupied 3D cells; individual visual/detail/world consistency review is not yet established.
wagon_open_coal_fast_arctic_empty,5,authored-voxel,structural-screen-only,Authored occupied 3D cells; individual visual/detail/world consistency review is not yet established.
wagon_open_coal_fast_arctic_loaded,5,authored-voxel,structural-screen-only,Authored occupied 3D cells; individual visual/detail/world consistency review is not yet established.
wagon_open_coal_fast_empty,5,authored-voxel,structural-screen-only,Authored occupied 3D cells; individual visual/detail/world consistency review is not yet established.
wagon_open_coal_fast_loaded,5,authored-voxel,structural-screen-only,Authored occupied 3D cells; individual visual/detail/world consistency review is not yet established.
wagon_open_coal_loaded,5,authored-voxel,structural-screen-only,Authored occupied 3D cells; individual visual/detail/world consistency review is not yet established.
wagon_open_copper_empty,5,authored-voxel,structural-screen-only,Authored occupied 3D cells; individual visual/detail/world consistency review is not yet established.
wagon_open_copper_fast_empty,5,authored-voxel,structural-screen-only,Authored occupied 3D cells; individual visual/detail/world consistency review is not yet established.
wagon_open_copper_fast_loaded,5,authored-voxel,structural-screen-only,Authored occupied 3D cells; individual visual/detail/world consistency review is not yet established.
wagon_open_copper_loaded,5,authored-voxel,structural-screen-only,Authored occupied 3D cells; individual visual/detail/world consistency review is not yet established.
wagon_open_fruit_empty,5,authored-voxel,structural-screen-only,Authored occupied 3D cells; individual visual/detail/world consistency review is not yet established.
wagon_open_fruit_loaded,5,authored-voxel,structural-screen-only,Authored occupied 3D cells; individual visual/detail/world consistency review is not yet established.
wagon_open_grain_empty,5,authored-voxel,structural-screen-only,Authored occupied 3D cells; individual visual/detail/world consistency review is not yet established.
wagon_open_grain_fast_empty,5,authored-voxel,structural-screen-only,Authored occupied 3D cells; individual visual/detail/world consistency review is not yet established.
wagon_open_grain_fast_loaded,5,authored-voxel,structural-screen-only,Authored occupied 3D cells; individual visual/detail/world consistency review is not yet established.
wagon_open_grain_fast_tropic_empty,5,authored-voxel,structural-screen-only,Authored occupied 3D cells; individual visual/detail/world consistency review is not yet established.
wagon_open_grain_fast_tropic_loaded,5,authored-voxel,structural-screen-only,Authored occupied 3D cells; individual visual/detail/world consistency review is not yet established.
wagon_open_grain_loaded,5,authored-voxel,structural-screen-only,Authored occupied 3D cells; individual visual/detail/world consistency review is not yet established.
wagon_open_grain_tropic_empty,5,authored-voxel,structural-screen-only,Authored occupied 3D cells; individual visual/detail/world consistency review is not yet established.
wagon_open_grain_tropic_loaded,5,authored-voxel,structural-screen-only,Authored occupied 3D cells; individual visual/detail/world consistency review is not yet established.
wagon_open_ore_empty,5,authored-voxel,structural-screen-only,Authored occupied 3D cells; individual visual/detail/world consistency review is not yet established.
wagon_open_ore_fast_empty,5,authored-voxel,structural-screen-only,Authored occupied 3D cells; individual visual/detail/world consistency review is not yet established.
wagon_open_ore_fast_loaded,5,authored-voxel,structural-screen-only,Authored occupied 3D cells; individual visual/detail/world consistency review is not yet established.
wagon_open_ore_loaded,5,authored-voxel,structural-screen-only,Authored occupied 3D cells; individual visual/detail/world consistency review is not yet established.
wagon_open_paper_empty,5,authored-voxel,structural-screen-only,Authored occupied 3D cells; individual visual/detail/world consistency review is not yet established.
wagon_open_paper_fast_empty,5,authored-voxel,structural-screen-only,Authored occupied 3D cells; individual visual/detail/world consistency review is not yet established.
wagon_open_paper_fast_loaded,5,authored-voxel,structural-screen-only,Authored occupied 3D cells; individual visual/detail/world consistency review is not yet established.
wagon_open_paper_loaded,5,authored-voxel,structural-screen-only,Authored occupied 3D cells; individual visual/detail/world consistency review is not yet established.
wagon_open_rubber_empty,5,authored-voxel,structural-screen-only,Authored occupied 3D cells; individual visual/detail/world consistency review is not yet established.
wagon_open_rubber_loaded,5,authored-voxel,structural-screen-only,Authored occupied 3D cells; individual visual/detail/world consistency review is not yet established.
wagon_open_steel_empty,5,authored-voxel,structural-screen-only,Authored occupied 3D cells; individual visual/detail/world consistency review is not yet established.
wagon_open_steel_fast_empty,5,authored-voxel,structural-screen-only,Authored occupied 3D cells; individual visual/detail/world consistency review is not yet established.
wagon_open_steel_fast_loaded,5,authored-voxel,structural-screen-only,Authored occupied 3D cells; individual visual/detail/world consistency review is not yet established.
wagon_open_steel_loaded,5,authored-voxel,structural-screen-only,Authored occupied 3D cells; individual visual/detail/world consistency review is not yet established.
wagon_open_water,5,authored-voxel,structural-screen-only,Authored occupied 3D cells; individual visual/detail/world consistency review is not yet established.
wagon_open_wood_empty,5,authored-voxel,structural-screen-only,Authored occupied 3D cells; individual visual/detail/world consistency review is not yet established.
wagon_open_wood_fast_empty,5,authored-voxel,structural-screen-only,Authored occupied 3D cells; individual visual/detail/world consistency review is not yet established.
wagon_open_wood_fast_loaded,5,authored-voxel,structural-screen-only,Authored occupied 3D cells; individual visual/detail/world consistency review is not yet established.
wagon_open_wood_fast_tropic_empty,5,authored-voxel,structural-screen-only,Authored occupied 3D cells; individual visual/detail/world consistency review is not yet established.
wagon_open_wood_fast_tropic_loaded,5,authored-voxel,structural-screen-only,Authored occupied 3D cells; individual visual/detail/world consistency review is not yet established.
wagon_open_wood_loaded,5,authored-voxel,structural-screen-only,Authored occupied 3D cells; individual visual/detail/world consistency review is not yet established.
wagon_open_wood_tropic_empty,5,authored-voxel,structural-screen-only,Authored occupied 3D cells; individual visual/detail/world consistency review is not yet established.
wagon_open_wood_tropic_loaded,5,authored-voxel,structural-screen-only,Authored occupied 3D cells; individual visual/detail/world consistency review is not yet established.
wagon_toy_battery_empty,5,authored-voxel,structural-screen-only,Authored occupied 3D cells; individual visual/detail/world consistency review is not yet established.
wagon_toy_battery_loaded,5,authored-voxel,structural-screen-only,Authored occupied 3D cells; individual visual/detail/world consistency review is not yet established.
wagon_toy_bubble_empty,5,authored-voxel,structural-screen-only,Authored occupied 3D cells; individual visual/detail/world consistency review is not yet established.
wagon_toy_bubble_loaded,5,authored-voxel,structural-screen-only,Authored occupied 3D cells; individual visual/detail/world consistency review is not yet established.
wagon_toy_candyfloss_empty,5,authored-voxel,structural-screen-only,Authored occupied 3D cells; individual visual/detail/world consistency review is not yet established.
wagon_toy_candyfloss_loaded,5,authored-voxel,structural-screen-only,Authored occupied 3D cells; individual visual/detail/world consistency review is not yet established.
wagon_toy_cola_empty,5,authored-voxel,structural-screen-only,Authored occupied 3D cells; individual visual/detail/world consistency review is not yet established.
wagon_toy_cola_loaded,5,authored-voxel,structural-screen-only,Authored occupied 3D cells; individual visual/detail/world consistency review is not yet established.
wagon_toy_drinks_empty,5,authored-voxel,structural-screen-only,Authored occupied 3D cells; individual visual/detail/world consistency review is not yet established.
wagon_toy_drinks_loaded,5,authored-voxel,structural-screen-only,Authored occupied 3D cells; individual visual/detail/world consistency review is not yet established.
wagon_toy_plastic_empty,5,authored-voxel,structural-screen-only,Authored occupied 3D cells; individual visual/detail/world consistency review is not yet established.
wagon_toy_plastic_loaded,5,authored-voxel,structural-screen-only,Authored occupied 3D cells; individual visual/detail/world consistency review is not yet established.
wagon_toy_sugar_empty,5,authored-voxel,structural-screen-only,Authored occupied 3D cells; individual visual/detail/world consistency review is not yet established.
wagon_toy_sugar_loaded,5,authored-voxel,structural-screen-only,Authored occupied 3D cells; individual visual/detail/world consistency review is not yet established.
wagon_toy_toffee_empty,5,authored-voxel,structural-screen-only,Authored occupied 3D cells; individual visual/detail/world consistency review is not yet established.
wagon_toy_toffee_loaded,5,authored-voxel,structural-screen-only,Authored occupied 3D cells; individual visual/detail/world consistency review is not yet established.
water_buoy,5,authored-voxel,structural-screen-only,Authored occupied 3D cells; individual visual/detail/world consistency review is not yet established.
water_buoy_toyland,5,authored-voxel,structural-screen-only,Authored occupied 3D cells; individual visual/detail/world consistency review is not yet established.
water_depot_x_north,5,authored-voxel,structural-screen-only,Authored occupied 3D cells; individual visual/detail/world consistency review is not yet established.
water_depot_x_south,5,authored-voxel,structural-screen-only,Authored occupied 3D cells; individual visual/detail/world consistency review is not yet established.
water_depot_y_north,5,authored-voxel,structural-screen-only,Authored occupied 3D cells; individual visual/detail/world consistency review is not yet established.
water_depot_y_south,5,authored-voxel,structural-screen-only,Authored occupied 3D cells; individual visual/detail/world consistency review is not yet established.
water_dock_flat_x,5,authored-voxel,structural-screen-only,Authored occupied 3D cells; individual visual/detail/world consistency review is not yet established.
water_dock_flat_y,5,authored-voxel,structural-screen-only,Authored occupied 3D cells; individual visual/detail/world consistency review is not yet established.
water_dock_slope_ne,5,authored-voxel,structural-screen-only,Authored occupied 3D cells; individual visual/detail/world consistency review is not yet established.
water_dock_slope_nw,5,authored-voxel,structural-screen-only,Authored occupied 3D cells; individual visual/detail/world consistency review is not yet established.
water_dock_slope_se,5,authored-voxel,structural-screen-only,Authored occupied 3D cells; individual visual/detail/world consistency review is not yet established.
water_dock_slope_sw,5,authored-voxel,structural-screen-only,Authored occupied 3D cells; individual visual/detail/world consistency review is not yet established.
water_dock_toy_flat_x,5,authored-voxel,structural-screen-only,Authored occupied 3D cells; individual visual/detail/world consistency review is not yet established.
water_dock_toy_flat_y,5,authored-voxel,structural-screen-only,Authored occupied 3D cells; individual visual/detail/world consistency review is not yet established.
water_dock_toy_slope_ne,5,authored-voxel,structural-screen-only,Authored occupied 3D cells; individual visual/detail/world consistency review is not yet established.
water_dock_toy_slope_nw,5,authored-voxel,structural-screen-only,Authored occupied 3D cells; individual visual/detail/world consistency review is not yet established.
water_dock_toy_slope_se,5,authored-voxel,structural-screen-only,Authored occupied 3D cells; individual visual/detail/world consistency review is not yet established.
water_dock_toy_slope_sw,5,authored-voxel,structural-screen-only,Authored occupied 3D cells; individual visual/detail/world consistency review is not yet established.
waterworks_desert_ground,5,authored-voxel,structural-screen-only,Authored occupied 3D cells; individual visual/detail/world consistency review is not yet established.
waterworks_pump,5,authored-voxel,structural-screen-only,Authored occupied 3D cells; individual visual/detail/world consistency review is not yet established.
waterworks_pump_initial,5,authored-voxel,structural-screen-only,Authored occupied 3D cells; individual visual/detail/world consistency review is not yet established.
waterworks_pump_partial,5,authored-voxel,structural-screen-only,Authored occupied 3D cells; individual visual/detail/world consistency review is not yet established.
waterworks_supply,5,authored-voxel,structural-screen-only,Authored occupied 3D cells; individual visual/detail/world consistency review is not yet established.
waterworks_supply_initial,5,authored-voxel,structural-screen-only,Authored occupied 3D cells; individual visual/detail/world consistency review is not yet established.
waterworks_supply_partial,5,authored-voxel,structural-screen-only,Authored occupied 3D cells; individual visual/detail/world consistency review is not yet established.
waterworks_tower,5,authored-voxel,structural-screen-only,Authored occupied 3D cells; individual visual/detail/world consistency review is not yet established.
waterworks_tower_initial,5,authored-voxel,structural-screen-only,Authored occupied 3D cells; individual visual/detail/world consistency review is not yet established.
waterworks_tower_partial,5,authored-voxel,structural-screen-only,Authored occupied 3D cells; individual visual/detail/world consistency review is not yet established.
legacy/temperate_brick_house,3,legacy-assembly,retained-reference-not-reviewed,Retained non-voxel reference assembly; not an approved replacement for the current voxel catalogue.
legacy/temperate_flats,3,legacy-assembly,retained-reference-not-reviewed,Retained non-voxel reference assembly; not an approved replacement for the current voxel catalogue.
legacy/temperate_conifer_03,3,legacy-assembly,retained-reference-not-reviewed,Retained non-voxel reference assembly; not an approved replacement for the current voxel catalogue.
legacy/kirby_paul_tank,3,legacy-assembly,retained-reference-not-reviewed,Retained non-voxel reference assembly; not an approved replacement for the current voxel catalogue.
legacy/development_placeholder,3,legacy-assembly,retained-reference-not-reviewed,Retained non-voxel reference assembly; not an approved replacement for the current voxel catalogue.
profile/houses/0,3,retained-profile,retained-reference-not-reviewed,Retained legacy profile; current voxel bindings are rated separately. Custom/unbound fallback coverage is not inferred.
profile/houses/1,3,retained-profile,retained-reference-not-reviewed,Retained legacy profile; current voxel bindings are rated separately. Custom/unbound fallback coverage is not inferred.
profile/houses/10,3,retained-profile,retained-reference-not-reviewed,Retained legacy profile; current voxel bindings are rated separately. Custom/unbound fallback coverage is not inferred.
profile/houses/100,3,retained-profile,retained-reference-not-reviewed,Retained legacy profile; current voxel bindings are rated separately. Custom/unbound fallback coverage is not inferred.
profile/houses/101,3,retained-profile,retained-reference-not-reviewed,Retained legacy profile; current voxel bindings are rated separately. Custom/unbound fallback coverage is not inferred.
profile/houses/103,3,retained-profile,retained-reference-not-reviewed,Retained legacy profile; current voxel bindings are rated separately. Custom/unbound fallback coverage is not inferred.
profile/houses/104,3,retained-profile,retained-reference-not-reviewed,Retained legacy profile; current voxel bindings are rated separately. Custom/unbound fallback coverage is not inferred.
profile/houses/105,3,retained-profile,retained-reference-not-reviewed,Retained legacy profile; current voxel bindings are rated separately. Custom/unbound fallback coverage is not inferred.
profile/houses/106,3,retained-profile,retained-reference-not-reviewed,Retained legacy profile; current voxel bindings are rated separately. Custom/unbound fallback coverage is not inferred.
profile/houses/107,3,retained-profile,retained-reference-not-reviewed,Retained legacy profile; current voxel bindings are rated separately. Custom/unbound fallback coverage is not inferred.
profile/houses/108,3,retained-profile,retained-reference-not-reviewed,Retained legacy profile; current voxel bindings are rated separately. Custom/unbound fallback coverage is not inferred.
profile/houses/109,3,retained-profile,retained-reference-not-reviewed,Retained legacy profile; current voxel bindings are rated separately. Custom/unbound fallback coverage is not inferred.
profile/houses/11,3,retained-profile,retained-reference-not-reviewed,Retained legacy profile; current voxel bindings are rated separately. Custom/unbound fallback coverage is not inferred.
profile/houses/12,3,retained-profile,retained-reference-not-reviewed,Retained legacy profile; current voxel bindings are rated separately. Custom/unbound fallback coverage is not inferred.
profile/houses/13,3,retained-profile,retained-reference-not-reviewed,Retained legacy profile; current voxel bindings are rated separately. Custom/unbound fallback coverage is not inferred.
profile/houses/14,3,retained-profile,retained-reference-not-reviewed,Retained legacy profile; current voxel bindings are rated separately. Custom/unbound fallback coverage is not inferred.
profile/houses/15,3,retained-profile,retained-reference-not-reviewed,Retained legacy profile; current voxel bindings are rated separately. Custom/unbound fallback coverage is not inferred.
profile/houses/16,3,retained-profile,retained-reference-not-reviewed,Retained legacy profile; current voxel bindings are rated separately. Custom/unbound fallback coverage is not inferred.
profile/houses/17,3,retained-profile,retained-reference-not-reviewed,Retained legacy profile; current voxel bindings are rated separately. Custom/unbound fallback coverage is not inferred.
profile/houses/18,3,retained-profile,retained-reference-not-reviewed,Retained legacy profile; current voxel bindings are rated separately. Custom/unbound fallback coverage is not inferred.
profile/houses/19,3,retained-profile,retained-reference-not-reviewed,Retained legacy profile; current voxel bindings are rated separately. Custom/unbound fallback coverage is not inferred.
profile/houses/2,3,retained-profile,retained-reference-not-reviewed,Retained legacy profile; current voxel bindings are rated separately. Custom/unbound fallback coverage is not inferred.
profile/houses/20,3,retained-profile,retained-reference-not-reviewed,Retained legacy profile; current voxel bindings are rated separately. Custom/unbound fallback coverage is not inferred.
profile/houses/21,3,retained-profile,retained-reference-not-reviewed,Retained legacy profile; current voxel bindings are rated separately. Custom/unbound fallback coverage is not inferred.
profile/houses/22,3,retained-profile,retained-reference-not-reviewed,Retained legacy profile; current voxel bindings are rated separately. Custom/unbound fallback coverage is not inferred.
profile/houses/23,3,retained-profile,retained-reference-not-reviewed,Retained legacy profile; current voxel bindings are rated separately. Custom/unbound fallback coverage is not inferred.
profile/houses/24,3,retained-profile,retained-reference-not-reviewed,Retained legacy profile; current voxel bindings are rated separately. Custom/unbound fallback coverage is not inferred.
profile/houses/25,3,retained-profile,retained-reference-not-reviewed,Retained legacy profile; current voxel bindings are rated separately. Custom/unbound fallback coverage is not inferred.
profile/houses/26,3,retained-profile,retained-reference-not-reviewed,Retained legacy profile; current voxel bindings are rated separately. Custom/unbound fallback coverage is not inferred.
profile/houses/27,3,retained-profile,retained-reference-not-reviewed,Retained legacy profile; current voxel bindings are rated separately. Custom/unbound fallback coverage is not inferred.
profile/houses/28,3,retained-profile,retained-reference-not-reviewed,Retained legacy profile; current voxel bindings are rated separately. Custom/unbound fallback coverage is not inferred.
profile/houses/29,3,retained-profile,retained-reference-not-reviewed,Retained legacy profile; current voxel bindings are rated separately. Custom/unbound fallback coverage is not inferred.
profile/houses/3,3,retained-profile,retained-reference-not-reviewed,Retained legacy profile; current voxel bindings are rated separately. Custom/unbound fallback coverage is not inferred.
profile/houses/30,3,retained-profile,retained-reference-not-reviewed,Retained legacy profile; current voxel bindings are rated separately. Custom/unbound fallback coverage is not inferred.
profile/houses/31,3,retained-profile,retained-reference-not-reviewed,Retained legacy profile; current voxel bindings are rated separately. Custom/unbound fallback coverage is not inferred.
profile/houses/32,3,retained-profile,retained-reference-not-reviewed,Retained legacy profile; current voxel bindings are rated separately. Custom/unbound fallback coverage is not inferred.
profile/houses/33,3,retained-profile,retained-reference-not-reviewed,Retained legacy profile; current voxel bindings are rated separately. Custom/unbound fallback coverage is not inferred.
profile/houses/34,3,retained-profile,retained-reference-not-reviewed,Retained legacy profile; current voxel bindings are rated separately. Custom/unbound fallback coverage is not inferred.
profile/houses/35,3,retained-profile,retained-reference-not-reviewed,Retained legacy profile; current voxel bindings are rated separately. Custom/unbound fallback coverage is not inferred.
profile/houses/36,3,retained-profile,retained-reference-not-reviewed,Retained legacy profile; current voxel bindings are rated separately. Custom/unbound fallback coverage is not inferred.
profile/houses/37,3,retained-profile,retained-reference-not-reviewed,Retained legacy profile; current voxel bindings are rated separately. Custom/unbound fallback coverage is not inferred.
profile/houses/39,3,retained-profile,retained-reference-not-reviewed,Retained legacy profile; current voxel bindings are rated separately. Custom/unbound fallback coverage is not inferred.
profile/houses/4,3,retained-profile,retained-reference-not-reviewed,Retained legacy profile; current voxel bindings are rated separately. Custom/unbound fallback coverage is not inferred.
profile/houses/40,3,retained-profile,retained-reference-not-reviewed,Retained legacy profile; current voxel bindings are rated separately. Custom/unbound fallback coverage is not inferred.
profile/houses/41,3,retained-profile,retained-reference-not-reviewed,Retained legacy profile; current voxel bindings are rated separately. Custom/unbound fallback coverage is not inferred.
profile/houses/42,3,retained-profile,retained-reference-not-reviewed,Retained legacy profile; current voxel bindings are rated separately. Custom/unbound fallback coverage is not inferred.
profile/houses/43,3,retained-profile,retained-reference-not-reviewed,Retained legacy profile; current voxel bindings are rated separately. Custom/unbound fallback coverage is not inferred.
profile/houses/44,3,retained-profile,retained-reference-not-reviewed,Retained legacy profile; current voxel bindings are rated separately. Custom/unbound fallback coverage is not inferred.
profile/houses/46,3,retained-profile,retained-reference-not-reviewed,Retained legacy profile; current voxel bindings are rated separately. Custom/unbound fallback coverage is not inferred.
profile/houses/48,3,retained-profile,retained-reference-not-reviewed,Retained legacy profile; current voxel bindings are rated separately. Custom/unbound fallback coverage is not inferred.
profile/houses/50,3,retained-profile,retained-reference-not-reviewed,Retained legacy profile; current voxel bindings are rated separately. Custom/unbound fallback coverage is not inferred.
profile/houses/52,3,retained-profile,retained-reference-not-reviewed,Retained legacy profile; current voxel bindings are rated separately. Custom/unbound fallback coverage is not inferred.
profile/houses/54,3,retained-profile,retained-reference-not-reviewed,Retained legacy profile; current voxel bindings are rated separately. Custom/unbound fallback coverage is not inferred.
profile/houses/56,3,retained-profile,retained-reference-not-reviewed,Retained legacy profile; current voxel bindings are rated separately. Custom/unbound fallback coverage is not inferred.
profile/houses/58,3,retained-profile,retained-reference-not-reviewed,Retained legacy profile; current voxel bindings are rated separately. Custom/unbound fallback coverage is not inferred.
profile/houses/6,3,retained-profile,retained-reference-not-reviewed,Retained legacy profile; current voxel bindings are rated separately. Custom/unbound fallback coverage is not inferred.
profile/houses/60,3,retained-profile,retained-reference-not-reviewed,Retained legacy profile; current voxel bindings are rated separately. Custom/unbound fallback coverage is not inferred.
profile/houses/62,3,retained-profile,retained-reference-not-reviewed,Retained legacy profile; current voxel bindings are rated separately. Custom/unbound fallback coverage is not inferred.
profile/houses/64,3,retained-profile,retained-reference-not-reviewed,Retained legacy profile; current voxel bindings are rated separately. Custom/unbound fallback coverage is not inferred.
profile/houses/66,3,retained-profile,retained-reference-not-reviewed,Retained legacy profile; current voxel bindings are rated separately. Custom/unbound fallback coverage is not inferred.
profile/houses/67,3,retained-profile,retained-reference-not-reviewed,Retained legacy profile; current voxel bindings are rated separately. Custom/unbound fallback coverage is not inferred.
profile/houses/7,3,retained-profile,retained-reference-not-reviewed,Retained legacy profile; current voxel bindings are rated separately. Custom/unbound fallback coverage is not inferred.
profile/houses/70,3,retained-profile,retained-reference-not-reviewed,Retained legacy profile; current voxel bindings are rated separately. Custom/unbound fallback coverage is not inferred.
profile/houses/72,3,retained-profile,retained-reference-not-reviewed,Retained legacy profile; current voxel bindings are rated separately. Custom/unbound fallback coverage is not inferred.
profile/houses/74,3,retained-profile,retained-reference-not-reviewed,Retained legacy profile; current voxel bindings are rated separately. Custom/unbound fallback coverage is not inferred.
profile/houses/75,3,retained-profile,retained-reference-not-reviewed,Retained legacy profile; current voxel bindings are rated separately. Custom/unbound fallback coverage is not inferred.
profile/houses/78,3,retained-profile,retained-reference-not-reviewed,Retained legacy profile; current voxel bindings are rated separately. Custom/unbound fallback coverage is not inferred.
profile/houses/79,3,retained-profile,retained-reference-not-reviewed,Retained legacy profile; current voxel bindings are rated separately. Custom/unbound fallback coverage is not inferred.
profile/houses/8,3,retained-profile,retained-reference-not-reviewed,Retained legacy profile; current voxel bindings are rated separately. Custom/unbound fallback coverage is not inferred.
profile/houses/80,3,retained-profile,retained-reference-not-reviewed,Retained legacy profile; current voxel bindings are rated separately. Custom/unbound fallback coverage is not inferred.
profile/houses/81,3,retained-profile,retained-reference-not-reviewed,Retained legacy profile; current voxel bindings are rated separately. Custom/unbound fallback coverage is not inferred.
profile/houses/82,3,retained-profile,retained-reference-not-reviewed,Retained legacy profile; current voxel bindings are rated separately. Custom/unbound fallback coverage is not inferred.
profile/houses/83,3,retained-profile,retained-reference-not-reviewed,Retained legacy profile; current voxel bindings are rated separately. Custom/unbound fallback coverage is not inferred.
profile/houses/84,3,retained-profile,retained-reference-not-reviewed,Retained legacy profile; current voxel bindings are rated separately. Custom/unbound fallback coverage is not inferred.
profile/houses/85,3,retained-profile,retained-reference-not-reviewed,Retained legacy profile; current voxel bindings are rated separately. Custom/unbound fallback coverage is not inferred.
profile/houses/86,3,retained-profile,retained-reference-not-reviewed,Retained legacy profile; current voxel bindings are rated separately. Custom/unbound fallback coverage is not inferred.
profile/houses/87,3,retained-profile,retained-reference-not-reviewed,Retained legacy profile; current voxel bindings are rated separately. Custom/unbound fallback coverage is not inferred.
profile/houses/88,3,retained-profile,retained-reference-not-reviewed,Retained legacy profile; current voxel bindings are rated separately. Custom/unbound fallback coverage is not inferred.
profile/houses/89,3,retained-profile,retained-reference-not-reviewed,Retained legacy profile; current voxel bindings are rated separately. Custom/unbound fallback coverage is not inferred.
profile/houses/9,3,retained-profile,retained-reference-not-reviewed,Retained legacy profile; current voxel bindings are rated separately. Custom/unbound fallback coverage is not inferred.
profile/houses/90,3,retained-profile,retained-reference-not-reviewed,Retained legacy profile; current voxel bindings are rated separately. Custom/unbound fallback coverage is not inferred.
profile/houses/91,3,retained-profile,retained-reference-not-reviewed,Retained legacy profile; current voxel bindings are rated separately. Custom/unbound fallback coverage is not inferred.
profile/houses/92,3,retained-profile,retained-reference-not-reviewed,Retained legacy profile; current voxel bindings are rated separately. Custom/unbound fallback coverage is not inferred.
profile/houses/93,3,retained-profile,retained-reference-not-reviewed,Retained legacy profile; current voxel bindings are rated separately. Custom/unbound fallback coverage is not inferred.
profile/houses/94,3,retained-profile,retained-reference-not-reviewed,Retained legacy profile; current voxel bindings are rated separately. Custom/unbound fallback coverage is not inferred.
profile/houses/95,3,retained-profile,retained-reference-not-reviewed,Retained legacy profile; current voxel bindings are rated separately. Custom/unbound fallback coverage is not inferred.
profile/houses/96,3,retained-profile,retained-reference-not-reviewed,Retained legacy profile; current voxel bindings are rated separately. Custom/unbound fallback coverage is not inferred.
profile/houses/97,3,retained-profile,retained-reference-not-reviewed,Retained legacy profile; current voxel bindings are rated separately. Custom/unbound fallback coverage is not inferred.
profile/houses/98,3,retained-profile,retained-reference-not-reviewed,Retained legacy profile; current voxel bindings are rated separately. Custom/unbound fallback coverage is not inferred.
profile/houses/99,3,retained-profile,retained-reference-not-reviewed,Retained legacy profile; current voxel bindings are rated separately. Custom/unbound fallback coverage is not inferred.
profile/trees/1576,4,projected-material-3d-tree,individual-visual-review-pending,Active permitted 3D tree branch/crown representation; seven original lifecycle states and palettes require review.
profile/trees/1583,4,projected-material-3d-tree,individual-visual-review-pending,Active permitted 3D tree branch/crown representation; seven original lifecycle states and palettes require review.
profile/trees/1590,4,projected-material-3d-tree,individual-visual-review-pending,Active permitted 3D tree branch/crown representation; seven original lifecycle states and palettes require review.
profile/trees/1597,4,projected-material-3d-tree,individual-visual-review-pending,Active permitted 3D tree branch/crown representation; seven original lifecycle states and palettes require review.
profile/trees/1604,4,projected-material-3d-tree,individual-visual-review-pending,Active permitted 3D tree branch/crown representation; seven original lifecycle states and palettes require review.
profile/trees/1611,4,projected-material-3d-tree,individual-visual-review-pending,Active permitted 3D tree branch/crown representation; seven original lifecycle states and palettes require review.
profile/trees/1618,4,projected-material-3d-tree,individual-visual-review-pending,Active permitted 3D tree branch/crown representation; seven original lifecycle states and palettes require review.
profile/trees/1625,4,projected-material-3d-tree,individual-visual-review-pending,Active permitted 3D tree branch/crown representation; seven original lifecycle states and palettes require review.
profile/trees/1632,4,projected-material-3d-tree,individual-visual-review-pending,Active permitted 3D tree branch/crown representation; seven original lifecycle states and palettes require review.
profile/trees/1639,4,projected-material-3d-tree,individual-visual-review-pending,Active permitted 3D tree branch/crown representation; seven original lifecycle states and palettes require review.
profile/trees/1646,4,projected-material-3d-tree,individual-visual-review-pending,Active permitted 3D tree branch/crown representation; seven original lifecycle states and palettes require review.
profile/trees/1653,4,projected-material-3d-tree,individual-visual-review-pending,Active permitted 3D tree branch/crown representation; seven original lifecycle states and palettes require review.
profile/trees/1660,4,projected-material-3d-tree,individual-visual-review-pending,Active permitted 3D tree branch/crown representation; seven original lifecycle states and palettes require review.
profile/trees/1667,4,projected-material-3d-tree,individual-visual-review-pending,Active permitted 3D tree branch/crown representation; seven original lifecycle states and palettes require review.
profile/trees/1674,4,projected-material-3d-tree,individual-visual-review-pending,Active permitted 3D tree branch/crown representation; seven original lifecycle states and palettes require review.
profile/trees/1681,4,projected-material-3d-tree,individual-visual-review-pending,Active permitted 3D tree branch/crown representation; seven original lifecycle states and palettes require review.
profile/trees/1688,4,projected-material-3d-tree,individual-visual-review-pending,Active permitted 3D tree branch/crown representation; seven original lifecycle states and palettes require review.
profile/trees/1695,4,projected-material-3d-tree,individual-visual-review-pending,Active permitted 3D tree branch/crown representation; seven original lifecycle states and palettes require review.
profile/trees/1702,4,projected-material-3d-tree,individual-visual-review-pending,Active permitted 3D tree branch/crown representation; seven original lifecycle states and palettes require review.
profile/trees/1709,4,projected-material-3d-tree,individual-visual-review-pending,Active permitted 3D tree branch/crown representation; seven original lifecycle states and palettes require review.
profile/trees/1716,4,projected-material-3d-tree,individual-visual-review-pending,Active permitted 3D tree branch/crown representation; seven original lifecycle states and palettes require review.
profile/trees/1723,4,projected-material-3d-tree,individual-visual-review-pending,Active permitted 3D tree branch/crown representation; seven original lifecycle states and palettes require review.
profile/trees/1730,4,projected-material-3d-tree,individual-visual-review-pending,Active permitted 3D tree branch/crown representation; seven original lifecycle states and palettes require review.
profile/trees/1737,4,projected-material-3d-tree,individual-visual-review-pending,Active permitted 3D tree branch/crown representation; seven original lifecycle states and palettes require review.
profile/trees/1744,4,projected-material-3d-tree,individual-visual-review-pending,Active permitted 3D tree branch/crown representation; seven original lifecycle states and palettes require review.
profile/trees/1751,4,projected-material-3d-tree,individual-visual-review-pending,Active permitted 3D tree branch/crown representation; seven original lifecycle states and palettes require review.
profile/trees/1758,4,projected-material-3d-tree,individual-visual-review-pending,Active permitted 3D tree branch/crown representation; seven original lifecycle states and palettes require review.
profile/trees/1821,4,projected-material-3d-tree,individual-visual-review-pending,Active permitted 3D tree branch/crown representation; seven original lifecycle states and palettes require review.
profile/trees/1828,4,projected-material-3d-tree,individual-visual-review-pending,Active permitted 3D tree branch/crown representation; seven original lifecycle states and palettes require review.
profile/trees/1835,4,projected-material-3d-tree,individual-visual-review-pending,Active permitted 3D tree branch/crown representation; seven original lifecycle states and palettes require review.
profile/trees/1842,4,projected-material-3d-tree,individual-visual-review-pending,Active permitted 3D tree branch/crown representation; seven original lifecycle states and palettes require review.
profile/trees/1849,4,projected-material-3d-tree,individual-visual-review-pending,Active permitted 3D tree branch/crown representation; seven original lifecycle states and palettes require review.
profile/trees/1856,4,projected-material-3d-tree,individual-visual-review-pending,Active permitted 3D tree branch/crown representation; seven original lifecycle states and palettes require review.
profile/trees/1863,4,projected-material-3d-tree,individual-visual-review-pending,Active permitted 3D tree branch/crown representation; seven original lifecycle states and palettes require review.
profile/trees/1870,4,projected-material-3d-tree,individual-visual-review-pending,Active permitted 3D tree branch/crown representation; seven original lifecycle states and palettes require review.
profile/trees/1877,4,projected-material-3d-tree,individual-visual-review-pending,Active permitted 3D tree branch/crown representation; seven original lifecycle states and palettes require review.
profile/trees/1884,4,projected-material-3d-tree,individual-visual-review-pending,Active permitted 3D tree branch/crown representation; seven original lifecycle states and palettes require review.
profile/trees/1891,4,projected-material-3d-tree,individual-visual-review-pending,Active permitted 3D tree branch/crown representation; seven original lifecycle states and palettes require review.
profile/trees/1898,4,projected-material-3d-tree,individual-visual-review-pending,Active permitted 3D tree branch/crown representation; seven original lifecycle states and palettes require review.
profile/trees/1905,4,projected-material-3d-tree,individual-visual-review-pending,Active permitted 3D tree branch/crown representation; seven original lifecycle states and palettes require review.
profile/trees/1912,4,projected-material-3d-tree,individual-visual-review-pending,Active permitted 3D tree branch/crown representation; seven original lifecycle states and palettes require review.
profile/trees/1919,4,projected-material-3d-tree,individual-visual-review-pending,Active permitted 3D tree branch/crown representation; seven original lifecycle states and palettes require review.
profile/trees/1926,4,projected-material-3d-tree,individual-visual-review-pending,Active permitted 3D tree branch/crown representation; seven original lifecycle states and palettes require review.
profile/trees/1933,4,projected-material-3d-tree,individual-visual-review-pending,Active permitted 3D tree branch/crown representation; seven original lifecycle states and palettes require review.
profile/trees/1940,4,projected-material-3d-tree,individual-visual-review-pending,Active permitted 3D tree branch/crown representation; seven original lifecycle states and palettes require review.
profile/trees/1947,4,projected-material-3d-tree,individual-visual-review-pending,Active permitted 3D tree branch/crown representation; seven original lifecycle states and palettes require review.
profile/trees/1954,4,projected-material-3d-tree,individual-visual-review-pending,Active permitted 3D tree branch/crown representation; seven original lifecycle states and palettes require review.
profile/trees/1961,4,projected-material-3d-tree,individual-visual-review-pending,Active permitted 3D tree branch/crown representation; seven original lifecycle states and palettes require review.
profile/trees/1968,4,projected-material-3d-tree,individual-visual-review-pending,Active permitted 3D tree branch/crown representation; seven original lifecycle states and palettes require review.
profile/trees/1975,4,projected-material-3d-tree,individual-visual-review-pending,Active permitted 3D tree branch/crown representation; seven original lifecycle states and palettes require review.
profile/trees/1982,4,projected-material-3d-tree,individual-visual-review-pending,Active permitted 3D tree branch/crown representation; seven original lifecycle states and palettes require review.
profile/trees/1989,4,projected-material-3d-tree,individual-visual-review-pending,Active permitted 3D tree branch/crown representation; seven original lifecycle states and palettes require review.
profile/trees/1996,4,projected-material-3d-tree,individual-visual-review-pending,Active permitted 3D tree branch/crown representation; seven original lifecycle states and palettes require review.
profile/trees/2003,4,projected-material-3d-tree,individual-visual-review-pending,Active permitted 3D tree branch/crown representation; seven original lifecycle states and palettes require review.
profile/industries/0,3,retained-profile,retained-reference-not-reviewed,Retained legacy profile; current voxel bindings are rated separately. Custom/unbound fallback coverage is not inferred.
profile/industries/1,3,retained-profile,retained-reference-not-reviewed,Retained legacy profile; current voxel bindings are rated separately. Custom/unbound fallback coverage is not inferred.
profile/industries/11,3,retained-profile,retained-reference-not-reviewed,Retained legacy profile; current voxel bindings are rated separately. Custom/unbound fallback coverage is not inferred.
profile/industries/12,3,retained-profile,retained-reference-not-reviewed,Retained legacy profile; current voxel bindings are rated separately. Custom/unbound fallback coverage is not inferred.
profile/industries/13,3,retained-profile,retained-reference-not-reviewed,Retained legacy profile; current voxel bindings are rated separately. Custom/unbound fallback coverage is not inferred.
profile/industries/18,3,retained-profile,retained-reference-not-reviewed,Retained legacy profile; current voxel bindings are rated separately. Custom/unbound fallback coverage is not inferred.
profile/industries/19,3,retained-profile,retained-reference-not-reviewed,Retained legacy profile; current voxel bindings are rated separately. Custom/unbound fallback coverage is not inferred.
profile/industries/2,3,retained-profile,retained-reference-not-reviewed,Retained legacy profile; current voxel bindings are rated separately. Custom/unbound fallback coverage is not inferred.
profile/industries/20,3,retained-profile,retained-reference-not-reviewed,Retained legacy profile; current voxel bindings are rated separately. Custom/unbound fallback coverage is not inferred.
profile/industries/21,3,retained-profile,retained-reference-not-reviewed,Retained legacy profile; current voxel bindings are rated separately. Custom/unbound fallback coverage is not inferred.
profile/industries/22,3,retained-profile,retained-reference-not-reviewed,Retained legacy profile; current voxel bindings are rated separately. Custom/unbound fallback coverage is not inferred.
profile/industries/23,3,retained-profile,retained-reference-not-reviewed,Retained legacy profile; current voxel bindings are rated separately. Custom/unbound fallback coverage is not inferred.
profile/industries/25,3,retained-profile,retained-reference-not-reviewed,Retained legacy profile; current voxel bindings are rated separately. Custom/unbound fallback coverage is not inferred.
profile/industries/26,3,retained-profile,retained-reference-not-reviewed,Retained legacy profile; current voxel bindings are rated separately. Custom/unbound fallback coverage is not inferred.
profile/industries/27,3,retained-profile,retained-reference-not-reviewed,Retained legacy profile; current voxel bindings are rated separately. Custom/unbound fallback coverage is not inferred.
profile/industries/28,3,retained-profile,retained-reference-not-reviewed,Retained legacy profile; current voxel bindings are rated separately. Custom/unbound fallback coverage is not inferred.
profile/industries/29,3,retained-profile,retained-reference-not-reviewed,Retained legacy profile; current voxel bindings are rated separately. Custom/unbound fallback coverage is not inferred.
profile/industries/3,3,retained-profile,retained-reference-not-reviewed,Retained legacy profile; current voxel bindings are rated separately. Custom/unbound fallback coverage is not inferred.
profile/industries/30,3,retained-profile,retained-reference-not-reviewed,Retained legacy profile; current voxel bindings are rated separately. Custom/unbound fallback coverage is not inferred.
profile/industries/31,3,retained-profile,retained-reference-not-reviewed,Retained legacy profile; current voxel bindings are rated separately. Custom/unbound fallback coverage is not inferred.
profile/industries/32,3,retained-profile,retained-reference-not-reviewed,Retained legacy profile; current voxel bindings are rated separately. Custom/unbound fallback coverage is not inferred.
profile/industries/33,3,retained-profile,retained-reference-not-reviewed,Retained legacy profile; current voxel bindings are rated separately. Custom/unbound fallback coverage is not inferred.
profile/industries/34,3,retained-profile,retained-reference-not-reviewed,Retained legacy profile; current voxel bindings are rated separately. Custom/unbound fallback coverage is not inferred.
profile/industries/35,3,retained-profile,retained-reference-not-reviewed,Retained legacy profile; current voxel bindings are rated separately. Custom/unbound fallback coverage is not inferred.
profile/industries/36,3,retained-profile,retained-reference-not-reviewed,Retained legacy profile; current voxel bindings are rated separately. Custom/unbound fallback coverage is not inferred.
profile/industries/37,3,retained-profile,retained-reference-not-reviewed,Retained legacy profile; current voxel bindings are rated separately. Custom/unbound fallback coverage is not inferred.
profile/industries/38,3,retained-profile,retained-reference-not-reviewed,Retained legacy profile; current voxel bindings are rated separately. Custom/unbound fallback coverage is not inferred.
profile/industries/39,3,retained-profile,retained-reference-not-reviewed,Retained legacy profile; current voxel bindings are rated separately. Custom/unbound fallback coverage is not inferred.
profile/industries/40,3,retained-profile,retained-reference-not-reviewed,Retained legacy profile; current voxel bindings are rated separately. Custom/unbound fallback coverage is not inferred.
profile/industries/41,3,retained-profile,retained-reference-not-reviewed,Retained legacy profile; current voxel bindings are rated separately. Custom/unbound fallback coverage is not inferred.
profile/industries/43,3,retained-profile,retained-reference-not-reviewed,Retained legacy profile; current voxel bindings are rated separately. Custom/unbound fallback coverage is not inferred.
profile/industries/44,3,retained-profile,retained-reference-not-reviewed,Retained legacy profile; current voxel bindings are rated separately. Custom/unbound fallback coverage is not inferred.
profile/industries/45,3,retained-profile,retained-reference-not-reviewed,Retained legacy profile; current voxel bindings are rated separately. Custom/unbound fallback coverage is not inferred.
profile/industries/46,3,retained-profile,retained-reference-not-reviewed,Retained legacy profile; current voxel bindings are rated separately. Custom/unbound fallback coverage is not inferred.
profile/industries/49,3,retained-profile,retained-reference-not-reviewed,Retained legacy profile; current voxel bindings are rated separately. Custom/unbound fallback coverage is not inferred.
profile/industries/50,3,retained-profile,retained-reference-not-reviewed,Retained legacy profile; current voxel bindings are rated separately. Custom/unbound fallback coverage is not inferred.
profile/industries/51,3,retained-profile,retained-reference-not-reviewed,Retained legacy profile; current voxel bindings are rated separately. Custom/unbound fallback coverage is not inferred.
profile/industries/7,3,retained-profile,retained-reference-not-reviewed,Retained legacy profile; current voxel bindings are rated separately. Custom/unbound fallback coverage is not inferred.
profile/industries/8,3,retained-profile,retained-reference-not-reviewed,Retained legacy profile; current voxel bindings are rated separately. Custom/unbound fallback coverage is not inferred.
profile/industries/9,3,retained-profile,retained-reference-not-reviewed,Retained legacy profile; current voxel bindings are rated separately. Custom/unbound fallback coverage is not inferred.
profile/vehicles/airliner,3,retained-profile,retained-reference-not-reviewed,Retained legacy profile; current voxel bindings are rated separately. Custom/unbound fallback coverage is not inferred.
profile/vehicles/battery_wagon,3,retained-profile,retained-reference-not-reviewed,Retained legacy profile; current voxel bindings are rated separately. Custom/unbound fallback coverage is not inferred.
profile/vehicles/box_wagon,3,retained-profile,retained-reference-not-reviewed,Retained legacy profile; current voxel bindings are rated separately. Custom/unbound fallback coverage is not inferred.
profile/vehicles/bubble_wagon,3,retained-profile,retained-reference-not-reviewed,Retained legacy profile; current voxel bindings are rated separately. Custom/unbound fallback coverage is not inferred.
profile/vehicles/bus,3,retained-profile,retained-reference-not-reviewed,Retained legacy profile; current voxel bindings are rated separately. Custom/unbound fallback coverage is not inferred.
profile/vehicles/bus_future,3,retained-profile,retained-reference-not-reviewed,Retained legacy profile; current voxel bindings are rated separately. Custom/unbound fallback coverage is not inferred.
profile/vehicles/bus_old,3,retained-profile,retained-reference-not-reviewed,Retained legacy profile; current voxel bindings are rated separately. Custom/unbound fallback coverage is not inferred.
profile/vehicles/cargo_ship,3,retained-profile,retained-reference-not-reviewed,Retained legacy profile; current voxel bindings are rated separately. Custom/unbound fallback coverage is not inferred.
profile/vehicles/coach,3,retained-profile,retained-reference-not-reviewed,Retained legacy profile; current voxel bindings are rated separately. Custom/unbound fallback coverage is not inferred.
profile/vehicles/crate_wagon,3,retained-profile,retained-reference-not-reviewed,Retained legacy profile; current voxel bindings are rated separately. Custom/unbound fallback coverage is not inferred.
profile/vehicles/diesel_cab,3,retained-profile,retained-reference-not-reviewed,Retained legacy profile; current voxel bindings are rated separately. Custom/unbound fallback coverage is not inferred.
profile/vehicles/diesel_hood,3,retained-profile,retained-reference-not-reviewed,Retained legacy profile; current voxel bindings are rated separately. Custom/unbound fallback coverage is not inferred.
profile/vehicles/dmu,3,retained-profile,retained-reference-not-reviewed,Retained legacy profile; current voxel bindings are rated separately. Custom/unbound fallback coverage is not inferred.
profile/vehicles/double_hood,3,retained-profile,retained-reference-not-reviewed,Retained legacy profile; current voxel bindings are rated separately. Custom/unbound fallback coverage is not inferred.
profile/vehicles/electric,3,retained-profile,retained-reference-not-reviewed,Retained legacy profile; current voxel bindings are rated separately. Custom/unbound fallback coverage is not inferred.
profile/vehicles/electric_hst,3,retained-profile,retained-reference-not-reviewed,Retained legacy profile; current voxel bindings are rated separately. Custom/unbound fallback coverage is not inferred.
profile/vehicles/ferry,3,retained-profile,retained-reference-not-reviewed,Retained legacy profile; current voxel bindings are rated separately. Custom/unbound fallback coverage is not inferred.
profile/vehicles/flat_wagon,3,retained-profile,retained-reference-not-reviewed,Retained legacy profile; current voxel bindings are rated separately. Custom/unbound fallback coverage is not inferred.
profile/vehicles/future_plane,3,retained-profile,retained-reference-not-reviewed,Retained legacy profile; current voxel bindings are rated separately. Custom/unbound fallback coverage is not inferred.
profile/vehicles/helicopter,3,retained-profile,retained-reference-not-reviewed,Retained legacy profile; current voxel bindings are rated separately. Custom/unbound fallback coverage is not inferred.
profile/vehicles/hovercraft,3,retained-profile,retained-reference-not-reviewed,Retained legacy profile; current voxel bindings are rated separately. Custom/unbound fallback coverage is not inferred.
profile/vehicles/hst,3,retained-profile,retained-reference-not-reviewed,Retained legacy profile; current voxel bindings are rated separately. Custom/unbound fallback coverage is not inferred.
profile/vehicles/hull,3,retained-profile,retained-reference-not-reviewed,Retained legacy profile; current voxel bindings are rated separately. Custom/unbound fallback coverage is not inferred.
profile/vehicles/maglev,3,retained-profile,retained-reference-not-reviewed,Retained legacy profile; current voxel bindings are rated separately. Custom/unbound fallback coverage is not inferred.
profile/vehicles/maglev_tall,3,retained-profile,retained-reference-not-reviewed,Retained legacy profile; current voxel bindings are rated separately. Custom/unbound fallback coverage is not inferred.
profile/vehicles/monorail,3,retained-profile,retained-reference-not-reviewed,Retained legacy profile; current voxel bindings are rated separately. Custom/unbound fallback coverage is not inferred.
profile/vehicles/open_wagon,3,retained-profile,retained-reference-not-reviewed,Retained legacy profile; current voxel bindings are rated separately. Custom/unbound fallback coverage is not inferred.
profile/vehicles/prop_plane,3,retained-profile,retained-reference-not-reviewed,Retained legacy profile; current voxel bindings are rated separately. Custom/unbound fallback coverage is not inferred.
profile/vehicles/rail_chassis,3,retained-profile,retained-reference-not-reviewed,Retained legacy profile; current voxel bindings are rated separately. Custom/unbound fallback coverage is not inferred.
profile/vehicles/road_chassis,3,retained-profile,retained-reference-not-reviewed,Retained legacy profile; current voxel bindings are rated separately. Custom/unbound fallback coverage is not inferred.
profile/vehicles/shunter,3,retained-profile,retained-reference-not-reviewed,Retained legacy profile; current voxel bindings are rated separately. Custom/unbound fallback coverage is not inferred.
profile/vehicles/steel_wagon,3,retained-profile,retained-reference-not-reviewed,Retained legacy profile; current voxel bindings are rated separately. Custom/unbound fallback coverage is not inferred.
profile/vehicles/streamlined_steam,3,retained-profile,retained-reference-not-reviewed,Retained legacy profile; current voxel bindings are rated separately. Custom/unbound fallback coverage is not inferred.
profile/vehicles/supersonic,3,retained-profile,retained-reference-not-reviewed,Retained legacy profile; current voxel bindings are rated separately. Custom/unbound fallback coverage is not inferred.
profile/vehicles/tank_steam,3,retained-profile,retained-reference-not-reviewed,Retained legacy profile; current voxel bindings are rated separately. Custom/unbound fallback coverage is not inferred.
profile/vehicles/tank_wagon,3,retained-profile,retained-reference-not-reviewed,Retained legacy profile; current voxel bindings are rated separately. Custom/unbound fallback coverage is not inferred.
profile/vehicles/tanker_ship,3,retained-profile,retained-reference-not-reviewed,Retained legacy profile; current voxel bindings are rated separately. Custom/unbound fallback coverage is not inferred.
profile/vehicles/tender_steam,3,retained-profile,retained-reference-not-reviewed,Retained legacy profile; current voxel bindings are rated separately. Custom/unbound fallback coverage is not inferred.
profile/vehicles/truck_battery,3,retained-profile,retained-reference-not-reviewed,Retained legacy profile; current voxel bindings are rated separately. Custom/unbound fallback coverage is not inferred.
profile/vehicles/truck_box,3,retained-profile,retained-reference-not-reviewed,Retained legacy profile; current voxel bindings are rated separately. Custom/unbound fallback coverage is not inferred.
profile/vehicles/truck_bubble,3,retained-profile,retained-reference-not-reviewed,Retained legacy profile; current voxel bindings are rated separately. Custom/unbound fallback coverage is not inferred.
profile/vehicles/truck_cab,3,retained-profile,retained-reference-not-reviewed,Retained legacy profile; current voxel bindings are rated separately. Custom/unbound fallback coverage is not inferred.
profile/vehicles/truck_flat,3,retained-profile,retained-reference-not-reviewed,Retained legacy profile; current voxel bindings are rated separately. Custom/unbound fallback coverage is not inferred.
profile/vehicles/truck_open,3,retained-profile,retained-reference-not-reviewed,Retained legacy profile; current voxel bindings are rated separately. Custom/unbound fallback coverage is not inferred.
profile/vehicles/truck_tank,3,retained-profile,retained-reference-not-reviewed,Retained legacy profile; current voxel bindings are rated separately. Custom/unbound fallback coverage is not inferred.
profile/vehicles/truck_wood,3,retained-profile,retained-reference-not-reviewed,Retained legacy profile; current voxel bindings are rated separately. Custom/unbound fallback coverage is not inferred.
profile/vehicles/widebody,3,retained-profile,retained-reference-not-reviewed,Retained legacy profile; current voxel bindings are rated separately. Custom/unbound fallback coverage is not inferred.
profile/vehicles/wood_wagon,3,retained-profile,retained-reference-not-reviewed,Retained legacy profile; current voxel bindings are rated separately. Custom/unbound fallback coverage is not inferred.
procedural/road-stop/0/0/tram0/detail0,4,procedural-runtime,individual-visual-review-pending,Existing 3D implementation; all original layout/slope/state/LOD variants still need individual consistency ratings.
procedural/road-stop/0/0/tram0/detail1,4,procedural-runtime,individual-visual-review-pending,Existing 3D implementation; all original layout/slope/state/LOD variants still need individual consistency ratings.
procedural/road-stop/0/1/tram0/detail0,4,procedural-runtime,individual-visual-review-pending,Existing 3D implementation; all original layout/slope/state/LOD variants still need individual consistency ratings.
procedural/road-stop/0/1/tram0/detail1,4,procedural-runtime,individual-visual-review-pending,Existing 3D implementation; all original layout/slope/state/LOD variants still need individual consistency ratings.
procedural/road-stop/0/2/tram0/detail0,4,procedural-runtime,individual-visual-review-pending,Existing 3D implementation; all original layout/slope/state/LOD variants still need individual consistency ratings.
procedural/road-stop/0/2/tram0/detail1,4,procedural-runtime,individual-visual-review-pending,Existing 3D implementation; all original layout/slope/state/LOD variants still need individual consistency ratings.
procedural/road-stop/0/3/tram0/detail0,4,procedural-runtime,individual-visual-review-pending,Existing 3D implementation; all original layout/slope/state/LOD variants still need individual consistency ratings.
procedural/road-stop/0/3/tram0/detail1,4,procedural-runtime,individual-visual-review-pending,Existing 3D implementation; all original layout/slope/state/LOD variants still need individual consistency ratings.
procedural/road-stop/0/4/tram0/detail0,4,procedural-runtime,individual-visual-review-pending,Existing 3D implementation; all original layout/slope/state/LOD variants still need individual consistency ratings.
procedural/road-stop/0/4/tram0/detail1,4,procedural-runtime,individual-visual-review-pending,Existing 3D implementation; all original layout/slope/state/LOD variants still need individual consistency ratings.
procedural/road-stop/0/4/tram1/detail0,4,procedural-runtime,individual-visual-review-pending,Existing 3D implementation; all original layout/slope/state/LOD variants still need individual consistency ratings.
procedural/road-stop/0/4/tram1/detail1,4,procedural-runtime,individual-visual-review-pending,Existing 3D implementation; all original layout/slope/state/LOD variants still need individual consistency ratings.
procedural/road-stop/0/5/tram0/detail0,4,procedural-runtime,individual-visual-review-pending,Existing 3D implementation; all original layout/slope/state/LOD variants still need individual consistency ratings.
procedural/road-stop/0/5/tram0/detail1,4,procedural-runtime,individual-visual-review-pending,Existing 3D implementation; all original layout/slope/state/LOD variants still need individual consistency ratings.
procedural/road-stop/0/5/tram1/detail0,4,procedural-runtime,individual-visual-review-pending,Existing 3D implementation; all original layout/slope/state/LOD variants still need individual consistency ratings.
procedural/road-stop/0/5/tram1/detail1,4,procedural-runtime,individual-visual-review-pending,Existing 3D implementation; all original layout/slope/state/LOD variants still need individual consistency ratings.
procedural/road-stop/1/0/tram0/detail0,4,procedural-runtime,individual-visual-review-pending,Existing 3D implementation; all original layout/slope/state/LOD variants still need individual consistency ratings.
procedural/road-stop/1/0/tram0/detail1,4,procedural-runtime,individual-visual-review-pending,Existing 3D implementation; all original layout/slope/state/LOD variants still need individual consistency ratings.
procedural/road-stop/1/1/tram0/detail0,4,procedural-runtime,individual-visual-review-pending,Existing 3D implementation; all original layout/slope/state/LOD variants still need individual consistency ratings.
procedural/road-stop/1/1/tram0/detail1,4,procedural-runtime,individual-visual-review-pending,Existing 3D implementation; all original layout/slope/state/LOD variants still need individual consistency ratings.
procedural/road-stop/1/2/tram0/detail0,4,procedural-runtime,individual-visual-review-pending,Existing 3D implementation; all original layout/slope/state/LOD variants still need individual consistency ratings.
procedural/road-stop/1/2/tram0/detail1,4,procedural-runtime,individual-visual-review-pending,Existing 3D implementation; all original layout/slope/state/LOD variants still need individual consistency ratings.
procedural/road-stop/1/3/tram0/detail0,4,procedural-runtime,individual-visual-review-pending,Existing 3D implementation; all original layout/slope/state/LOD variants still need individual consistency ratings.
procedural/road-stop/1/3/tram0/detail1,4,procedural-runtime,individual-visual-review-pending,Existing 3D implementation; all original layout/slope/state/LOD variants still need individual consistency ratings.
procedural/road-stop/1/4/tram0/detail0,4,procedural-runtime,individual-visual-review-pending,Existing 3D implementation; all original layout/slope/state/LOD variants still need individual consistency ratings.
procedural/road-stop/1/4/tram0/detail1,4,procedural-runtime,individual-visual-review-pending,Existing 3D implementation; all original layout/slope/state/LOD variants still need individual consistency ratings.
procedural/road-stop/1/4/tram1/detail0,4,procedural-runtime,individual-visual-review-pending,Existing 3D implementation; all original layout/slope/state/LOD variants still need individual consistency ratings.
procedural/road-stop/1/4/tram1/detail1,4,procedural-runtime,individual-visual-review-pending,Existing 3D implementation; all original layout/slope/state/LOD variants still need individual consistency ratings.
procedural/road-stop/1/5/tram0/detail0,4,procedural-runtime,individual-visual-review-pending,Existing 3D implementation; all original layout/slope/state/LOD variants still need individual consistency ratings.
procedural/road-stop/1/5/tram0/detail1,4,procedural-runtime,individual-visual-review-pending,Existing 3D implementation; all original layout/slope/state/LOD variants still need individual consistency ratings.
procedural/road-stop/1/5/tram1/detail0,4,procedural-runtime,individual-visual-review-pending,Existing 3D implementation; all original layout/slope/state/LOD variants still need individual consistency ratings.
procedural/road-stop/1/5/tram1/detail1,4,procedural-runtime,individual-visual-review-pending,Existing 3D implementation; all original layout/slope/state/LOD variants still need individual consistency ratings.
procedural/bridge/0,4,procedural-runtime,individual-visual-review-pending,Existing 3D implementation; all original layout/slope/state/LOD variants still need individual consistency ratings.
procedural/bridge/1,4,procedural-runtime,individual-visual-review-pending,Existing 3D implementation; all original layout/slope/state/LOD variants still need individual consistency ratings.
procedural/bridge/2,4,procedural-runtime,individual-visual-review-pending,Existing 3D implementation; all original layout/slope/state/LOD variants still need individual consistency ratings.
procedural/bridge/3,4,procedural-runtime,individual-visual-review-pending,Existing 3D implementation; all original layout/slope/state/LOD variants still need individual consistency ratings.
procedural/bridge/4,4,procedural-runtime,individual-visual-review-pending,Existing 3D implementation; all original layout/slope/state/LOD variants still need individual consistency ratings.
procedural/bridge/5,4,procedural-runtime,individual-visual-review-pending,Existing 3D implementation; all original layout/slope/state/LOD variants still need individual consistency ratings.
procedural/bridge/6,4,procedural-runtime,individual-visual-review-pending,Existing 3D implementation; all original layout/slope/state/LOD variants still need individual consistency ratings.
procedural/bridge/7,4,procedural-runtime,individual-visual-review-pending,Existing 3D implementation; all original layout/slope/state/LOD variants still need individual consistency ratings.
procedural/bridge/8,4,procedural-runtime,individual-visual-review-pending,Existing 3D implementation; all original layout/slope/state/LOD variants still need individual consistency ratings.
procedural/bridge/9,4,procedural-runtime,individual-visual-review-pending,Existing 3D implementation; all original layout/slope/state/LOD variants still need individual consistency ratings.
procedural/bridge/10,4,procedural-runtime,individual-visual-review-pending,Existing 3D implementation; all original layout/slope/state/LOD variants still need individual consistency ratings.
procedural/bridge/11,4,procedural-runtime,individual-visual-review-pending,Existing 3D implementation; all original layout/slope/state/LOD variants still need individual consistency ratings.
procedural/bridge/12,4,procedural-runtime,individual-visual-review-pending,Existing 3D implementation; all original layout/slope/state/LOD variants still need individual consistency ratings.
procedural/tunnel/0,4,procedural-runtime,individual-visual-review-pending,Existing 3D implementation; all original layout/slope/state/LOD variants still need individual consistency ratings.
procedural/tunnel/1,4,procedural-runtime,individual-visual-review-pending,Existing 3D implementation; all original layout/slope/state/LOD variants still need individual consistency ratings.
procedural/tunnel/2,4,procedural-runtime,individual-visual-review-pending,Existing 3D implementation; all original layout/slope/state/LOD variants still need individual consistency ratings.
procedural/tunnel/3,4,procedural-runtime,individual-visual-review-pending,Existing 3D implementation; all original layout/slope/state/LOD variants still need individual consistency ratings.
procedural/running-rail/0,4,procedural-runtime,individual-visual-review-pending,Existing 3D implementation; all original layout/slope/state/LOD variants still need individual consistency ratings.
procedural/running-rail/1,4,procedural-runtime,individual-visual-review-pending,Existing 3D implementation; all original layout/slope/state/LOD variants still need individual consistency ratings.
procedural/running-rail/2,4,procedural-runtime,individual-visual-review-pending,Existing 3D implementation; all original layout/slope/state/LOD variants still need individual consistency ratings.
procedural/running-rail/3,4,procedural-runtime,individual-visual-review-pending,Existing 3D implementation; all original layout/slope/state/LOD variants still need individual consistency ratings.
procedural/rail-station/0,4,procedural-runtime,individual-visual-review-pending,Existing 3D implementation; all original layout/slope/state/LOD variants still need individual consistency ratings.
procedural/rail-station/1,4,procedural-runtime,individual-visual-review-pending,Existing 3D implementation; all original layout/slope/state/LOD variants still need individual consistency ratings.
procedural/rail-station/2,4,procedural-runtime,individual-visual-review-pending,Existing 3D implementation; all original layout/slope/state/LOD variants still need individual consistency ratings.
procedural/rail-signal/0,4,procedural-runtime,individual-visual-review-pending,Existing 3D implementation; all original layout/slope/state/LOD variants still need individual consistency ratings.
procedural/rail-signal/1,4,procedural-runtime,individual-visual-review-pending,Existing 3D implementation; all original layout/slope/state/LOD variants still need individual consistency ratings.
procedural/rail-signal/2,4,procedural-runtime,individual-visual-review-pending,Existing 3D implementation; all original layout/slope/state/LOD variants still need individual consistency ratings.
procedural/rail-signal/3,4,procedural-runtime,individual-visual-review-pending,Existing 3D implementation; all original layout/slope/state/LOD variants still need individual consistency ratings.
procedural/rail-signal/4,4,procedural-runtime,individual-visual-review-pending,Existing 3D implementation; all original layout/slope/state/LOD variants still need individual consistency ratings.
procedural/rail-signal/5,4,procedural-runtime,individual-visual-review-pending,Existing 3D implementation; all original layout/slope/state/LOD variants still need individual consistency ratings.
procedural/catenary/0,4,procedural-runtime,individual-visual-review-pending,Existing 3D implementation; all original layout/slope/state/LOD variants still need individual consistency ratings.
procedural/crossing/0,4,procedural-runtime,individual-visual-review-pending,Existing 3D implementation; all original layout/slope/state/LOD variants still need individual consistency ratings.
procedural/crossing/1,4,procedural-runtime,individual-visual-review-pending,Existing 3D implementation; all original layout/slope/state/LOD variants still need individual consistency ratings.
procedural/crossing/2,4,procedural-runtime,individual-visual-review-pending,Existing 3D implementation; all original layout/slope/state/LOD variants still need individual consistency ratings.
procedural/crossing/3,4,procedural-runtime,individual-visual-review-pending,Existing 3D implementation; all original layout/slope/state/LOD variants still need individual consistency ratings.
procedural/fence/0,4,procedural-runtime,individual-visual-review-pending,Existing 3D implementation; all original layout/slope/state/LOD variants still need individual consistency ratings.
procedural/fence/1,4,procedural-runtime,individual-visual-review-pending,Existing 3D implementation; all original layout/slope/state/LOD variants still need individual consistency ratings.
procedural/fence/2,4,procedural-runtime,individual-visual-review-pending,Existing 3D implementation; all original layout/slope/state/LOD variants still need individual consistency ratings.
procedural/fence/3,4,procedural-runtime,individual-visual-review-pending,Existing 3D implementation; all original layout/slope/state/LOD variants still need individual consistency ratings.
procedural/fence/4,4,procedural-runtime,individual-visual-review-pending,Existing 3D implementation; all original layout/slope/state/LOD variants still need individual consistency ratings.
procedural/fence/5,4,procedural-runtime,individual-visual-review-pending,Existing 3D implementation; all original layout/slope/state/LOD variants still need individual consistency ratings.
procedural/fence/6,4,procedural-runtime,individual-visual-review-pending,Existing 3D implementation; all original layout/slope/state/LOD variants still need individual consistency ratings.
procedural/foundation/0,4,procedural-runtime,individual-visual-review-pending,Existing 3D implementation; all original layout/slope/state/LOD variants still need individual consistency ratings.
procedural/foundation/1,4,procedural-runtime,individual-visual-review-pending,Existing 3D implementation; all original layout/slope/state/LOD variants still need individual consistency ratings.
procedural/foundation/2,4,procedural-runtime,individual-visual-review-pending,Existing 3D implementation; all original layout/slope/state/LOD variants still need individual consistency ratings.
procedural/foundation/3,4,procedural-runtime,individual-visual-review-pending,Existing 3D implementation; all original layout/slope/state/LOD variants still need individual consistency ratings.
procedural/foundation/4,4,procedural-runtime,individual-visual-review-pending,Existing 3D implementation; all original layout/slope/state/LOD variants still need individual consistency ratings.
procedural/foundation/5,4,procedural-runtime,individual-visual-review-pending,Existing 3D implementation; all original layout/slope/state/LOD variants still need individual consistency ratings.
procedural/foundation/6,4,procedural-runtime,individual-visual-review-pending,Existing 3D implementation; all original layout/slope/state/LOD variants still need individual consistency ratings.
procedural/foundation/7,4,procedural-runtime,individual-visual-review-pending,Existing 3D implementation; all original layout/slope/state/LOD variants still need individual consistency ratings.
procedural/foundation/8,4,procedural-runtime,individual-visual-review-pending,Existing 3D implementation; all original layout/slope/state/LOD variants still need individual consistency ratings.
procedural/foundation/9,4,procedural-runtime,individual-visual-review-pending,Existing 3D implementation; all original layout/slope/state/LOD variants still need individual consistency ratings.
procedural/foundation/10,4,procedural-runtime,individual-visual-review-pending,Existing 3D implementation; all original layout/slope/state/LOD variants still need individual consistency ratings.
procedural/foundation/11,4,procedural-runtime,individual-visual-review-pending,Existing 3D implementation; all original layout/slope/state/LOD variants still need individual consistency ratings.
procedural/foundation/12,4,procedural-runtime,individual-visual-review-pending,Existing 3D implementation; all original layout/slope/state/LOD variants still need individual consistency ratings.
procedural/ground-detail/0,4,procedural-runtime,individual-visual-review-pending,Existing 3D implementation; all original layout/slope/state/LOD variants still need individual consistency ratings.
procedural/ground-detail/1,4,procedural-runtime,individual-visual-review-pending,Existing 3D implementation; all original layout/slope/state/LOD variants still need individual consistency ratings.
procedural/ground-detail/2,4,procedural-runtime,individual-visual-review-pending,Existing 3D implementation; all original layout/slope/state/LOD variants still need individual consistency ratings.
procedural/ground-detail/3,4,procedural-runtime,individual-visual-review-pending,Existing 3D implementation; all original layout/slope/state/LOD variants still need individual consistency ratings.
procedural/ground-detail/4,4,procedural-runtime,individual-visual-review-pending,Existing 3D implementation; all original layout/slope/state/LOD variants still need individual consistency ratings.
original/object/0/0/0/ground0/climate0,4,native-terrain-layer,individual-visual-review-pending,"Original transmitter flat ground sprite3962 remains an independently projected terrain surface, not an invented solid. Original climate/slope/registration/palette/ownership reviews remain required; no raised HQ artwork is covered by this path."
original/object/0/0/0/body0/climate0,5,authored-voxel-instance,structural-screen-only,Original transmitter body layer sprite2601 selects object_transmitter in its complete original family. Binding availability is not individual source/world/state acceptance; its instance does not inherit a model's visual score.
original/object/0/0/0/ground0/climate1,4,native-terrain-layer,individual-visual-review-pending,"Original transmitter flat ground sprite3962 remains an independently projected terrain surface, not an invented solid. Original climate/slope/registration/palette/ownership reviews remain required; no raised HQ artwork is covered by this path."
original/object/0/0/0/body0/climate1,5,authored-voxel-instance,structural-screen-only,Original transmitter body layer sprite2601 selects object_transmitter in its complete original family. Binding availability is not individual source/world/state acceptance; its instance does not inherit a model's visual score.
original/object/0/0/0/ground0/climate2,4,native-terrain-layer,individual-visual-review-pending,"Original transmitter flat ground sprite3962 remains an independently projected terrain surface, not an invented solid. Original climate/slope/registration/palette/ownership reviews remain required; no raised HQ artwork is covered by this path."
original/object/0/0/0/body0/climate2,5,authored-voxel-instance,structural-screen-only,Original transmitter body layer sprite2601 selects object_transmitter in its complete original family. Binding availability is not individual source/world/state acceptance; its instance does not inherit a model's visual score.
original/object/1/0/0/ground0/climate0,4,native-terrain-layer,individual-visual-review-pending,"Original lighthouse flat ground sprite3962 remains an independently projected terrain surface, not an invented solid. Original climate/slope/registration/palette/ownership reviews remain required; no raised HQ artwork is covered by this path."
original/object/1/0/0/body0/climate0,5,authored-voxel-instance,structural-screen-only,Original lighthouse body layer sprite2602 selects object_lighthouse in its complete original family. Binding availability is not individual source/world/state acceptance; its instance does not inherit a model's visual score.
original/object/1/0/0/ground0/climate1,4,native-terrain-layer,individual-visual-review-pending,"Original lighthouse flat ground sprite3962 remains an independently projected terrain surface, not an invented solid. Original climate/slope/registration/palette/ownership reviews remain required; no raised HQ artwork is covered by this path."
original/object/1/0/0/body0/climate1,5,authored-voxel-instance,structural-screen-only,Original lighthouse body layer sprite2602 selects object_lighthouse in its complete original family. Binding availability is not individual source/world/state acceptance; its instance does not inherit a model's visual score.
original/object/2/0/0/ground0/climate0,4,native-terrain-layer,individual-visual-review-pending,"Original statue flat ground sprite1420 remains an independently projected terrain surface, not an invented solid. Original climate/slope/registration/palette/ownership reviews remain required; no raised HQ artwork is covered by this path."
original/object/2/0/0/body0/climate0,5,authored-voxel-instance,structural-screen-only,Original statue body layer sprite2632 selects object_company_statue in its complete original family. Binding availability is not individual source/world/state acceptance; its instance does not inherit a model's visual score.
original/object/2/0/0/ground0/climate1,4,native-terrain-layer,individual-visual-review-pending,"Original statue flat ground sprite1420 remains an independently projected terrain surface, not an invented solid. Original climate/slope/registration/palette/ownership reviews remain required; no raised HQ artwork is covered by this path."
original/object/2/0/0/body0/climate1,5,authored-voxel-instance,structural-screen-only,Original statue body layer sprite2632 selects object_company_statue in its complete original family. Binding availability is not individual source/world/state acceptance; its instance does not inherit a model's visual score.
original/object/2/0/0/ground0/climate2,4,native-terrain-layer,individual-visual-review-pending,"Original statue flat ground sprite1420 remains an independently projected terrain surface, not an invented solid. Original climate/slope/registration/palette/ownership reviews remain required; no raised HQ artwork is covered by this path."
original/object/2/0/0/body0/climate2,5,authored-voxel-instance,structural-screen-only,Original statue body layer sprite2632 selects object_company_statue in its complete original family. Binding availability is not individual source/world/state acceptance; its instance does not inherit a model's visual score.
original/object/2/0/0/ground0/climate3,4,native-terrain-layer,individual-visual-review-pending,"Original statue flat ground sprite1420 remains an independently projected terrain surface, not an invented solid. Original climate/slope/registration/palette/ownership reviews remain required; no raised HQ artwork is covered by this path."
original/object/2/0/0/body0/climate3,5,authored-voxel-instance,structural-screen-only,Original statue body layer sprite2632 selects object_company_gnome in its complete original family. Binding availability is not individual source/world/state acceptance; its instance does not inherit a model's visual score.
original/object/3/0/0/ground0/climate0,4,native-terrain-layer,individual-visual-review-pending,"Original owned_land flat ground sprite3924 remains an independently projected terrain surface, not an invented solid. Original climate/slope/registration/palette/ownership reviews remain required; no raised HQ artwork is covered by this path."
original/object/3/0/0/body0/climate0,5,authored-voxel-instance,structural-screen-only,Original owned_land body layer sprite4790 selects object_owned_land_sign in its complete original family. Binding availability is not individual source/world/state acceptance; its instance does not inherit a model's visual score.
original/object/3/0/0/ground0/climate1,4,native-terrain-layer,individual-visual-review-pending,"Original owned_land flat ground sprite3924 remains an independently projected terrain surface, not an invented solid. Original climate/slope/registration/palette/ownership reviews remain required; no raised HQ artwork is covered by this path."
original/object/3/0/0/body0/climate1,5,authored-voxel-instance,structural-screen-only,Original owned_land body layer sprite4790 selects object_owned_land_sign in its complete original family. Binding availability is not individual source/world/state acceptance; its instance does not inherit a model's visual score.
original/object/3/0/0/ground0/climate2,4,native-terrain-layer,individual-visual-review-pending,"Original owned_land flat ground sprite3924 remains an independently projected terrain surface, not an invented solid. Original climate/slope/registration/palette/ownership reviews remain required; no raised HQ artwork is covered by this path."
original/object/3/0/0/body0/climate2,5,authored-voxel-instance,structural-screen-only,Original owned_land body layer sprite4790 selects object_owned_land_sign in its complete original family. Binding availability is not individual source/world/state acceptance; its instance does not inherit a model's visual score.
original/object/3/0/0/ground0/climate3,4,native-terrain-layer,individual-visual-review-pending,"Original owned_land flat ground sprite3924 remains an independently projected terrain surface, not an invented solid. Original climate/slope/registration/palette/ownership reviews remain required; no raised HQ artwork is covered by this path."
original/object/3/0/0/body0/climate3,5,authored-voxel-instance,structural-screen-only,Original owned_land body layer sprite4790 selects object_owned_land_sign in its complete original family. Binding availability is not individual source/world/state acceptance; its instance does not inherit a model's visual score.
original/object/4/0/0/ground0/climate0,5,authored-voxel-instance,structural-screen-only,Original headquarters ground layer sprite2603 selects hq_ground_tiny_temperate_north in its complete original family. Binding availability is not individual source/world/state acceptance; its instance does not inherit a model's visual score.
original/object/4/0/0/ground0/climate1,5,authored-voxel-instance,structural-screen-only,Original headquarters ground layer sprite2603 selects hq_ground_tiny_arctic_north in its complete original family. Binding availability is not individual source/world/state acceptance; its instance does not inherit a model's visual score.
original/object/4/0/0/ground0/climate2,5,authored-voxel-instance,structural-screen-only,Original headquarters ground layer sprite2603 selects hq_ground_tiny_tropic_north in its complete original family. Binding availability is not individual source/world/state acceptance; its instance does not inherit a model's visual score.
original/object/4/0/0/ground0/climate3,5,authored-voxel-instance,structural-screen-only,Original headquarters ground layer sprite2603 selects hq_ground_tiny_toyland_north in its complete original family. Binding availability is not individual source/world/state acceptance; its instance does not inherit a model's visual score.
original/object/4/0/1/ground0/climate0,5,authored-voxel-instance,structural-screen-only,Original headquarters ground layer sprite2605 selects hq_ground_tiny_temperate_west in its complete original family. Binding availability is not individual source/world/state acceptance; its instance does not inherit a model's visual score.
original/object/4/0/1/ground0/climate1,5,authored-voxel-instance,structural-screen-only,Original headquarters ground layer sprite2605 selects hq_ground_tiny_arctic_west in its complete original family. Binding availability is not individual source/world/state acceptance; its instance does not inherit a model's visual score.
original/object/4/0/1/ground0/climate2,5,authored-voxel-instance,structural-screen-only,Original headquarters ground layer sprite2605 selects hq_ground_tiny_tropic_west in its complete original family. Binding availability is not individual source/world/state acceptance; its instance does not inherit a model's visual score.
original/object/4/0/1/ground0/climate3,5,authored-voxel-instance,structural-screen-only,Original headquarters ground layer sprite2605 selects hq_ground_tiny_toyland_west in its complete original family. Binding availability is not individual source/world/state acceptance; its instance does not inherit a model's visual score.
original/object/4/0/2/ground0/climate0,5,authored-voxel-instance,structural-screen-only,Original headquarters ground layer sprite2604 selects hq_ground_tiny_temperate_east in its complete original family. Binding availability is not individual source/world/state acceptance; its instance does not inherit a model's visual score.
original/object/4/0/2/ground0/climate1,5,authored-voxel-instance,structural-screen-only,Original headquarters ground layer sprite2604 selects hq_ground_tiny_arctic_east in its complete original family. Binding availability is not individual source/world/state acceptance; its instance does not inherit a model's visual score.
original/object/4/0/2/ground0/climate2,5,authored-voxel-instance,structural-screen-only,Original headquarters ground layer sprite2604 selects hq_ground_tiny_tropic_east in its complete original family. Binding availability is not individual source/world/state acceptance; its instance does not inherit a model's visual score.
original/object/4/0/2/ground0/climate3,5,authored-voxel-instance,structural-screen-only,Original headquarters ground layer sprite2604 selects hq_ground_tiny_toyland_east in its complete original family. Binding availability is not individual source/world/state acceptance; its instance does not inherit a model's visual score.
original/object/4/0/3/ground0/climate0,5,authored-voxel-instance,structural-screen-only,Original headquarters ground layer sprite2606 selects hq_ground_tiny_temperate_south in its complete original family. Binding availability is not individual source/world/state acceptance; its instance does not inherit a model's visual score.
original/object/4/0/3/ground0/climate1,5,authored-voxel-instance,structural-screen-only,Original headquarters ground layer sprite2606 selects hq_ground_tiny_arctic_south in its complete original family. Binding availability is not individual source/world/state acceptance; its instance does not inherit a model's visual score.
original/object/4/0/3/ground0/climate2,5,authored-voxel-instance,structural-screen-only,Original headquarters ground layer sprite2606 selects hq_ground_tiny_tropic_south in its complete original family. Binding availability is not individual source/world/state acceptance; its instance does not inherit a model's visual score.
original/object/4/0/3/ground0/climate3,5,authored-voxel-instance,structural-screen-only,Original headquarters ground layer sprite2606 selects hq_ground_tiny_toyland_south in its complete original family. Binding availability is not individual source/world/state acceptance; its instance does not inherit a model's visual score.
original/object/4/1/0/ground0/climate0,5,authored-voxel-instance,structural-screen-only,Original headquarters ground layer sprite2607 selects hq_ground_small_temperate_north in its complete original family. Binding availability is not individual source/world/state acceptance; its instance does not inherit a model's visual score.
original/object/4/1/0/ground0/climate1,5,authored-voxel-instance,structural-screen-only,Original headquarters ground layer sprite2607 selects hq_ground_small_arctic_north in its complete original family. Binding availability is not individual source/world/state acceptance; its instance does not inherit a model's visual score.
original/object/4/1/0/ground0/climate2,5,authored-voxel-instance,structural-screen-only,Original headquarters ground layer sprite2607 selects hq_ground_small_tropic_north in its complete original family. Binding availability is not individual source/world/state acceptance; its instance does not inherit a model's visual score.
original/object/4/1/0/ground0/climate3,5,authored-voxel-instance,structural-screen-only,Original headquarters ground layer sprite2607 selects hq_ground_small_toyland_north in its complete original family. Binding availability is not individual source/world/state acceptance; its instance does not inherit a model's visual score.
original/object/4/1/1/ground0/climate0,5,authored-voxel-instance,structural-screen-only,Original headquarters ground layer sprite2609 selects hq_ground_small_temperate_west in its complete original family. Binding availability is not individual source/world/state acceptance; its instance does not inherit a model's visual score.
original/object/4/1/1/ground0/climate1,5,authored-voxel-instance,structural-screen-only,Original headquarters ground layer sprite2609 selects hq_ground_small_arctic_west in its complete original family. Binding availability is not individual source/world/state acceptance; its instance does not inherit a model's visual score.
original/object/4/1/1/ground0/climate2,5,authored-voxel-instance,structural-screen-only,Original headquarters ground layer sprite2609 selects hq_ground_small_tropic_west in its complete original family. Binding availability is not individual source/world/state acceptance; its instance does not inherit a model's visual score.
original/object/4/1/1/ground0/climate3,5,authored-voxel-instance,structural-screen-only,Original headquarters ground layer sprite2609 selects hq_ground_small_toyland_west in its complete original family. Binding availability is not individual source/world/state acceptance; its instance does not inherit a model's visual score.
original/object/4/1/2/ground0/climate0,5,authored-voxel-instance,structural-screen-only,Original headquarters ground layer sprite2608 selects hq_ground_small_temperate_east in its complete original family. Binding availability is not individual source/world/state acceptance; its instance does not inherit a model's visual score.
original/object/4/1/2/ground0/climate1,5,authored-voxel-instance,structural-screen-only,Original headquarters ground layer sprite2608 selects hq_ground_small_arctic_east in its complete original family. Binding availability is not individual source/world/state acceptance; its instance does not inherit a model's visual score.
original/object/4/1/2/ground0/climate2,5,authored-voxel-instance,structural-screen-only,Original headquarters ground layer sprite2608 selects hq_ground_small_tropic_east in its complete original family. Binding availability is not individual source/world/state acceptance; its instance does not inherit a model's visual score.
original/object/4/1/2/ground0/climate3,5,authored-voxel-instance,structural-screen-only,Original headquarters ground layer sprite2608 selects hq_ground_small_toyland_east in its complete original family. Binding availability is not individual source/world/state acceptance; its instance does not inherit a model's visual score.
original/object/4/1/3/ground0/climate0,5,authored-voxel-instance,structural-screen-only,Original headquarters ground layer sprite2610 selects hq_ground_small_temperate_south in its complete original family. Binding availability is not individual source/world/state acceptance; its instance does not inherit a model's visual score.
original/object/4/1/3/ground0/climate1,5,authored-voxel-instance,structural-screen-only,Original headquarters ground layer sprite2610 selects hq_ground_small_arctic_south in its complete original family. Binding availability is not individual source/world/state acceptance; its instance does not inherit a model's visual score.
original/object/4/1/3/ground0/climate2,5,authored-voxel-instance,structural-screen-only,Original headquarters ground layer sprite2610 selects hq_ground_small_tropic_south in its complete original family. Binding availability is not individual source/world/state acceptance; its instance does not inherit a model's visual score.
original/object/4/1/3/ground0/climate3,5,authored-voxel-instance,structural-screen-only,Original headquarters ground layer sprite2610 selects hq_ground_small_toyland_south in its complete original family. Binding availability is not individual source/world/state acceptance; its instance does not inherit a model's visual score.
missing/object/4/2/0/ground0/climate0,1,original-source-layer,missing-voxel-coverage,"Original headquarters ground layer, sprite2611. Raised ground artwork still needs its own volume; source exports are not coverage."
missing/object/4/2/0/body0/climate0,1,original-source-layer,missing-voxel-coverage,"Original headquarters body layer, sprite2612. Raised ground artwork still needs its own volume; source exports are not coverage."
missing/object/4/2/0/ground0/climate1,1,original-source-layer,missing-voxel-coverage,"Original headquarters ground layer, sprite2611. Raised ground artwork still needs its own volume; source exports are not coverage."
missing/object/4/2/0/body0/climate1,1,original-source-layer,missing-voxel-coverage,"Original headquarters body layer, sprite2612. Raised ground artwork still needs its own volume; source exports are not coverage."
missing/object/4/2/0/ground0/climate2,1,original-source-layer,missing-voxel-coverage,"Original headquarters ground layer, sprite2611. Raised ground artwork still needs its own volume; source exports are not coverage."
missing/object/4/2/0/body0/climate2,1,original-source-layer,missing-voxel-coverage,"Original headquarters body layer, sprite2612. Raised ground artwork still needs its own volume; source exports are not coverage."
missing/object/4/2/0/ground0/climate3,1,original-source-layer,missing-voxel-coverage,"Original headquarters ground layer, sprite2611. Raised ground artwork still needs its own volume; source exports are not coverage."
missing/object/4/2/0/body0/climate3,1,original-source-layer,missing-voxel-coverage,"Original headquarters body layer, sprite2612. Raised ground artwork still needs its own volume; source exports are not coverage."
missing/object/4/2/1/ground0/climate0,1,original-source-layer,missing-voxel-coverage,"Original headquarters ground layer, sprite2615. Raised ground artwork still needs its own volume; source exports are not coverage."
missing/object/4/2/1/body0/climate0,1,original-source-layer,missing-voxel-coverage,"Original headquarters body layer, sprite2616. Raised ground artwork still needs its own volume; source exports are not coverage."
missing/object/4/2/1/ground0/climate1,1,original-source-layer,missing-voxel-coverage,"Original headquarters ground layer, sprite2615. Raised ground artwork still needs its own volume; source exports are not coverage."
missing/object/4/2/1/body0/climate1,1,original-source-layer,missing-voxel-coverage,"Original headquarters body layer, sprite2616. Raised ground artwork still needs its own volume; source exports are not coverage."
missing/object/4/2/1/ground0/climate2,1,original-source-layer,missing-voxel-coverage,"Original headquarters ground layer, sprite2615. Raised ground artwork still needs its own volume; source exports are not coverage."
missing/object/4/2/1/body0/climate2,1,original-source-layer,missing-voxel-coverage,"Original headquarters body layer, sprite2616. Raised ground artwork still needs its own volume; source exports are not coverage."
missing/object/4/2/1/ground0/climate3,1,original-source-layer,missing-voxel-coverage,"Original headquarters ground layer, sprite2615. Raised ground artwork still needs its own volume; source exports are not coverage."
missing/object/4/2/1/body0/climate3,1,original-source-layer,missing-voxel-coverage,"Original headquarters body layer, sprite2616. Raised ground artwork still needs its own volume; source exports are not coverage."
missing/object/4/2/2/ground0/climate0,1,original-source-layer,missing-voxel-coverage,"Original headquarters ground layer, sprite2613. Raised ground artwork still needs its own volume; source exports are not coverage."
missing/object/4/2/2/body0/climate0,1,original-source-layer,missing-voxel-coverage,"Original headquarters body layer, sprite2614. Raised ground artwork still needs its own volume; source exports are not coverage."
missing/object/4/2/2/ground0/climate1,1,original-source-layer,missing-voxel-coverage,"Original headquarters ground layer, sprite2613. Raised ground artwork still needs its own volume; source exports are not coverage."
missing/object/4/2/2/body0/climate1,1,original-source-layer,missing-voxel-coverage,"Original headquarters body layer, sprite2614. Raised ground artwork still needs its own volume; source exports are not coverage."
missing/object/4/2/2/ground0/climate2,1,original-source-layer,missing-voxel-coverage,"Original headquarters ground layer, sprite2613. Raised ground artwork still needs its own volume; source exports are not coverage."
missing/object/4/2/2/body0/climate2,1,original-source-layer,missing-voxel-coverage,"Original headquarters body layer, sprite2614. Raised ground artwork still needs its own volume; source exports are not coverage."
missing/object/4/2/2/ground0/climate3,1,original-source-layer,missing-voxel-coverage,"Original headquarters ground layer, sprite2613. Raised ground artwork still needs its own volume; source exports are not coverage."
missing/object/4/2/2/body0/climate3,1,original-source-layer,missing-voxel-coverage,"Original headquarters body layer, sprite2614. Raised ground artwork still needs its own volume; source exports are not coverage."
missing/object/4/2/3/ground0/climate0,1,original-source-layer,missing-voxel-coverage,"Original headquarters ground layer, sprite2617. Raised ground artwork still needs its own volume; source exports are not coverage."
missing/object/4/2/3/ground0/climate1,1,original-source-layer,missing-voxel-coverage,"Original headquarters ground layer, sprite2617. Raised ground artwork still needs its own volume; source exports are not coverage."
missing/object/4/2/3/ground0/climate2,1,original-source-layer,missing-voxel-coverage,"Original headquarters ground layer, sprite2617. Raised ground artwork still needs its own volume; source exports are not coverage."
missing/object/4/2/3/ground0/climate3,1,original-source-layer,missing-voxel-coverage,"Original headquarters ground layer, sprite2617. Raised ground artwork still needs its own volume; source exports are not coverage."
missing/object/4/3/0/ground0/climate0,1,original-source-layer,missing-voxel-coverage,"Original headquarters ground layer, sprite2618. Raised ground artwork still needs its own volume; source exports are not coverage."
missing/object/4/3/0/body0/climate0,1,original-source-layer,missing-voxel-coverage,"Original headquarters body layer, sprite2619. Raised ground artwork still needs its own volume; source exports are not coverage."
missing/object/4/3/0/ground0/climate1,1,original-source-layer,missing-voxel-coverage,"Original headquarters ground layer, sprite2618. Raised ground artwork still needs its own volume; source exports are not coverage."
missing/object/4/3/0/body0/climate1,1,original-source-layer,missing-voxel-coverage,"Original headquarters body layer, sprite2619. Raised ground artwork still needs its own volume; source exports are not coverage."
missing/object/4/3/0/ground0/climate2,1,original-source-layer,missing-voxel-coverage,"Original headquarters ground layer, sprite2618. Raised ground artwork still needs its own volume; source exports are not coverage."
missing/object/4/3/0/body0/climate2,1,original-source-layer,missing-voxel-coverage,"Original headquarters body layer, sprite2619. Raised ground artwork still needs its own volume; source exports are not coverage."
missing/object/4/3/0/ground0/climate3,1,original-source-layer,missing-voxel-coverage,"Original headquarters ground layer, sprite2618. Raised ground artwork still needs its own volume; source exports are not coverage."
missing/object/4/3/0/body0/climate3,1,original-source-layer,missing-voxel-coverage,"Original headquarters body layer, sprite2619. Raised ground artwork still needs its own volume; source exports are not coverage."
missing/object/4/3/1/ground0/climate0,1,original-source-layer,missing-voxel-coverage,"Original headquarters ground layer, sprite2622. Raised ground artwork still needs its own volume; source exports are not coverage."
missing/object/4/3/1/body0/climate0,1,original-source-layer,missing-voxel-coverage,"Original headquarters body layer, sprite2623. Raised ground artwork still needs its own volume; source exports are not coverage."
missing/object/4/3/1/ground0/climate1,1,original-source-layer,missing-voxel-coverage,"Original headquarters ground layer, sprite2622. Raised ground artwork still needs its own volume; source exports are not coverage."
missing/object/4/3/1/body0/climate1,1,original-source-layer,missing-voxel-coverage,"Original headquarters body layer, sprite2623. Raised ground artwork still needs its own volume; source exports are not coverage."
missing/object/4/3/1/ground0/climate2,1,original-source-layer,missing-voxel-coverage,"Original headquarters ground layer, sprite2622. Raised ground artwork still needs its own volume; source exports are not coverage."
missing/object/4/3/1/body0/climate2,1,original-source-layer,missing-voxel-coverage,"Original headquarters body layer, sprite2623. Raised ground artwork still needs its own volume; source exports are not coverage."
missing/object/4/3/1/ground0/climate3,1,original-source-layer,missing-voxel-coverage,"Original headquarters ground layer, sprite2622. Raised ground artwork still needs its own volume; source exports are not coverage."
missing/object/4/3/1/body0/climate3,1,original-source-layer,missing-voxel-coverage,"Original headquarters body layer, sprite2623. Raised ground artwork still needs its own volume; source exports are not coverage."
missing/object/4/3/2/ground0/climate0,1,original-source-layer,missing-voxel-coverage,"Original headquarters ground layer, sprite2620. Raised ground artwork still needs its own volume; source exports are not coverage."
missing/object/4/3/2/body0/climate0,1,original-source-layer,missing-voxel-coverage,"Original headquarters body layer, sprite2621. Raised ground artwork still needs its own volume; source exports are not coverage."
missing/object/4/3/2/ground0/climate1,1,original-source-layer,missing-voxel-coverage,"Original headquarters ground layer, sprite2620. Raised ground artwork still needs its own volume; source exports are not coverage."
missing/object/4/3/2/body0/climate1,1,original-source-layer,missing-voxel-coverage,"Original headquarters body layer, sprite2621. Raised ground artwork still needs its own volume; source exports are not coverage."
missing/object/4/3/2/ground0/climate2,1,original-source-layer,missing-voxel-coverage,"Original headquarters ground layer, sprite2620. Raised ground artwork still needs its own volume; source exports are not coverage."
missing/object/4/3/2/body0/climate2,1,original-source-layer,missing-voxel-coverage,"Original headquarters body layer, sprite2621. Raised ground artwork still needs its own volume; source exports are not coverage."
missing/object/4/3/2/ground0/climate3,1,original-source-layer,missing-voxel-coverage,"Original headquarters ground layer, sprite2620. Raised ground artwork still needs its own volume; source exports are not coverage."
missing/object/4/3/2/body0/climate3,1,original-source-layer,missing-voxel-coverage,"Original headquarters body layer, sprite2621. Raised ground artwork still needs its own volume; source exports are not coverage."
missing/object/4/3/3/ground0/climate0,1,original-source-layer,missing-voxel-coverage,"Original headquarters ground layer, sprite2624. Raised ground artwork still needs its own volume; source exports are not coverage."
missing/object/4/3/3/ground0/climate1,1,original-source-layer,missing-voxel-coverage,"Original headquarters ground layer, sprite2624. Raised ground artwork still needs its own volume; source exports are not coverage."
missing/object/4/3/3/ground0/climate2,1,original-source-layer,missing-voxel-coverage,"Original headquarters ground layer, sprite2624. Raised ground artwork still needs its own volume; source exports are not coverage."
missing/object/4/3/3/ground0/climate3,1,original-source-layer,missing-voxel-coverage,"Original headquarters ground layer, sprite2624. Raised ground artwork still needs its own volume; source exports are not coverage."
missing/object/4/4/0/ground0/climate0,1,original-source-layer,missing-voxel-coverage,"Original headquarters ground layer, sprite2625. Raised ground artwork still needs its own volume; source exports are not coverage."
missing/object/4/4/0/body0/climate0,1,original-source-layer,missing-voxel-coverage,"Original headquarters body layer, sprite2626. Raised ground artwork still needs its own volume; source exports are not coverage."
missing/object/4/4/0/ground0/climate1,1,original-source-layer,missing-voxel-coverage,"Original headquarters ground layer, sprite2625. Raised ground artwork still needs its own volume; source exports are not coverage."
missing/object/4/4/0/body0/climate1,1,original-source-layer,missing-voxel-coverage,"Original headquarters body layer, sprite2626. Raised ground artwork still needs its own volume; source exports are not coverage."
missing/object/4/4/0/ground0/climate2,1,original-source-layer,missing-voxel-coverage,"Original headquarters ground layer, sprite2625. Raised ground artwork still needs its own volume; source exports are not coverage."
missing/object/4/4/0/body0/climate2,1,original-source-layer,missing-voxel-coverage,"Original headquarters body layer, sprite2626. Raised ground artwork still needs its own volume; source exports are not coverage."
missing/object/4/4/0/ground0/climate3,1,original-source-layer,missing-voxel-coverage,"Original headquarters ground layer, sprite2625. Raised ground artwork still needs its own volume; source exports are not coverage."
missing/object/4/4/0/body0/climate3,1,original-source-layer,missing-voxel-coverage,"Original headquarters body layer, sprite2626. Raised ground artwork still needs its own volume; source exports are not coverage."
missing/object/4/4/1/ground0/climate0,1,original-source-layer,missing-voxel-coverage,"Original headquarters ground layer, sprite2629. Raised ground artwork still needs its own volume; source exports are not coverage."
missing/object/4/4/1/body0/climate0,1,original-source-layer,missing-voxel-coverage,"Original headquarters body layer, sprite2630. Raised ground artwork still needs its own volume; source exports are not coverage."
missing/object/4/4/1/ground0/climate1,1,original-source-layer,missing-voxel-coverage,"Original headquarters ground layer, sprite2629. Raised ground artwork still needs its own volume; source exports are not coverage."
missing/object/4/4/1/body0/climate1,1,original-source-layer,missing-voxel-coverage,"Original headquarters body layer, sprite2630. Raised ground artwork still needs its own volume; source exports are not coverage."
missing/object/4/4/1/ground0/climate2,1,original-source-layer,missing-voxel-coverage,"Original headquarters ground layer, sprite2629. Raised ground artwork still needs its own volume; source exports are not coverage."
missing/object/4/4/1/body0/climate2,1,original-source-layer,missing-voxel-coverage,"Original headquarters body layer, sprite2630. Raised ground artwork still needs its own volume; source exports are not coverage."
missing/object/4/4/1/ground0/climate3,1,original-source-layer,missing-voxel-coverage,"Original headquarters ground layer, sprite2629. Raised ground artwork still needs its own volume; source exports are not coverage."
missing/object/4/4/1/body0/climate3,1,original-source-layer,missing-voxel-coverage,"Original headquarters body layer, sprite2630. Raised ground artwork still needs its own volume; source exports are not coverage."
missing/object/4/4/2/ground0/climate0,1,original-source-layer,missing-voxel-coverage,"Original headquarters ground layer, sprite2627. Raised ground artwork still needs its own volume; source exports are not coverage."
missing/object/4/4/2/body0/climate0,1,original-source-layer,missing-voxel-coverage,"Original headquarters body layer, sprite2628. Raised ground artwork still needs its own volume; source exports are not coverage."
missing/object/4/4/2/ground0/climate1,1,original-source-layer,missing-voxel-coverage,"Original headquarters ground layer, sprite2627. Raised ground artwork still needs its own volume; source exports are not coverage."
missing/object/4/4/2/body0/climate1,1,original-source-layer,missing-voxel-coverage,"Original headquarters body layer, sprite2628. Raised ground artwork still needs its own volume; source exports are not coverage."
missing/object/4/4/2/ground0/climate2,1,original-source-layer,missing-voxel-coverage,"Original headquarters ground layer, sprite2627. Raised ground artwork still needs its own volume; source exports are not coverage."
missing/object/4/4/2/body0/climate2,1,original-source-layer,missing-voxel-coverage,"Original headquarters body layer, sprite2628. Raised ground artwork still needs its own volume; source exports are not coverage."
missing/object/4/4/2/ground0/climate3,1,original-source-layer,missing-voxel-coverage,"Original headquarters ground layer, sprite2627. Raised ground artwork still needs its own volume; source exports are not coverage."
missing/object/4/4/2/body0/climate3,1,original-source-layer,missing-voxel-coverage,"Original headquarters body layer, sprite2628. Raised ground artwork still needs its own volume; source exports are not coverage."
missing/object/4/4/3/ground0/climate0,1,original-source-layer,missing-voxel-coverage,"Original headquarters ground layer, sprite2631. Raised ground artwork still needs its own volume; source exports are not coverage."
missing/object/4/4/3/ground0/climate1,1,original-source-layer,missing-voxel-coverage,"Original headquarters ground layer, sprite2631. Raised ground artwork still needs its own volume; source exports are not coverage."
missing/object/4/4/3/ground0/climate2,1,original-source-layer,missing-voxel-coverage,"Original headquarters ground layer, sprite2631. Raised ground artwork still needs its own volume; source exports are not coverage."
missing/object/4/4/3/ground0/climate3,1,original-source-layer,missing-voxel-coverage,"Original headquarters ground layer, sprite2631. Raised ground artwork still needs its own volume; source exports are not coverage."
missing/lock/elevation0/part0/direction0/face0/climate0,1,original-source-layer,original-sprite-fallback,"Original rear wall, default sprite5333, at its own sequence anchor. Actual custom IDs/bytes require live provenance; sorting extents are not dimensions. No runtime structural replacement or visual approval is established."
missing/lock/elevation0/part0/direction0/face0/climate1,1,original-source-layer,original-sprite-fallback,"Original rear wall, default sprite5333, at its own sequence anchor. Actual custom IDs/bytes require live provenance; sorting extents are not dimensions. No runtime structural replacement or visual approval is established."
missing/lock/elevation0/part0/direction0/face0/climate2,1,original-source-layer,original-sprite-fallback,"Original rear wall, default sprite5333, at its own sequence anchor. Actual custom IDs/bytes require live provenance; sorting extents are not dimensions. No runtime structural replacement or visual approval is established."
missing/lock/elevation0/part0/direction0/face0/climate3,1,original-source-layer,original-sprite-fallback,"Original rear wall, default sprite5333, at its own sequence anchor. Actual custom IDs/bytes require live provenance; sorting extents are not dimensions. No runtime structural replacement or visual approval is established."
missing/lock/elevation1/part0/direction0/face0/climate0,1,original-source-layer,original-sprite-fallback,"Original rear wall, default sprite5357, at its own sequence anchor. Actual custom IDs/bytes require live provenance; sorting extents are not dimensions. No runtime structural replacement or visual approval is established."
missing/lock/elevation1/part0/direction0/face0/climate1,1,original-source-layer,original-sprite-fallback,"Original rear wall, default sprite5357, at its own sequence anchor. Actual custom IDs/bytes require live provenance; sorting extents are not dimensions. No runtime structural replacement or visual approval is established."
missing/lock/elevation1/part0/direction0/face0/climate2,1,original-source-layer,original-sprite-fallback,"Original rear wall, default sprite5357, at its own sequence anchor. Actual custom IDs/bytes require live provenance; sorting extents are not dimensions. No runtime structural replacement or visual approval is established."
missing/lock/elevation1/part0/direction0/face0/climate3,1,original-source-layer,original-sprite-fallback,"Original rear wall, default sprite5357, at its own sequence anchor. Actual custom IDs/bytes require live provenance; sorting extents are not dimensions. No runtime structural replacement or visual approval is established."
missing/lock/elevation0/part0/direction0/face1/climate0,1,original-source-layer,original-sprite-fallback,"Original front wall, default sprite5337, at its own sequence anchor. Actual custom IDs/bytes require live provenance; sorting extents are not dimensions. No runtime structural replacement or visual approval is established."
missing/lock/elevation0/part0/direction0/face1/climate1,1,original-source-layer,original-sprite-fallback,"Original front wall, default sprite5337, at its own sequence anchor. Actual custom IDs/bytes require live provenance; sorting extents are not dimensions. No runtime structural replacement or visual approval is established."
missing/lock/elevation0/part0/direction0/face1/climate2,1,original-source-layer,original-sprite-fallback,"Original front wall, default sprite5337, at its own sequence anchor. Actual custom IDs/bytes require live provenance; sorting extents are not dimensions. No runtime structural replacement or visual approval is established."
missing/lock/elevation0/part0/direction0/face1/climate3,1,original-source-layer,original-sprite-fallback,"Original front wall, default sprite5337, at its own sequence anchor. Actual custom IDs/bytes require live provenance; sorting extents are not dimensions. No runtime structural replacement or visual approval is established."
missing/lock/elevation1/part0/direction0/face1/climate0,1,original-source-layer,original-sprite-fallback,"Original front wall, default sprite5361, at its own sequence anchor. Actual custom IDs/bytes require live provenance; sorting extents are not dimensions. No runtime structural replacement or visual approval is established."
missing/lock/elevation1/part0/direction0/face1/climate1,1,original-source-layer,original-sprite-fallback,"Original front wall, default sprite5361, at its own sequence anchor. Actual custom IDs/bytes require live provenance; sorting extents are not dimensions. No runtime structural replacement or visual approval is established."
missing/lock/elevation1/part0/direction0/face1/climate2,1,original-source-layer,original-sprite-fallback,"Original front wall, default sprite5361, at its own sequence anchor. Actual custom IDs/bytes require live provenance; sorting extents are not dimensions. No runtime structural replacement or visual approval is established."
missing/lock/elevation1/part0/direction0/face1/climate3,1,original-source-layer,original-sprite-fallback,"Original front wall, default sprite5361, at its own sequence anchor. Actual custom IDs/bytes require live provenance; sorting extents are not dimensions. No runtime structural replacement or visual approval is established."
original/lock/elevation0/part0/direction0/water/climate0,4,native-water-layer,individual-visual-review-pending,"Original independently owned animated water surface, with original source-height/custom-flat/slope selection. A surface is intentional, not a wall billboard or missing body. Live palette phases, terrain registration, continuity and ships still require individual review."
original/lock/elevation0/part0/direction0/water/climate1,4,native-water-layer,individual-visual-review-pending,"Original independently owned animated water surface, with original source-height/custom-flat/slope selection. A surface is intentional, not a wall billboard or missing body. Live palette phases, terrain registration, continuity and ships still require individual review."
original/lock/elevation0/part0/direction0/water/climate2,4,native-water-layer,individual-visual-review-pending,"Original independently owned animated water surface, with original source-height/custom-flat/slope selection. A surface is intentional, not a wall billboard or missing body. Live palette phases, terrain registration, continuity and ships still require individual review."
original/lock/elevation0/part0/direction0/water/climate3,4,native-water-layer,individual-visual-review-pending,"Original independently owned animated water surface, with original source-height/custom-flat/slope selection. A surface is intentional, not a wall billboard or missing body. Live palette phases, terrain registration, continuity and ships still require individual review."
original/lock/elevation1/part0/direction0/water/climate0,4,native-water-layer,individual-visual-review-pending,"Original independently owned animated water surface, with original source-height/custom-flat/slope selection. A surface is intentional, not a wall billboard or missing body. Live palette phases, terrain registration, continuity and ships still require individual review."
original/lock/elevation1/part0/direction0/water/climate1,4,native-water-layer,individual-visual-review-pending,"Original independently owned animated water surface, with original source-height/custom-flat/slope selection. A surface is intentional, not a wall billboard or missing body. Live palette phases, terrain registration, continuity and ships still require individual review."
original/lock/elevation1/part0/direction0/water/climate2,4,native-water-layer,individual-visual-review-pending,"Original independently owned animated water surface, with original source-height/custom-flat/slope selection. A surface is intentional, not a wall billboard or missing body. Live palette phases, terrain registration, continuity and ships still require individual review."
original/lock/elevation1/part0/direction0/water/climate3,4,native-water-layer,individual-visual-review-pending,"Original independently owned animated water surface, with original source-height/custom-flat/slope selection. A surface is intentional, not a wall billboard or missing body. Live palette phases, terrain registration, continuity and ships still require individual review."
missing/lock/elevation0/part0/direction1/face0/climate0,1,original-source-layer,original-sprite-fallback,"Original rear wall, default sprite5332, at its own sequence anchor. Actual custom IDs/bytes require live provenance; sorting extents are not dimensions. No runtime structural replacement or visual approval is established."
missing/lock/elevation0/part0/direction1/face0/climate1,1,original-source-layer,original-sprite-fallback,"Original rear wall, default sprite5332, at its own sequence anchor. Actual custom IDs/bytes require live provenance; sorting extents are not dimensions. No runtime structural replacement or visual approval is established."
missing/lock/elevation0/part0/direction1/face0/climate2,1,original-source-layer,original-sprite-fallback,"Original rear wall, default sprite5332, at its own sequence anchor. Actual custom IDs/bytes require live provenance; sorting extents are not dimensions. No runtime structural replacement or visual approval is established."
missing/lock/elevation0/part0/direction1/face0/climate3,1,original-source-layer,original-sprite-fallback,"Original rear wall, default sprite5332, at its own sequence anchor. Actual custom IDs/bytes require live provenance; sorting extents are not dimensions. No runtime structural replacement or visual approval is established."
missing/lock/elevation1/part0/direction1/face0/climate0,1,original-source-layer,original-sprite-fallback,"Original rear wall, default sprite5356, at its own sequence anchor. Actual custom IDs/bytes require live provenance; sorting extents are not dimensions. No runtime structural replacement or visual approval is established."
missing/lock/elevation1/part0/direction1/face0/climate1,1,original-source-layer,original-sprite-fallback,"Original rear wall, default sprite5356, at its own sequence anchor. Actual custom IDs/bytes require live provenance; sorting extents are not dimensions. No runtime structural replacement or visual approval is established."
missing/lock/elevation1/part0/direction1/face0/climate2,1,original-source-layer,original-sprite-fallback,"Original rear wall, default sprite5356, at its own sequence anchor. Actual custom IDs/bytes require live provenance; sorting extents are not dimensions. No runtime structural replacement or visual approval is established."
missing/lock/elevation1/part0/direction1/face0/climate3,1,original-source-layer,original-sprite-fallback,"Original rear wall, default sprite5356, at its own sequence anchor. Actual custom IDs/bytes require live provenance; sorting extents are not dimensions. No runtime structural replacement or visual approval is established."
missing/lock/elevation0/part0/direction1/face1/climate0,1,original-source-layer,original-sprite-fallback,"Original front wall, default sprite5336, at its own sequence anchor. Actual custom IDs/bytes require live provenance; sorting extents are not dimensions. No runtime structural replacement or visual approval is established."
missing/lock/elevation0/part0/direction1/face1/climate1,1,original-source-layer,original-sprite-fallback,"Original front wall, default sprite5336, at its own sequence anchor. Actual custom IDs/bytes require live provenance; sorting extents are not dimensions. No runtime structural replacement or visual approval is established."
missing/lock/elevation0/part0/direction1/face1/climate2,1,original-source-layer,original-sprite-fallback,"Original front wall, default sprite5336, at its own sequence anchor. Actual custom IDs/bytes require live provenance; sorting extents are not dimensions. No runtime structural replacement or visual approval is established."
missing/lock/elevation0/part0/direction1/face1/climate3,1,original-source-layer,original-sprite-fallback,"Original front wall, default sprite5336, at its own sequence anchor. Actual custom IDs/bytes require live provenance; sorting extents are not dimensions. No runtime structural replacement or visual approval is established."
missing/lock/elevation1/part0/direction1/face1/climate0,1,original-source-layer,original-sprite-fallback,"Original front wall, default sprite5360, at its own sequence anchor. Actual custom IDs/bytes require live provenance; sorting extents are not dimensions. No runtime structural replacement or visual approval is established."
missing/lock/elevation1/part0/direction1/face1/climate1,1,original-source-layer,original-sprite-fallback,"Original front wall, default sprite5360, at its own sequence anchor. Actual custom IDs/bytes require live provenance; sorting extents are not dimensions. No runtime structural replacement or visual approval is established."
missing/lock/elevation1/part0/direction1/face1/climate2,1,original-source-layer,original-sprite-fallback,"Original front wall, default sprite5360, at its own sequence anchor. Actual custom IDs/bytes require live provenance; sorting extents are not dimensions. No runtime structural replacement or visual approval is established."
missing/lock/elevation1/part0/direction1/face1/climate3,1,original-source-layer,original-sprite-fallback,"Original front wall, default sprite5360, at its own sequence anchor. Actual custom IDs/bytes require live provenance; sorting extents are not dimensions. No runtime structural replacement or visual approval is established."
original/lock/elevation0/part0/direction1/water/climate0,4,native-water-layer,individual-visual-review-pending,"Original independently owned animated water surface, with original source-height/custom-flat/slope selection. A surface is intentional, not a wall billboard or missing body. Live palette phases, terrain registration, continuity and ships still require individual review."
original/lock/elevation0/part0/direction1/water/climate1,4,native-water-layer,individual-visual-review-pending,"Original independently owned animated water surface, with original source-height/custom-flat/slope selection. A surface is intentional, not a wall billboard or missing body. Live palette phases, terrain registration, continuity and ships still require individual review."
original/lock/elevation0/part0/direction1/water/climate2,4,native-water-layer,individual-visual-review-pending,"Original independently owned animated water surface, with original source-height/custom-flat/slope selection. A surface is intentional, not a wall billboard or missing body. Live palette phases, terrain registration, continuity and ships still require individual review."
original/lock/elevation0/part0/direction1/water/climate3,4,native-water-layer,individual-visual-review-pending,"Original independently owned animated water surface, with original source-height/custom-flat/slope selection. A surface is intentional, not a wall billboard or missing body. Live palette phases, terrain registration, continuity and ships still require individual review."
original/lock/elevation1/part0/direction1/water/climate0,4,native-water-layer,individual-visual-review-pending,"Original independently owned animated water surface, with original source-height/custom-flat/slope selection. A surface is intentional, not a wall billboard or missing body. Live palette phases, terrain registration, continuity and ships still require individual review."
original/lock/elevation1/part0/direction1/water/climate1,4,native-water-layer,individual-visual-review-pending,"Original independently owned animated water surface, with original source-height/custom-flat/slope selection. A surface is intentional, not a wall billboard or missing body. Live palette phases, terrain registration, continuity and ships still require individual review."
original/lock/elevation1/part0/direction1/water/climate2,4,native-water-layer,individual-visual-review-pending,"Original independently owned animated water surface, with original source-height/custom-flat/slope selection. A surface is intentional, not a wall billboard or missing body. Live palette phases, terrain registration, continuity and ships still require individual review."
original/lock/elevation1/part0/direction1/water/climate3,4,native-water-layer,individual-visual-review-pending,"Original independently owned animated water surface, with original source-height/custom-flat/slope selection. A surface is intentional, not a wall billboard or missing body. Live palette phases, terrain registration, continuity and ships still require individual review."
missing/lock/elevation0/part0/direction2/face0/climate0,1,original-source-layer,original-sprite-fallback,"Original rear wall, default sprite5334, at its own sequence anchor. Actual custom IDs/bytes require live provenance; sorting extents are not dimensions. No runtime structural replacement or visual approval is established."
missing/lock/elevation0/part0/direction2/face0/climate1,1,original-source-layer,original-sprite-fallback,"Original rear wall, default sprite5334, at its own sequence anchor. Actual custom IDs/bytes require live provenance; sorting extents are not dimensions. No runtime structural replacement or visual approval is established."
missing/lock/elevation0/part0/direction2/face0/climate2,1,original-source-layer,original-sprite-fallback,"Original rear wall, default sprite5334, at its own sequence anchor. Actual custom IDs/bytes require live provenance; sorting extents are not dimensions. No runtime structural replacement or visual approval is established."
missing/lock/elevation0/part0/direction2/face0/climate3,1,original-source-layer,original-sprite-fallback,"Original rear wall, default sprite5334, at its own sequence anchor. Actual custom IDs/bytes require live provenance; sorting extents are not dimensions. No runtime structural replacement or visual approval is established."
missing/lock/elevation1/part0/direction2/face0/climate0,1,original-source-layer,original-sprite-fallback,"Original rear wall, default sprite5358, at its own sequence anchor. Actual custom IDs/bytes require live provenance; sorting extents are not dimensions. No runtime structural replacement or visual approval is established."
missing/lock/elevation1/part0/direction2/face0/climate1,1,original-source-layer,original-sprite-fallback,"Original rear wall, default sprite5358, at its own sequence anchor. Actual custom IDs/bytes require live provenance; sorting extents are not dimensions. No runtime structural replacement or visual approval is established."
missing/lock/elevation1/part0/direction2/face0/climate2,1,original-source-layer,original-sprite-fallback,"Original rear wall, default sprite5358, at its own sequence anchor. Actual custom IDs/bytes require live provenance; sorting extents are not dimensions. No runtime structural replacement or visual approval is established."
missing/lock/elevation1/part0/direction2/face0/climate3,1,original-source-layer,original-sprite-fallback,"Original rear wall, default sprite5358, at its own sequence anchor. Actual custom IDs/bytes require live provenance; sorting extents are not dimensions. No runtime structural replacement or visual approval is established."
missing/lock/elevation0/part0/direction2/face1/climate0,1,original-source-layer,original-sprite-fallback,"Original front wall, default sprite5338, at its own sequence anchor. Actual custom IDs/bytes require live provenance; sorting extents are not dimensions. No runtime structural replacement or visual approval is established."
missing/lock/elevation0/part0/direction2/face1/climate1,1,original-source-layer,original-sprite-fallback,"Original front wall, default sprite5338, at its own sequence anchor. Actual custom IDs/bytes require live provenance; sorting extents are not dimensions. No runtime structural replacement or visual approval is established."
missing/lock/elevation0/part0/direction2/face1/climate2,1,original-source-layer,original-sprite-fallback,"Original front wall, default sprite5338, at its own sequence anchor. Actual custom IDs/bytes require live provenance; sorting extents are not dimensions. No runtime structural replacement or visual approval is established."
missing/lock/elevation0/part0/direction2/face1/climate3,1,original-source-layer,original-sprite-fallback,"Original front wall, default sprite5338, at its own sequence anchor. Actual custom IDs/bytes require live provenance; sorting extents are not dimensions. No runtime structural replacement or visual approval is established."
missing/lock/elevation1/part0/direction2/face1/climate0,1,original-source-layer,original-sprite-fallback,"Original front wall, default sprite5362, at its own sequence anchor. Actual custom IDs/bytes require live provenance; sorting extents are not dimensions. No runtime structural replacement or visual approval is established."
missing/lock/elevation1/part0/direction2/face1/climate1,1,original-source-layer,original-sprite-fallback,"Original front wall, default sprite5362, at its own sequence anchor. Actual custom IDs/bytes require live provenance; sorting extents are not dimensions. No runtime structural replacement or visual approval is established."
missing/lock/elevation1/part0/direction2/face1/climate2,1,original-source-layer,original-sprite-fallback,"Original front wall, default sprite5362, at its own sequence anchor. Actual custom IDs/bytes require live provenance; sorting extents are not dimensions. No runtime structural replacement or visual approval is established."
missing/lock/elevation1/part0/direction2/face1/climate3,1,original-source-layer,original-sprite-fallback,"Original front wall, default sprite5362, at its own sequence anchor. Actual custom IDs/bytes require live provenance; sorting extents are not dimensions. No runtime structural replacement or visual approval is established."
original/lock/elevation0/part0/direction2/water/climate0,4,native-water-layer,individual-visual-review-pending,"Original independently owned animated water surface, with original source-height/custom-flat/slope selection. A surface is intentional, not a wall billboard or missing body. Live palette phases, terrain registration, continuity and ships still require individual review."
original/lock/elevation0/part0/direction2/water/climate1,4,native-water-layer,individual-visual-review-pending,"Original independently owned animated water surface, with original source-height/custom-flat/slope selection. A surface is intentional, not a wall billboard or missing body. Live palette phases, terrain registration, continuity and ships still require individual review."
original/lock/elevation0/part0/direction2/water/climate2,4,native-water-layer,individual-visual-review-pending,"Original independently owned animated water surface, with original source-height/custom-flat/slope selection. A surface is intentional, not a wall billboard or missing body. Live palette phases, terrain registration, continuity and ships still require individual review."
original/lock/elevation0/part0/direction2/water/climate3,4,native-water-layer,individual-visual-review-pending,"Original independently owned animated water surface, with original source-height/custom-flat/slope selection. A surface is intentional, not a wall billboard or missing body. Live palette phases, terrain registration, continuity and ships still require individual review."
original/lock/elevation1/part0/direction2/water/climate0,4,native-water-layer,individual-visual-review-pending,"Original independently owned animated water surface, with original source-height/custom-flat/slope selection. A surface is intentional, not a wall billboard or missing body. Live palette phases, terrain registration, continuity and ships still require individual review."
original/lock/elevation1/part0/direction2/water/climate1,4,native-water-layer,individual-visual-review-pending,"Original independently owned animated water surface, with original source-height/custom-flat/slope selection. A surface is intentional, not a wall billboard or missing body. Live palette phases, terrain registration, continuity and ships still require individual review."
original/lock/elevation1/part0/direction2/water/climate2,4,native-water-layer,individual-visual-review-pending,"Original independently owned animated water surface, with original source-height/custom-flat/slope selection. A surface is intentional, not a wall billboard or missing body. Live palette phases, terrain registration, continuity and ships still require individual review."
original/lock/elevation1/part0/direction2/water/climate3,4,native-water-layer,individual-visual-review-pending,"Original independently owned animated water surface, with original source-height/custom-flat/slope selection. A surface is intentional, not a wall billboard or missing body. Live palette phases, terrain registration, continuity and ships still require individual review."
missing/lock/elevation0/part0/direction3/face0/climate0,1,original-source-layer,original-sprite-fallback,"Original rear wall, default sprite5335, at its own sequence anchor. Actual custom IDs/bytes require live provenance; sorting extents are not dimensions. No runtime structural replacement or visual approval is established."
missing/lock/elevation0/part0/direction3/face0/climate1,1,original-source-layer,original-sprite-fallback,"Original rear wall, default sprite5335, at its own sequence anchor. Actual custom IDs/bytes require live provenance; sorting extents are not dimensions. No runtime structural replacement or visual approval is established."
missing/lock/elevation0/part0/direction3/face0/climate2,1,original-source-layer,original-sprite-fallback,"Original rear wall, default sprite5335, at its own sequence anchor. Actual custom IDs/bytes require live provenance; sorting extents are not dimensions. No runtime structural replacement or visual approval is established."
missing/lock/elevation0/part0/direction3/face0/climate3,1,original-source-layer,original-sprite-fallback,"Original rear wall, default sprite5335, at its own sequence anchor. Actual custom IDs/bytes require live provenance; sorting extents are not dimensions. No runtime structural replacement or visual approval is established."
missing/lock/elevation1/part0/direction3/face0/climate0,1,original-source-layer,original-sprite-fallback,"Original rear wall, default sprite5359, at its own sequence anchor. Actual custom IDs/bytes require live provenance; sorting extents are not dimensions. No runtime structural replacement or visual approval is established."
missing/lock/elevation1/part0/direction3/face0/climate1,1,original-source-layer,original-sprite-fallback,"Original rear wall, default sprite5359, at its own sequence anchor. Actual custom IDs/bytes require live provenance; sorting extents are not dimensions. No runtime structural replacement or visual approval is established."
missing/lock/elevation1/part0/direction3/face0/climate2,1,original-source-layer,original-sprite-fallback,"Original rear wall, default sprite5359, at its own sequence anchor. Actual custom IDs/bytes require live provenance; sorting extents are not dimensions. No runtime structural replacement or visual approval is established."
missing/lock/elevation1/part0/direction3/face0/climate3,1,original-source-layer,original-sprite-fallback,"Original rear wall, default sprite5359, at its own sequence anchor. Actual custom IDs/bytes require live provenance; sorting extents are not dimensions. No runtime structural replacement or visual approval is established."
missing/lock/elevation0/part0/direction3/face1/climate0,1,original-source-layer,original-sprite-fallback,"Original front wall, default sprite5339, at its own sequence anchor. Actual custom IDs/bytes require live provenance; sorting extents are not dimensions. No runtime structural replacement or visual approval is established."
missing/lock/elevation0/part0/direction3/face1/climate1,1,original-source-layer,original-sprite-fallback,"Original front wall, default sprite5339, at its own sequence anchor. Actual custom IDs/bytes require live provenance; sorting extents are not dimensions. No runtime structural replacement or visual approval is established."
missing/lock/elevation0/part0/direction3/face1/climate2,1,original-source-layer,original-sprite-fallback,"Original front wall, default sprite5339, at its own sequence anchor. Actual custom IDs/bytes require live provenance; sorting extents are not dimensions. No runtime structural replacement or visual approval is established."
missing/lock/elevation0/part0/direction3/face1/climate3,1,original-source-layer,original-sprite-fallback,"Original front wall, default sprite5339, at its own sequence anchor. Actual custom IDs/bytes require live provenance; sorting extents are not dimensions. No runtime structural replacement or visual approval is established."
missing/lock/elevation1/part0/direction3/face1/climate0,1,original-source-layer,original-sprite-fallback,"Original front wall, default sprite5363, at its own sequence anchor. Actual custom IDs/bytes require live provenance; sorting extents are not dimensions. No runtime structural replacement or visual approval is established."
missing/lock/elevation1/part0/direction3/face1/climate1,1,original-source-layer,original-sprite-fallback,"Original front wall, default sprite5363, at its own sequence anchor. Actual custom IDs/bytes require live provenance; sorting extents are not dimensions. No runtime structural replacement or visual approval is established."
missing/lock/elevation1/part0/direction3/face1/climate2,1,original-source-layer,original-sprite-fallback,"Original front wall, default sprite5363, at its own sequence anchor. Actual custom IDs/bytes require live provenance; sorting extents are not dimensions. No runtime structural replacement or visual approval is established."
missing/lock/elevation1/part0/direction3/face1/climate3,1,original-source-layer,original-sprite-fallback,"Original front wall, default sprite5363, at its own sequence anchor. Actual custom IDs/bytes require live provenance; sorting extents are not dimensions. No runtime structural replacement or visual approval is established."
original/lock/elevation0/part0/direction3/water/climate0,4,native-water-layer,individual-visual-review-pending,"Original independently owned animated water surface, with original source-height/custom-flat/slope selection. A surface is intentional, not a wall billboard or missing body. Live palette phases, terrain registration, continuity and ships still require individual review."
original/lock/elevation0/part0/direction3/water/climate1,4,native-water-layer,individual-visual-review-pending,"Original independently owned animated water surface, with original source-height/custom-flat/slope selection. A surface is intentional, not a wall billboard or missing body. Live palette phases, terrain registration, continuity and ships still require individual review."
original/lock/elevation0/part0/direction3/water/climate2,4,native-water-layer,individual-visual-review-pending,"Original independently owned animated water surface, with original source-height/custom-flat/slope selection. A surface is intentional, not a wall billboard or missing body. Live palette phases, terrain registration, continuity and ships still require individual review."
original/lock/elevation0/part0/direction3/water/climate3,4,native-water-layer,individual-visual-review-pending,"Original independently owned animated water surface, with original source-height/custom-flat/slope selection. A surface is intentional, not a wall billboard or missing body. Live palette phases, terrain registration, continuity and ships still require individual review."
original/lock/elevation1/part0/direction3/water/climate0,4,native-water-layer,individual-visual-review-pending,"Original independently owned animated water surface, with original source-height/custom-flat/slope selection. A surface is intentional, not a wall billboard or missing body. Live palette phases, terrain registration, continuity and ships still require individual review."
original/lock/elevation1/part0/direction3/water/climate1,4,native-water-layer,individual-visual-review-pending,"Original independently owned animated water surface, with original source-height/custom-flat/slope selection. A surface is intentional, not a wall billboard or missing body. Live palette phases, terrain registration, continuity and ships still require individual review."
original/lock/elevation1/part0/direction3/water/climate2,4,native-water-layer,individual-visual-review-pending,"Original independently owned animated water surface, with original source-height/custom-flat/slope selection. A surface is intentional, not a wall billboard or missing body. Live palette phases, terrain registration, continuity and ships still require individual review."
original/lock/elevation1/part0/direction3/water/climate3,4,native-water-layer,individual-visual-review-pending,"Original independently owned animated water surface, with original source-height/custom-flat/slope selection. A surface is intentional, not a wall billboard or missing body. Live palette phases, terrain registration, continuity and ships still require individual review."
missing/lock/elevation0/part1/direction0/face0/climate0,1,original-source-layer,original-sprite-fallback,"Original rear wall, default sprite5341, at its own sequence anchor. Actual custom IDs/bytes require live provenance; sorting extents are not dimensions. No runtime structural replacement or visual approval is established."
missing/lock/elevation0/part1/direction0/face0/climate1,1,original-source-layer,original-sprite-fallback,"Original rear wall, default sprite5341, at its own sequence anchor. Actual custom IDs/bytes require live provenance; sorting extents are not dimensions. No runtime structural replacement or visual approval is established."
missing/lock/elevation0/part1/direction0/face0/climate2,1,original-source-layer,original-sprite-fallback,"Original rear wall, default sprite5341, at its own sequence anchor. Actual custom IDs/bytes require live provenance; sorting extents are not dimensions. No runtime structural replacement or visual approval is established."
missing/lock/elevation0/part1/direction0/face0/climate3,1,original-source-layer,original-sprite-fallback,"Original rear wall, default sprite5341, at its own sequence anchor. Actual custom IDs/bytes require live provenance; sorting extents are not dimensions. No runtime structural replacement or visual approval is established."
missing/lock/elevation1/part1/direction0/face0/climate0,1,original-source-layer,original-sprite-fallback,"Original rear wall, default sprite5365, at its own sequence anchor. Actual custom IDs/bytes require live provenance; sorting extents are not dimensions. No runtime structural replacement or visual approval is established."
missing/lock/elevation1/part1/direction0/face0/climate1,1,original-source-layer,original-sprite-fallback,"Original rear wall, default sprite5365, at its own sequence anchor. Actual custom IDs/bytes require live provenance; sorting extents are not dimensions. No runtime structural replacement or visual approval is established."
missing/lock/elevation1/part1/direction0/face0/climate2,1,original-source-layer,original-sprite-fallback,"Original rear wall, default sprite5365, at its own sequence anchor. Actual custom IDs/bytes require live provenance; sorting extents are not dimensions. No runtime structural replacement or visual approval is established."
missing/lock/elevation1/part1/direction0/face0/climate3,1,original-source-layer,original-sprite-fallback,"Original rear wall, default sprite5365, at its own sequence anchor. Actual custom IDs/bytes require live provenance; sorting extents are not dimensions. No runtime structural replacement or visual approval is established."
missing/lock/elevation0/part1/direction0/face1/climate0,1,original-source-layer,original-sprite-fallback,"Original front wall, default sprite5345, at its own sequence anchor. Actual custom IDs/bytes require live provenance; sorting extents are not dimensions. No runtime structural replacement or visual approval is established."
missing/lock/elevation0/part1/direction0/face1/climate1,1,original-source-layer,original-sprite-fallback,"Original front wall, default sprite5345, at its own sequence anchor. Actual custom IDs/bytes require live provenance; sorting extents are not dimensions. No runtime structural replacement or visual approval is established."
missing/lock/elevation0/part1/direction0/face1/climate2,1,original-source-layer,original-sprite-fallback,"Original front wall, default sprite5345, at its own sequence anchor. Actual custom IDs/bytes require live provenance; sorting extents are not dimensions. No runtime structural replacement or visual approval is established."
missing/lock/elevation0/part1/direction0/face1/climate3,1,original-source-layer,original-sprite-fallback,"Original front wall, default sprite5345, at its own sequence anchor. Actual custom IDs/bytes require live provenance; sorting extents are not dimensions. No runtime structural replacement or visual approval is established."
missing/lock/elevation1/part1/direction0/face1/climate0,1,original-source-layer,original-sprite-fallback,"Original front wall, default sprite5369, at its own sequence anchor. Actual custom IDs/bytes require live provenance; sorting extents are not dimensions. No runtime structural replacement or visual approval is established."
missing/lock/elevation1/part1/direction0/face1/climate1,1,original-source-layer,original-sprite-fallback,"Original front wall, default sprite5369, at its own sequence anchor. Actual custom IDs/bytes require live provenance; sorting extents are not dimensions. No runtime structural replacement or visual approval is established."
missing/lock/elevation1/part1/direction0/face1/climate2,1,original-source-layer,original-sprite-fallback,"Original front wall, default sprite5369, at its own sequence anchor. Actual custom IDs/bytes require live provenance; sorting extents are not dimensions. No runtime structural replacement or visual approval is established."
missing/lock/elevation1/part1/direction0/face1/climate3,1,original-source-layer,original-sprite-fallback,"Original front wall, default sprite5369, at its own sequence anchor. Actual custom IDs/bytes require live provenance; sorting extents are not dimensions. No runtime structural replacement or visual approval is established."
original/lock/elevation0/part1/direction0/water/climate0,4,native-water-layer,individual-visual-review-pending,"Original independently owned animated water surface, with original source-height/custom-flat/slope selection. A surface is intentional, not a wall billboard or missing body. Live palette phases, terrain registration, continuity and ships still require individual review."
original/lock/elevation0/part1/direction0/water/climate1,4,native-water-layer,individual-visual-review-pending,"Original independently owned animated water surface, with original source-height/custom-flat/slope selection. A surface is intentional, not a wall billboard or missing body. Live palette phases, terrain registration, continuity and ships still require individual review."
original/lock/elevation0/part1/direction0/water/climate2,4,native-water-layer,individual-visual-review-pending,"Original independently owned animated water surface, with original source-height/custom-flat/slope selection. A surface is intentional, not a wall billboard or missing body. Live palette phases, terrain registration, continuity and ships still require individual review."
original/lock/elevation0/part1/direction0/water/climate3,4,native-water-layer,individual-visual-review-pending,"Original independently owned animated water surface, with original source-height/custom-flat/slope selection. A surface is intentional, not a wall billboard or missing body. Live palette phases, terrain registration, continuity and ships still require individual review."
original/lock/elevation1/part1/direction0/water/climate0,4,native-water-layer,individual-visual-review-pending,"Original independently owned animated water surface, with original source-height/custom-flat/slope selection. A surface is intentional, not a wall billboard or missing body. Live palette phases, terrain registration, continuity and ships still require individual review."
original/lock/elevation1/part1/direction0/water/climate1,4,native-water-layer,individual-visual-review-pending,"Original independently owned animated water surface, with original source-height/custom-flat/slope selection. A surface is intentional, not a wall billboard or missing body. Live palette phases, terrain registration, continuity and ships still require individual review."
original/lock/elevation1/part1/direction0/water/climate2,4,native-water-layer,individual-visual-review-pending,"Original independently owned animated water surface, with original source-height/custom-flat/slope selection. A surface is intentional, not a wall billboard or missing body. Live palette phases, terrain registration, continuity and ships still require individual review."
original/lock/elevation1/part1/direction0/water/climate3,4,native-water-layer,individual-visual-review-pending,"Original independently owned animated water surface, with original source-height/custom-flat/slope selection. A surface is intentional, not a wall billboard or missing body. Live palette phases, terrain registration, continuity and ships still require individual review."
missing/lock/elevation0/part1/direction1/face0/climate0,1,original-source-layer,original-sprite-fallback,"Original rear wall, default sprite5340, at its own sequence anchor. Actual custom IDs/bytes require live provenance; sorting extents are not dimensions. No runtime structural replacement or visual approval is established."
missing/lock/elevation0/part1/direction1/face0/climate1,1,original-source-layer,original-sprite-fallback,"Original rear wall, default sprite5340, at its own sequence anchor. Actual custom IDs/bytes require live provenance; sorting extents are not dimensions. No runtime structural replacement or visual approval is established."
missing/lock/elevation0/part1/direction1/face0/climate2,1,original-source-layer,original-sprite-fallback,"Original rear wall, default sprite5340, at its own sequence anchor. Actual custom IDs/bytes require live provenance; sorting extents are not dimensions. No runtime structural replacement or visual approval is established."
missing/lock/elevation0/part1/direction1/face0/climate3,1,original-source-layer,original-sprite-fallback,"Original rear wall, default sprite5340, at its own sequence anchor. Actual custom IDs/bytes require live provenance; sorting extents are not dimensions. No runtime structural replacement or visual approval is established."
missing/lock/elevation1/part1/direction1/face0/climate0,1,original-source-layer,original-sprite-fallback,"Original rear wall, default sprite5364, at its own sequence anchor. Actual custom IDs/bytes require live provenance; sorting extents are not dimensions. No runtime structural replacement or visual approval is established."
missing/lock/elevation1/part1/direction1/face0/climate1,1,original-source-layer,original-sprite-fallback,"Original rear wall, default sprite5364, at its own sequence anchor. Actual custom IDs/bytes require live provenance; sorting extents are not dimensions. No runtime structural replacement or visual approval is established."
missing/lock/elevation1/part1/direction1/face0/climate2,1,original-source-layer,original-sprite-fallback,"Original rear wall, default sprite5364, at its own sequence anchor. Actual custom IDs/bytes require live provenance; sorting extents are not dimensions. No runtime structural replacement or visual approval is established."
missing/lock/elevation1/part1/direction1/face0/climate3,1,original-source-layer,original-sprite-fallback,"Original rear wall, default sprite5364, at its own sequence anchor. Actual custom IDs/bytes require live provenance; sorting extents are not dimensions. No runtime structural replacement or visual approval is established."
missing/lock/elevation0/part1/direction1/face1/climate0,1,original-source-layer,original-sprite-fallback,"Original front wall, default sprite5344, at its own sequence anchor. Actual custom IDs/bytes require live provenance; sorting extents are not dimensions. No runtime structural replacement or visual approval is established."
missing/lock/elevation0/part1/direction1/face1/climate1,1,original-source-layer,original-sprite-fallback,"Original front wall, default sprite5344, at its own sequence anchor. Actual custom IDs/bytes require live provenance; sorting extents are not dimensions. No runtime structural replacement or visual approval is established."
missing/lock/elevation0/part1/direction1/face1/climate2,1,original-source-layer,original-sprite-fallback,"Original front wall, default sprite5344, at its own sequence anchor. Actual custom IDs/bytes require live provenance; sorting extents are not dimensions. No runtime structural replacement or visual approval is established."
missing/lock/elevation0/part1/direction1/face1/climate3,1,original-source-layer,original-sprite-fallback,"Original front wall, default sprite5344, at its own sequence anchor. Actual custom IDs/bytes require live provenance; sorting extents are not dimensions. No runtime structural replacement or visual approval is established."
missing/lock/elevation1/part1/direction1/face1/climate0,1,original-source-layer,original-sprite-fallback,"Original front wall, default sprite5368, at its own sequence anchor. Actual custom IDs/bytes require live provenance; sorting extents are not dimensions. No runtime structural replacement or visual approval is established."
missing/lock/elevation1/part1/direction1/face1/climate1,1,original-source-layer,original-sprite-fallback,"Original front wall, default sprite5368, at its own sequence anchor. Actual custom IDs/bytes require live provenance; sorting extents are not dimensions. No runtime structural replacement or visual approval is established."
missing/lock/elevation1/part1/direction1/face1/climate2,1,original-source-layer,original-sprite-fallback,"Original front wall, default sprite5368, at its own sequence anchor. Actual custom IDs/bytes require live provenance; sorting extents are not dimensions. No runtime structural replacement or visual approval is established."
missing/lock/elevation1/part1/direction1/face1/climate3,1,original-source-layer,original-sprite-fallback,"Original front wall, default sprite5368, at its own sequence anchor. Actual custom IDs/bytes require live provenance; sorting extents are not dimensions. No runtime structural replacement or visual approval is established."
original/lock/elevation0/part1/direction1/water/climate0,4,native-water-layer,individual-visual-review-pending,"Original independently owned animated water surface, with original source-height/custom-flat/slope selection. A surface is intentional, not a wall billboard or missing body. Live palette phases, terrain registration, continuity and ships still require individual review."
original/lock/elevation0/part1/direction1/water/climate1,4,native-water-layer,individual-visual-review-pending,"Original independently owned animated water surface, with original source-height/custom-flat/slope selection. A surface is intentional, not a wall billboard or missing body. Live palette phases, terrain registration, continuity and ships still require individual review."
original/lock/elevation0/part1/direction1/water/climate2,4,native-water-layer,individual-visual-review-pending,"Original independently owned animated water surface, with original source-height/custom-flat/slope selection. A surface is intentional, not a wall billboard or missing body. Live palette phases, terrain registration, continuity and ships still require individual review."
original/lock/elevation0/part1/direction1/water/climate3,4,native-water-layer,individual-visual-review-pending,"Original independently owned animated water surface, with original source-height/custom-flat/slope selection. A surface is intentional, not a wall billboard or missing body. Live palette phases, terrain registration, continuity and ships still require individual review."
original/lock/elevation1/part1/direction1/water/climate0,4,native-water-layer,individual-visual-review-pending,"Original independently owned animated water surface, with original source-height/custom-flat/slope selection. A surface is intentional, not a wall billboard or missing body. Live palette phases, terrain registration, continuity and ships still require individual review."
original/lock/elevation1/part1/direction1/water/climate1,4,native-water-layer,individual-visual-review-pending,"Original independently owned animated water surface, with original source-height/custom-flat/slope selection. A surface is intentional, not a wall billboard or missing body. Live palette phases, terrain registration, continuity and ships still require individual review."
original/lock/elevation1/part1/direction1/water/climate2,4,native-water-layer,individual-visual-review-pending,"Original independently owned animated water surface, with original source-height/custom-flat/slope selection. A surface is intentional, not a wall billboard or missing body. Live palette phases, terrain registration, continuity and ships still require individual review."
original/lock/elevation1/part1/direction1/water/climate3,4,native-water-layer,individual-visual-review-pending,"Original independently owned animated water surface, with original source-height/custom-flat/slope selection. A surface is intentional, not a wall billboard or missing body. Live palette phases, terrain registration, continuity and ships still require individual review."
missing/lock/elevation0/part1/direction2/face0/climate0,1,original-source-layer,original-sprite-fallback,"Original rear wall, default sprite5342, at its own sequence anchor. Actual custom IDs/bytes require live provenance; sorting extents are not dimensions. No runtime structural replacement or visual approval is established."
missing/lock/elevation0/part1/direction2/face0/climate1,1,original-source-layer,original-sprite-fallback,"Original rear wall, default sprite5342, at its own sequence anchor. Actual custom IDs/bytes require live provenance; sorting extents are not dimensions. No runtime structural replacement or visual approval is established."
missing/lock/elevation0/part1/direction2/face0/climate2,1,original-source-layer,original-sprite-fallback,"Original rear wall, default sprite5342, at its own sequence anchor. Actual custom IDs/bytes require live provenance; sorting extents are not dimensions. No runtime structural replacement or visual approval is established."
missing/lock/elevation0/part1/direction2/face0/climate3,1,original-source-layer,original-sprite-fallback,"Original rear wall, default sprite5342, at its own sequence anchor. Actual custom IDs/bytes require live provenance; sorting extents are not dimensions. No runtime structural replacement or visual approval is established."
missing/lock/elevation1/part1/direction2/face0/climate0,1,original-source-layer,original-sprite-fallback,"Original rear wall, default sprite5366, at its own sequence anchor. Actual custom IDs/bytes require live provenance; sorting extents are not dimensions. No runtime structural replacement or visual approval is established."
missing/lock/elevation1/part1/direction2/face0/climate1,1,original-source-layer,original-sprite-fallback,"Original rear wall, default sprite5366, at its own sequence anchor. Actual custom IDs/bytes require live provenance; sorting extents are not dimensions. No runtime structural replacement or visual approval is established."
missing/lock/elevation1/part1/direction2/face0/climate2,1,original-source-layer,original-sprite-fallback,"Original rear wall, default sprite5366, at its own sequence anchor. Actual custom IDs/bytes require live provenance; sorting extents are not dimensions. No runtime structural replacement or visual approval is established."
missing/lock/elevation1/part1/direction2/face0/climate3,1,original-source-layer,original-sprite-fallback,"Original rear wall, default sprite5366, at its own sequence anchor. Actual custom IDs/bytes require live provenance; sorting extents are not dimensions. No runtime structural replacement or visual approval is established."
missing/lock/elevation0/part1/direction2/face1/climate0,1,original-source-layer,original-sprite-fallback,"Original front wall, default sprite5346, at its own sequence anchor. Actual custom IDs/bytes require live provenance; sorting extents are not dimensions. No runtime structural replacement or visual approval is established."
missing/lock/elevation0/part1/direction2/face1/climate1,1,original-source-layer,original-sprite-fallback,"Original front wall, default sprite5346, at its own sequence anchor. Actual custom IDs/bytes require live provenance; sorting extents are not dimensions. No runtime structural replacement or visual approval is established."
missing/lock/elevation0/part1/direction2/face1/climate2,1,original-source-layer,original-sprite-fallback,"Original front wall, default sprite5346, at its own sequence anchor. Actual custom IDs/bytes require live provenance; sorting extents are not dimensions. No runtime structural replacement or visual approval is established."
missing/lock/elevation0/part1/direction2/face1/climate3,1,original-source-layer,original-sprite-fallback,"Original front wall, default sprite5346, at its own sequence anchor. Actual custom IDs/bytes require live provenance; sorting extents are not dimensions. No runtime structural replacement or visual approval is established."
missing/lock/elevation1/part1/direction2/face1/climate0,1,original-source-layer,original-sprite-fallback,"Original front wall, default sprite5370, at its own sequence anchor. Actual custom IDs/bytes require live provenance; sorting extents are not dimensions. No runtime structural replacement or visual approval is established."
missing/lock/elevation1/part1/direction2/face1/climate1,1,original-source-layer,original-sprite-fallback,"Original front wall, default sprite5370, at its own sequence anchor. Actual custom IDs/bytes require live provenance; sorting extents are not dimensions. No runtime structural replacement or visual approval is established."
missing/lock/elevation1/part1/direction2/face1/climate2,1,original-source-layer,original-sprite-fallback,"Original front wall, default sprite5370, at its own sequence anchor. Actual custom IDs/bytes require live provenance; sorting extents are not dimensions. No runtime structural replacement or visual approval is established."
missing/lock/elevation1/part1/direction2/face1/climate3,1,original-source-layer,original-sprite-fallback,"Original front wall, default sprite5370, at its own sequence anchor. Actual custom IDs/bytes require live provenance; sorting extents are not dimensions. No runtime structural replacement or visual approval is established."
original/lock/elevation0/part1/direction2/water/climate0,4,native-water-layer,individual-visual-review-pending,"Original independently owned animated water surface, with original source-height/custom-flat/slope selection. A surface is intentional, not a wall billboard or missing body. Live palette phases, terrain registration, continuity and ships still require individual review."
original/lock/elevation0/part1/direction2/water/climate1,4,native-water-layer,individual-visual-review-pending,"Original independently owned animated water surface, with original source-height/custom-flat/slope selection. A surface is intentional, not a wall billboard or missing body. Live palette phases, terrain registration, continuity and ships still require individual review."
original/lock/elevation0/part1/direction2/water/climate2,4,native-water-layer,individual-visual-review-pending,"Original independently owned animated water surface, with original source-height/custom-flat/slope selection. A surface is intentional, not a wall billboard or missing body. Live palette phases, terrain registration, continuity and ships still require individual review."
original/lock/elevation0/part1/direction2/water/climate3,4,native-water-layer,individual-visual-review-pending,"Original independently owned animated water surface, with original source-height/custom-flat/slope selection. A surface is intentional, not a wall billboard or missing body. Live palette phases, terrain registration, continuity and ships still require individual review."
original/lock/elevation1/part1/direction2/water/climate0,4,native-water-layer,individual-visual-review-pending,"Original independently owned animated water surface, with original source-height/custom-flat/slope selection. A surface is intentional, not a wall billboard or missing body. Live palette phases, terrain registration, continuity and ships still require individual review."
original/lock/elevation1/part1/direction2/water/climate1,4,native-water-layer,individual-visual-review-pending,"Original independently owned animated water surface, with original source-height/custom-flat/slope selection. A surface is intentional, not a wall billboard or missing body. Live palette phases, terrain registration, continuity and ships still require individual review."
original/lock/elevation1/part1/direction2/water/climate2,4,native-water-layer,individual-visual-review-pending,"Original independently owned animated water surface, with original source-height/custom-flat/slope selection. A surface is intentional, not a wall billboard or missing body. Live palette phases, terrain registration, continuity and ships still require individual review."
original/lock/elevation1/part1/direction2/water/climate3,4,native-water-layer,individual-visual-review-pending,"Original independently owned animated water surface, with original source-height/custom-flat/slope selection. A surface is intentional, not a wall billboard or missing body. Live palette phases, terrain registration, continuity and ships still require individual review."
missing/lock/elevation0/part1/direction3/face0/climate0,1,original-source-layer,original-sprite-fallback,"Original rear wall, default sprite5343, at its own sequence anchor. Actual custom IDs/bytes require live provenance; sorting extents are not dimensions. No runtime structural replacement or visual approval is established."
missing/lock/elevation0/part1/direction3/face0/climate1,1,original-source-layer,original-sprite-fallback,"Original rear wall, default sprite5343, at its own sequence anchor. Actual custom IDs/bytes require live provenance; sorting extents are not dimensions. No runtime structural replacement or visual approval is established."
missing/lock/elevation0/part1/direction3/face0/climate2,1,original-source-layer,original-sprite-fallback,"Original rear wall, default sprite5343, at its own sequence anchor. Actual custom IDs/bytes require live provenance; sorting extents are not dimensions. No runtime structural replacement or visual approval is established."
missing/lock/elevation0/part1/direction3/face0/climate3,1,original-source-layer,original-sprite-fallback,"Original rear wall, default sprite5343, at its own sequence anchor. Actual custom IDs/bytes require live provenance; sorting extents are not dimensions. No runtime structural replacement or visual approval is established."
missing/lock/elevation1/part1/direction3/face0/climate0,1,original-source-layer,original-sprite-fallback,"Original rear wall, default sprite5367, at its own sequence anchor. Actual custom IDs/bytes require live provenance; sorting extents are not dimensions. No runtime structural replacement or visual approval is established."
missing/lock/elevation1/part1/direction3/face0/climate1,1,original-source-layer,original-sprite-fallback,"Original rear wall, default sprite5367, at its own sequence anchor. Actual custom IDs/bytes require live provenance; sorting extents are not dimensions. No runtime structural replacement or visual approval is established."
missing/lock/elevation1/part1/direction3/face0/climate2,1,original-source-layer,original-sprite-fallback,"Original rear wall, default sprite5367, at its own sequence anchor. Actual custom IDs/bytes require live provenance; sorting extents are not dimensions. No runtime structural replacement or visual approval is established."
missing/lock/elevation1/part1/direction3/face0/climate3,1,original-source-layer,original-sprite-fallback,"Original rear wall, default sprite5367, at its own sequence anchor. Actual custom IDs/bytes require live provenance; sorting extents are not dimensions. No runtime structural replacement or visual approval is established."
missing/lock/elevation0/part1/direction3/face1/climate0,1,original-source-layer,original-sprite-fallback,"Original front wall, default sprite5347, at its own sequence anchor. Actual custom IDs/bytes require live provenance; sorting extents are not dimensions. No runtime structural replacement or visual approval is established."
missing/lock/elevation0/part1/direction3/face1/climate1,1,original-source-layer,original-sprite-fallback,"Original front wall, default sprite5347, at its own sequence anchor. Actual custom IDs/bytes require live provenance; sorting extents are not dimensions. No runtime structural replacement or visual approval is established."
missing/lock/elevation0/part1/direction3/face1/climate2,1,original-source-layer,original-sprite-fallback,"Original front wall, default sprite5347, at its own sequence anchor. Actual custom IDs/bytes require live provenance; sorting extents are not dimensions. No runtime structural replacement or visual approval is established."
missing/lock/elevation0/part1/direction3/face1/climate3,1,original-source-layer,original-sprite-fallback,"Original front wall, default sprite5347, at its own sequence anchor. Actual custom IDs/bytes require live provenance; sorting extents are not dimensions. No runtime structural replacement or visual approval is established."
missing/lock/elevation1/part1/direction3/face1/climate0,1,original-source-layer,original-sprite-fallback,"Original front wall, default sprite5371, at its own sequence anchor. Actual custom IDs/bytes require live provenance; sorting extents are not dimensions. No runtime structural replacement or visual approval is established."
missing/lock/elevation1/part1/direction3/face1/climate1,1,original-source-layer,original-sprite-fallback,"Original front wall, default sprite5371, at its own sequence anchor. Actual custom IDs/bytes require live provenance; sorting extents are not dimensions. No runtime structural replacement or visual approval is established."
missing/lock/elevation1/part1/direction3/face1/climate2,1,original-source-layer,original-sprite-fallback,"Original front wall, default sprite5371, at its own sequence anchor. Actual custom IDs/bytes require live provenance; sorting extents are not dimensions. No runtime structural replacement or visual approval is established."
missing/lock/elevation1/part1/direction3/face1/climate3,1,original-source-layer,original-sprite-fallback,"Original front wall, default sprite5371, at its own sequence anchor. Actual custom IDs/bytes require live provenance; sorting extents are not dimensions. No runtime structural replacement or visual approval is established."
original/lock/elevation0/part1/direction3/water/climate0,4,native-water-layer,individual-visual-review-pending,"Original independently owned animated water surface, with original source-height/custom-flat/slope selection. A surface is intentional, not a wall billboard or missing body. Live palette phases, terrain registration, continuity and ships still require individual review."
original/lock/elevation0/part1/direction3/water/climate1,4,native-water-layer,individual-visual-review-pending,"Original independently owned animated water surface, with original source-height/custom-flat/slope selection. A surface is intentional, not a wall billboard or missing body. Live palette phases, terrain registration, continuity and ships still require individual review."
original/lock/elevation0/part1/direction3/water/climate2,4,native-water-layer,individual-visual-review-pending,"Original independently owned animated water surface, with original source-height/custom-flat/slope selection. A surface is intentional, not a wall billboard or missing body. Live palette phases, terrain registration, continuity and ships still require individual review."
original/lock/elevation0/part1/direction3/water/climate3,4,native-water-layer,individual-visual-review-pending,"Original independently owned animated water surface, with original source-height/custom-flat/slope selection. A surface is intentional, not a wall billboard or missing body. Live palette phases, terrain registration, continuity and ships still require individual review."
original/lock/elevation1/part1/direction3/water/climate0,4,native-water-layer,individual-visual-review-pending,"Original independently owned animated water surface, with original source-height/custom-flat/slope selection. A surface is intentional, not a wall billboard or missing body. Live palette phases, terrain registration, continuity and ships still require individual review."
original/lock/elevation1/part1/direction3/water/climate1,4,native-water-layer,individual-visual-review-pending,"Original independently owned animated water surface, with original source-height/custom-flat/slope selection. A surface is intentional, not a wall billboard or missing body. Live palette phases, terrain registration, continuity and ships still require individual review."
original/lock/elevation1/part1/direction3/water/climate2,4,native-water-layer,individual-visual-review-pending,"Original independently owned animated water surface, with original source-height/custom-flat/slope selection. A surface is intentional, not a wall billboard or missing body. Live palette phases, terrain registration, continuity and ships still require individual review."
original/lock/elevation1/part1/direction3/water/climate3,4,native-water-layer,individual-visual-review-pending,"Original independently owned animated water surface, with original source-height/custom-flat/slope selection. A surface is intentional, not a wall billboard or missing body. Live palette phases, terrain registration, continuity and ships still require individual review."
missing/lock/elevation0/part2/direction0/face0/climate0,1,original-source-layer,original-sprite-fallback,"Original rear wall, default sprite5349, at its own sequence anchor. Actual custom IDs/bytes require live provenance; sorting extents are not dimensions. No runtime structural replacement or visual approval is established."
missing/lock/elevation0/part2/direction0/face0/climate1,1,original-source-layer,original-sprite-fallback,"Original rear wall, default sprite5349, at its own sequence anchor. Actual custom IDs/bytes require live provenance; sorting extents are not dimensions. No runtime structural replacement or visual approval is established."
missing/lock/elevation0/part2/direction0/face0/climate2,1,original-source-layer,original-sprite-fallback,"Original rear wall, default sprite5349, at its own sequence anchor. Actual custom IDs/bytes require live provenance; sorting extents are not dimensions. No runtime structural replacement or visual approval is established."
missing/lock/elevation0/part2/direction0/face0/climate3,1,original-source-layer,original-sprite-fallback,"Original rear wall, default sprite5349, at its own sequence anchor. Actual custom IDs/bytes require live provenance; sorting extents are not dimensions. No runtime structural replacement or visual approval is established."
missing/lock/elevation1/part2/direction0/face0/climate0,1,original-source-layer,original-sprite-fallback,"Original rear wall, default sprite5373, at its own sequence anchor. Actual custom IDs/bytes require live provenance; sorting extents are not dimensions. No runtime structural replacement or visual approval is established."
missing/lock/elevation1/part2/direction0/face0/climate1,1,original-source-layer,original-sprite-fallback,"Original rear wall, default sprite5373, at its own sequence anchor. Actual custom IDs/bytes require live provenance; sorting extents are not dimensions. No runtime structural replacement or visual approval is established."
missing/lock/elevation1/part2/direction0/face0/climate2,1,original-source-layer,original-sprite-fallback,"Original rear wall, default sprite5373, at its own sequence anchor. Actual custom IDs/bytes require live provenance; sorting extents are not dimensions. No runtime structural replacement or visual approval is established."
missing/lock/elevation1/part2/direction0/face0/climate3,1,original-source-layer,original-sprite-fallback,"Original rear wall, default sprite5373, at its own sequence anchor. Actual custom IDs/bytes require live provenance; sorting extents are not dimensions. No runtime structural replacement or visual approval is established."
missing/lock/elevation0/part2/direction0/face1/climate0,1,original-source-layer,original-sprite-fallback,"Original front wall, default sprite5353, at its own sequence anchor. Actual custom IDs/bytes require live provenance; sorting extents are not dimensions. No runtime structural replacement or visual approval is established."
missing/lock/elevation0/part2/direction0/face1/climate1,1,original-source-layer,original-sprite-fallback,"Original front wall, default sprite5353, at its own sequence anchor. Actual custom IDs/bytes require live provenance; sorting extents are not dimensions. No runtime structural replacement or visual approval is established."
missing/lock/elevation0/part2/direction0/face1/climate2,1,original-source-layer,original-sprite-fallback,"Original front wall, default sprite5353, at its own sequence anchor. Actual custom IDs/bytes require live provenance; sorting extents are not dimensions. No runtime structural replacement or visual approval is established."
missing/lock/elevation0/part2/direction0/face1/climate3,1,original-source-layer,original-sprite-fallback,"Original front wall, default sprite5353, at its own sequence anchor. Actual custom IDs/bytes require live provenance; sorting extents are not dimensions. No runtime structural replacement or visual approval is established."
missing/lock/elevation1/part2/direction0/face1/climate0,1,original-source-layer,original-sprite-fallback,"Original front wall, default sprite5377, at its own sequence anchor. Actual custom IDs/bytes require live provenance; sorting extents are not dimensions. No runtime structural replacement or visual approval is established."
missing/lock/elevation1/part2/direction0/face1/climate1,1,original-source-layer,original-sprite-fallback,"Original front wall, default sprite5377, at its own sequence anchor. Actual custom IDs/bytes require live provenance; sorting extents are not dimensions. No runtime structural replacement or visual approval is established."
missing/lock/elevation1/part2/direction0/face1/climate2,1,original-source-layer,original-sprite-fallback,"Original front wall, default sprite5377, at its own sequence anchor. Actual custom IDs/bytes require live provenance; sorting extents are not dimensions. No runtime structural replacement or visual approval is established."
missing/lock/elevation1/part2/direction0/face1/climate3,1,original-source-layer,original-sprite-fallback,"Original front wall, default sprite5377, at its own sequence anchor. Actual custom IDs/bytes require live provenance; sorting extents are not dimensions. No runtime structural replacement or visual approval is established."
original/lock/elevation0/part2/direction0/water/climate0,4,native-water-layer,individual-visual-review-pending,"Original independently owned animated water surface, with original source-height/custom-flat/slope selection. A surface is intentional, not a wall billboard or missing body. Live palette phases, terrain registration, continuity and ships still require individual review."
original/lock/elevation0/part2/direction0/water/climate1,4,native-water-layer,individual-visual-review-pending,"Original independently owned animated water surface, with original source-height/custom-flat/slope selection. A surface is intentional, not a wall billboard or missing body. Live palette phases, terrain registration, continuity and ships still require individual review."
original/lock/elevation0/part2/direction0/water/climate2,4,native-water-layer,individual-visual-review-pending,"Original independently owned animated water surface, with original source-height/custom-flat/slope selection. A surface is intentional, not a wall billboard or missing body. Live palette phases, terrain registration, continuity and ships still require individual review."
original/lock/elevation0/part2/direction0/water/climate3,4,native-water-layer,individual-visual-review-pending,"Original independently owned animated water surface, with original source-height/custom-flat/slope selection. A surface is intentional, not a wall billboard or missing body. Live palette phases, terrain registration, continuity and ships still require individual review."
original/lock/elevation1/part2/direction0/water/climate0,4,native-water-layer,individual-visual-review-pending,"Original independently owned animated water surface, with original source-height/custom-flat/slope selection. A surface is intentional, not a wall billboard or missing body. Live palette phases, terrain registration, continuity and ships still require individual review."
original/lock/elevation1/part2/direction0/water/climate1,4,native-water-layer,individual-visual-review-pending,"Original independently owned animated water surface, with original source-height/custom-flat/slope selection. A surface is intentional, not a wall billboard or missing body. Live palette phases, terrain registration, continuity and ships still require individual review."
original/lock/elevation1/part2/direction0/water/climate2,4,native-water-layer,individual-visual-review-pending,"Original independently owned animated water surface, with original source-height/custom-flat/slope selection. A surface is intentional, not a wall billboard or missing body. Live palette phases, terrain registration, continuity and ships still require individual review."
original/lock/elevation1/part2/direction0/water/climate3,4,native-water-layer,individual-visual-review-pending,"Original independently owned animated water surface, with original source-height/custom-flat/slope selection. A surface is intentional, not a wall billboard or missing body. Live palette phases, terrain registration, continuity and ships still require individual review."
missing/lock/elevation0/part2/direction1/face0/climate0,1,original-source-layer,original-sprite-fallback,"Original rear wall, default sprite5348, at its own sequence anchor. Actual custom IDs/bytes require live provenance; sorting extents are not dimensions. No runtime structural replacement or visual approval is established."
missing/lock/elevation0/part2/direction1/face0/climate1,1,original-source-layer,original-sprite-fallback,"Original rear wall, default sprite5348, at its own sequence anchor. Actual custom IDs/bytes require live provenance; sorting extents are not dimensions. No runtime structural replacement or visual approval is established."
missing/lock/elevation0/part2/direction1/face0/climate2,1,original-source-layer,original-sprite-fallback,"Original rear wall, default sprite5348, at its own sequence anchor. Actual custom IDs/bytes require live provenance; sorting extents are not dimensions. No runtime structural replacement or visual approval is established."
missing/lock/elevation0/part2/direction1/face0/climate3,1,original-source-layer,original-sprite-fallback,"Original rear wall, default sprite5348, at its own sequence anchor. Actual custom IDs/bytes require live provenance; sorting extents are not dimensions. No runtime structural replacement or visual approval is established."
missing/lock/elevation1/part2/direction1/face0/climate0,1,original-source-layer,original-sprite-fallback,"Original rear wall, default sprite5372, at its own sequence anchor. Actual custom IDs/bytes require live provenance; sorting extents are not dimensions. No runtime structural replacement or visual approval is established."
missing/lock/elevation1/part2/direction1/face0/climate1,1,original-source-layer,original-sprite-fallback,"Original rear wall, default sprite5372, at its own sequence anchor. Actual custom IDs/bytes require live provenance; sorting extents are not dimensions. No runtime structural replacement or visual approval is established."
missing/lock/elevation1/part2/direction1/face0/climate2,1,original-source-layer,original-sprite-fallback,"Original rear wall, default sprite5372, at its own sequence anchor. Actual custom IDs/bytes require live provenance; sorting extents are not dimensions. No runtime structural replacement or visual approval is established."
missing/lock/elevation1/part2/direction1/face0/climate3,1,original-source-layer,original-sprite-fallback,"Original rear wall, default sprite5372, at its own sequence anchor. Actual custom IDs/bytes require live provenance; sorting extents are not dimensions. No runtime structural replacement or visual approval is established."
missing/lock/elevation0/part2/direction1/face1/climate0,1,original-source-layer,original-sprite-fallback,"Original front wall, default sprite5352, at its own sequence anchor. Actual custom IDs/bytes require live provenance; sorting extents are not dimensions. No runtime structural replacement or visual approval is established."
missing/lock/elevation0/part2/direction1/face1/climate1,1,original-source-layer,original-sprite-fallback,"Original front wall, default sprite5352, at its own sequence anchor. Actual custom IDs/bytes require live provenance; sorting extents are not dimensions. No runtime structural replacement or visual approval is established."
missing/lock/elevation0/part2/direction1/face1/climate2,1,original-source-layer,original-sprite-fallback,"Original front wall, default sprite5352, at its own sequence anchor. Actual custom IDs/bytes require live provenance; sorting extents are not dimensions. No runtime structural replacement or visual approval is established."
missing/lock/elevation0/part2/direction1/face1/climate3,1,original-source-layer,original-sprite-fallback,"Original front wall, default sprite5352, at its own sequence anchor. Actual custom IDs/bytes require live provenance; sorting extents are not dimensions. No runtime structural replacement or visual approval is established."
missing/lock/elevation1/part2/direction1/face1/climate0,1,original-source-layer,original-sprite-fallback,"Original front wall, default sprite5376, at its own sequence anchor. Actual custom IDs/bytes require live provenance; sorting extents are not dimensions. No runtime structural replacement or visual approval is established."
missing/lock/elevation1/part2/direction1/face1/climate1,1,original-source-layer,original-sprite-fallback,"Original front wall, default sprite5376, at its own sequence anchor. Actual custom IDs/bytes require live provenance; sorting extents are not dimensions. No runtime structural replacement or visual approval is established."
missing/lock/elevation1/part2/direction1/face1/climate2,1,original-source-layer,original-sprite-fallback,"Original front wall, default sprite5376, at its own sequence anchor. Actual custom IDs/bytes require live provenance; sorting extents are not dimensions. No runtime structural replacement or visual approval is established."
missing/lock/elevation1/part2/direction1/face1/climate3,1,original-source-layer,original-sprite-fallback,"Original front wall, default sprite5376, at its own sequence anchor. Actual custom IDs/bytes require live provenance; sorting extents are not dimensions. No runtime structural replacement or visual approval is established."
original/lock/elevation0/part2/direction1/water/climate0,4,native-water-layer,individual-visual-review-pending,"Original independently owned animated water surface, with original source-height/custom-flat/slope selection. A surface is intentional, not a wall billboard or missing body. Live palette phases, terrain registration, continuity and ships still require individual review."
original/lock/elevation0/part2/direction1/water/climate1,4,native-water-layer,individual-visual-review-pending,"Original independently owned animated water surface, with original source-height/custom-flat/slope selection. A surface is intentional, not a wall billboard or missing body. Live palette phases, terrain registration, continuity and ships still require individual review."
original/lock/elevation0/part2/direction1/water/climate2,4,native-water-layer,individual-visual-review-pending,"Original independently owned animated water surface, with original source-height/custom-flat/slope selection. A surface is intentional, not a wall billboard or missing body. Live palette phases, terrain registration, continuity and ships still require individual review."
original/lock/elevation0/part2/direction1/water/climate3,4,native-water-layer,individual-visual-review-pending,"Original independently owned animated water surface, with original source-height/custom-flat/slope selection. A surface is intentional, not a wall billboard or missing body. Live palette phases, terrain registration, continuity and ships still require individual review."
original/lock/elevation1/part2/direction1/water/climate0,4,native-water-layer,individual-visual-review-pending,"Original independently owned animated water surface, with original source-height/custom-flat/slope selection. A surface is intentional, not a wall billboard or missing body. Live palette phases, terrain registration, continuity and ships still require individual review."
original/lock/elevation1/part2/direction1/water/climate1,4,native-water-layer,individual-visual-review-pending,"Original independently owned animated water surface, with original source-height/custom-flat/slope selection. A surface is intentional, not a wall billboard or missing body. Live palette phases, terrain registration, continuity and ships still require individual review."
original/lock/elevation1/part2/direction1/water/climate2,4,native-water-layer,individual-visual-review-pending,"Original independently owned animated water surface, with original source-height/custom-flat/slope selection. A surface is intentional, not a wall billboard or missing body. Live palette phases, terrain registration, continuity and ships still require individual review."
original/lock/elevation1/part2/direction1/water/climate3,4,native-water-layer,individual-visual-review-pending,"Original independently owned animated water surface, with original source-height/custom-flat/slope selection. A surface is intentional, not a wall billboard or missing body. Live palette phases, terrain registration, continuity and ships still require individual review."
missing/lock/elevation0/part2/direction2/face0/climate0,1,original-source-layer,original-sprite-fallback,"Original rear wall, default sprite5350, at its own sequence anchor. Actual custom IDs/bytes require live provenance; sorting extents are not dimensions. No runtime structural replacement or visual approval is established."
missing/lock/elevation0/part2/direction2/face0/climate1,1,original-source-layer,original-sprite-fallback,"Original rear wall, default sprite5350, at its own sequence anchor. Actual custom IDs/bytes require live provenance; sorting extents are not dimensions. No runtime structural replacement or visual approval is established."
missing/lock/elevation0/part2/direction2/face0/climate2,1,original-source-layer,original-sprite-fallback,"Original rear wall, default sprite5350, at its own sequence anchor. Actual custom IDs/bytes require live provenance; sorting extents are not dimensions. No runtime structural replacement or visual approval is established."
missing/lock/elevation0/part2/direction2/face0/climate3,1,original-source-layer,original-sprite-fallback,"Original rear wall, default sprite5350, at its own sequence anchor. Actual custom IDs/bytes require live provenance; sorting extents are not dimensions. No runtime structural replacement or visual approval is established."
missing/lock/elevation1/part2/direction2/face0/climate0,1,original-source-layer,original-sprite-fallback,"Original rear wall, default sprite5374, at its own sequence anchor. Actual custom IDs/bytes require live provenance; sorting extents are not dimensions. No runtime structural replacement or visual approval is established."
missing/lock/elevation1/part2/direction2/face0/climate1,1,original-source-layer,original-sprite-fallback,"Original rear wall, default sprite5374, at its own sequence anchor. Actual custom IDs/bytes require live provenance; sorting extents are not dimensions. No runtime structural replacement or visual approval is established."
missing/lock/elevation1/part2/direction2/face0/climate2,1,original-source-layer,original-sprite-fallback,"Original rear wall, default sprite5374, at its own sequence anchor. Actual custom IDs/bytes require live provenance; sorting extents are not dimensions. No runtime structural replacement or visual approval is established."
missing/lock/elevation1/part2/direction2/face0/climate3,1,original-source-layer,original-sprite-fallback,"Original rear wall, default sprite5374, at its own sequence anchor. Actual custom IDs/bytes require live provenance; sorting extents are not dimensions. No runtime structural replacement or visual approval is established."
missing/lock/elevation0/part2/direction2/face1/climate0,1,original-source-layer,original-sprite-fallback,"Original front wall, default sprite5354, at its own sequence anchor. Actual custom IDs/bytes require live provenance; sorting extents are not dimensions. No runtime structural replacement or visual approval is established."
missing/lock/elevation0/part2/direction2/face1/climate1,1,original-source-layer,original-sprite-fallback,"Original front wall, default sprite5354, at its own sequence anchor. Actual custom IDs/bytes require live provenance; sorting extents are not dimensions. No runtime structural replacement or visual approval is established."
missing/lock/elevation0/part2/direction2/face1/climate2,1,original-source-layer,original-sprite-fallback,"Original front wall, default sprite5354, at its own sequence anchor. Actual custom IDs/bytes require live provenance; sorting extents are not dimensions. No runtime structural replacement or visual approval is established."
missing/lock/elevation0/part2/direction2/face1/climate3,1,original-source-layer,original-sprite-fallback,"Original front wall, default sprite5354, at its own sequence anchor. Actual custom IDs/bytes require live provenance; sorting extents are not dimensions. No runtime structural replacement or visual approval is established."
missing/lock/elevation1/part2/direction2/face1/climate0,1,original-source-layer,original-sprite-fallback,"Original front wall, default sprite5378, at its own sequence anchor. Actual custom IDs/bytes require live provenance; sorting extents are not dimensions. No runtime structural replacement or visual approval is established."
missing/lock/elevation1/part2/direction2/face1/climate1,1,original-source-layer,original-sprite-fallback,"Original front wall, default sprite5378, at its own sequence anchor. Actual custom IDs/bytes require live provenance; sorting extents are not dimensions. No runtime structural replacement or visual approval is established."
missing/lock/elevation1/part2/direction2/face1/climate2,1,original-source-layer,original-sprite-fallback,"Original front wall, default sprite5378, at its own sequence anchor. Actual custom IDs/bytes require live provenance; sorting extents are not dimensions. No runtime structural replacement or visual approval is established."
missing/lock/elevation1/part2/direction2/face1/climate3,1,original-source-layer,original-sprite-fallback,"Original front wall, default sprite5378, at its own sequence anchor. Actual custom IDs/bytes require live provenance; sorting extents are not dimensions. No runtime structural replacement or visual approval is established."
original/lock/elevation0/part2/direction2/water/climate0,4,native-water-layer,individual-visual-review-pending,"Original independently owned animated water surface, with original source-height/custom-flat/slope selection. A surface is intentional, not a wall billboard or missing body. Live palette phases, terrain registration, continuity and ships still require individual review."
original/lock/elevation0/part2/direction2/water/climate1,4,native-water-layer,individual-visual-review-pending,"Original independently owned animated water surface, with original source-height/custom-flat/slope selection. A surface is intentional, not a wall billboard or missing body. Live palette phases, terrain registration, continuity and ships still require individual review."
original/lock/elevation0/part2/direction2/water/climate2,4,native-water-layer,individual-visual-review-pending,"Original independently owned animated water surface, with original source-height/custom-flat/slope selection. A surface is intentional, not a wall billboard or missing body. Live palette phases, terrain registration, continuity and ships still require individual review."
original/lock/elevation0/part2/direction2/water/climate3,4,native-water-layer,individual-visual-review-pending,"Original independently owned animated water surface, with original source-height/custom-flat/slope selection. A surface is intentional, not a wall billboard or missing body. Live palette phases, terrain registration, continuity and ships still require individual review."
original/lock/elevation1/part2/direction2/water/climate0,4,native-water-layer,individual-visual-review-pending,"Original independently owned animated water surface, with original source-height/custom-flat/slope selection. A surface is intentional, not a wall billboard or missing body. Live palette phases, terrain registration, continuity and ships still require individual review."
original/lock/elevation1/part2/direction2/water/climate1,4,native-water-layer,individual-visual-review-pending,"Original independently owned animated water surface, with original source-height/custom-flat/slope selection. A surface is intentional, not a wall billboard or missing body. Live palette phases, terrain registration, continuity and ships still require individual review."
original/lock/elevation1/part2/direction2/water/climate2,4,native-water-layer,individual-visual-review-pending,"Original independently owned animated water surface, with original source-height/custom-flat/slope selection. A surface is intentional, not a wall billboard or missing body. Live palette phases, terrain registration, continuity and ships still require individual review."
original/lock/elevation1/part2/direction2/water/climate3,4,native-water-layer,individual-visual-review-pending,"Original independently owned animated water surface, with original source-height/custom-flat/slope selection. A surface is intentional, not a wall billboard or missing body. Live palette phases, terrain registration, continuity and ships still require individual review."
missing/lock/elevation0/part2/direction3/face0/climate0,1,original-source-layer,original-sprite-fallback,"Original rear wall, default sprite5351, at its own sequence anchor. Actual custom IDs/bytes require live provenance; sorting extents are not dimensions. No runtime structural replacement or visual approval is established."
missing/lock/elevation0/part2/direction3/face0/climate1,1,original-source-layer,original-sprite-fallback,"Original rear wall, default sprite5351, at its own sequence anchor. Actual custom IDs/bytes require live provenance; sorting extents are not dimensions. No runtime structural replacement or visual approval is established."
missing/lock/elevation0/part2/direction3/face0/climate2,1,original-source-layer,original-sprite-fallback,"Original rear wall, default sprite5351, at its own sequence anchor. Actual custom IDs/bytes require live provenance; sorting extents are not dimensions. No runtime structural replacement or visual approval is established."
missing/lock/elevation0/part2/direction3/face0/climate3,1,original-source-layer,original-sprite-fallback,"Original rear wall, default sprite5351, at its own sequence anchor. Actual custom IDs/bytes require live provenance; sorting extents are not dimensions. No runtime structural replacement or visual approval is established."
missing/lock/elevation1/part2/direction3/face0/climate0,1,original-source-layer,original-sprite-fallback,"Original rear wall, default sprite5375, at its own sequence anchor. Actual custom IDs/bytes require live provenance; sorting extents are not dimensions. No runtime structural replacement or visual approval is established."
missing/lock/elevation1/part2/direction3/face0/climate1,1,original-source-layer,original-sprite-fallback,"Original rear wall, default sprite5375, at its own sequence anchor. Actual custom IDs/bytes require live provenance; sorting extents are not dimensions. No runtime structural replacement or visual approval is established."
missing/lock/elevation1/part2/direction3/face0/climate2,1,original-source-layer,original-sprite-fallback,"Original rear wall, default sprite5375, at its own sequence anchor. Actual custom IDs/bytes require live provenance; sorting extents are not dimensions. No runtime structural replacement or visual approval is established."
missing/lock/elevation1/part2/direction3/face0/climate3,1,original-source-layer,original-sprite-fallback,"Original rear wall, default sprite5375, at its own sequence anchor. Actual custom IDs/bytes require live provenance; sorting extents are not dimensions. No runtime structural replacement or visual approval is established."
missing/lock/elevation0/part2/direction3/face1/climate0,1,original-source-layer,original-sprite-fallback,"Original front wall, default sprite5355, at its own sequence anchor. Actual custom IDs/bytes require live provenance; sorting extents are not dimensions. No runtime structural replacement or visual approval is established."
missing/lock/elevation0/part2/direction3/face1/climate1,1,original-source-layer,original-sprite-fallback,"Original front wall, default sprite5355, at its own sequence anchor. Actual custom IDs/bytes require live provenance; sorting extents are not dimensions. No runtime structural replacement or visual approval is established."
missing/lock/elevation0/part2/direction3/face1/climate2,1,original-source-layer,original-sprite-fallback,"Original front wall, default sprite5355, at its own sequence anchor. Actual custom IDs/bytes require live provenance; sorting extents are not dimensions. No runtime structural replacement or visual approval is established."
missing/lock/elevation0/part2/direction3/face1/climate3,1,original-source-layer,original-sprite-fallback,"Original front wall, default sprite5355, at its own sequence anchor. Actual custom IDs/bytes require live provenance; sorting extents are not dimensions. No runtime structural replacement or visual approval is established."
missing/lock/elevation1/part2/direction3/face1/climate0,1,original-source-layer,original-sprite-fallback,"Original front wall, default sprite5379, at its own sequence anchor. Actual custom IDs/bytes require live provenance; sorting extents are not dimensions. No runtime structural replacement or visual approval is established."
missing/lock/elevation1/part2/direction3/face1/climate1,1,original-source-layer,original-sprite-fallback,"Original front wall, default sprite5379, at its own sequence anchor. Actual custom IDs/bytes require live provenance; sorting extents are not dimensions. No runtime structural replacement or visual approval is established."
missing/lock/elevation1/part2/direction3/face1/climate2,1,original-source-layer,original-sprite-fallback,"Original front wall, default sprite5379, at its own sequence anchor. Actual custom IDs/bytes require live provenance; sorting extents are not dimensions. No runtime structural replacement or visual approval is established."
missing/lock/elevation1/part2/direction3/face1/climate3,1,original-source-layer,original-sprite-fallback,"Original front wall, default sprite5379, at its own sequence anchor. Actual custom IDs/bytes require live provenance; sorting extents are not dimensions. No runtime structural replacement or visual approval is established."
original/lock/elevation0/part2/direction3/water/climate0,4,native-water-layer,individual-visual-review-pending,"Original independently owned animated water surface, with original source-height/custom-flat/slope selection. A surface is intentional, not a wall billboard or missing body. Live palette phases, terrain registration, continuity and ships still require individual review."
original/lock/elevation0/part2/direction3/water/climate1,4,native-water-layer,individual-visual-review-pending,"Original independently owned animated water surface, with original source-height/custom-flat/slope selection. A surface is intentional, not a wall billboard or missing body. Live palette phases, terrain registration, continuity and ships still require individual review."
original/lock/elevation0/part2/direction3/water/climate2,4,native-water-layer,individual-visual-review-pending,"Original independently owned animated water surface, with original source-height/custom-flat/slope selection. A surface is intentional, not a wall billboard or missing body. Live palette phases, terrain registration, continuity and ships still require individual review."
original/lock/elevation0/part2/direction3/water/climate3,4,native-water-layer,individual-visual-review-pending,"Original independently owned animated water surface, with original source-height/custom-flat/slope selection. A surface is intentional, not a wall billboard or missing body. Live palette phases, terrain registration, continuity and ships still require individual review."
original/lock/elevation1/part2/direction3/water/climate0,4,native-water-layer,individual-visual-review-pending,"Original independently owned animated water surface, with original source-height/custom-flat/slope selection. A surface is intentional, not a wall billboard or missing body. Live palette phases, terrain registration, continuity and ships still require individual review."
original/lock/elevation1/part2/direction3/water/climate1,4,native-water-layer,individual-visual-review-pending,"Original independently owned animated water surface, with original source-height/custom-flat/slope selection. A surface is intentional, not a wall billboard or missing body. Live palette phases, terrain registration, continuity and ships still require individual review."
original/lock/elevation1/part2/direction3/water/climate2,4,native-water-layer,individual-visual-review-pending,"Original independently owned animated water surface, with original source-height/custom-flat/slope selection. A surface is intentional, not a wall billboard or missing body. Live palette phases, terrain registration, continuity and ships still require individual review."
original/lock/elevation1/part2/direction3/water/climate3,4,native-water-layer,individual-visual-review-pending,"Original independently owned animated water surface, with original source-height/custom-flat/slope selection. A surface is intentional, not a wall billboard or missing body. Live palette phases, terrain registration, continuity and ships still require individual review."
original/water-slope/0/climate0,4,native-water-layer,individual-visual-review-pending,"Original water-slope surface retains separate water ownership. Static default source IDs do not prove live Classic/NewGRF source selection, all animated phases, shore/bank continuity or ship clearance."
original/water-slope/0/climate1,4,native-water-layer,individual-visual-review-pending,"Original water-slope surface retains separate water ownership. Static default source IDs do not prove live Classic/NewGRF source selection, all animated phases, shore/bank continuity or ship clearance."
original/water-slope/0/climate2,4,native-water-layer,individual-visual-review-pending,"Original water-slope surface retains separate water ownership. Static default source IDs do not prove live Classic/NewGRF source selection, all animated phases, shore/bank continuity or ship clearance."
original/water-slope/0/climate3,4,native-water-layer,individual-visual-review-pending,"Original water-slope surface retains separate water ownership. Static default source IDs do not prove live Classic/NewGRF source selection, all animated phases, shore/bank continuity or ship clearance."
original/water-slope/1/climate0,4,native-water-layer,individual-visual-review-pending,"Original water-slope surface retains separate water ownership. Static default source IDs do not prove live Classic/NewGRF source selection, all animated phases, shore/bank continuity or ship clearance."
original/water-slope/1/climate1,4,native-water-layer,individual-visual-review-pending,"Original water-slope surface retains separate water ownership. Static default source IDs do not prove live Classic/NewGRF source selection, all animated phases, shore/bank continuity or ship clearance."
original/water-slope/1/climate2,4,native-water-layer,individual-visual-review-pending,"Original water-slope surface retains separate water ownership. Static default source IDs do not prove live Classic/NewGRF source selection, all animated phases, shore/bank continuity or ship clearance."
original/water-slope/1/climate3,4,native-water-layer,individual-visual-review-pending,"Original water-slope surface retains separate water ownership. Static default source IDs do not prove live Classic/NewGRF source selection, all animated phases, shore/bank continuity or ship clearance."
original/water-slope/2/climate0,4,native-water-layer,individual-visual-review-pending,"Original water-slope surface retains separate water ownership. Static default source IDs do not prove live Classic/NewGRF source selection, all animated phases, shore/bank continuity or ship clearance."
original/water-slope/2/climate1,4,native-water-layer,individual-visual-review-pending,"Original water-slope surface retains separate water ownership. Static default source IDs do not prove live Classic/NewGRF source selection, all animated phases, shore/bank continuity or ship clearance."
original/water-slope/2/climate2,4,native-water-layer,individual-visual-review-pending,"Original water-slope surface retains separate water ownership. Static default source IDs do not prove live Classic/NewGRF source selection, all animated phases, shore/bank continuity or ship clearance."
original/water-slope/2/climate3,4,native-water-layer,individual-visual-review-pending,"Original water-slope surface retains separate water ownership. Static default source IDs do not prove live Classic/NewGRF source selection, all animated phases, shore/bank continuity or ship clearance."
original/water-slope/3/climate0,4,native-water-layer,individual-visual-review-pending,"Original water-slope surface retains separate water ownership. Static default source IDs do not prove live Classic/NewGRF source selection, all animated phases, shore/bank continuity or ship clearance."
original/water-slope/3/climate1,4,native-water-layer,individual-visual-review-pending,"Original water-slope surface retains separate water ownership. Static default source IDs do not prove live Classic/NewGRF source selection, all animated phases, shore/bank continuity or ship clearance."
original/water-slope/3/climate2,4,native-water-layer,individual-visual-review-pending,"Original water-slope surface retains separate water ownership. Static default source IDs do not prove live Classic/NewGRF source selection, all animated phases, shore/bank continuity or ship clearance."
original/water-slope/3/climate3,4,native-water-layer,individual-visual-review-pending,"Original water-slope surface retains separate water ownership. Static default source IDs do not prove live Classic/NewGRF source selection, all animated phases, shore/bank continuity or ship clearance."
unresolved/river-bank/SLOPE_FLAT/edge0/climate0,1,original-source-layer,live-source-selection-pending,"Conditional original CF_RIVER_EDGE owner: live base/callback/connectivity/source bytes must be observed before geometry is bound. When the original feature supplies no bank it is intentionally absent, not a license to invent one. Static offsets or unrelated dike models do not establish river-bank coverage."
unresolved/river-bank/SLOPE_FLAT/edge0/climate1,1,original-source-layer,live-source-selection-pending,"Conditional original CF_RIVER_EDGE owner: live base/callback/connectivity/source bytes must be observed before geometry is bound. When the original feature supplies no bank it is intentionally absent, not a license to invent one. Static offsets or unrelated dike models do not establish river-bank coverage."
unresolved/river-bank/SLOPE_FLAT/edge0/climate2,1,original-source-layer,live-source-selection-pending,"Conditional original CF_RIVER_EDGE owner: live base/callback/connectivity/source bytes must be observed before geometry is bound. When the original feature supplies no bank it is intentionally absent, not a license to invent one. Static offsets or unrelated dike models do not establish river-bank coverage."
unresolved/river-bank/SLOPE_FLAT/edge0/climate3,1,original-source-layer,live-source-selection-pending,"Conditional original CF_RIVER_EDGE owner: live base/callback/connectivity/source bytes must be observed before geometry is bound. When the original feature supplies no bank it is intentionally absent, not a license to invent one. Static offsets or unrelated dike models do not establish river-bank coverage."
unresolved/river-bank/SLOPE_FLAT/edge1/climate0,1,original-source-layer,live-source-selection-pending,"Conditional original CF_RIVER_EDGE owner: live base/callback/connectivity/source bytes must be observed before geometry is bound. When the original feature supplies no bank it is intentionally absent, not a license to invent one. Static offsets or unrelated dike models do not establish river-bank coverage."
unresolved/river-bank/SLOPE_FLAT/edge1/climate1,1,original-source-layer,live-source-selection-pending,"Conditional original CF_RIVER_EDGE owner: live base/callback/connectivity/source bytes must be observed before geometry is bound. When the original feature supplies no bank it is intentionally absent, not a license to invent one. Static offsets or unrelated dike models do not establish river-bank coverage."
unresolved/river-bank/SLOPE_FLAT/edge1/climate2,1,original-source-layer,live-source-selection-pending,"Conditional original CF_RIVER_EDGE owner: live base/callback/connectivity/source bytes must be observed before geometry is bound. When the original feature supplies no bank it is intentionally absent, not a license to invent one. Static offsets or unrelated dike models do not establish river-bank coverage."
unresolved/river-bank/SLOPE_FLAT/edge1/climate3,1,original-source-layer,live-source-selection-pending,"Conditional original CF_RIVER_EDGE owner: live base/callback/connectivity/source bytes must be observed before geometry is bound. When the original feature supplies no bank it is intentionally absent, not a license to invent one. Static offsets or unrelated dike models do not establish river-bank coverage."
unresolved/river-bank/SLOPE_FLAT/edge2/climate0,1,original-source-layer,live-source-selection-pending,"Conditional original CF_RIVER_EDGE owner: live base/callback/connectivity/source bytes must be observed before geometry is bound. When the original feature supplies no bank it is intentionally absent, not a license to invent one. Static offsets or unrelated dike models do not establish river-bank coverage."
unresolved/river-bank/SLOPE_FLAT/edge2/climate1,1,original-source-layer,live-source-selection-pending,"Conditional original CF_RIVER_EDGE owner: live base/callback/connectivity/source bytes must be observed before geometry is bound. When the original feature supplies no bank it is intentionally absent, not a license to invent one. Static offsets or unrelated dike models do not establish river-bank coverage."
unresolved/river-bank/SLOPE_FLAT/edge2/climate2,1,original-source-layer,live-source-selection-pending,"Conditional original CF_RIVER_EDGE owner: live base/callback/connectivity/source bytes must be observed before geometry is bound. When the original feature supplies no bank it is intentionally absent, not a license to invent one. Static offsets or unrelated dike models do not establish river-bank coverage."
unresolved/river-bank/SLOPE_FLAT/edge2/climate3,1,original-source-layer,live-source-selection-pending,"Conditional original CF_RIVER_EDGE owner: live base/callback/connectivity/source bytes must be observed before geometry is bound. When the original feature supplies no bank it is intentionally absent, not a license to invent one. Static offsets or unrelated dike models do not establish river-bank coverage."
unresolved/river-bank/SLOPE_FLAT/edge3/climate0,1,original-source-layer,live-source-selection-pending,"Conditional original CF_RIVER_EDGE owner: live base/callback/connectivity/source bytes must be observed before geometry is bound. When the original feature supplies no bank it is intentionally absent, not a license to invent one. Static offsets or unrelated dike models do not establish river-bank coverage."
unresolved/river-bank/SLOPE_FLAT/edge3/climate1,1,original-source-layer,live-source-selection-pending,"Conditional original CF_RIVER_EDGE owner: live base/callback/connectivity/source bytes must be observed before geometry is bound. When the original feature supplies no bank it is intentionally absent, not a license to invent one. Static offsets or unrelated dike models do not establish river-bank coverage."
unresolved/river-bank/SLOPE_FLAT/edge3/climate2,1,original-source-layer,live-source-selection-pending,"Conditional original CF_RIVER_EDGE owner: live base/callback/connectivity/source bytes must be observed before geometry is bound. When the original feature supplies no bank it is intentionally absent, not a license to invent one. Static offsets or unrelated dike models do not establish river-bank coverage."
unresolved/river-bank/SLOPE_FLAT/edge3/climate3,1,original-source-layer,live-source-selection-pending,"Conditional original CF_RIVER_EDGE owner: live base/callback/connectivity/source bytes must be observed before geometry is bound. When the original feature supplies no bank it is intentionally absent, not a license to invent one. Static offsets or unrelated dike models do not establish river-bank coverage."
unresolved/river-bank/SLOPE_FLAT/edge4/climate0,1,original-source-layer,live-source-selection-pending,"Conditional original CF_RIVER_EDGE owner: live base/callback/connectivity/source bytes must be observed before geometry is bound. When the original feature supplies no bank it is intentionally absent, not a license to invent one. Static offsets or unrelated dike models do not establish river-bank coverage."
unresolved/river-bank/SLOPE_FLAT/edge4/climate1,1,original-source-layer,live-source-selection-pending,"Conditional original CF_RIVER_EDGE owner: live base/callback/connectivity/source bytes must be observed before geometry is bound. When the original feature supplies no bank it is intentionally absent, not a license to invent one. Static offsets or unrelated dike models do not establish river-bank coverage."
unresolved/river-bank/SLOPE_FLAT/edge4/climate2,1,original-source-layer,live-source-selection-pending,"Conditional original CF_RIVER_EDGE owner: live base/callback/connectivity/source bytes must be observed before geometry is bound. When the original feature supplies no bank it is intentionally absent, not a license to invent one. Static offsets or unrelated dike models do not establish river-bank coverage."
unresolved/river-bank/SLOPE_FLAT/edge4/climate3,1,original-source-layer,live-source-selection-pending,"Conditional original CF_RIVER_EDGE owner: live base/callback/connectivity/source bytes must be observed before geometry is bound. When the original feature supplies no bank it is intentionally absent, not a license to invent one. Static offsets or unrelated dike models do not establish river-bank coverage."
unresolved/river-bank/SLOPE_FLAT/edge5/climate0,1,original-source-layer,live-source-selection-pending,"Conditional original CF_RIVER_EDGE owner: live base/callback/connectivity/source bytes must be observed before geometry is bound. When the original feature supplies no bank it is intentionally absent, not a license to invent one. Static offsets or unrelated dike models do not establish river-bank coverage."
unresolved/river-bank/SLOPE_FLAT/edge5/climate1,1,original-source-layer,live-source-selection-pending,"Conditional original CF_RIVER_EDGE owner: live base/callback/connectivity/source bytes must be observed before geometry is bound. When the original feature supplies no bank it is intentionally absent, not a license to invent one. Static offsets or unrelated dike models do not establish river-bank coverage."
unresolved/river-bank/SLOPE_FLAT/edge5/climate2,1,original-source-layer,live-source-selection-pending,"Conditional original CF_RIVER_EDGE owner: live base/callback/connectivity/source bytes must be observed before geometry is bound. When the original feature supplies no bank it is intentionally absent, not a license to invent one. Static offsets or unrelated dike models do not establish river-bank coverage."
unresolved/river-bank/SLOPE_FLAT/edge5/climate3,1,original-source-layer,live-source-selection-pending,"Conditional original CF_RIVER_EDGE owner: live base/callback/connectivity/source bytes must be observed before geometry is bound. When the original feature supplies no bank it is intentionally absent, not a license to invent one. Static offsets or unrelated dike models do not establish river-bank coverage."
unresolved/river-bank/SLOPE_FLAT/edge6/climate0,1,original-source-layer,live-source-selection-pending,"Conditional original CF_RIVER_EDGE owner: live base/callback/connectivity/source bytes must be observed before geometry is bound. When the original feature supplies no bank it is intentionally absent, not a license to invent one. Static offsets or unrelated dike models do not establish river-bank coverage."
unresolved/river-bank/SLOPE_FLAT/edge6/climate1,1,original-source-layer,live-source-selection-pending,"Conditional original CF_RIVER_EDGE owner: live base/callback/connectivity/source bytes must be observed before geometry is bound. When the original feature supplies no bank it is intentionally absent, not a license to invent one. Static offsets or unrelated dike models do not establish river-bank coverage."
unresolved/river-bank/SLOPE_FLAT/edge6/climate2,1,original-source-layer,live-source-selection-pending,"Conditional original CF_RIVER_EDGE owner: live base/callback/connectivity/source bytes must be observed before geometry is bound. When the original feature supplies no bank it is intentionally absent, not a license to invent one. Static offsets or unrelated dike models do not establish river-bank coverage."
unresolved/river-bank/SLOPE_FLAT/edge6/climate3,1,original-source-layer,live-source-selection-pending,"Conditional original CF_RIVER_EDGE owner: live base/callback/connectivity/source bytes must be observed before geometry is bound. When the original feature supplies no bank it is intentionally absent, not a license to invent one. Static offsets or unrelated dike models do not establish river-bank coverage."
unresolved/river-bank/SLOPE_FLAT/edge7/climate0,1,original-source-layer,live-source-selection-pending,"Conditional original CF_RIVER_EDGE owner: live base/callback/connectivity/source bytes must be observed before geometry is bound. When the original feature supplies no bank it is intentionally absent, not a license to invent one. Static offsets or unrelated dike models do not establish river-bank coverage."
unresolved/river-bank/SLOPE_FLAT/edge7/climate1,1,original-source-layer,live-source-selection-pending,"Conditional original CF_RIVER_EDGE owner: live base/callback/connectivity/source bytes must be observed before geometry is bound. When the original feature supplies no bank it is intentionally absent, not a license to invent one. Static offsets or unrelated dike models do not establish river-bank coverage."
unresolved/river-bank/SLOPE_FLAT/edge7/climate2,1,original-source-layer,live-source-selection-pending,"Conditional original CF_RIVER_EDGE owner: live base/callback/connectivity/source bytes must be observed before geometry is bound. When the original feature supplies no bank it is intentionally absent, not a license to invent one. Static offsets or unrelated dike models do not establish river-bank coverage."
unresolved/river-bank/SLOPE_FLAT/edge7/climate3,1,original-source-layer,live-source-selection-pending,"Conditional original CF_RIVER_EDGE owner: live base/callback/connectivity/source bytes must be observed before geometry is bound. When the original feature supplies no bank it is intentionally absent, not a license to invent one. Static offsets or unrelated dike models do not establish river-bank coverage."
unresolved/river-bank/SLOPE_FLAT/edge8/climate0,1,original-source-layer,live-source-selection-pending,"Conditional original CF_RIVER_EDGE owner: live base/callback/connectivity/source bytes must be observed before geometry is bound. When the original feature supplies no bank it is intentionally absent, not a license to invent one. Static offsets or unrelated dike models do not establish river-bank coverage."
unresolved/river-bank/SLOPE_FLAT/edge8/climate1,1,original-source-layer,live-source-selection-pending,"Conditional original CF_RIVER_EDGE owner: live base/callback/connectivity/source bytes must be observed before geometry is bound. When the original feature supplies no bank it is intentionally absent, not a license to invent one. Static offsets or unrelated dike models do not establish river-bank coverage."
unresolved/river-bank/SLOPE_FLAT/edge8/climate2,1,original-source-layer,live-source-selection-pending,"Conditional original CF_RIVER_EDGE owner: live base/callback/connectivity/source bytes must be observed before geometry is bound. When the original feature supplies no bank it is intentionally absent, not a license to invent one. Static offsets or unrelated dike models do not establish river-bank coverage."
unresolved/river-bank/SLOPE_FLAT/edge8/climate3,1,original-source-layer,live-source-selection-pending,"Conditional original CF_RIVER_EDGE owner: live base/callback/connectivity/source bytes must be observed before geometry is bound. When the original feature supplies no bank it is intentionally absent, not a license to invent one. Static offsets or unrelated dike models do not establish river-bank coverage."
unresolved/river-bank/SLOPE_FLAT/edge9/climate0,1,original-source-layer,live-source-selection-pending,"Conditional original CF_RIVER_EDGE owner: live base/callback/connectivity/source bytes must be observed before geometry is bound. When the original feature supplies no bank it is intentionally absent, not a license to invent one. Static offsets or unrelated dike models do not establish river-bank coverage."
unresolved/river-bank/SLOPE_FLAT/edge9/climate1,1,original-source-layer,live-source-selection-pending,"Conditional original CF_RIVER_EDGE owner: live base/callback/connectivity/source bytes must be observed before geometry is bound. When the original feature supplies no bank it is intentionally absent, not a license to invent one. Static offsets or unrelated dike models do not establish river-bank coverage."
unresolved/river-bank/SLOPE_FLAT/edge9/climate2,1,original-source-layer,live-source-selection-pending,"Conditional original CF_RIVER_EDGE owner: live base/callback/connectivity/source bytes must be observed before geometry is bound. When the original feature supplies no bank it is intentionally absent, not a license to invent one. Static offsets or unrelated dike models do not establish river-bank coverage."
unresolved/river-bank/SLOPE_FLAT/edge9/climate3,1,original-source-layer,live-source-selection-pending,"Conditional original CF_RIVER_EDGE owner: live base/callback/connectivity/source bytes must be observed before geometry is bound. When the original feature supplies no bank it is intentionally absent, not a license to invent one. Static offsets or unrelated dike models do not establish river-bank coverage."
unresolved/river-bank/SLOPE_FLAT/edge10/climate0,1,original-source-layer,live-source-selection-pending,"Conditional original CF_RIVER_EDGE owner: live base/callback/connectivity/source bytes must be observed before geometry is bound. When the original feature supplies no bank it is intentionally absent, not a license to invent one. Static offsets or unrelated dike models do not establish river-bank coverage."
unresolved/river-bank/SLOPE_FLAT/edge10/climate1,1,original-source-layer,live-source-selection-pending,"Conditional original CF_RIVER_EDGE owner: live base/callback/connectivity/source bytes must be observed before geometry is bound. When the original feature supplies no bank it is intentionally absent, not a license to invent one. Static offsets or unrelated dike models do not establish river-bank coverage."
unresolved/river-bank/SLOPE_FLAT/edge10/climate2,1,original-source-layer,live-source-selection-pending,"Conditional original CF_RIVER_EDGE owner: live base/callback/connectivity/source bytes must be observed before geometry is bound. When the original feature supplies no bank it is intentionally absent, not a license to invent one. Static offsets or unrelated dike models do not establish river-bank coverage."
unresolved/river-bank/SLOPE_FLAT/edge10/climate3,1,original-source-layer,live-source-selection-pending,"Conditional original CF_RIVER_EDGE owner: live base/callback/connectivity/source bytes must be observed before geometry is bound. When the original feature supplies no bank it is intentionally absent, not a license to invent one. Static offsets or unrelated dike models do not establish river-bank coverage."
unresolved/river-bank/SLOPE_FLAT/edge11/climate0,1,original-source-layer,live-source-selection-pending,"Conditional original CF_RIVER_EDGE owner: live base/callback/connectivity/source bytes must be observed before geometry is bound. When the original feature supplies no bank it is intentionally absent, not a license to invent one. Static offsets or unrelated dike models do not establish river-bank coverage."
unresolved/river-bank/SLOPE_FLAT/edge11/climate1,1,original-source-layer,live-source-selection-pending,"Conditional original CF_RIVER_EDGE owner: live base/callback/connectivity/source bytes must be observed before geometry is bound. When the original feature supplies no bank it is intentionally absent, not a license to invent one. Static offsets or unrelated dike models do not establish river-bank coverage."
unresolved/river-bank/SLOPE_FLAT/edge11/climate2,1,original-source-layer,live-source-selection-pending,"Conditional original CF_RIVER_EDGE owner: live base/callback/connectivity/source bytes must be observed before geometry is bound. When the original feature supplies no bank it is intentionally absent, not a license to invent one. Static offsets or unrelated dike models do not establish river-bank coverage."
unresolved/river-bank/SLOPE_FLAT/edge11/climate3,1,original-source-layer,live-source-selection-pending,"Conditional original CF_RIVER_EDGE owner: live base/callback/connectivity/source bytes must be observed before geometry is bound. When the original feature supplies no bank it is intentionally absent, not a license to invent one. Static offsets or unrelated dike models do not establish river-bank coverage."
unresolved/river-bank/SLOPE_SE/edge0/climate0,1,original-source-layer,live-source-selection-pending,"Conditional original CF_RIVER_EDGE owner: live base/callback/connectivity/source bytes must be observed before geometry is bound. When the original feature supplies no bank it is intentionally absent, not a license to invent one. Static offsets or unrelated dike models do not establish river-bank coverage."
unresolved/river-bank/SLOPE_SE/edge0/climate1,1,original-source-layer,live-source-selection-pending,"Conditional original CF_RIVER_EDGE owner: live base/callback/connectivity/source bytes must be observed before geometry is bound. When the original feature supplies no bank it is intentionally absent, not a license to invent one. Static offsets or unrelated dike models do not establish river-bank coverage."
unresolved/river-bank/SLOPE_SE/edge0/climate2,1,original-source-layer,live-source-selection-pending,"Conditional original CF_RIVER_EDGE owner: live base/callback/connectivity/source bytes must be observed before geometry is bound. When the original feature supplies no bank it is intentionally absent, not a license to invent one. Static offsets or unrelated dike models do not establish river-bank coverage."
unresolved/river-bank/SLOPE_SE/edge0/climate3,1,original-source-layer,live-source-selection-pending,"Conditional original CF_RIVER_EDGE owner: live base/callback/connectivity/source bytes must be observed before geometry is bound. When the original feature supplies no bank it is intentionally absent, not a license to invent one. Static offsets or unrelated dike models do not establish river-bank coverage."
unresolved/river-bank/SLOPE_SE/edge1/climate0,1,original-source-layer,live-source-selection-pending,"Conditional original CF_RIVER_EDGE owner: live base/callback/connectivity/source bytes must be observed before geometry is bound. When the original feature supplies no bank it is intentionally absent, not a license to invent one. Static offsets or unrelated dike models do not establish river-bank coverage."
unresolved/river-bank/SLOPE_SE/edge1/climate1,1,original-source-layer,live-source-selection-pending,"Conditional original CF_RIVER_EDGE owner: live base/callback/connectivity/source bytes must be observed before geometry is bound. When the original feature supplies no bank it is intentionally absent, not a license to invent one. Static offsets or unrelated dike models do not establish river-bank coverage."
unresolved/river-bank/SLOPE_SE/edge1/climate2,1,original-source-layer,live-source-selection-pending,"Conditional original CF_RIVER_EDGE owner: live base/callback/connectivity/source bytes must be observed before geometry is bound. When the original feature supplies no bank it is intentionally absent, not a license to invent one. Static offsets or unrelated dike models do not establish river-bank coverage."
unresolved/river-bank/SLOPE_SE/edge1/climate3,1,original-source-layer,live-source-selection-pending,"Conditional original CF_RIVER_EDGE owner: live base/callback/connectivity/source bytes must be observed before geometry is bound. When the original feature supplies no bank it is intentionally absent, not a license to invent one. Static offsets or unrelated dike models do not establish river-bank coverage."
unresolved/river-bank/SLOPE_SE/edge2/climate0,1,original-source-layer,live-source-selection-pending,"Conditional original CF_RIVER_EDGE owner: live base/callback/connectivity/source bytes must be observed before geometry is bound. When the original feature supplies no bank it is intentionally absent, not a license to invent one. Static offsets or unrelated dike models do not establish river-bank coverage."
unresolved/river-bank/SLOPE_SE/edge2/climate1,1,original-source-layer,live-source-selection-pending,"Conditional original CF_RIVER_EDGE owner: live base/callback/connectivity/source bytes must be observed before geometry is bound. When the original feature supplies no bank it is intentionally absent, not a license to invent one. Static offsets or unrelated dike models do not establish river-bank coverage."
unresolved/river-bank/SLOPE_SE/edge2/climate2,1,original-source-layer,live-source-selection-pending,"Conditional original CF_RIVER_EDGE owner: live base/callback/connectivity/source bytes must be observed before geometry is bound. When the original feature supplies no bank it is intentionally absent, not a license to invent one. Static offsets or unrelated dike models do not establish river-bank coverage."
unresolved/river-bank/SLOPE_SE/edge2/climate3,1,original-source-layer,live-source-selection-pending,"Conditional original CF_RIVER_EDGE owner: live base/callback/connectivity/source bytes must be observed before geometry is bound. When the original feature supplies no bank it is intentionally absent, not a license to invent one. Static offsets or unrelated dike models do not establish river-bank coverage."
unresolved/river-bank/SLOPE_SE/edge3/climate0,1,original-source-layer,live-source-selection-pending,"Conditional original CF_RIVER_EDGE owner: live base/callback/connectivity/source bytes must be observed before geometry is bound. When the original feature supplies no bank it is intentionally absent, not a license to invent one. Static offsets or unrelated dike models do not establish river-bank coverage."
unresolved/river-bank/SLOPE_SE/edge3/climate1,1,original-source-layer,live-source-selection-pending,"Conditional original CF_RIVER_EDGE owner: live base/callback/connectivity/source bytes must be observed before geometry is bound. When the original feature supplies no bank it is intentionally absent, not a license to invent one. Static offsets or unrelated dike models do not establish river-bank coverage."
unresolved/river-bank/SLOPE_SE/edge3/climate2,1,original-source-layer,live-source-selection-pending,"Conditional original CF_RIVER_EDGE owner: live base/callback/connectivity/source bytes must be observed before geometry is bound. When the original feature supplies no bank it is intentionally absent, not a license to invent one. Static offsets or unrelated dike models do not establish river-bank coverage."
unresolved/river-bank/SLOPE_SE/edge3/climate3,1,original-source-layer,live-source-selection-pending,"Conditional original CF_RIVER_EDGE owner: live base/callback/connectivity/source bytes must be observed before geometry is bound. When the original feature supplies no bank it is intentionally absent, not a license to invent one. Static offsets or unrelated dike models do not establish river-bank coverage."
unresolved/river-bank/SLOPE_SE/edge4/climate0,1,original-source-layer,live-source-selection-pending,"Conditional original CF_RIVER_EDGE owner: live base/callback/connectivity/source bytes must be observed before geometry is bound. When the original feature supplies no bank it is intentionally absent, not a license to invent one. Static offsets or unrelated dike models do not establish river-bank coverage."
unresolved/river-bank/SLOPE_SE/edge4/climate1,1,original-source-layer,live-source-selection-pending,"Conditional original CF_RIVER_EDGE owner: live base/callback/connectivity/source bytes must be observed before geometry is bound. When the original feature supplies no bank it is intentionally absent, not a license to invent one. Static offsets or unrelated dike models do not establish river-bank coverage."
unresolved/river-bank/SLOPE_SE/edge4/climate2,1,original-source-layer,live-source-selection-pending,"Conditional original CF_RIVER_EDGE owner: live base/callback/connectivity/source bytes must be observed before geometry is bound. When the original feature supplies no bank it is intentionally absent, not a license to invent one. Static offsets or unrelated dike models do not establish river-bank coverage."
unresolved/river-bank/SLOPE_SE/edge4/climate3,1,original-source-layer,live-source-selection-pending,"Conditional original CF_RIVER_EDGE owner: live base/callback/connectivity/source bytes must be observed before geometry is bound. When the original feature supplies no bank it is intentionally absent, not a license to invent one. Static offsets or unrelated dike models do not establish river-bank coverage."
unresolved/river-bank/SLOPE_SE/edge5/climate0,1,original-source-layer,live-source-selection-pending,"Conditional original CF_RIVER_EDGE owner: live base/callback/connectivity/source bytes must be observed before geometry is bound. When the original feature supplies no bank it is intentionally absent, not a license to invent one. Static offsets or unrelated dike models do not establish river-bank coverage."
unresolved/river-bank/SLOPE_SE/edge5/climate1,1,original-source-layer,live-source-selection-pending,"Conditional original CF_RIVER_EDGE owner: live base/callback/connectivity/source bytes must be observed before geometry is bound. When the original feature supplies no bank it is intentionally absent, not a license to invent one. Static offsets or unrelated dike models do not establish river-bank coverage."
unresolved/river-bank/SLOPE_SE/edge5/climate2,1,original-source-layer,live-source-selection-pending,"Conditional original CF_RIVER_EDGE owner: live base/callback/connectivity/source bytes must be observed before geometry is bound. When the original feature supplies no bank it is intentionally absent, not a license to invent one. Static offsets or unrelated dike models do not establish river-bank coverage."
unresolved/river-bank/SLOPE_SE/edge5/climate3,1,original-source-layer,live-source-selection-pending,"Conditional original CF_RIVER_EDGE owner: live base/callback/connectivity/source bytes must be observed before geometry is bound. When the original feature supplies no bank it is intentionally absent, not a license to invent one. Static offsets or unrelated dike models do not establish river-bank coverage."
unresolved/river-bank/SLOPE_SE/edge6/climate0,1,original-source-layer,live-source-selection-pending,"Conditional original CF_RIVER_EDGE owner: live base/callback/connectivity/source bytes must be observed before geometry is bound. When the original feature supplies no bank it is intentionally absent, not a license to invent one. Static offsets or unrelated dike models do not establish river-bank coverage."
unresolved/river-bank/SLOPE_SE/edge6/climate1,1,original-source-layer,live-source-selection-pending,"Conditional original CF_RIVER_EDGE owner: live base/callback/connectivity/source bytes must be observed before geometry is bound. When the original feature supplies no bank it is intentionally absent, not a license to invent one. Static offsets or unrelated dike models do not establish river-bank coverage."
unresolved/river-bank/SLOPE_SE/edge6/climate2,1,original-source-layer,live-source-selection-pending,"Conditional original CF_RIVER_EDGE owner: live base/callback/connectivity/source bytes must be observed before geometry is bound. When the original feature supplies no bank it is intentionally absent, not a license to invent one. Static offsets or unrelated dike models do not establish river-bank coverage."
unresolved/river-bank/SLOPE_SE/edge6/climate3,1,original-source-layer,live-source-selection-pending,"Conditional original CF_RIVER_EDGE owner: live base/callback/connectivity/source bytes must be observed before geometry is bound. When the original feature supplies no bank it is intentionally absent, not a license to invent one. Static offsets or unrelated dike models do not establish river-bank coverage."
unresolved/river-bank/SLOPE_SE/edge7/climate0,1,original-source-layer,live-source-selection-pending,"Conditional original CF_RIVER_EDGE owner: live base/callback/connectivity/source bytes must be observed before geometry is bound. When the original feature supplies no bank it is intentionally absent, not a license to invent one. Static offsets or unrelated dike models do not establish river-bank coverage."
unresolved/river-bank/SLOPE_SE/edge7/climate1,1,original-source-layer,live-source-selection-pending,"Conditional original CF_RIVER_EDGE owner: live base/callback/connectivity/source bytes must be observed before geometry is bound. When the original feature supplies no bank it is intentionally absent, not a license to invent one. Static offsets or unrelated dike models do not establish river-bank coverage."
unresolved/river-bank/SLOPE_SE/edge7/climate2,1,original-source-layer,live-source-selection-pending,"Conditional original CF_RIVER_EDGE owner: live base/callback/connectivity/source bytes must be observed before geometry is bound. When the original feature supplies no bank it is intentionally absent, not a license to invent one. Static offsets or unrelated dike models do not establish river-bank coverage."
unresolved/river-bank/SLOPE_SE/edge7/climate3,1,original-source-layer,live-source-selection-pending,"Conditional original CF_RIVER_EDGE owner: live base/callback/connectivity/source bytes must be observed before geometry is bound. When the original feature supplies no bank it is intentionally absent, not a license to invent one. Static offsets or unrelated dike models do not establish river-bank coverage."
unresolved/river-bank/SLOPE_SE/edge8/climate0,1,original-source-layer,live-source-selection-pending,"Conditional original CF_RIVER_EDGE owner: live base/callback/connectivity/source bytes must be observed before geometry is bound. When the original feature supplies no bank it is intentionally absent, not a license to invent one. Static offsets or unrelated dike models do not establish river-bank coverage."
unresolved/river-bank/SLOPE_SE/edge8/climate1,1,original-source-layer,live-source-selection-pending,"Conditional original CF_RIVER_EDGE owner: live base/callback/connectivity/source bytes must be observed before geometry is bound. When the original feature supplies no bank it is intentionally absent, not a license to invent one. Static offsets or unrelated dike models do not establish river-bank coverage."
unresolved/river-bank/SLOPE_SE/edge8/climate2,1,original-source-layer,live-source-selection-pending,"Conditional original CF_RIVER_EDGE owner: live base/callback/connectivity/source bytes must be observed before geometry is bound. When the original feature supplies no bank it is intentionally absent, not a license to invent one. Static offsets or unrelated dike models do not establish river-bank coverage."
unresolved/river-bank/SLOPE_SE/edge8/climate3,1,original-source-layer,live-source-selection-pending,"Conditional original CF_RIVER_EDGE owner: live base/callback/connectivity/source bytes must be observed before geometry is bound. When the original feature supplies no bank it is intentionally absent, not a license to invent one. Static offsets or unrelated dike models do not establish river-bank coverage."
unresolved/river-bank/SLOPE_SE/edge9/climate0,1,original-source-layer,live-source-selection-pending,"Conditional original CF_RIVER_EDGE owner: live base/callback/connectivity/source bytes must be observed before geometry is bound. When the original feature supplies no bank it is intentionally absent, not a license to invent one. Static offsets or unrelated dike models do not establish river-bank coverage."
unresolved/river-bank/SLOPE_SE/edge9/climate1,1,original-source-layer,live-source-selection-pending,"Conditional original CF_RIVER_EDGE owner: live base/callback/connectivity/source bytes must be observed before geometry is bound. When the original feature supplies no bank it is intentionally absent, not a license to invent one. Static offsets or unrelated dike models do not establish river-bank coverage."
unresolved/river-bank/SLOPE_SE/edge9/climate2,1,original-source-layer,live-source-selection-pending,"Conditional original CF_RIVER_EDGE owner: live base/callback/connectivity/source bytes must be observed before geometry is bound. When the original feature supplies no bank it is intentionally absent, not a license to invent one. Static offsets or unrelated dike models do not establish river-bank coverage."
unresolved/river-bank/SLOPE_SE/edge9/climate3,1,original-source-layer,live-source-selection-pending,"Conditional original CF_RIVER_EDGE owner: live base/callback/connectivity/source bytes must be observed before geometry is bound. When the original feature supplies no bank it is intentionally absent, not a license to invent one. Static offsets or unrelated dike models do not establish river-bank coverage."
unresolved/river-bank/SLOPE_SE/edge10/climate0,1,original-source-layer,live-source-selection-pending,"Conditional original CF_RIVER_EDGE owner: live base/callback/connectivity/source bytes must be observed before geometry is bound. When the original feature supplies no bank it is intentionally absent, not a license to invent one. Static offsets or unrelated dike models do not establish river-bank coverage."
unresolved/river-bank/SLOPE_SE/edge10/climate1,1,original-source-layer,live-source-selection-pending,"Conditional original CF_RIVER_EDGE owner: live base/callback/connectivity/source bytes must be observed before geometry is bound. When the original feature supplies no bank it is intentionally absent, not a license to invent one. Static offsets or unrelated dike models do not establish river-bank coverage."
unresolved/river-bank/SLOPE_SE/edge10/climate2,1,original-source-layer,live-source-selection-pending,"Conditional original CF_RIVER_EDGE owner: live base/callback/connectivity/source bytes must be observed before geometry is bound. When the original feature supplies no bank it is intentionally absent, not a license to invent one. Static offsets or unrelated dike models do not establish river-bank coverage."
unresolved/river-bank/SLOPE_SE/edge10/climate3,1,original-source-layer,live-source-selection-pending,"Conditional original CF_RIVER_EDGE owner: live base/callback/connectivity/source bytes must be observed before geometry is bound. When the original feature supplies no bank it is intentionally absent, not a license to invent one. Static offsets or unrelated dike models do not establish river-bank coverage."
unresolved/river-bank/SLOPE_SE/edge11/climate0,1,original-source-layer,live-source-selection-pending,"Conditional original CF_RIVER_EDGE owner: live base/callback/connectivity/source bytes must be observed before geometry is bound. When the original feature supplies no bank it is intentionally absent, not a license to invent one. Static offsets or unrelated dike models do not establish river-bank coverage."
unresolved/river-bank/SLOPE_SE/edge11/climate1,1,original-source-layer,live-source-selection-pending,"Conditional original CF_RIVER_EDGE owner: live base/callback/connectivity/source bytes must be observed before geometry is bound. When the original feature supplies no bank it is intentionally absent, not a license to invent one. Static offsets or unrelated dike models do not establish river-bank coverage."
unresolved/river-bank/SLOPE_SE/edge11/climate2,1,original-source-layer,live-source-selection-pending,"Conditional original CF_RIVER_EDGE owner: live base/callback/connectivity/source bytes must be observed before geometry is bound. When the original feature supplies no bank it is intentionally absent, not a license to invent one. Static offsets or unrelated dike models do not establish river-bank coverage."
unresolved/river-bank/SLOPE_SE/edge11/climate3,1,original-source-layer,live-source-selection-pending,"Conditional original CF_RIVER_EDGE owner: live base/callback/connectivity/source bytes must be observed before geometry is bound. When the original feature supplies no bank it is intentionally absent, not a license to invent one. Static offsets or unrelated dike models do not establish river-bank coverage."
unresolved/river-bank/SLOPE_NE/edge0/climate0,1,original-source-layer,live-source-selection-pending,"Conditional original CF_RIVER_EDGE owner: live base/callback/connectivity/source bytes must be observed before geometry is bound. When the original feature supplies no bank it is intentionally absent, not a license to invent one. Static offsets or unrelated dike models do not establish river-bank coverage."
unresolved/river-bank/SLOPE_NE/edge0/climate1,1,original-source-layer,live-source-selection-pending,"Conditional original CF_RIVER_EDGE owner: live base/callback/connectivity/source bytes must be observed before geometry is bound. When the original feature supplies no bank it is intentionally absent, not a license to invent one. Static offsets or unrelated dike models do not establish river-bank coverage."
unresolved/river-bank/SLOPE_NE/edge0/climate2,1,original-source-layer,live-source-selection-pending,"Conditional original CF_RIVER_EDGE owner: live base/callback/connectivity/source bytes must be observed before geometry is bound. When the original feature supplies no bank it is intentionally absent, not a license to invent one. Static offsets or unrelated dike models do not establish river-bank coverage."
unresolved/river-bank/SLOPE_NE/edge0/climate3,1,original-source-layer,live-source-selection-pending,"Conditional original CF_RIVER_EDGE owner: live base/callback/connectivity/source bytes must be observed before geometry is bound. When the original feature supplies no bank it is intentionally absent, not a license to invent one. Static offsets or unrelated dike models do not establish river-bank coverage."
unresolved/river-bank/SLOPE_NE/edge1/climate0,1,original-source-layer,live-source-selection-pending,"Conditional original CF_RIVER_EDGE owner: live base/callback/connectivity/source bytes must be observed before geometry is bound. When the original feature supplies no bank it is intentionally absent, not a license to invent one. Static offsets or unrelated dike models do not establish river-bank coverage."
unresolved/river-bank/SLOPE_NE/edge1/climate1,1,original-source-layer,live-source-selection-pending,"Conditional original CF_RIVER_EDGE owner: live base/callback/connectivity/source bytes must be observed before geometry is bound. When the original feature supplies no bank it is intentionally absent, not a license to invent one. Static offsets or unrelated dike models do not establish river-bank coverage."
unresolved/river-bank/SLOPE_NE/edge1/climate2,1,original-source-layer,live-source-selection-pending,"Conditional original CF_RIVER_EDGE owner: live base/callback/connectivity/source bytes must be observed before geometry is bound. When the original feature supplies no bank it is intentionally absent, not a license to invent one. Static offsets or unrelated dike models do not establish river-bank coverage."
unresolved/river-bank/SLOPE_NE/edge1/climate3,1,original-source-layer,live-source-selection-pending,"Conditional original CF_RIVER_EDGE owner: live base/callback/connectivity/source bytes must be observed before geometry is bound. When the original feature supplies no bank it is intentionally absent, not a license to invent one. Static offsets or unrelated dike models do not establish river-bank coverage."
unresolved/river-bank/SLOPE_NE/edge2/climate0,1,original-source-layer,live-source-selection-pending,"Conditional original CF_RIVER_EDGE owner: live base/callback/connectivity/source bytes must be observed before geometry is bound. When the original feature supplies no bank it is intentionally absent, not a license to invent one. Static offsets or unrelated dike models do not establish river-bank coverage."
unresolved/river-bank/SLOPE_NE/edge2/climate1,1,original-source-layer,live-source-selection-pending,"Conditional original CF_RIVER_EDGE owner: live base/callback/connectivity/source bytes must be observed before geometry is bound. When the original feature supplies no bank it is intentionally absent, not a license to invent one. Static offsets or unrelated dike models do not establish river-bank coverage."
unresolved/river-bank/SLOPE_NE/edge2/climate2,1,original-source-layer,live-source-selection-pending,"Conditional original CF_RIVER_EDGE owner: live base/callback/connectivity/source bytes must be observed before geometry is bound. When the original feature supplies no bank it is intentionally absent, not a license to invent one. Static offsets or unrelated dike models do not establish river-bank coverage."
unresolved/river-bank/SLOPE_NE/edge2/climate3,1,original-source-layer,live-source-selection-pending,"Conditional original CF_RIVER_EDGE owner: live base/callback/connectivity/source bytes must be observed before geometry is bound. When the original feature supplies no bank it is intentionally absent, not a license to invent one. Static offsets or unrelated dike models do not establish river-bank coverage."
unresolved/river-bank/SLOPE_NE/edge3/climate0,1,original-source-layer,live-source-selection-pending,"Conditional original CF_RIVER_EDGE owner: live base/callback/connectivity/source bytes must be observed before geometry is bound. When the original feature supplies no bank it is intentionally absent, not a license to invent one. Static offsets or unrelated dike models do not establish river-bank coverage."
unresolved/river-bank/SLOPE_NE/edge3/climate1,1,original-source-layer,live-source-selection-pending,"Conditional original CF_RIVER_EDGE owner: live base/callback/connectivity/source bytes must be observed before geometry is bound. When the original feature supplies no bank it is intentionally absent, not a license to invent one. Static offsets or unrelated dike models do not establish river-bank coverage."
unresolved/river-bank/SLOPE_NE/edge3/climate2,1,original-source-layer,live-source-selection-pending,"Conditional original CF_RIVER_EDGE owner: live base/callback/connectivity/source bytes must be observed before geometry is bound. When the original feature supplies no bank it is intentionally absent, not a license to invent one. Static offsets or unrelated dike models do not establish river-bank coverage."
unresolved/river-bank/SLOPE_NE/edge3/climate3,1,original-source-layer,live-source-selection-pending,"Conditional original CF_RIVER_EDGE owner: live base/callback/connectivity/source bytes must be observed before geometry is bound. When the original feature supplies no bank it is intentionally absent, not a license to invent one. Static offsets or unrelated dike models do not establish river-bank coverage."
unresolved/river-bank/SLOPE_NE/edge4/climate0,1,original-source-layer,live-source-selection-pending,"Conditional original CF_RIVER_EDGE owner: live base/callback/connectivity/source bytes must be observed before geometry is bound. When the original feature supplies no bank it is intentionally absent, not a license to invent one. Static offsets or unrelated dike models do not establish river-bank coverage."
unresolved/river-bank/SLOPE_NE/edge4/climate1,1,original-source-layer,live-source-selection-pending,"Conditional original CF_RIVER_EDGE owner: live base/callback/connectivity/source bytes must be observed before geometry is bound. When the original feature supplies no bank it is intentionally absent, not a license to invent one. Static offsets or unrelated dike models do not establish river-bank coverage."
unresolved/river-bank/SLOPE_NE/edge4/climate2,1,original-source-layer,live-source-selection-pending,"Conditional original CF_RIVER_EDGE owner: live base/callback/connectivity/source bytes must be observed before geometry is bound. When the original feature supplies no bank it is intentionally absent, not a license to invent one. Static offsets or unrelated dike models do not establish river-bank coverage."
unresolved/river-bank/SLOPE_NE/edge4/climate3,1,original-source-layer,live-source-selection-pending,"Conditional original CF_RIVER_EDGE owner: live base/callback/connectivity/source bytes must be observed before geometry is bound. When the original feature supplies no bank it is intentionally absent, not a license to invent one. Static offsets or unrelated dike models do not establish river-bank coverage."
unresolved/river-bank/SLOPE_NE/edge5/climate0,1,original-source-layer,live-source-selection-pending,"Conditional original CF_RIVER_EDGE owner: live base/callback/connectivity/source bytes must be observed before geometry is bound. When the original feature supplies no bank it is intentionally absent, not a license to invent one. Static offsets or unrelated dike models do not establish river-bank coverage."
unresolved/river-bank/SLOPE_NE/edge5/climate1,1,original-source-layer,live-source-selection-pending,"Conditional original CF_RIVER_EDGE owner: live base/callback/connectivity/source bytes must be observed before geometry is bound. When the original feature supplies no bank it is intentionally absent, not a license to invent one. Static offsets or unrelated dike models do not establish river-bank coverage."
unresolved/river-bank/SLOPE_NE/edge5/climate2,1,original-source-layer,live-source-selection-pending,"Conditional original CF_RIVER_EDGE owner: live base/callback/connectivity/source bytes must be observed before geometry is bound. When the original feature supplies no bank it is intentionally absent, not a license to invent one. Static offsets or unrelated dike models do not establish river-bank coverage."
unresolved/river-bank/SLOPE_NE/edge5/climate3,1,original-source-layer,live-source-selection-pending,"Conditional original CF_RIVER_EDGE owner: live base/callback/connectivity/source bytes must be observed before geometry is bound. When the original feature supplies no bank it is intentionally absent, not a license to invent one. Static offsets or unrelated dike models do not establish river-bank coverage."
unresolved/river-bank/SLOPE_NE/edge6/climate0,1,original-source-layer,live-source-selection-pending,"Conditional original CF_RIVER_EDGE owner: live base/callback/connectivity/source bytes must be observed before geometry is bound. When the original feature supplies no bank it is intentionally absent, not a license to invent one. Static offsets or unrelated dike models do not establish river-bank coverage."
unresolved/river-bank/SLOPE_NE/edge6/climate1,1,original-source-layer,live-source-selection-pending,"Conditional original CF_RIVER_EDGE owner: live base/callback/connectivity/source bytes must be observed before geometry is bound. When the original feature supplies no bank it is intentionally absent, not a license to invent one. Static offsets or unrelated dike models do not establish river-bank coverage."
unresolved/river-bank/SLOPE_NE/edge6/climate2,1,original-source-layer,live-source-selection-pending,"Conditional original CF_RIVER_EDGE owner: live base/callback/connectivity/source bytes must be observed before geometry is bound. When the original feature supplies no bank it is intentionally absent, not a license to invent one. Static offsets or unrelated dike models do not establish river-bank coverage."
unresolved/river-bank/SLOPE_NE/edge6/climate3,1,original-source-layer,live-source-selection-pending,"Conditional original CF_RIVER_EDGE owner: live base/callback/connectivity/source bytes must be observed before geometry is bound. When the original feature supplies no bank it is intentionally absent, not a license to invent one. Static offsets or unrelated dike models do not establish river-bank coverage."
unresolved/river-bank/SLOPE_NE/edge7/climate0,1,original-source-layer,live-source-selection-pending,"Conditional original CF_RIVER_EDGE owner: live base/callback/connectivity/source bytes must be observed before geometry is bound. When the original feature supplies no bank it is intentionally absent, not a license to invent one. Static offsets or unrelated dike models do not establish river-bank coverage."
unresolved/river-bank/SLOPE_NE/edge7/climate1,1,original-source-layer,live-source-selection-pending,"Conditional original CF_RIVER_EDGE owner: live base/callback/connectivity/source bytes must be observed before geometry is bound. When the original feature supplies no bank it is intentionally absent, not a license to invent one. Static offsets or unrelated dike models do not establish river-bank coverage."
unresolved/river-bank/SLOPE_NE/edge7/climate2,1,original-source-layer,live-source-selection-pending,"Conditional original CF_RIVER_EDGE owner: live base/callback/connectivity/source bytes must be observed before geometry is bound. When the original feature supplies no bank it is intentionally absent, not a license to invent one. Static offsets or unrelated dike models do not establish river-bank coverage."
unresolved/river-bank/SLOPE_NE/edge7/climate3,1,original-source-layer,live-source-selection-pending,"Conditional original CF_RIVER_EDGE owner: live base/callback/connectivity/source bytes must be observed before geometry is bound. When the original feature supplies no bank it is intentionally absent, not a license to invent one. Static offsets or unrelated dike models do not establish river-bank coverage."
unresolved/river-bank/SLOPE_NE/edge8/climate0,1,original-source-layer,live-source-selection-pending,"Conditional original CF_RIVER_EDGE owner: live base/callback/connectivity/source bytes must be observed before geometry is bound. When the original feature supplies no bank it is intentionally absent, not a license to invent one. Static offsets or unrelated dike models do not establish river-bank coverage."
unresolved/river-bank/SLOPE_NE/edge8/climate1,1,original-source-layer,live-source-selection-pending,"Conditional original CF_RIVER_EDGE owner: live base/callback/connectivity/source bytes must be observed before geometry is bound. When the original feature supplies no bank it is intentionally absent, not a license to invent one. Static offsets or unrelated dike models do not establish river-bank coverage."
unresolved/river-bank/SLOPE_NE/edge8/climate2,1,original-source-layer,live-source-selection-pending,"Conditional original CF_RIVER_EDGE owner: live base/callback/connectivity/source bytes must be observed before geometry is bound. When the original feature supplies no bank it is intentionally absent, not a license to invent one. Static offsets or unrelated dike models do not establish river-bank coverage."
unresolved/river-bank/SLOPE_NE/edge8/climate3,1,original-source-layer,live-source-selection-pending,"Conditional original CF_RIVER_EDGE owner: live base/callback/connectivity/source bytes must be observed before geometry is bound. When the original feature supplies no bank it is intentionally absent, not a license to invent one. Static offsets or unrelated dike models do not establish river-bank coverage."
unresolved/river-bank/SLOPE_NE/edge9/climate0,1,original-source-layer,live-source-selection-pending,"Conditional original CF_RIVER_EDGE owner: live base/callback/connectivity/source bytes must be observed before geometry is bound. When the original feature supplies no bank it is intentionally absent, not a license to invent one. Static offsets or unrelated dike models do not establish river-bank coverage."
unresolved/river-bank/SLOPE_NE/edge9/climate1,1,original-source-layer,live-source-selection-pending,"Conditional original CF_RIVER_EDGE owner: live base/callback/connectivity/source bytes must be observed before geometry is bound. When the original feature supplies no bank it is intentionally absent, not a license to invent one. Static offsets or unrelated dike models do not establish river-bank coverage."
unresolved/river-bank/SLOPE_NE/edge9/climate2,1,original-source-layer,live-source-selection-pending,"Conditional original CF_RIVER_EDGE owner: live base/callback/connectivity/source bytes must be observed before geometry is bound. When the original feature supplies no bank it is intentionally absent, not a license to invent one. Static offsets or unrelated dike models do not establish river-bank coverage."
unresolved/river-bank/SLOPE_NE/edge9/climate3,1,original-source-layer,live-source-selection-pending,"Conditional original CF_RIVER_EDGE owner: live base/callback/connectivity/source bytes must be observed before geometry is bound. When the original feature supplies no bank it is intentionally absent, not a license to invent one. Static offsets or unrelated dike models do not establish river-bank coverage."
unresolved/river-bank/SLOPE_NE/edge10/climate0,1,original-source-layer,live-source-selection-pending,"Conditional original CF_RIVER_EDGE owner: live base/callback/connectivity/source bytes must be observed before geometry is bound. When the original feature supplies no bank it is intentionally absent, not a license to invent one. Static offsets or unrelated dike models do not establish river-bank coverage."
unresolved/river-bank/SLOPE_NE/edge10/climate1,1,original-source-layer,live-source-selection-pending,"Conditional original CF_RIVER_EDGE owner: live base/callback/connectivity/source bytes must be observed before geometry is bound. When the original feature supplies no bank it is intentionally absent, not a license to invent one. Static offsets or unrelated dike models do not establish river-bank coverage."
unresolved/river-bank/SLOPE_NE/edge10/climate2,1,original-source-layer,live-source-selection-pending,"Conditional original CF_RIVER_EDGE owner: live base/callback/connectivity/source bytes must be observed before geometry is bound. When the original feature supplies no bank it is intentionally absent, not a license to invent one. Static offsets or unrelated dike models do not establish river-bank coverage."
unresolved/river-bank/SLOPE_NE/edge10/climate3,1,original-source-layer,live-source-selection-pending,"Conditional original CF_RIVER_EDGE owner: live base/callback/connectivity/source bytes must be observed before geometry is bound. When the original feature supplies no bank it is intentionally absent, not a license to invent one. Static offsets or unrelated dike models do not establish river-bank coverage."
unresolved/river-bank/SLOPE_NE/edge11/climate0,1,original-source-layer,live-source-selection-pending,"Conditional original CF_RIVER_EDGE owner: live base/callback/connectivity/source bytes must be observed before geometry is bound. When the original feature supplies no bank it is intentionally absent, not a license to invent one. Static offsets or unrelated dike models do not establish river-bank coverage."
unresolved/river-bank/SLOPE_NE/edge11/climate1,1,original-source-layer,live-source-selection-pending,"Conditional original CF_RIVER_EDGE owner: live base/callback/connectivity/source bytes must be observed before geometry is bound. When the original feature supplies no bank it is intentionally absent, not a license to invent one. Static offsets or unrelated dike models do not establish river-bank coverage."
unresolved/river-bank/SLOPE_NE/edge11/climate2,1,original-source-layer,live-source-selection-pending,"Conditional original CF_RIVER_EDGE owner: live base/callback/connectivity/source bytes must be observed before geometry is bound. When the original feature supplies no bank it is intentionally absent, not a license to invent one. Static offsets or unrelated dike models do not establish river-bank coverage."
unresolved/river-bank/SLOPE_NE/edge11/climate3,1,original-source-layer,live-source-selection-pending,"Conditional original CF_RIVER_EDGE owner: live base/callback/connectivity/source bytes must be observed before geometry is bound. When the original feature supplies no bank it is intentionally absent, not a license to invent one. Static offsets or unrelated dike models do not establish river-bank coverage."
unresolved/river-bank/SLOPE_SW/edge0/climate0,1,original-source-layer,live-source-selection-pending,"Conditional original CF_RIVER_EDGE owner: live base/callback/connectivity/source bytes must be observed before geometry is bound. When the original feature supplies no bank it is intentionally absent, not a license to invent one. Static offsets or unrelated dike models do not establish river-bank coverage."
unresolved/river-bank/SLOPE_SW/edge0/climate1,1,original-source-layer,live-source-selection-pending,"Conditional original CF_RIVER_EDGE owner: live base/callback/connectivity/source bytes must be observed before geometry is bound. When the original feature supplies no bank it is intentionally absent, not a license to invent one. Static offsets or unrelated dike models do not establish river-bank coverage."
unresolved/river-bank/SLOPE_SW/edge0/climate2,1,original-source-layer,live-source-selection-pending,"Conditional original CF_RIVER_EDGE owner: live base/callback/connectivity/source bytes must be observed before geometry is bound. When the original feature supplies no bank it is intentionally absent, not a license to invent one. Static offsets or unrelated dike models do not establish river-bank coverage."
unresolved/river-bank/SLOPE_SW/edge0/climate3,1,original-source-layer,live-source-selection-pending,"Conditional original CF_RIVER_EDGE owner: live base/callback/connectivity/source bytes must be observed before geometry is bound. When the original feature supplies no bank it is intentionally absent, not a license to invent one. Static offsets or unrelated dike models do not establish river-bank coverage."
unresolved/river-bank/SLOPE_SW/edge1/climate0,1,original-source-layer,live-source-selection-pending,"Conditional original CF_RIVER_EDGE owner: live base/callback/connectivity/source bytes must be observed before geometry is bound. When the original feature supplies no bank it is intentionally absent, not a license to invent one. Static offsets or unrelated dike models do not establish river-bank coverage."
unresolved/river-bank/SLOPE_SW/edge1/climate1,1,original-source-layer,live-source-selection-pending,"Conditional original CF_RIVER_EDGE owner: live base/callback/connectivity/source bytes must be observed before geometry is bound. When the original feature supplies no bank it is intentionally absent, not a license to invent one. Static offsets or unrelated dike models do not establish river-bank coverage."
unresolved/river-bank/SLOPE_SW/edge1/climate2,1,original-source-layer,live-source-selection-pending,"Conditional original CF_RIVER_EDGE owner: live base/callback/connectivity/source bytes must be observed before geometry is bound. When the original feature supplies no bank it is intentionally absent, not a license to invent one. Static offsets or unrelated dike models do not establish river-bank coverage."
unresolved/river-bank/SLOPE_SW/edge1/climate3,1,original-source-layer,live-source-selection-pending,"Conditional original CF_RIVER_EDGE owner: live base/callback/connectivity/source bytes must be observed before geometry is bound. When the original feature supplies no bank it is intentionally absent, not a license to invent one. Static offsets or unrelated dike models do not establish river-bank coverage."
unresolved/river-bank/SLOPE_SW/edge2/climate0,1,original-source-layer,live-source-selection-pending,"Conditional original CF_RIVER_EDGE owner: live base/callback/connectivity/source bytes must be observed before geometry is bound. When the original feature supplies no bank it is intentionally absent, not a license to invent one. Static offsets or unrelated dike models do not establish river-bank coverage."
unresolved/river-bank/SLOPE_SW/edge2/climate1,1,original-source-layer,live-source-selection-pending,"Conditional original CF_RIVER_EDGE owner: live base/callback/connectivity/source bytes must be observed before geometry is bound. When the original feature supplies no bank it is intentionally absent, not a license to invent one. Static offsets or unrelated dike models do not establish river-bank coverage."
unresolved/river-bank/SLOPE_SW/edge2/climate2,1,original-source-layer,live-source-selection-pending,"Conditional original CF_RIVER_EDGE owner: live base/callback/connectivity/source bytes must be observed before geometry is bound. When the original feature supplies no bank it is intentionally absent, not a license to invent one. Static offsets or unrelated dike models do not establish river-bank coverage."
unresolved/river-bank/SLOPE_SW/edge2/climate3,1,original-source-layer,live-source-selection-pending,"Conditional original CF_RIVER_EDGE owner: live base/callback/connectivity/source bytes must be observed before geometry is bound. When the original feature supplies no bank it is intentionally absent, not a license to invent one. Static offsets or unrelated dike models do not establish river-bank coverage."
unresolved/river-bank/SLOPE_SW/edge3/climate0,1,original-source-layer,live-source-selection-pending,"Conditional original CF_RIVER_EDGE owner: live base/callback/connectivity/source bytes must be observed before geometry is bound. When the original feature supplies no bank it is intentionally absent, not a license to invent one. Static offsets or unrelated dike models do not establish river-bank coverage."
unresolved/river-bank/SLOPE_SW/edge3/climate1,1,original-source-layer,live-source-selection-pending,"Conditional original CF_RIVER_EDGE owner: live base/callback/connectivity/source bytes must be observed before geometry is bound. When the original feature supplies no bank it is intentionally absent, not a license to invent one. Static offsets or unrelated dike models do not establish river-bank coverage."
unresolved/river-bank/SLOPE_SW/edge3/climate2,1,original-source-layer,live-source-selection-pending,"Conditional original CF_RIVER_EDGE owner: live base/callback/connectivity/source bytes must be observed before geometry is bound. When the original feature supplies no bank it is intentionally absent, not a license to invent one. Static offsets or unrelated dike models do not establish river-bank coverage."
unresolved/river-bank/SLOPE_SW/edge3/climate3,1,original-source-layer,live-source-selection-pending,"Conditional original CF_RIVER_EDGE owner: live base/callback/connectivity/source bytes must be observed before geometry is bound. When the original feature supplies no bank it is intentionally absent, not a license to invent one. Static offsets or unrelated dike models do not establish river-bank coverage."
unresolved/river-bank/SLOPE_SW/edge4/climate0,1,original-source-layer,live-source-selection-pending,"Conditional original CF_RIVER_EDGE owner: live base/callback/connectivity/source bytes must be observed before geometry is bound. When the original feature supplies no bank it is intentionally absent, not a license to invent one. Static offsets or unrelated dike models do not establish river-bank coverage."
unresolved/river-bank/SLOPE_SW/edge4/climate1,1,original-source-layer,live-source-selection-pending,"Conditional original CF_RIVER_EDGE owner: live base/callback/connectivity/source bytes must be observed before geometry is bound. When the original feature supplies no bank it is intentionally absent, not a license to invent one. Static offsets or unrelated dike models do not establish river-bank coverage."
unresolved/river-bank/SLOPE_SW/edge4/climate2,1,original-source-layer,live-source-selection-pending,"Conditional original CF_RIVER_EDGE owner: live base/callback/connectivity/source bytes must be observed before geometry is bound. When the original feature supplies no bank it is intentionally absent, not a license to invent one. Static offsets or unrelated dike models do not establish river-bank coverage."
unresolved/river-bank/SLOPE_SW/edge4/climate3,1,original-source-layer,live-source-selection-pending,"Conditional original CF_RIVER_EDGE owner: live base/callback/connectivity/source bytes must be observed before geometry is bound. When the original feature supplies no bank it is intentionally absent, not a license to invent one. Static offsets or unrelated dike models do not establish river-bank coverage."
unresolved/river-bank/SLOPE_SW/edge5/climate0,1,original-source-layer,live-source-selection-pending,"Conditional original CF_RIVER_EDGE owner: live base/callback/connectivity/source bytes must be observed before geometry is bound. When the original feature supplies no bank it is intentionally absent, not a license to invent one. Static offsets or unrelated dike models do not establish river-bank coverage."
unresolved/river-bank/SLOPE_SW/edge5/climate1,1,original-source-layer,live-source-selection-pending,"Conditional original CF_RIVER_EDGE owner: live base/callback/connectivity/source bytes must be observed before geometry is bound. When the original feature supplies no bank it is intentionally absent, not a license to invent one. Static offsets or unrelated dike models do not establish river-bank coverage."
unresolved/river-bank/SLOPE_SW/edge5/climate2,1,original-source-layer,live-source-selection-pending,"Conditional original CF_RIVER_EDGE owner: live base/callback/connectivity/source bytes must be observed before geometry is bound. When the original feature supplies no bank it is intentionally absent, not a license to invent one. Static offsets or unrelated dike models do not establish river-bank coverage."
unresolved/river-bank/SLOPE_SW/edge5/climate3,1,original-source-layer,live-source-selection-pending,"Conditional original CF_RIVER_EDGE owner: live base/callback/connectivity/source bytes must be observed before geometry is bound. When the original feature supplies no bank it is intentionally absent, not a license to invent one. Static offsets or unrelated dike models do not establish river-bank coverage."
unresolved/river-bank/SLOPE_SW/edge6/climate0,1,original-source-layer,live-source-selection-pending,"Conditional original CF_RIVER_EDGE owner: live base/callback/connectivity/source bytes must be observed before geometry is bound. When the original feature supplies no bank it is intentionally absent, not a license to invent one. Static offsets or unrelated dike models do not establish river-bank coverage."
unresolved/river-bank/SLOPE_SW/edge6/climate1,1,original-source-layer,live-source-selection-pending,"Conditional original CF_RIVER_EDGE owner: live base/callback/connectivity/source bytes must be observed before geometry is bound. When the original feature supplies no bank it is intentionally absent, not a license to invent one. Static offsets or unrelated dike models do not establish river-bank coverage."
unresolved/river-bank/SLOPE_SW/edge6/climate2,1,original-source-layer,live-source-selection-pending,"Conditional original CF_RIVER_EDGE owner: live base/callback/connectivity/source bytes must be observed before geometry is bound. When the original feature supplies no bank it is intentionally absent, not a license to invent one. Static offsets or unrelated dike models do not establish river-bank coverage."
unresolved/river-bank/SLOPE_SW/edge6/climate3,1,original-source-layer,live-source-selection-pending,"Conditional original CF_RIVER_EDGE owner: live base/callback/connectivity/source bytes must be observed before geometry is bound. When the original feature supplies no bank it is intentionally absent, not a license to invent one. Static offsets or unrelated dike models do not establish river-bank coverage."
unresolved/river-bank/SLOPE_SW/edge7/climate0,1,original-source-layer,live-source-selection-pending,"Conditional original CF_RIVER_EDGE owner: live base/callback/connectivity/source bytes must be observed before geometry is bound. When the original feature supplies no bank it is intentionally absent, not a license to invent one. Static offsets or unrelated dike models do not establish river-bank coverage."
unresolved/river-bank/SLOPE_SW/edge7/climate1,1,original-source-layer,live-source-selection-pending,"Conditional original CF_RIVER_EDGE owner: live base/callback/connectivity/source bytes must be observed before geometry is bound. When the original feature supplies no bank it is intentionally absent, not a license to invent one. Static offsets or unrelated dike models do not establish river-bank coverage."
unresolved/river-bank/SLOPE_SW/edge7/climate2,1,original-source-layer,live-source-selection-pending,"Conditional original CF_RIVER_EDGE owner: live base/callback/connectivity/source bytes must be observed before geometry is bound. When the original feature supplies no bank it is intentionally absent, not a license to invent one. Static offsets or unrelated dike models do not establish river-bank coverage."
unresolved/river-bank/SLOPE_SW/edge7/climate3,1,original-source-layer,live-source-selection-pending,"Conditional original CF_RIVER_EDGE owner: live base/callback/connectivity/source bytes must be observed before geometry is bound. When the original feature supplies no bank it is intentionally absent, not a license to invent one. Static offsets or unrelated dike models do not establish river-bank coverage."
unresolved/river-bank/SLOPE_SW/edge8/climate0,1,original-source-layer,live-source-selection-pending,"Conditional original CF_RIVER_EDGE owner: live base/callback/connectivity/source bytes must be observed before geometry is bound. When the original feature supplies no bank it is intentionally absent, not a license to invent one. Static offsets or unrelated dike models do not establish river-bank coverage."
unresolved/river-bank/SLOPE_SW/edge8/climate1,1,original-source-layer,live-source-selection-pending,"Conditional original CF_RIVER_EDGE owner: live base/callback/connectivity/source bytes must be observed before geometry is bound. When the original feature supplies no bank it is intentionally absent, not a license to invent one. Static offsets or unrelated dike models do not establish river-bank coverage."
unresolved/river-bank/SLOPE_SW/edge8/climate2,1,original-source-layer,live-source-selection-pending,"Conditional original CF_RIVER_EDGE owner: live base/callback/connectivity/source bytes must be observed before geometry is bound. When the original feature supplies no bank it is intentionally absent, not a license to invent one. Static offsets or unrelated dike models do not establish river-bank coverage."
unresolved/river-bank/SLOPE_SW/edge8/climate3,1,original-source-layer,live-source-selection-pending,"Conditional original CF_RIVER_EDGE owner: live base/callback/connectivity/source bytes must be observed before geometry is bound. When the original feature supplies no bank it is intentionally absent, not a license to invent one. Static offsets or unrelated dike models do not establish river-bank coverage."
unresolved/river-bank/SLOPE_SW/edge9/climate0,1,original-source-layer,live-source-selection-pending,"Conditional original CF_RIVER_EDGE owner: live base/callback/connectivity/source bytes must be observed before geometry is bound. When the original feature supplies no bank it is intentionally absent, not a license to invent one. Static offsets or unrelated dike models do not establish river-bank coverage."
unresolved/river-bank/SLOPE_SW/edge9/climate1,1,original-source-layer,live-source-selection-pending,"Conditional original CF_RIVER_EDGE owner: live base/callback/connectivity/source bytes must be observed before geometry is bound. When the original feature supplies no bank it is intentionally absent, not a license to invent one. Static offsets or unrelated dike models do not establish river-bank coverage."
unresolved/river-bank/SLOPE_SW/edge9/climate2,1,original-source-layer,live-source-selection-pending,"Conditional original CF_RIVER_EDGE owner: live base/callback/connectivity/source bytes must be observed before geometry is bound. When the original feature supplies no bank it is intentionally absent, not a license to invent one. Static offsets or unrelated dike models do not establish river-bank coverage."
unresolved/river-bank/SLOPE_SW/edge9/climate3,1,original-source-layer,live-source-selection-pending,"Conditional original CF_RIVER_EDGE owner: live base/callback/connectivity/source bytes must be observed before geometry is bound. When the original feature supplies no bank it is intentionally absent, not a license to invent one. Static offsets or unrelated dike models do not establish river-bank coverage."
unresolved/river-bank/SLOPE_SW/edge10/climate0,1,original-source-layer,live-source-selection-pending,"Conditional original CF_RIVER_EDGE owner: live base/callback/connectivity/source bytes must be observed before geometry is bound. When the original feature supplies no bank it is intentionally absent, not a license to invent one. Static offsets or unrelated dike models do not establish river-bank coverage."
unresolved/river-bank/SLOPE_SW/edge10/climate1,1,original-source-layer,live-source-selection-pending,"Conditional original CF_RIVER_EDGE owner: live base/callback/connectivity/source bytes must be observed before geometry is bound. When the original feature supplies no bank it is intentionally absent, not a license to invent one. Static offsets or unrelated dike models do not establish river-bank coverage."
unresolved/river-bank/SLOPE_SW/edge10/climate2,1,original-source-layer,live-source-selection-pending,"Conditional original CF_RIVER_EDGE owner: live base/callback/connectivity/source bytes must be observed before geometry is bound. When the original feature supplies no bank it is intentionally absent, not a license to invent one. Static offsets or unrelated dike models do not establish river-bank coverage."
unresolved/river-bank/SLOPE_SW/edge10/climate3,1,original-source-layer,live-source-selection-pending,"Conditional original CF_RIVER_EDGE owner: live base/callback/connectivity/source bytes must be observed before geometry is bound. When the original feature supplies no bank it is intentionally absent, not a license to invent one. Static offsets or unrelated dike models do not establish river-bank coverage."
unresolved/river-bank/SLOPE_SW/edge11/climate0,1,original-source-layer,live-source-selection-pending,"Conditional original CF_RIVER_EDGE owner: live base/callback/connectivity/source bytes must be observed before geometry is bound. When the original feature supplies no bank it is intentionally absent, not a license to invent one. Static offsets or unrelated dike models do not establish river-bank coverage."
unresolved/river-bank/SLOPE_SW/edge11/climate1,1,original-source-layer,live-source-selection-pending,"Conditional original CF_RIVER_EDGE owner: live base/callback/connectivity/source bytes must be observed before geometry is bound. When the original feature supplies no bank it is intentionally absent, not a license to invent one. Static offsets or unrelated dike models do not establish river-bank coverage."
unresolved/river-bank/SLOPE_SW/edge11/climate2,1,original-source-layer,live-source-selection-pending,"Conditional original CF_RIVER_EDGE owner: live base/callback/connectivity/source bytes must be observed before geometry is bound. When the original feature supplies no bank it is intentionally absent, not a license to invent one. Static offsets or unrelated dike models do not establish river-bank coverage."
unresolved/river-bank/SLOPE_SW/edge11/climate3,1,original-source-layer,live-source-selection-pending,"Conditional original CF_RIVER_EDGE owner: live base/callback/connectivity/source bytes must be observed before geometry is bound. When the original feature supplies no bank it is intentionally absent, not a license to invent one. Static offsets or unrelated dike models do not establish river-bank coverage."
unresolved/river-bank/SLOPE_NW/edge0/climate0,1,original-source-layer,live-source-selection-pending,"Conditional original CF_RIVER_EDGE owner: live base/callback/connectivity/source bytes must be observed before geometry is bound. When the original feature supplies no bank it is intentionally absent, not a license to invent one. Static offsets or unrelated dike models do not establish river-bank coverage."
unresolved/river-bank/SLOPE_NW/edge0/climate1,1,original-source-layer,live-source-selection-pending,"Conditional original CF_RIVER_EDGE owner: live base/callback/connectivity/source bytes must be observed before geometry is bound. When the original feature supplies no bank it is intentionally absent, not a license to invent one. Static offsets or unrelated dike models do not establish river-bank coverage."
unresolved/river-bank/SLOPE_NW/edge0/climate2,1,original-source-layer,live-source-selection-pending,"Conditional original CF_RIVER_EDGE owner: live base/callback/connectivity/source bytes must be observed before geometry is bound. When the original feature supplies no bank it is intentionally absent, not a license to invent one. Static offsets or unrelated dike models do not establish river-bank coverage."
unresolved/river-bank/SLOPE_NW/edge0/climate3,1,original-source-layer,live-source-selection-pending,"Conditional original CF_RIVER_EDGE owner: live base/callback/connectivity/source bytes must be observed before geometry is bound. When the original feature supplies no bank it is intentionally absent, not a license to invent one. Static offsets or unrelated dike models do not establish river-bank coverage."
unresolved/river-bank/SLOPE_NW/edge1/climate0,1,original-source-layer,live-source-selection-pending,"Conditional original CF_RIVER_EDGE owner: live base/callback/connectivity/source bytes must be observed before geometry is bound. When the original feature supplies no bank it is intentionally absent, not a license to invent one. Static offsets or unrelated dike models do not establish river-bank coverage."
unresolved/river-bank/SLOPE_NW/edge1/climate1,1,original-source-layer,live-source-selection-pending,"Conditional original CF_RIVER_EDGE owner: live base/callback/connectivity/source bytes must be observed before geometry is bound. When the original feature supplies no bank it is intentionally absent, not a license to invent one. Static offsets or unrelated dike models do not establish river-bank coverage."
unresolved/river-bank/SLOPE_NW/edge1/climate2,1,original-source-layer,live-source-selection-pending,"Conditional original CF_RIVER_EDGE owner: live base/callback/connectivity/source bytes must be observed before geometry is bound. When the original feature supplies no bank it is intentionally absent, not a license to invent one. Static offsets or unrelated dike models do not establish river-bank coverage."
unresolved/river-bank/SLOPE_NW/edge1/climate3,1,original-source-layer,live-source-selection-pending,"Conditional original CF_RIVER_EDGE owner: live base/callback/connectivity/source bytes must be observed before geometry is bound. When the original feature supplies no bank it is intentionally absent, not a license to invent one. Static offsets or unrelated dike models do not establish river-bank coverage."
unresolved/river-bank/SLOPE_NW/edge2/climate0,1,original-source-layer,live-source-selection-pending,"Conditional original CF_RIVER_EDGE owner: live base/callback/connectivity/source bytes must be observed before geometry is bound. When the original feature supplies no bank it is intentionally absent, not a license to invent one. Static offsets or unrelated dike models do not establish river-bank coverage."
unresolved/river-bank/SLOPE_NW/edge2/climate1,1,original-source-layer,live-source-selection-pending,"Conditional original CF_RIVER_EDGE owner: live base/callback/connectivity/source bytes must be observed before geometry is bound. When the original feature supplies no bank it is intentionally absent, not a license to invent one. Static offsets or unrelated dike models do not establish river-bank coverage."
unresolved/river-bank/SLOPE_NW/edge2/climate2,1,original-source-layer,live-source-selection-pending,"Conditional original CF_RIVER_EDGE owner: live base/callback/connectivity/source bytes must be observed before geometry is bound. When the original feature supplies no bank it is intentionally absent, not a license to invent one. Static offsets or unrelated dike models do not establish river-bank coverage."
unresolved/river-bank/SLOPE_NW/edge2/climate3,1,original-source-layer,live-source-selection-pending,"Conditional original CF_RIVER_EDGE owner: live base/callback/connectivity/source bytes must be observed before geometry is bound. When the original feature supplies no bank it is intentionally absent, not a license to invent one. Static offsets or unrelated dike models do not establish river-bank coverage."
unresolved/river-bank/SLOPE_NW/edge3/climate0,1,original-source-layer,live-source-selection-pending,"Conditional original CF_RIVER_EDGE owner: live base/callback/connectivity/source bytes must be observed before geometry is bound. When the original feature supplies no bank it is intentionally absent, not a license to invent one. Static offsets or unrelated dike models do not establish river-bank coverage."
unresolved/river-bank/SLOPE_NW/edge3/climate1,1,original-source-layer,live-source-selection-pending,"Conditional original CF_RIVER_EDGE owner: live base/callback/connectivity/source bytes must be observed before geometry is bound. When the original feature supplies no bank it is intentionally absent, not a license to invent one. Static offsets or unrelated dike models do not establish river-bank coverage."
unresolved/river-bank/SLOPE_NW/edge3/climate2,1,original-source-layer,live-source-selection-pending,"Conditional original CF_RIVER_EDGE owner: live base/callback/connectivity/source bytes must be observed before geometry is bound. When the original feature supplies no bank it is intentionally absent, not a license to invent one. Static offsets or unrelated dike models do not establish river-bank coverage."
unresolved/river-bank/SLOPE_NW/edge3/climate3,1,original-source-layer,live-source-selection-pending,"Conditional original CF_RIVER_EDGE owner: live base/callback/connectivity/source bytes must be observed before geometry is bound. When the original feature supplies no bank it is intentionally absent, not a license to invent one. Static offsets or unrelated dike models do not establish river-bank coverage."
unresolved/river-bank/SLOPE_NW/edge4/climate0,1,original-source-layer,live-source-selection-pending,"Conditional original CF_RIVER_EDGE owner: live base/callback/connectivity/source bytes must be observed before geometry is bound. When the original feature supplies no bank it is intentionally absent, not a license to invent one. Static offsets or unrelated dike models do not establish river-bank coverage."
unresolved/river-bank/SLOPE_NW/edge4/climate1,1,original-source-layer,live-source-selection-pending,"Conditional original CF_RIVER_EDGE owner: live base/callback/connectivity/source bytes must be observed before geometry is bound. When the original feature supplies no bank it is intentionally absent, not a license to invent one. Static offsets or unrelated dike models do not establish river-bank coverage."
unresolved/river-bank/SLOPE_NW/edge4/climate2,1,original-source-layer,live-source-selection-pending,"Conditional original CF_RIVER_EDGE owner: live base/callback/connectivity/source bytes must be observed before geometry is bound. When the original feature supplies no bank it is intentionally absent, not a license to invent one. Static offsets or unrelated dike models do not establish river-bank coverage."
unresolved/river-bank/SLOPE_NW/edge4/climate3,1,original-source-layer,live-source-selection-pending,"Conditional original CF_RIVER_EDGE owner: live base/callback/connectivity/source bytes must be observed before geometry is bound. When the original feature supplies no bank it is intentionally absent, not a license to invent one. Static offsets or unrelated dike models do not establish river-bank coverage."
unresolved/river-bank/SLOPE_NW/edge5/climate0,1,original-source-layer,live-source-selection-pending,"Conditional original CF_RIVER_EDGE owner: live base/callback/connectivity/source bytes must be observed before geometry is bound. When the original feature supplies no bank it is intentionally absent, not a license to invent one. Static offsets or unrelated dike models do not establish river-bank coverage."
unresolved/river-bank/SLOPE_NW/edge5/climate1,1,original-source-layer,live-source-selection-pending,"Conditional original CF_RIVER_EDGE owner: live base/callback/connectivity/source bytes must be observed before geometry is bound. When the original feature supplies no bank it is intentionally absent, not a license to invent one. Static offsets or unrelated dike models do not establish river-bank coverage."
unresolved/river-bank/SLOPE_NW/edge5/climate2,1,original-source-layer,live-source-selection-pending,"Conditional original CF_RIVER_EDGE owner: live base/callback/connectivity/source bytes must be observed before geometry is bound. When the original feature supplies no bank it is intentionally absent, not a license to invent one. Static offsets or unrelated dike models do not establish river-bank coverage."
unresolved/river-bank/SLOPE_NW/edge5/climate3,1,original-source-layer,live-source-selection-pending,"Conditional original CF_RIVER_EDGE owner: live base/callback/connectivity/source bytes must be observed before geometry is bound. When the original feature supplies no bank it is intentionally absent, not a license to invent one. Static offsets or unrelated dike models do not establish river-bank coverage."
unresolved/river-bank/SLOPE_NW/edge6/climate0,1,original-source-layer,live-source-selection-pending,"Conditional original CF_RIVER_EDGE owner: live base/callback/connectivity/source bytes must be observed before geometry is bound. When the original feature supplies no bank it is intentionally absent, not a license to invent one. Static offsets or unrelated dike models do not establish river-bank coverage."
unresolved/river-bank/SLOPE_NW/edge6/climate1,1,original-source-layer,live-source-selection-pending,"Conditional original CF_RIVER_EDGE owner: live base/callback/connectivity/source bytes must be observed before geometry is bound. When the original feature supplies no bank it is intentionally absent, not a license to invent one. Static offsets or unrelated dike models do not establish river-bank coverage."
unresolved/river-bank/SLOPE_NW/edge6/climate2,1,original-source-layer,live-source-selection-pending,"Conditional original CF_RIVER_EDGE owner: live base/callback/connectivity/source bytes must be observed before geometry is bound. When the original feature supplies no bank it is intentionally absent, not a license to invent one. Static offsets or unrelated dike models do not establish river-bank coverage."
unresolved/river-bank/SLOPE_NW/edge6/climate3,1,original-source-layer,live-source-selection-pending,"Conditional original CF_RIVER_EDGE owner: live base/callback/connectivity/source bytes must be observed before geometry is bound. When the original feature supplies no bank it is intentionally absent, not a license to invent one. Static offsets or unrelated dike models do not establish river-bank coverage."
unresolved/river-bank/SLOPE_NW/edge7/climate0,1,original-source-layer,live-source-selection-pending,"Conditional original CF_RIVER_EDGE owner: live base/callback/connectivity/source bytes must be observed before geometry is bound. When the original feature supplies no bank it is intentionally absent, not a license to invent one. Static offsets or unrelated dike models do not establish river-bank coverage."
unresolved/river-bank/SLOPE_NW/edge7/climate1,1,original-source-layer,live-source-selection-pending,"Conditional original CF_RIVER_EDGE owner: live base/callback/connectivity/source bytes must be observed before geometry is bound. When the original feature supplies no bank it is intentionally absent, not a license to invent one. Static offsets or unrelated dike models do not establish river-bank coverage."
unresolved/river-bank/SLOPE_NW/edge7/climate2,1,original-source-layer,live-source-selection-pending,"Conditional original CF_RIVER_EDGE owner: live base/callback/connectivity/source bytes must be observed before geometry is bound. When the original feature supplies no bank it is intentionally absent, not a license to invent one. Static offsets or unrelated dike models do not establish river-bank coverage."
unresolved/river-bank/SLOPE_NW/edge7/climate3,1,original-source-layer,live-source-selection-pending,"Conditional original CF_RIVER_EDGE owner: live base/callback/connectivity/source bytes must be observed before geometry is bound. When the original feature supplies no bank it is intentionally absent, not a license to invent one. Static offsets or unrelated dike models do not establish river-bank coverage."
unresolved/river-bank/SLOPE_NW/edge8/climate0,1,original-source-layer,live-source-selection-pending,"Conditional original CF_RIVER_EDGE owner: live base/callback/connectivity/source bytes must be observed before geometry is bound. When the original feature supplies no bank it is intentionally absent, not a license to invent one. Static offsets or unrelated dike models do not establish river-bank coverage."
unresolved/river-bank/SLOPE_NW/edge8/climate1,1,original-source-layer,live-source-selection-pending,"Conditional original CF_RIVER_EDGE owner: live base/callback/connectivity/source bytes must be observed before geometry is bound. When the original feature supplies no bank it is intentionally absent, not a license to invent one. Static offsets or unrelated dike models do not establish river-bank coverage."
unresolved/river-bank/SLOPE_NW/edge8/climate2,1,original-source-layer,live-source-selection-pending,"Conditional original CF_RIVER_EDGE owner: live base/callback/connectivity/source bytes must be observed before geometry is bound. When the original feature supplies no bank it is intentionally absent, not a license to invent one. Static offsets or unrelated dike models do not establish river-bank coverage."
unresolved/river-bank/SLOPE_NW/edge8/climate3,1,original-source-layer,live-source-selection-pending,"Conditional original CF_RIVER_EDGE owner: live base/callback/connectivity/source bytes must be observed before geometry is bound. When the original feature supplies no bank it is intentionally absent, not a license to invent one. Static offsets or unrelated dike models do not establish river-bank coverage."
unresolved/river-bank/SLOPE_NW/edge9/climate0,1,original-source-layer,live-source-selection-pending,"Conditional original CF_RIVER_EDGE owner: live base/callback/connectivity/source bytes must be observed before geometry is bound. When the original feature supplies no bank it is intentionally absent, not a license to invent one. Static offsets or unrelated dike models do not establish river-bank coverage."
unresolved/river-bank/SLOPE_NW/edge9/climate1,1,original-source-layer,live-source-selection-pending,"Conditional original CF_RIVER_EDGE owner: live base/callback/connectivity/source bytes must be observed before geometry is bound. When the original feature supplies no bank it is intentionally absent, not a license to invent one. Static offsets or unrelated dike models do not establish river-bank coverage."
unresolved/river-bank/SLOPE_NW/edge9/climate2,1,original-source-layer,live-source-selection-pending,"Conditional original CF_RIVER_EDGE owner: live base/callback/connectivity/source bytes must be observed before geometry is bound. When the original feature supplies no bank it is intentionally absent, not a license to invent one. Static offsets or unrelated dike models do not establish river-bank coverage."
unresolved/river-bank/SLOPE_NW/edge9/climate3,1,original-source-layer,live-source-selection-pending,"Conditional original CF_RIVER_EDGE owner: live base/callback/connectivity/source bytes must be observed before geometry is bound. When the original feature supplies no bank it is intentionally absent, not a license to invent one. Static offsets or unrelated dike models do not establish river-bank coverage."
unresolved/river-bank/SLOPE_NW/edge10/climate0,1,original-source-layer,live-source-selection-pending,"Conditional original CF_RIVER_EDGE owner: live base/callback/connectivity/source bytes must be observed before geometry is bound. When the original feature supplies no bank it is intentionally absent, not a license to invent one. Static offsets or unrelated dike models do not establish river-bank coverage."
unresolved/river-bank/SLOPE_NW/edge10/climate1,1,original-source-layer,live-source-selection-pending,"Conditional original CF_RIVER_EDGE owner: live base/callback/connectivity/source bytes must be observed before geometry is bound. When the original feature supplies no bank it is intentionally absent, not a license to invent one. Static offsets or unrelated dike models do not establish river-bank coverage."
unresolved/river-bank/SLOPE_NW/edge10/climate2,1,original-source-layer,live-source-selection-pending,"Conditional original CF_RIVER_EDGE owner: live base/callback/connectivity/source bytes must be observed before geometry is bound. When the original feature supplies no bank it is intentionally absent, not a license to invent one. Static offsets or unrelated dike models do not establish river-bank coverage."
unresolved/river-bank/SLOPE_NW/edge10/climate3,1,original-source-layer,live-source-selection-pending,"Conditional original CF_RIVER_EDGE owner: live base/callback/connectivity/source bytes must be observed before geometry is bound. When the original feature supplies no bank it is intentionally absent, not a license to invent one. Static offsets or unrelated dike models do not establish river-bank coverage."
unresolved/river-bank/SLOPE_NW/edge11/climate0,1,original-source-layer,live-source-selection-pending,"Conditional original CF_RIVER_EDGE owner: live base/callback/connectivity/source bytes must be observed before geometry is bound. When the original feature supplies no bank it is intentionally absent, not a license to invent one. Static offsets or unrelated dike models do not establish river-bank coverage."
unresolved/river-bank/SLOPE_NW/edge11/climate1,1,original-source-layer,live-source-selection-pending,"Conditional original CF_RIVER_EDGE owner: live base/callback/connectivity/source bytes must be observed before geometry is bound. When the original feature supplies no bank it is intentionally absent, not a license to invent one. Static offsets or unrelated dike models do not establish river-bank coverage."
unresolved/river-bank/SLOPE_NW/edge11/climate2,1,original-source-layer,live-source-selection-pending,"Conditional original CF_RIVER_EDGE owner: live base/callback/connectivity/source bytes must be observed before geometry is bound. When the original feature supplies no bank it is intentionally absent, not a license to invent one. Static offsets or unrelated dike models do not establish river-bank coverage."
unresolved/river-bank/SLOPE_NW/edge11/climate3,1,original-source-layer,live-source-selection-pending,"Conditional original CF_RIVER_EDGE owner: live base/callback/connectivity/source bytes must be observed before geometry is bound. When the original feature supplies no bank it is intentionally absent, not a license to invent one. Static offsets or unrelated dike models do not establish river-bank coverage."
