[2026-10-03 16:44:06] dbg: [driver:1] Successfully loaded blitter '32bpp-optimized'
[2026-10-03 16:44:06] dbg: [driver:1] OpenTT3D: Cocoa process 40014
[mvk-info] MoltenVK version 1.4.2, supporting Vulkan version 1.4.357.
	The following 154 Vulkan extensions are supported:
	VK_KHR_16bit_storage v1
	VK_KHR_8bit_storage v1
	VK_KHR_bind_memory2 v1
	VK_KHR_buffer_device_address v1
	VK_KHR_calibrated_timestamps v1
	VK_KHR_copy_commands2 v1
	VK_KHR_create_renderpass2 v1
	VK_KHR_dedicated_allocation v3
	VK_KHR_deferred_host_operations v4
	VK_KHR_depth_stencil_resolve v1
	VK_KHR_descriptor_update_template v1
	VK_KHR_device_group v4
	VK_KHR_device_group_creation v1
	VK_KHR_driver_properties v1
	VK_KHR_dynamic_rendering v1
	VK_KHR_dynamic_rendering_local_read v1
	VK_KHR_external_fence v1
	VK_KHR_external_fence_capabilities v1
	VK_KHR_external_memory v1
	VK_KHR_external_memory_capabilities v1
	VK_KHR_external_semaphore v1
	VK_KHR_external_semaphore_capabilities v1
	VK_KHR_format_feature_flags2 v2
	VK_KHR_fragment_shader_barycentric v1
	VK_KHR_get_memory_requirements2 v1
	VK_KHR_get_physical_device_properties2 v2
	VK_KHR_get_surface_capabilities2 v1
	VK_KHR_global_priority v1
	VK_KHR_image_format_list v1
	VK_KHR_imageless_framebuffer v1
	VK_KHR_incremental_present v2
	VK_KHR_index_type_uint8 v1
	VK_KHR_line_rasterization v1
	VK_KHR_load_store_op_none v1
	VK_KHR_maintenance1 v2
	VK_KHR_maintenance2 v1
	VK_KHR_maintenance3 v1
	VK_KHR_maintenance4 v2
	VK_KHR_maintenance5 v1
	VK_KHR_maintenance6 v1
	VK_KHR_maintenance7 v1
	VK_KHR_maintenance8 v1
	VK_KHR_maintenance9 v1
	VK_KHR_map_memory2 v1
	VK_KHR_multiview v1
	VK_KHR_portability_subset v1
	VK_KHR_present_id v1
	VK_KHR_present_id2 v1
	VK_KHR_present_wait v1
	VK_KHR_present_wait2 v1
	VK_KHR_push_descriptor v2
	VK_KHR_relaxed_block_layout v1
	VK_KHR_robustness2 v1
	VK_KHR_sampler_mirror_clamp_to_edge v3
	VK_KHR_sampler_ycbcr_conversion v14
	VK_KHR_separate_depth_stencil_layouts v1
	VK_KHR_shader_draw_parameters v1
	VK_KHR_shader_expect_assume v1
	VK_KHR_shader_float_controls v4
	VK_KHR_shader_float_controls2 v1
	VK_KHR_shader_float16_int8 v1
	VK_KHR_shader_fma v1
	VK_KHR_shader_integer_dot_product v1
	VK_KHR_shader_maximal_reconvergence v1
	VK_KHR_shader_non_semantic_info v1
	VK_KHR_shader_quad_control v1
	VK_KHR_shader_relaxed_extended_instruction v1
	VK_KHR_shader_subgroup_extended_types v1
	VK_KHR_shader_subgroup_rotate v2
	VK_KHR_shader_subgroup_uniform_control_flow v1
	VK_KHR_shader_terminate_invocation v1
	VK_KHR_spirv_1_4 v1
	VK_KHR_storage_buffer_storage_class v1
	VK_KHR_surface v25
	VK_KHR_surface_maintenance1 v1
	VK_KHR_surface_protected_capabilities v1
	VK_KHR_swapchain v70
	VK_KHR_swapchain_maintenance1 v1
	VK_KHR_swapchain_mutable_format v1
	VK_KHR_synchronization2 v1
	VK_KHR_timeline_semaphore v2
	VK_KHR_uniform_buffer_standard_layout v1
	VK_KHR_variable_pointers v1
	VK_KHR_vertex_attribute_divisor v1
	VK_KHR_vulkan_memory_model v3
	VK_KHR_zero_initialize_workgroup_memory v1
	VK_EXT_4444_formats v1
	VK_EXT_buffer_device_address v2
	VK_EXT_calibrated_timestamps v2
	VK_EXT_debug_marker v4
	VK_EXT_debug_report v10
	VK_EXT_debug_utils v2
	VK_EXT_depth_clip_control v1
	VK_EXT_descriptor_indexing v2
	VK_EXT_extended_dynamic_state v1
	VK_EXT_extended_dynamic_state2 v1
	VK_EXT_extended_dynamic_state3 v2
	VK_EXT_external_memory_host v1
	VK_EXT_external_memory_metal v1
	VK_EXT_fragment_shader_interlock v1
	VK_EXT_global_priority v2
	VK_EXT_global_priority_query v1
	VK_EXT_hdr_metadata v3
	VK_EXT_headless_surface v1
	VK_EXT_host_image_copy v1
	VK_EXT_host_query_reset v1
	VK_EXT_image_2d_view_of_3d v1
	VK_EXT_image_robustness v1
	VK_EXT_index_type_uint8 v1
	VK_EXT_inline_uniform_block v1
	VK_EXT_layer_settings v2
	VK_EXT_legacy_dithering v2
	VK_EXT_line_rasterization v1
	VK_EXT_load_store_op_none v1
	VK_EXT_memory_budget v1
	VK_EXT_metal_objects v2
	VK_EXT_metal_surface v1
	VK_EXT_non_seamless_cube_map v1
	VK_EXT_pipeline_creation_cache_control v3
	VK_EXT_pipeline_creation_feedback v1
	VK_EXT_pipeline_robustness v1
	VK_EXT_post_depth_coverage v1
	VK_EXT_primitive_topology_list_restart v1
	VK_EXT_private_data v1
	VK_EXT_provoking_vertex v1
	VK_EXT_robustness2 v1
	VK_EXT_sample_locations v1
	VK_EXT_sampler_filter_minmax v2
	VK_EXT_scalar_block_layout v1
	VK_EXT_separate_stencil_usage v1
	VK_EXT_shader_atomic_float v1
	VK_EXT_shader_demote_to_helper_invocation v1
	VK_EXT_shader_stencil_export v1
	VK_EXT_shader_subgroup_ballot v1
	VK_EXT_shader_subgroup_vote v1
	VK_EXT_shader_viewport_index_layer v1
	VK_EXT_subgroup_size_control v2
	VK_EXT_surface_maintenance1 v1
	VK_EXT_swapchain_colorspace v5
	VK_EXT_swapchain_maintenance1 v1
	VK_EXT_texel_buffer_alignment v1
	VK_EXT_texture_compression_astc_hdr v1
	VK_EXT_tooling_info v1
	VK_EXT_vertex_attribute_divisor v3
	VK_AMD_gpu_shader_half_float v2
	VK_AMD_negative_viewport_height v1
	VK_AMD_shader_image_load_store_lod v1
	VK_AMD_shader_trinary_minmax v1
	VK_GOOGLE_display_timing v1
	VK_IMG_format_pvrtc v1
	VK_INTEL_shader_integer_functions2 v1
	VK_MVK_macos_surface v3
	VK_MVK_moltenvk v37
	VK_NV_fragment_shader_barycentric v1
[mvk-info] GPU device:
	model: Apple M3 Pro
	type: Integrated
	vendorID: 0x106b
	deviceID: 0x1a060209
	pipelineCacheUUID: DB660224-1A06-0209-0000-000100000000
	GPU memory available: 13639 MB
	GPU memory used: 0 MB
	Metal Shading Language 4.0
	supports the following GPU Features:
		GPU Family Metal 4
		GPU Family Apple 9
		GPU Family Mac 1
		GPU Family Mac 2
		Read-Write Texture Tier 2
[mvk-info] Created VkInstance for Vulkan version 1.1.357, as requested by app, with the following 2 Vulkan extensions enabled:
	VK_KHR_surface v25
	VK_EXT_metal_surface v1
[mvk-info] Vulkan semaphores using MTLEvent.
[mvk-info] Descriptor sets binding resources using Metal3 argument buffers.
[mvk-info] Created VkDevice to run on GPU Apple M3 Pro with the following 2 Vulkan extensions enabled:
	VK_KHR_portability_subset v1
	VK_KHR_swapchain v70
[mvk-warn] VK_ERROR_FEATURE_NOT_PRESENT: Blending is enabled for attachment with format VK_FORMAT_R32_UINT, which does not support it.
[mvk-warn] VK_ERROR_FEATURE_NOT_PRESENT: Blending is enabled for attachment with format VK_FORMAT_R32_UINT, which does not support it.
[mvk-warn] VK_ERROR_FEATURE_NOT_PRESENT: Blending is enabled for attachment with format VK_FORMAT_R32_UINT, which does not support it.
[mvk-warn] VK_ERROR_FEATURE_NOT_PRESENT: Blending is enabled for attachment with format VK_FORMAT_R32_UINT, which does not support it.
[2026-10-03 16:44:06] dbg: [driver:1] OpenTT3D: Vulkan instanced renderer initialized on Apple M3 Pro
[mvk-info] Created 3 swapchain images with size (1280, 960) and contents scale 2.0 in layer (null) (0x85b3b69a0) on screen Built-in Retina Display.
[2026-10-03 16:44:06] dbg: [driver:1] Successfully loaded video driver 'cocoa-vulkan'
[2026-10-03 16:44:06] dbg: [driver:1] Successfully loaded sound driver 'null'
[2026-10-03 16:44:06] dbg: [driver:1] Successfully loaded music driver 'null'
[2026-10-03 16:44:07] dbg: [driver:1] OpenTT3D: background Cocoa window active=false, key=false, visible=false, policy=2
[2026-10-03 16:44:07] dbg: [driver:1] using thread for game-loop
[2026-10-03 16:44:07] dbg: [driver:1] OpenTT3D: retained live water source tile 38,12 role ground sprite 9952 at original height 0
[2026-10-03 16:44:07] dbg: [driver:1] OpenTT3D: retained live water source tile 38,12 role body sprite 10002 at original height 0
[2026-10-03 16:44:07] dbg: [driver:1] OpenTT3D: retained live water source tile 38,12 role body sprite 10006 at original height 0
[2026-10-03 16:44:07] dbg: [driver:1] OpenTT3D: retained live water source tile 39,12 role ground sprite 9955 at original height 0
[2026-10-03 16:44:07] dbg: [driver:1] OpenTT3D: retained live water source tile 39,12 role body sprite 9994 at original height 0
[2026-10-03 16:44:07] dbg: [driver:1] OpenTT3D: retained live water source tile 39,12 role body sprite 9998 at original height 0
[2026-10-03 16:44:07] dbg: [driver:1] OpenTT3D: retained live water source tile 40,12 role ground sprite 9952 at original height 8
[2026-10-03 16:44:28] dbg: [driver:1] OpenTT3D: loaded 1831 authored voxel models, 17420235 occupied cells, 12070638 exposed cell faces merged to 2656043 conforming rectangles / 20271120 triangles
[2026-10-03 16:44:28] dbg: [driver:1] OpenTT3D: retained lossless voxel sources use 36385568 bytes instead of 1727438004 dense cell bytes, with one shared palette
[2026-10-03 16:44:28] dbg: [driver:1] OpenTT3D: CPU voxel surfaces retain 1066079056 bytes under a scene-pinned soft budget, including 185267056 exact restoration bytes
[2026-10-03 16:44:29] dbg: [driver:1] OpenTT3D: retained live water source tile 40,12 role body sprite 10010 at original height 8
[2026-10-03 16:44:29] dbg: [driver:1] OpenTT3D: retained live water source tile 40,12 role body sprite 10014 at original height 8
[2026-10-03 16:44:29] dbg: [driver:1] OpenTT3D: loaded 62 profiles from opentt3d-trees.json
[2026-10-03 16:44:29] dbg: [driver:1] OpenTT3D: retained live water source tile 51,16 role ground sprite 9957 at original height 8
[2026-10-03 16:44:29] dbg: [driver:1] OpenTT3D: retained live water source tile 51,16 role body sprite 10026 at original height 8
[2026-10-03 16:44:29] dbg: [driver:1] OpenTT3D: retained live water source tile 51,16 role body sprite 10030 at original height 8
[2026-10-03 16:44:29] dbg: [driver:1] OpenTT3D: retained live water source tile 52,16 role ground sprite 9960 at original height 8
[2026-10-03 16:44:29] dbg: [driver:1] OpenTT3D: retained live water source tile 52,16 role body sprite 10018 at original height 8
[2026-10-03 16:44:29] dbg: [driver:1] OpenTT3D: retained live water source tile 52,16 role body sprite 10022 at original height 8
[2026-10-03 16:44:29] dbg: [driver:1] OpenTT3D: retained live water source tile 53,16 role ground sprite 9957 at original height 16
[2026-10-03 16:44:29] dbg: [driver:1] OpenTT3D: retained live water source tile 53,16 role body sprite 10034 at original height 16
[2026-10-03 16:44:29] dbg: [driver:1] OpenTT3D: retained live water source tile 53,16 role body sprite 10038 at original height 16
[2026-10-03 16:44:29] dbg: [driver:1] OpenTT3D: retained river selector tile 37,30 feature 5 base 11269 offset 0->0 sprite 11269 absent false
[2026-10-03 16:44:29] dbg: [driver:1] OpenTT3D: retained river selector tile 37,30 feature 6 base 10064 offset 0->0 sprite 10064 absent false
[2026-10-03 16:44:29] dbg: [driver:1] OpenTT3D: retained river selector tile 37,30 feature 6 base 10064 offset 3->3 sprite 10067 absent false
[2026-10-03 16:44:29] dbg: [driver:1] OpenTT3D: retained river selector tile 37,30 feature 6 base 10064 offset 7->7 sprite 10071 absent false
[2026-10-03 16:44:29] dbg: [driver:1] OpenTT3D: retained river selector tile 38,30 feature 5 base 11269 offset 0->0 sprite 11269 absent false
[2026-10-03 16:44:29] dbg: [driver:1] OpenTT3D: retained river selector tile 38,30 feature 6 base 10064 offset 3->3 sprite 10067 absent false
[2026-10-03 16:44:29] dbg: [driver:1] OpenTT3D: retained river selector tile 39,30 feature 5 base 11269 offset 0->0 sprite 11269 absent false
[2026-10-03 16:44:29] dbg: [driver:1] OpenTT3D: retained river selector tile 39,30 feature 6 base 10064 offset 3->3 sprite 10067 absent false
[2026-10-03 16:44:29] dbg: [driver:1] OpenTT3D: retained river selector tile 39,30 feature 6 base 10064 offset 9->9 sprite 10073 absent false
[2026-10-03 16:44:29] dbg: [driver:1] OpenTT3D: retained river selector tile 40,30 feature 5 base 11269 offset 0->0 sprite 11269 absent false
[2026-10-03 16:44:29] dbg: [driver:1] OpenTT3D: retained river selector tile 40,30 feature 6 base 10064 offset 1->1 sprite 10065 absent false
[2026-10-03 16:44:29] dbg: [driver:1] OpenTT3D: retained river selector tile 40,30 feature 6 base 10064 offset 3->3 sprite 10067 absent false
[2026-10-03 16:44:29] dbg: [driver:1] OpenTT3D: retained river selector tile 41,30 feature 5 base 11269 offset 0->0 sprite 11269 absent false
[2026-10-03 16:44:29] dbg: [driver:1] OpenTT3D: retained river selector tile 41,30 feature 6 base 10064 offset 1->1 sprite 10065 absent false
[2026-10-03 16:44:29] dbg: [driver:1] OpenTT3D: retained river selector tile 41,30 feature 6 base 10064 offset 3->3 sprite 10067 absent false
[2026-10-03 16:44:29] dbg: [driver:1] OpenTT3D: retained river selector tile 42,30 feature 5 base 11269 offset 0->0 sprite 11269 absent false
[2026-10-03 16:44:29] dbg: [driver:1] OpenTT3D: retained river selector tile 42,30 feature 6 base 10064 offset 2->2 sprite 10066 absent false
[2026-10-03 16:44:29] dbg: [driver:1] OpenTT3D: retained river selector tile 42,30 feature 6 base 10064 offset 3->3 sprite 10067 absent false
[2026-10-03 16:44:29] dbg: [driver:1] OpenTT3D: retained river selector tile 42,30 feature 6 base 10064 offset 8->8 sprite 10072 absent false
[2026-10-03 16:44:29] dbg: [driver:1] OpenTT3D: retained river selector tile 42,30 feature 6 base 10064 offset 6->6 sprite 10070 absent false
[2026-10-03 16:44:29] dbg: [driver:1] OpenTT3D: retained river selector tile 34,31 feature 5 base 11264 offset 3->3 sprite 11267 absent false
[2026-10-03 16:44:29] dbg: [driver:1] OpenTT3D: retained live water source tile 34,31 role ground sprite 11267 at original height 0
[2026-10-03 16:44:29] dbg: [driver:1] OpenTT3D: retained river selector tile 34,31 feature 6 base 10304 offset 39->39 sprite 10343 absent false
[2026-10-03 16:44:29] dbg: [driver:1] OpenTT3D: retained live water source tile 34,31 role ground sprite 10343 at original height 0
[2026-10-03 16:44:29] dbg: [driver:1] OpenTT3D: retained river selector tile 35,31 feature 5 base 11269 offset 0->0 sprite 11269 absent false
[2026-10-03 16:44:29] dbg: [driver:1] OpenTT3D: retained river selector tile 35,31 feature 6 base 10064 offset 3->3 sprite 10067 absent false
[2026-10-03 16:44:29] dbg: [driver:1] OpenTT3D: retained river selector tile 36,31 feature 5 base 11269 offset 0->0 sprite 11269 absent false
[2026-10-03 16:44:29] dbg: [driver:1] OpenTT3D: retained river selector tile 36,31 feature 6 base 10064 offset 3->3 sprite 10067 absent false
[2026-10-03 16:44:29] dbg: [driver:1] OpenTT3D: retained river selector tile 37,31 feature 5 base 11269 offset 0->0 sprite 11269 absent false
[2026-10-03 16:44:29] dbg: [driver:1] OpenTT3D: retained river selector tile 37,31 feature 6 base 10064 offset 11->11 sprite 10075 absent false
[2026-10-03 16:44:29] dbg: [driver:1] OpenTT3D: retained river selector tile 38,31 feature 5 base 11269 offset 0->0 sprite 11269 absent false
[2026-10-03 16:44:29] dbg: [driver:1] OpenTT3D: retained river selector tile 38,31 feature 6 base 10064 offset 9->9 sprite 10073 absent false
[2026-10-03 16:44:29] dbg: [driver:1] OpenTT3D: retained river selector tile 39,31 feature 5 base 11269 offset 0->0 sprite 11269 absent false
[2026-10-03 16:44:29] dbg: [driver:1] OpenTT3D: retained river selector tile 39,31 feature 6 base 10064 offset 1->1 sprite 10065 absent false
[2026-10-03 16:44:29] dbg: [driver:1] OpenTT3D: retained river selector tile 39,31 feature 6 base 10064 offset 2->2 sprite 10066 absent false
[2026-10-03 16:44:29] dbg: [driver:1] OpenTT3D: retained river selector tile 39,31 feature 6 base 10064 offset 5->5 sprite 10069 absent false
[2026-10-03 16:44:29] dbg: [driver:1] OpenTT3D: retained river selector tile 42,31 feature 5 base 11269 offset 0->0 sprite 11269 absent false
[2026-10-03 16:44:29] dbg: [driver:1] OpenTT3D: retained river selector tile 42,31 feature 6 base 10064 offset 0->0 sprite 10064 absent false
[2026-10-03 16:44:29] dbg: [driver:1] OpenTT3D: retained river selector tile 42,31 feature 6 base 10064 offset 1->1 sprite 10065 absent false
[2026-10-03 16:44:29] dbg: [driver:1] OpenTT3D: retained river selector tile 42,31 feature 6 base 10064 offset 4->4 sprite 10068 absent false
[2026-10-03 16:44:29] dbg: [driver:1] OpenTT3D: retained river selector tile 42,31 feature 6 base 10064 offset 10->10 sprite 10074 absent false
[2026-10-03 16:44:29] dbg: [driver:1] OpenTT3D: retained river selector tile 43,31 feature 5 base 11269 offset 0->0 sprite 11269 absent false
[2026-10-03 16:44:29] dbg: [driver:1] OpenTT3D: retained river selector tile 43,31 feature 6 base 10064 offset 1->1 sprite 10065 absent false
[2026-10-03 16:44:29] dbg: [driver:1] OpenTT3D: retained river selector tile 43,31 feature 6 base 10064 offset 3->3 sprite 10067 absent false
[2026-10-03 16:44:29] dbg: [driver:1] OpenTT3D: retained river selector tile 44,31 feature 5 base 11269 offset 0->0 sprite 11269 absent false
[2026-10-03 16:44:29] dbg: [driver:1] OpenTT3D: retained river selector tile 44,31 feature 6 base 10064 offset 2->2 sprite 10066 absent false
[2026-10-03 16:44:29] dbg: [driver:1] OpenTT3D: retained river selector tile 44,31 feature 6 base 10064 offset 3->3 sprite 10067 absent false
[2026-10-03 16:44:29] dbg: [driver:1] OpenTT3D: retained river selector tile 44,31 feature 6 base 10064 offset 8->8 sprite 10072 absent false
[2026-10-03 16:44:29] dbg: [driver:1] OpenTT3D: retained river selector tile 44,31 feature 6 base 10064 offset 6->6 sprite 10070 absent false
[2026-10-03 16:44:29] dbg: [driver:1] OpenTT3D: retained river selector tile 34,32 feature 5 base 11264 offset 3->3 sprite 11267 absent false
[2026-10-03 16:44:29] dbg: [driver:1] OpenTT3D: retained live water source tile 34,32 role ground sprite 11267 at original height 0
[2026-10-03 16:44:29] dbg: [driver:1] OpenTT3D: retained river selector tile 34,32 feature 6 base 10304 offset 37->37 sprite 10341 absent false
[2026-10-03 16:44:29] dbg: [driver:1] OpenTT3D: retained live water source tile 34,32 role ground sprite 10341 at original height 0
[2026-10-03 16:44:29] dbg: [driver:1] OpenTT3D: retained river selector tile 35,32 feature 5 base 11269 offset 0->0 sprite 11269 absent false
[2026-10-03 16:44:29] dbg: [driver:1] OpenTT3D: retained river selector tile 35,32 feature 6 base 10064 offset 1->1 sprite 10065 absent false
[2026-10-03 16:44:29] dbg: [driver:1] OpenTT3D: retained river selector tile 36,32 feature 5 base 11269 offset 0->0 sprite 11269 absent false
[2026-10-03 16:44:29] dbg: [driver:1] OpenTT3D: retained river selector tile 36,32 feature 6 base 10064 offset 1->1 sprite 10065 absent false
[2026-10-03 16:44:29] dbg: [driver:1] OpenTT3D: retained river selector tile 37,32 feature 5 base 11269 offset 0->0 sprite 11269 absent false
[2026-10-03 16:44:29] dbg: [driver:1] OpenTT3D: retained river selector tile 37,32 feature 6 base 10064 offset 1->1 sprite 10065 absent false
[2026-10-03 16:44:29] dbg: [driver:1] OpenTT3D: retained river selector tile 38,32 feature 5 base 11269 offset 0->0 sprite 11269 absent false
[2026-10-03 16:44:29] dbg: [driver:1] OpenTT3D: retained river selector tile 38,32 feature 6 base 10064 offset 1->1 sprite 10065 absent false
[2026-10-03 16:44:29] dbg: [driver:1] OpenTT3D: retained river selector tile 38,32 feature 6 base 10064 offset 2->2 sprite 10066 absent false
[2026-10-03 16:44:29] dbg: [driver:1] OpenTT3D: retained river selector tile 38,32 feature 6 base 10064 offset 5->5 sprite 10069 absent false
[2026-10-03 16:44:29] dbg: [driver:1] OpenTT3D: retained river selector tile 44,32 feature 5 base 11269 offset 0->0 sprite 11269 absent false
[2026-10-03 16:44:29] dbg: [driver:1] OpenTT3D: retained river selector tile 44,32 feature 6 base 10064 offset 0->0 sprite 10064 absent false
[2026-10-03 16:44:29] dbg: [driver:1] OpenTT3D: retained river selector tile 44,32 feature 6 base 10064 offset 1->1 sprite 10065 absent false
[2026-10-03 16:44:29] dbg: [driver:1] OpenTT3D: retained river selector tile 44,32 feature 6 base 10064 offset 4->4 sprite 10068 absent false
[2026-10-03 16:44:29] dbg: [driver:1] OpenTT3D: retained river selector tile 44,32 feature 6 base 10064 offset 10->10 sprite 10074 absent false
[2026-10-03 16:44:29] dbg: [driver:1] OpenTT3D: retained river selector tile 45,32 feature 5 base 11269 offset 0->0 sprite 11269 absent false
[2026-10-03 16:44:29] dbg: [driver:1] OpenTT3D: retained river selector tile 45,32 feature 6 base 10064 offset 1->1 sprite 10065 absent false
[2026-10-03 16:44:29] dbg: [driver:1] OpenTT3D: retained river selector tile 45,32 feature 6 base 10064 offset 3->3 sprite 10067 absent false
[2026-10-03 16:44:29] dbg: [driver:1] OpenTT3D: retained river selector tile 46,32 feature 5 base 11269 offset 0->0 sprite 11269 absent false
[2026-10-03 16:44:29] dbg: [driver:1] OpenTT3D: retained river selector tile 46,32 feature 6 base 10064 offset 2->2 sprite 10066 absent false
[2026-10-03 16:44:29] dbg: [driver:1] OpenTT3D: retained river selector tile 46,32 feature 6 base 10064 offset 3->3 sprite 10067 absent false
[2026-10-03 16:44:29] dbg: [driver:1] OpenTT3D: retained river selector tile 46,32 feature 6 base 10064 offset 8->8 sprite 10072 absent false
[2026-10-03 16:44:29] dbg: [driver:1] OpenTT3D: retained river selector tile 46,32 feature 6 base 10064 offset 6->6 sprite 10070 absent false
[2026-10-03 16:44:29] dbg: [driver:1] OpenTT3D: retained river selector tile 46,33 feature 5 base 11269 offset 0->0 sprite 11269 absent false
[2026-10-03 16:44:29] dbg: [driver:1] OpenTT3D: retained river selector tile 46,33 feature 6 base 10064 offset 0->0 sprite 10064 absent false
[2026-10-03 16:44:29] dbg: [driver:1] OpenTT3D: retained river selector tile 46,33 feature 6 base 10064 offset 1->1 sprite 10065 absent false
[2026-10-03 16:44:29] dbg: [driver:1] OpenTT3D: retained river selector tile 46,33 feature 6 base 10064 offset 4->4 sprite 10068 absent false
[2026-10-03 16:44:29] dbg: [driver:1] OpenTT3D: retained river selector tile 46,33 feature 6 base 10064 offset 10->10 sprite 10074 absent false
[2026-10-03 16:44:29] dbg: [driver:1] OpenTT3D: retained river selector tile 47,33 feature 5 base 11269 offset 0->0 sprite 11269 absent false
[2026-10-03 16:44:29] dbg: [driver:1] OpenTT3D: retained river selector tile 47,33 feature 6 base 10064 offset 2->2 sprite 10066 absent false
[2026-10-03 16:44:29] dbg: [driver:1] OpenTT3D: retained river selector tile 47,33 feature 6 base 10064 offset 3->3 sprite 10067 absent false
[2026-10-03 16:44:29] dbg: [driver:1] OpenTT3D: retained river selector tile 47,33 feature 6 base 10064 offset 8->8 sprite 10072 absent false
[2026-10-03 16:44:29] dbg: [driver:1] OpenTT3D: retained river selector tile 47,33 feature 6 base 10064 offset 6->6 sprite 10070 absent false
[2026-10-03 16:44:29] dbg: [driver:1] OpenTT3D: retained river selector tile 47,34 feature 5 base 11269 offset 0->0 sprite 11269 absent false
[2026-10-03 16:44:29] dbg: [driver:1] OpenTT3D: retained river selector tile 47,34 feature 6 base 10064 offset 0->0 sprite 10064 absent false
[2026-10-03 16:44:29] dbg: [driver:1] OpenTT3D: retained river selector tile 47,34 feature 6 base 10064 offset 1->1 sprite 10065 absent false
[2026-10-03 16:44:29] dbg: [driver:1] OpenTT3D: retained river selector tile 47,34 feature 6 base 10064 offset 4->4 sprite 10068 absent false
[2026-10-03 16:44:29] dbg: [driver:1] OpenTT3D: retained river selector tile 47,34 feature 6 base 10064 offset 10->10 sprite 10074 absent false
[2026-10-03 16:44:29] dbg: [driver:1] OpenTT3D: retained river selector tile 48,34 feature 5 base 11269 offset 0->0 sprite 11269 absent false
[2026-10-03 16:44:29] dbg: [driver:1] OpenTT3D: retained river selector tile 48,34 feature 6 base 10064 offset 2->2 sprite 10066 absent false
[2026-10-03 16:44:29] dbg: [driver:1] OpenTT3D: retained river selector tile 48,34 feature 6 base 10064 offset 3->3 sprite 10067 absent false
[2026-10-03 16:44:29] dbg: [driver:1] OpenTT3D: retained river selector tile 48,34 feature 6 base 10064 offset 8->8 sprite 10072 absent false
[2026-10-03 16:44:29] dbg: [driver:1] OpenTT3D: retained river selector tile 48,34 feature 6 base 10064 offset 6->6 sprite 10070 absent false
[2026-10-03 16:44:29] dbg: [driver:1] OpenTT3D: retained river selector tile 48,35 feature 5 base 11269 offset 0->0 sprite 11269 absent false
[2026-10-03 16:44:29] dbg: [driver:1] OpenTT3D: retained river selector tile 48,35 feature 6 base 10064 offset 0->0 sprite 10064 absent false
[2026-10-03 16:44:29] dbg: [driver:1] OpenTT3D: retained river selector tile 48,35 feature 6 base 10064 offset 1->1 sprite 10065 absent false
[2026-10-03 16:44:29] dbg: [driver:1] OpenTT3D: retained river selector tile 48,35 feature 6 base 10064 offset 4->4 sprite 10068 absent false
[2026-10-03 16:44:29] dbg: [driver:1] OpenTT3D: retained river selector tile 48,35 feature 6 base 10064 offset 10->10 sprite 10074 absent false
[2026-10-03 16:44:29] dbg: [driver:1] OpenTT3D: retained river selector tile 49,35 feature 5 base 11269 offset 0->0 sprite 11269 absent false
[2026-10-03 16:44:29] dbg: [driver:1] OpenTT3D: retained river selector tile 49,35 feature 6 base 10064 offset 1->1 sprite 10065 absent false
[2026-10-03 16:44:29] dbg: [driver:1] OpenTT3D: retained river selector tile 49,35 feature 6 base 10064 offset 3->3 sprite 10067 absent false
[2026-10-03 16:44:29] dbg: [driver:1] OpenTT3D: retained river selector tile 50,35 feature 5 base 11269 offset 0->0 sprite 11269 absent false
[2026-10-03 16:44:29] dbg: [driver:1] OpenTT3D: retained river selector tile 50,35 feature 6 base 10064 offset 1->1 sprite 10065 absent false
[2026-10-03 16:44:29] dbg: [driver:1] OpenTT3D: retained river selector tile 50,35 feature 6 base 10064 offset 3->3 sprite 10067 absent false
[2026-10-03 16:44:29] dbg: [driver:1] OpenTT3D: retained river selector tile 51,35 feature 5 base 11269 offset 0->0 sprite 11269 absent false
[2026-10-03 16:44:29] dbg: [driver:1] OpenTT3D: retained river selector tile 51,35 feature 6 base 10064 offset 1->1 sprite 10065 absent false
[2026-10-03 16:44:29] dbg: [driver:1] OpenTT3D: retained river selector tile 51,35 feature 6 base 10064 offset 3->3 sprite 10067 absent false
[2026-10-03 16:44:29] dbg: [driver:1] OpenTT3D: retained river selector tile 52,35 feature 5 base 11269 offset 0->0 sprite 11269 absent false
[2026-10-03 16:44:29] dbg: [driver:1] OpenTT3D: retained river selector tile 52,35 feature 6 base 10064 offset 1->1 sprite 10065 absent false
[2026-10-03 16:44:29] dbg: [driver:1] OpenTT3D: retained river selector tile 52,35 feature 6 base 10064 offset 3->3 sprite 10067 absent false
[2026-10-03 16:44:29] dbg: [driver:1] OpenTT3D: retained river selector tile 53,35 feature 5 base 11269 offset 0->0 sprite 11269 absent false
[2026-10-03 16:44:29] dbg: [driver:1] OpenTT3D: retained river selector tile 53,35 feature 6 base 10064 offset 1->1 sprite 10065 absent false
[2026-10-03 16:44:29] dbg: [driver:1] OpenTT3D: retained river selector tile 53,35 feature 6 base 10064 offset 3->3 sprite 10067 absent false
[2026-10-03 16:44:29] dbg: [driver:1] OpenTT3D: retained river selector tile 54,35 feature 5 base 11269 offset 0->0 sprite 11269 absent false
[2026-10-03 16:44:29] dbg: [driver:1] OpenTT3D: retained river selector tile 54,35 feature 6 base 10064 offset 1->1 sprite 10065 absent false
[2026-10-03 16:44:29] dbg: [driver:1] OpenTT3D: retained river selector tile 54,35 feature 6 base 10064 offset 2->2 sprite 10066 absent false
[2026-10-03 16:44:29] dbg: [driver:1] OpenTT3D: retained river selector tile 54,35 feature 6 base 10064 offset 3->3 sprite 10067 absent false
[2026-10-03 16:44:29] dbg: [driver:1] OpenTT3D: retained river selector tile 54,35 feature 6 base 10064 offset 5->5 sprite 10069 absent false
[2026-10-03 16:44:29] dbg: [driver:1] OpenTT3D: retained river selector tile 54,35 feature 6 base 10064 offset 6->6 sprite 10070 absent false
[2026-10-03 16:44:29] dbg: [driver:1] OpenTT3D: live projected tree 1674 stage 6 captured at 41,36
[2026-10-03 16:44:29] dbg: [driver:1] OpenTT3D: live projected tree 1576 stage 3 captured at 43,38
[2026-10-03 16:44:29] dbg: [driver:1] OpenTT3D: live projected tree 1639 stage 3 captured at 43,38
[2026-10-03 16:44:29] dbg: [driver:1] OpenTT3D: live projected tree 1604 stage 3 captured at 43,38
[2026-10-03 16:44:29] dbg: [driver:1] OpenTT3D: live projected tree 1688 stage 3 captured at 45,38
[2026-10-03 16:44:29] dbg: [driver:1] OpenTT3D: live voxel house 24 construction stage 3 captured at 46,38
[2026-10-03 16:44:29] dbg: [driver:1] OpenTT3D: live voxel house 24 construction stage 3 variant 2 captured
[2026-10-03 16:44:29] dbg: [driver:1] OpenTT3D: 51 ground-detail tiles rendered with raised crops, hay, rocks or turf
[2026-10-03 16:44:29] dbg: [driver:1] OpenTT3D: 18 unmodelled reference sprites in this view (release coverage is incomplete)
[2026-10-03 16:44:30] dbg: [driver:1] OpenTT3D: live voxel house 6 construction stage 3 captured at 43,40
[2026-10-03 16:44:30] dbg: [driver:1] OpenTT3D: live voxel house 6 construction stage 3 variant 3 captured
[2026-10-03 16:44:30] dbg: [driver:1] OpenTT3D: live voxel house ground 20 construction stage 3 captured at 45,41
[2026-10-03 16:44:30] dbg: [driver:1] OpenTT3D: live voxel house ground 20 construction stage 3 variant 1 captured
[2026-10-03 16:44:30] dbg: [driver:1] OpenTT3D: live voxel house 20 construction stage 3 captured at 45,41
[2026-10-03 16:44:30] dbg: [driver:1] OpenTT3D: live voxel house 20 construction stage 3 variant 1 captured
[2026-10-03 16:44:30] dbg: [driver:1] OpenTT3D: live voxel house ground 22 construction stage 3 captured at 46,41
[2026-10-03 16:44:30] dbg: [driver:1] OpenTT3D: live voxel house ground 22 construction stage 3 variant 2 captured
[2026-10-03 16:44:30] dbg: [driver:1] OpenTT3D: live voxel house 22 construction stage 3 captured at 46,41
[2026-10-03 16:44:30] dbg: [driver:1] OpenTT3D: live voxel house 22 construction stage 3 variant 2 captured
[2026-10-03 16:44:30] dbg: [driver:1] OpenTT3D: live voxel house ground 21 construction stage 3 captured at 45,42
[2026-10-03 16:44:30] dbg: [driver:1] OpenTT3D: live voxel house ground 21 construction stage 3 variant 2 captured
[2026-10-03 16:44:30] dbg: [driver:1] OpenTT3D: live voxel house 21 construction stage 3 captured at 45,42
[2026-10-03 16:44:30] dbg: [driver:1] OpenTT3D: live voxel house 21 construction stage 3 variant 2 captured
[2026-10-03 16:44:30] dbg: [driver:1] OpenTT3D: live voxel house ground 23 construction stage 3 captured at 46,42
[2026-10-03 16:44:30] dbg: [driver:1] OpenTT3D: live voxel house ground 23 construction stage 3 variant 1 captured
[2026-10-03 16:44:30] dbg: [driver:1] OpenTT3D: live voxel house 23 construction stage 3 captured at 46,42
[2026-10-03 16:44:30] dbg: [driver:1] OpenTT3D: live voxel house 23 construction stage 3 variant 1 captured
[2026-10-03 16:44:30] dbg: [driver:1] OpenTT3D: live voxel house 6 construction stage 3 captured at 43,43
[2026-10-03 16:44:30] dbg: [driver:1] OpenTT3D: live voxel house 6 construction stage 3 variant 0 captured
[2026-10-03 16:44:30] dbg: [driver:1] OpenTT3D: live voxel house ground 39 construction stage 2 captured at 45,43
[2026-10-03 16:44:30] dbg: [driver:1] OpenTT3D: live voxel house ground 39 construction stage 2 variant 3 captured
[2026-10-03 16:44:30] dbg: [driver:1] OpenTT3D: live voxel house 39 construction stage 2 captured at 45,43
[2026-10-03 16:44:30] dbg: [driver:1] OpenTT3D: live voxel house 39 construction stage 2 variant 3 captured
[2026-10-03 16:44:30] dbg: [driver:1] OpenTT3D: live voxel house 11 construction stage 3 captured at 46,43
[2026-10-03 16:44:30] dbg: [driver:1] OpenTT3D: live voxel house 11 construction stage 3 variant 0 captured
[2026-10-03 16:44:30] dbg: [driver:1] OpenTT3D: live voxel house 26 construction stage 3 captured at 44,45
[2026-10-03 16:44:30] dbg: [driver:1] OpenTT3D: live voxel house 26 construction stage 3 variant 3 captured
[2026-10-03 16:44:30] dbg: [driver:1] OpenTT3D: live voxel house ground 39 construction stage 3 captured at 46,45
[2026-10-03 16:44:30] dbg: [driver:1] OpenTT3D: live voxel house ground 39 construction stage 3 variant 1 captured
[2026-10-03 16:44:30] dbg: [driver:1] OpenTT3D: live voxel house 39 construction stage 3 captured at 46,45
[2026-10-03 16:44:30] dbg: [driver:1] OpenTT3D: live voxel house 39 construction stage 3 variant 1 captured
[2026-10-03 16:44:30] dbg: [driver:1] OpenTT3D: live voxel house 15 construction stage 3 captured at 47,45
[2026-10-03 16:44:30] dbg: [driver:1] OpenTT3D: live voxel house 15 construction stage 3 variant 2 captured
[2026-10-03 16:44:30] dbg: [driver:1] OpenTT3D: 2 slope foundations rendered with complete retaining walls
[2026-10-03 16:44:30] dbg: [driver:1] OpenTT3D: live voxel house ground 26 construction stage 0 captured at 50,39
[2026-10-03 16:44:30] dbg: [driver:1] OpenTT3D: live voxel house ground 26 construction stage 0 variant 0 captured
[2026-10-03 16:44:30] dbg: [driver:1] OpenTT3D: live projected tree 1632 stage 3 captured at 51,39
[2026-10-03 16:44:30] dbg: [driver:1] OpenTT3D: live projected tree 1625 stage 1 captured at 51,39
[2026-10-03 16:44:30] dbg: [driver:1] OpenTT3D: live projected tree 1653 stage 3 captured at 51,39
[2026-10-03 16:44:30] dbg: [driver:1] OpenTT3D: live voxel house 26 construction stage 2 captured at 48,41
[2026-10-03 16:44:30] dbg: [driver:1] OpenTT3D: live voxel house 26 construction stage 2 variant 3 captured
[2026-10-03 16:44:30] dbg: [driver:1] OpenTT3D: live voxel house 16 construction stage 3 captured at 49,41
[2026-10-03 16:44:30] dbg: [driver:1] OpenTT3D: live voxel house 16 construction stage 3 variant 2 captured
[2026-10-03 16:44:30] dbg: [driver:1] OpenTT3D: live voxel house 16 construction stage 3 captured at 48,42
[2026-10-03 16:44:30] dbg: [driver:1] OpenTT3D: live voxel house 16 construction stage 3 variant 0 captured
[2026-10-03 16:44:30] dbg: [driver:1] OpenTT3D: live projected tree 1583 stage 3 captured at 49,42
[2026-10-03 16:44:30] dbg: [driver:1] OpenTT3D: live voxel house 27 construction stage 3 captured at 49,43
[2026-10-03 16:44:30] dbg: [driver:1] OpenTT3D: live voxel house 27 construction stage 3 variant 0 captured
[2026-10-03 16:44:30] dbg: [driver:1] OpenTT3D: retained river selector tile 61,60 feature 5 base 11269 offset 0->0 sprite 11269 absent false
[2026-10-03 16:44:30] dbg: [driver:1] OpenTT3D: retained river selector tile 61,60 feature 6 base 10064 offset 0->0 sprite 10064 absent false
[2026-10-03 16:44:30] dbg: [driver:1] OpenTT3D: retained river selector tile 61,60 feature 6 base 10064 offset 1->1 sprite 10065 absent false
[2026-10-03 16:44:30] dbg: [driver:1] OpenTT3D: retained river selector tile 61,60 feature 6 base 10064 offset 3->3 sprite 10067 absent false
[2026-10-03 16:44:30] dbg: [driver:1] OpenTT3D: retained river selector tile 61,60 feature 6 base 10064 offset 4->4 sprite 10068 absent false
[2026-10-03 16:44:30] dbg: [driver:1] OpenTT3D: retained river selector tile 61,60 feature 6 base 10064 offset 7->7 sprite 10071 absent false
[2026-10-03 16:44:30] dbg: [driver:1] OpenTT3D: retained river selector tile 62,60 feature 5 base 11269 offset 0->0 sprite 11269 absent false
[2026-10-03 16:44:30] dbg: [driver:1] OpenTT3D: retained river selector tile 62,60 feature 6 base 10064 offset 1->1 sprite 10065 absent false
[2026-10-03 16:44:30] dbg: [driver:1] OpenTT3D: retained river selector tile 62,60 feature 6 base 10064 offset 3->3 sprite 10067 absent false
[2026-10-03 16:44:30] dbg: [driver:1] OpenTT3D: retained river selector tile 63,60 feature 5 base 11269 offset 0->0 sprite 11269 absent false
[2026-10-03 16:44:30] dbg: [driver:1] OpenTT3D: retained river selector tile 63,60 feature 6 base 10064 offset 2->2 sprite 10066 absent false
[2026-10-03 16:44:30] dbg: [driver:1] OpenTT3D: retained river selector tile 63,60 feature 6 base 10064 offset 3->3 sprite 10067 absent false
[2026-10-03 16:44:30] dbg: [driver:1] OpenTT3D: retained river selector tile 63,60 feature 6 base 10064 offset 8->8 sprite 10072 absent false
[2026-10-03 16:44:30] dbg: [driver:1] OpenTT3D: retained river selector tile 63,60 feature 6 base 10064 offset 6->6 sprite 10070 absent false
[2026-10-03 16:44:30] dbg: [driver:1] OpenTT3D: retained river selector tile 63,61 feature 5 base 11269 offset 0->0 sprite 11269 absent false
[2026-10-03 16:44:30] dbg: [driver:1] OpenTT3D: retained river selector tile 63,61 feature 6 base 10064 offset 0->0 sprite 10064 absent false
[2026-10-03 16:44:30] dbg: [driver:1] OpenTT3D: retained river selector tile 63,61 feature 6 base 10064 offset 2->2 sprite 10066 absent false
[2026-10-03 16:44:30] dbg: [driver:1] OpenTT3D: retained river selector tile 63,62 feature 5 base 11269 offset 0->0 sprite 11269 absent false
[2026-10-03 16:44:30] dbg: [driver:1] OpenTT3D: retained river selector tile 63,62 feature 6 base 10064 offset 0->0 sprite 10064 absent false
[2026-10-03 16:44:30] dbg: [driver:1] OpenTT3D: retained river selector tile 63,62 feature 6 base 10064 offset 2->2 sprite 10066 absent false
[2026-10-03 16:44:30] dbg: [driver:1] OpenTT3D: retained river selector tile 63,63 feature 5 base 11269 offset 0->0 sprite 11269 absent false
[2026-10-03 16:44:30] dbg: [driver:1] OpenTT3D: retained river selector tile 63,63 feature 6 base 10064 offset 0->0 sprite 10064 absent false
[2026-10-03 16:44:30] dbg: [driver:1] OpenTT3D: retained river selector tile 63,63 feature 6 base 10064 offset 2->2 sprite 10066 absent false
[2026-10-03 16:44:30] dbg: [driver:1] OpenTT3D: retained river selector tile 63,64 feature 5 base 11269 offset 0->0 sprite 11269 absent false
[2026-10-03 16:44:30] dbg: [driver:1] OpenTT3D: retained river selector tile 63,64 feature 6 base 10064 offset 0->0 sprite 10064 absent false
[2026-10-03 16:44:30] dbg: [driver:1] OpenTT3D: retained river selector tile 63,64 feature 6 base 10064 offset 2->2 sprite 10066 absent false
[2026-10-03 16:44:30] dbg: [driver:1] OpenTT3D: retained river selector tile 63,65 feature 5 base 11269 offset 0->0 sprite 11269 absent false
[2026-10-03 16:44:30] dbg: [driver:1] OpenTT3D: retained river selector tile 63,65 feature 6 base 10064 offset 0->0 sprite 10064 absent false
[2026-10-03 16:44:30] dbg: [driver:1] OpenTT3D: retained river selector tile 63,65 feature 6 base 10064 offset 2->2 sprite 10066 absent false
[2026-10-03 16:44:30] dbg: [driver:1] OpenTT3D: retained river selector tile 63,66 feature 5 base 11269 offset 0->0 sprite 11269 absent false
[2026-10-03 16:44:30] dbg: [driver:1] OpenTT3D: retained river selector tile 63,66 feature 6 base 10064 offset 0->0 sprite 10064 absent false
[2026-10-03 16:44:30] dbg: [driver:1] OpenTT3D: retained river selector tile 63,66 feature 6 base 10064 offset 1->1 sprite 10065 absent false
[2026-10-03 16:44:30] dbg: [driver:1] OpenTT3D: retained river selector tile 63,66 feature 6 base 10064 offset 4->4 sprite 10068 absent false
[2026-10-03 16:44:30] dbg: [driver:1] OpenTT3D: retained river selector tile 63,66 feature 6 base 10064 offset 10->10 sprite 10074 absent false
[2026-10-03 16:44:30] dbg: [driver:1] OpenTT3D: retained river selector tile 64,66 feature 5 base 11269 offset 0->0 sprite 11269 absent false
[2026-10-03 16:44:30] dbg: [driver:1] OpenTT3D: retained river selector tile 64,66 feature 6 base 10064 offset 3->3 sprite 10067 absent false
[2026-10-03 16:44:30] dbg: [driver:1] OpenTT3D: retained river selector tile 64,66 feature 6 base 10064 offset 8->8 sprite 10072 absent false
[2026-10-03 16:44:30] dbg: [driver:1] OpenTT3D: retained river selector tile 64,66 feature 6 base 10064 offset 9->9 sprite 10073 absent false
[2026-10-03 16:44:30] dbg: [driver:1] OpenTT3D: retained river selector tile 65,66 feature 5 base 11269 offset 0->0 sprite 11269 absent false
[2026-10-03 16:44:30] dbg: [driver:1] OpenTT3D: retained river selector tile 65,66 feature 6 base 10064 offset 1->1 sprite 10065 absent false
[2026-10-03 16:44:30] dbg: [driver:1] OpenTT3D: retained river selector tile 65,66 feature 6 base 10064 offset 3->3 sprite 10067 absent false
[2026-10-03 16:44:30] dbg: [driver:1] OpenTT3D: retained river selector tile 66,66 feature 5 base 11269 offset 0->0 sprite 11269 absent false
[2026-10-03 16:44:30] dbg: [driver:1] OpenTT3D: retained river selector tile 66,66 feature 6 base 10064 offset 2->2 sprite 10066 absent false
[2026-10-03 16:44:30] dbg: [driver:1] OpenTT3D: retained river selector tile 66,66 feature 6 base 10064 offset 3->3 sprite 10067 absent false
[2026-10-03 16:44:30] dbg: [driver:1] OpenTT3D: retained river selector tile 66,66 feature 6 base 10064 offset 8->8 sprite 10072 absent false
[2026-10-03 16:44:30] dbg: [driver:1] OpenTT3D: retained river selector tile 66,66 feature 6 base 10064 offset 6->6 sprite 10070 absent false
[2026-10-03 16:44:30] dbg: [driver:1] OpenTT3D: retained river selector tile 73,66 feature 5 base 11269 offset 0->0 sprite 11269 absent false
[2026-10-03 16:44:30] dbg: [driver:1] OpenTT3D: retained river selector tile 73,66 feature 6 base 10064 offset 0->0 sprite 10064 absent false
[2026-10-03 16:44:30] dbg: [driver:1] OpenTT3D: retained river selector tile 73,66 feature 6 base 10064 offset 3->3 sprite 10067 absent false
[2026-10-03 16:44:30] dbg: [driver:1] OpenTT3D: retained river selector tile 73,66 feature 6 base 10064 offset 9->9 sprite 10073 absent false
[2026-10-03 16:44:30] dbg: [driver:1] OpenTT3D: retained river selector tile 73,66 feature 6 base 10064 offset 7->7 sprite 10071 absent false
[2026-10-03 16:44:30] dbg: [driver:1] OpenTT3D: retained river selector tile 74,66 feature 5 base 11269 offset 0->0 sprite 11269 absent false
[2026-10-03 16:44:30] dbg: [driver:1] OpenTT3D: retained river selector tile 74,66 feature 6 base 10064 offset 1->1 sprite 10065 absent false
[2026-10-03 16:44:30] dbg: [driver:1] OpenTT3D: retained river selector tile 74,66 feature 6 base 10064 offset 3->3 sprite 10067 absent false
[2026-10-03 16:44:30] dbg: [driver:1] OpenTT3D: retained river selector tile 75,66 feature 5 base 11269 offset 0->0 sprite 11269 absent false
[2026-10-03 16:44:30] dbg: [driver:1] OpenTT3D: retained river selector tile 75,66 feature 6 base 10064 offset 1->1 sprite 10065 absent false
[2026-10-03 16:44:30] dbg: [driver:1] OpenTT3D: retained river selector tile 75,66 feature 6 base 10064 offset 3->3 sprite 10067 absent false
[2026-10-03 16:44:30] dbg: [driver:1] OpenTT3D: retained river selector tile 76,66 feature 5 base 11269 offset 0->0 sprite 11269 absent false
[2026-10-03 16:44:30] dbg: [driver:1] OpenTT3D: retained river selector tile 76,66 feature 6 base 10064 offset 1->1 sprite 10065 absent false
[2026-10-03 16:44:30] dbg: [driver:1] OpenTT3D: retained river selector tile 76,66 feature 6 base 10064 offset 3->3 sprite 10067 absent false
[2026-10-03 16:44:30] dbg: [driver:1] OpenTT3D: retained river selector tile 77,66 feature 5 base 11269 offset 0->0 sprite 11269 absent false
[2026-10-03 16:44:30] dbg: [driver:1] OpenTT3D: retained river selector tile 77,66 feature 6 base 10064 offset 1->1 sprite 10065 absent false
[2026-10-03 16:44:30] dbg: [driver:1] OpenTT3D: retained river selector tile 77,66 feature 6 base 10064 offset 3->3 sprite 10067 absent false
[2026-10-03 16:44:30] dbg: [driver:1] OpenTT3D: retained river selector tile 78,66 feature 5 base 11269 offset 0->0 sprite 11269 absent false
[2026-10-03 16:44:30] dbg: [driver:1] OpenTT3D: retained river selector tile 78,66 feature 6 base 10064 offset 1->1 sprite 10065 absent false
[2026-10-03 16:44:30] dbg: [driver:1] OpenTT3D: retained river selector tile 78,66 feature 6 base 10064 offset 3->3 sprite 10067 absent false
[2026-10-03 16:44:30] dbg: [driver:1] OpenTT3D: retained river selector tile 79,66 feature 5 base 11269 offset 0->0 sprite 11269 absent false
[2026-10-03 16:44:30] dbg: [driver:1] OpenTT3D: retained river selector tile 79,66 feature 6 base 10064 offset 1->1 sprite 10065 absent false
[2026-10-03 16:44:30] dbg: [driver:1] OpenTT3D: retained river selector tile 79,66 feature 6 base 10064 offset 3->3 sprite 10067 absent false
[2026-10-03 16:44:30] dbg: [driver:1] OpenTT3D: retained river selector tile 80,66 feature 5 base 11269 offset 0->0 sprite 11269 absent false
[2026-10-03 16:44:30] dbg: [driver:1] OpenTT3D: retained river selector tile 80,66 feature 6 base 10064 offset 1->1 sprite 10065 absent false
[2026-10-03 16:44:30] dbg: [driver:1] OpenTT3D: retained river selector tile 80,66 feature 6 base 10064 offset 3->3 sprite 10067 absent false
[2026-10-03 16:44:30] dbg: [driver:1] OpenTT3D: retained river selector tile 64,67 feature 5 base 11269 offset 0->0 sprite 11269 absent false
[2026-10-03 16:44:30] dbg: [driver:1] OpenTT3D: retained river selector tile 64,67 feature 6 base 10064 offset 0->0 sprite 10064 absent false
[2026-10-03 16:44:30] dbg: [driver:1] OpenTT3D: retained river selector tile 64,67 feature 6 base 10064 offset 2->2 sprite 10066 absent false
[2026-10-03 16:44:30] dbg: [driver:1] OpenTT3D: retained river selector tile 66,67 feature 5 base 11269 offset 0->0 sprite 11269 absent false
[2026-10-03 16:44:30] dbg: [driver:1] OpenTT3D: retained river selector tile 66,67 feature 6 base 10064 offset 0->0 sprite 10064 absent false
[2026-10-03 16:44:30] dbg: [driver:1] OpenTT3D: retained river selector tile 66,67 feature 6 base 10064 offset 1->1 sprite 10065 absent false
[2026-10-03 16:44:30] dbg: [driver:1] OpenTT3D: retained river selector tile 66,67 feature 6 base 10064 offset 4->4 sprite 10068 absent false
[2026-10-03 16:44:30] dbg: [driver:1] OpenTT3D: retained river selector tile 66,67 feature 6 base 10064 offset 10->10 sprite 10074 absent false
[2026-10-03 16:44:30] dbg: [driver:1] OpenTT3D: retained river selector tile 67,67 feature 5 base 11269 offset 0->0 sprite 11269 absent false
[2026-10-03 16:44:30] dbg: [driver:1] OpenTT3D: retained river selector tile 67,67 feature 6 base 10064 offset 1->1 sprite 10065 absent false
[2026-10-03 16:44:30] dbg: [driver:1] OpenTT3D: retained river selector tile 67,67 feature 6 base 10064 offset 3->3 sprite 10067 absent false
[2026-10-03 16:44:30] dbg: [driver:1] OpenTT3D: retained river selector tile 68,67 feature 5 base 11269 offset 0->0 sprite 11269 absent false
[2026-10-03 16:44:30] dbg: [driver:1] OpenTT3D: retained river selector tile 68,67 feature 6 base 10064 offset 2->2 sprite 10066 absent false
[2026-10-03 16:44:30] dbg: [driver:1] OpenTT3D: retained river selector tile 68,67 feature 6 base 10064 offset 3->3 sprite 10067 absent false
[2026-10-03 16:44:30] dbg: [driver:1] OpenTT3D: retained river selector tile 68,67 feature 6 base 10064 offset 8->8 sprite 10072 absent false
[2026-10-03 16:44:30] dbg: [driver:1] OpenTT3D: retained river selector tile 68,67 feature 6 base 10064 offset 6->6 sprite 10070 absent false
[2026-10-03 16:44:30] dbg: [driver:1] OpenTT3D: retained river selector tile 72,67 feature 5 base 11269 offset 0->0 sprite 11269 absent false
[2026-10-03 16:44:30] dbg: [driver:1] OpenTT3D: retained river selector tile 72,67 feature 6 base 10064 offset 0->0 sprite 10064 absent false
[2026-10-03 16:44:30] dbg: [driver:1] OpenTT3D: retained river selector tile 72,67 feature 6 base 10064 offset 3->3 sprite 10067 absent false
[2026-10-03 16:44:30] dbg: [driver:1] OpenTT3D: retained river selector tile 72,67 feature 6 base 10064 offset 9->9 sprite 10073 absent false
[2026-10-03 16:44:30] dbg: [driver:1] OpenTT3D: retained river selector tile 72,67 feature 6 base 10064 offset 7->7 sprite 10071 absent false
[2026-10-03 16:44:30] dbg: [driver:1] OpenTT3D: retained river selector tile 73,67 feature 5 base 11269 offset 0->0 sprite 11269 absent false
[2026-10-03 16:44:30] dbg: [driver:1] OpenTT3D: retained river selector tile 73,67 feature 6 base 10064 offset 1->1 sprite 10065 absent false
[2026-10-03 16:44:30] dbg: [driver:1] OpenTT3D: retained river selector tile 73,67 feature 6 base 10064 offset 2->2 sprite 10066 absent false
[2026-10-03 16:44:30] dbg: [driver:1] OpenTT3D: retained river selector tile 73,67 feature 6 base 10064 offset 5->5 sprite 10069 absent false
[2026-10-03 16:44:30] dbg: [driver:1] OpenTT3D: retained river selector tile 73,67 feature 6 base 10064 offset 11->11 sprite 10075 absent false
[2026-10-03 16:44:30] dbg: [driver:1] OpenTT3D: live voxel house 16 construction stage 3 captured at 48,43
[2026-10-03 16:44:30] dbg: [driver:1] OpenTT3D: live voxel house 16 construction stage 3 variant 1 captured
[2026-10-03 16:44:30] dbg: [driver:1] OpenTT3D: live voxel house 14 construction stage 3 captured at 49,44
[2026-10-03 16:44:30] dbg: [driver:1] OpenTT3D: live voxel house 14 construction stage 3 variant 2 captured
[2026-10-03 16:44:30] dbg: [driver:1] OpenTT3D: live voxel house 24 construction stage 3 captured at 43,45
[2026-10-03 16:44:30] dbg: [driver:1] OpenTT3D: live voxel house 24 construction stage 3 variant 1 captured
[2026-10-03 16:44:30] dbg: [driver:1] OpenTT3D: live projected tree 1688 stage 5 captured at 53,38
[2026-10-03 16:44:30] dbg: [driver:1] OpenTT3D: live projected tree 1674 stage 3 captured at 53,39
[2026-10-03 16:44:30] dbg: [driver:1] OpenTT3D: live projected tree 1618 stage 2 captured at 52,40
[2026-10-03 16:44:30] dbg: [driver:1] OpenTT3D: live projected tree 1618 stage 5 captured at 52,43
[2026-10-03 16:44:30] dbg: [driver:1] OpenTT3D: retained river selector tile 81,66 feature 5 base 11269 offset 0->0 sprite 11269 absent false
[2026-10-03 16:44:30] dbg: [driver:1] OpenTT3D: retained river selector tile 81,66 feature 6 base 10064 offset 1->1 sprite 10065 absent false
[2026-10-03 16:44:30] dbg: [driver:1] OpenTT3D: retained river selector tile 81,66 feature 6 base 10064 offset 3->3 sprite 10067 absent false
[2026-10-03 16:44:30] dbg: [driver:1] OpenTT3D: retained river selector tile 82,66 feature 5 base 11269 offset 0->0 sprite 11269 absent false
[2026-10-03 16:44:30] dbg: [driver:1] OpenTT3D: retained river selector tile 82,66 feature 6 base 10064 offset 1->1 sprite 10065 absent false
[2026-10-03 16:44:30] dbg: [driver:1] OpenTT3D: retained river selector tile 82,66 feature 6 base 10064 offset 2->2 sprite 10066 absent false
[2026-10-03 16:44:30] dbg: [driver:1] OpenTT3D: retained river selector tile 82,66 feature 6 base 10064 offset 3->3 sprite 10067 absent false
[2026-10-03 16:44:30] dbg: [driver:1] OpenTT3D: retained river selector tile 82,66 feature 6 base 10064 offset 5->5 sprite 10069 absent false
[2026-10-03 16:44:30] dbg: [driver:1] OpenTT3D: retained river selector tile 82,66 feature 6 base 10064 offset 6->6 sprite 10070 absent false
[2026-10-03 16:44:30] dbg: [driver:1] OpenTT3D: retained river selector tile 64,68 feature 5 base 11269 offset 0->0 sprite 11269 absent false
[2026-10-03 16:44:30] dbg: [driver:1] OpenTT3D: retained river selector tile 64,68 feature 6 base 10064 offset 0->0 sprite 10064 absent false
[2026-10-03 16:44:30] dbg: [driver:1] OpenTT3D: retained river selector tile 64,68 feature 6 base 10064 offset 2->2 sprite 10066 absent false
[2026-10-03 16:44:30] dbg: [driver:1] OpenTT3D: retained river selector tile 68,68 feature 5 base 11269 offset 0->0 sprite 11269 absent false
[2026-10-03 16:44:30] dbg: [driver:1] OpenTT3D: retained river selector tile 68,68 feature 6 base 10064 offset 0->0 sprite 10064 absent false
[2026-10-03 16:44:30] dbg: [driver:1] OpenTT3D: retained river selector tile 68,68 feature 6 base 10064 offset 1->1 sprite 10065 absent false
[2026-10-03 16:44:30] dbg: [driver:1] OpenTT3D: retained river selector tile 68,68 feature 6 base 10064 offset 4->4 sprite 10068 absent false
[2026-10-03 16:44:30] dbg: [driver:1] OpenTT3D: retained river selector tile 68,68 feature 6 base 10064 offset 10->10 sprite 10074 absent false
[2026-10-03 16:44:30] dbg: [driver:1] OpenTT3D: retained river selector tile 69,68 feature 5 base 11269 offset 0->0 sprite 11269 absent false
[2026-10-03 16:44:30] dbg: [driver:1] OpenTT3D: retained river selector tile 69,68 feature 6 base 10064 offset 1->1 sprite 10065 absent false
[2026-10-03 16:44:30] dbg: [driver:1] OpenTT3D: retained river selector tile 69,68 feature 6 base 10064 offset 3->3 sprite 10067 absent false
[2026-10-03 16:44:30] dbg: [driver:1] OpenTT3D: retained river selector tile 70,68 feature 5 base 11269 offset 0->0 sprite 11269 absent false
[2026-10-03 16:44:30] dbg: [driver:1] OpenTT3D: retained river selector tile 70,68 feature 6 base 10064 offset 1->1 sprite 10065 absent false
[2026-10-03 16:44:30] dbg: [driver:1] OpenTT3D: retained river selector tile 70,68 feature 6 base 10064 offset 3->3 sprite 10067 absent false
[2026-10-03 16:44:30] dbg: [driver:1] OpenTT3D: retained river selector tile 71,68 feature 5 base 11269 offset 0->0 sprite 11269 absent false
[2026-10-03 16:44:30] dbg: [driver:1] OpenTT3D: retained river selector tile 71,68 feature 6 base 10064 offset 1->1 sprite 10065 absent false
[2026-10-03 16:44:30] dbg: [driver:1] OpenTT3D: retained river selector tile 71,68 feature 6 base 10064 offset 3->3 sprite 10067 absent false
[2026-10-03 16:44:30] dbg: [driver:1] OpenTT3D: retained river selector tile 72,68 feature 5 base 11269 offset 0->0 sprite 11269 absent false
[2026-10-03 16:44:30] dbg: [driver:1] OpenTT3D: retained river selector tile 72,68 feature 6 base 10064 offset 1->1 sprite 10065 absent false
[2026-10-03 16:44:30] dbg: [driver:1] OpenTT3D: retained river selector tile 72,68 feature 6 base 10064 offset 2->2 sprite 10066 absent false
[2026-10-03 16:44:30] dbg: [driver:1] OpenTT3D: retained river selector tile 72,68 feature 6 base 10064 offset 5->5 sprite 10069 absent false
[2026-10-03 16:44:30] dbg: [driver:1] OpenTT3D: retained river selector tile 72,68 feature 6 base 10064 offset 11->11 sprite 10075 absent false
[2026-10-03 16:44:30] dbg: [driver:1] OpenTT3D: retained live water source tile 64,7 role ground sprite 9957 at original height 8
[2026-10-03 16:44:30] dbg: [driver:1] OpenTT3D: retained live water source tile 64,7 role body sprite 10024 at original height 8
[2026-10-03 16:44:30] dbg: [driver:1] OpenTT3D: retained live water source tile 64,7 role body sprite 10028 at original height 8
[2026-10-03 16:44:30] dbg: [driver:1] OpenTT3D: retained live water source tile 64,8 role ground sprite 9958 at original height 8
[2026-10-03 16:44:30] dbg: [driver:1] OpenTT3D: retained live water source tile 64,8 role body sprite 10016 at original height 8
[2026-10-03 16:44:30] dbg: [driver:1] OpenTT3D: retained live water source tile 64,8 role body sprite 10020 at original height 8
[2026-10-03 16:44:30] dbg: [driver:1] OpenTT3D: retained live water source tile 64,9 role ground sprite 9957 at original height 16
[2026-10-03 16:44:30] dbg: [driver:1] OpenTT3D: retained live water source tile 64,9 role body sprite 10032 at original height 16
[2026-10-03 16:44:30] dbg: [driver:1] OpenTT3D: retained live water source tile 64,9 role body sprite 10036 at original height 16
[2026-10-03 16:44:30] dbg: [driver:1] OpenTT3D: live projected tree 1695 stage 3 captured at 51,33
[2026-10-03 16:44:30] dbg: [driver:1] OpenTT3D: live projected tree 1702 stage 3 captured at 51,33
[2026-10-03 16:44:30] dbg: [driver:1] OpenTT3D: live projected tree 1611 stage 6 captured at 51,34
[2026-10-03 16:44:30] dbg: [driver:1] OpenTT3D: 81 roof/wall pixels select their owning tile across four rotations, with independent vehicle picking
[2026-10-03 16:44:30] dbg: [driver:1] OpenTT3D: live projected tree 1639 stage 1 captured at 56,1
[2026-10-03 16:44:30] dbg: [driver:1] OpenTT3D: live projected tree 1688 stage 6 captured at 79,1
[2026-10-03 16:44:30] dbg: [driver:1] OpenTT3D: live projected tree 1653 stage 1 captured at 83,1
[2026-10-03 16:44:30] dbg: [driver:1] OpenTT3D: live projected tree 1611 stage 3 captured at 90,1
[2026-10-03 16:44:30] dbg: [driver:1] OpenTT3D: live projected tree 1625 stage 3 captured at 94,2
[2026-10-03 16:44:30] dbg: [driver:1] OpenTT3D: live projected tree 1632 stage 5 captured at 94,2
[2026-10-03 16:44:30] dbg: [driver:1] OpenTT3D: retained live water source tile 49,3 role ground sprite 9952 at original height 0
[2026-10-03 16:44:30] dbg: [driver:1] OpenTT3D: retained live water source tile 49,3 role body sprite 10000 at original height 0
[2026-10-03 16:44:30] dbg: [driver:1] OpenTT3D: retained live water source tile 49,3 role body sprite 10004 at original height 0
[2026-10-03 16:44:30] dbg: [driver:1] OpenTT3D: live projected tree 1618 stage 3 captured at 60,3
[2026-10-03 16:44:30] dbg: [driver:1] OpenTT3D: live projected tree 1597 stage 2 captured at 60,3
[2026-10-03 16:44:30] dbg: [driver:1] OpenTT3D: live projected tree 1653 stage 2 captured at 89,3
[2026-10-03 16:44:30] dbg: [driver:1] OpenTT3D: retained live water source tile 49,4 role ground sprite 9953 at original height 0
[2026-10-03 16:44:30] dbg: [driver:1] OpenTT3D: retained live water source tile 49,4 role body sprite 9992 at original height 0
[2026-10-03 16:44:30] dbg: [driver:1] OpenTT3D: retained live water source tile 49,4 role body sprite 9996 at original height 0
[2026-10-03 16:44:30] dbg: [driver:1] OpenTT3D: live projected tree 1646 stage 4 captured at 51,4
[2026-10-03 16:44:30] dbg: [driver:1] OpenTT3D: live projected tree 1646 stage 6 captured at 76,4
[2026-10-03 16:44:30] dbg: [driver:1] OpenTT3D: live projected tree 1667 stage 4 captured at 86,4
[2026-10-03 16:44:30] dbg: [driver:1] OpenTT3D: retained live water source tile 100,4 role ground sprite 9952 at original height 8
[2026-10-03 16:44:30] dbg: [driver:1] OpenTT3D: retained live water source tile 100,4 role body sprite 10009 at original height 8
[2026-10-03 16:44:30] dbg: [driver:1] OpenTT3D: retained live water source tile 100,4 role body sprite 10013 at original height 8
[2026-10-03 16:44:30] dbg: [driver:1] OpenTT3D: retained live water source tile 101,4 role ground sprite 9954 at original height 0
[2026-10-03 16:44:30] dbg: [driver:1] OpenTT3D: retained live water source tile 101,4 role body sprite 9993 at original height 0
[2026-10-03 16:44:30] dbg: [driver:1] OpenTT3D: retained live water source tile 101,4 role body sprite 9997 at original height 0
[2026-10-03 16:44:30] dbg: [driver:1] OpenTT3D: retained live water source tile 102,4 role ground sprite 9952 at original height 0
[2026-10-03 16:44:30] dbg: [driver:1] OpenTT3D: retained live water source tile 102,4 role body sprite 10001 at original height 0
[2026-10-03 16:44:30] dbg: [driver:1] OpenTT3D: retained live water source tile 102,4 role body sprite 10005 at original height 0
[2026-10-03 16:44:30] dbg: [driver:1] OpenTT3D: retained live water source tile 49,5 role ground sprite 9952 at original height 8
[2026-10-03 16:44:30] dbg: [driver:1] OpenTT3D: retained live water source tile 49,5 role body sprite 10008 at original height 8
[2026-10-03 16:44:30] dbg: [driver:1] OpenTT3D: retained live water source tile 49,5 role body sprite 10012 at original height 8
[2026-10-03 16:44:30] dbg: [driver:1] OpenTT3D: live projected tree 1660 stage 3 captured at 57,6
[2026-10-03 16:44:30] dbg: [driver:1] OpenTT3D: live projected tree 1660 stage 1 captured at 86,6
[2026-10-03 16:44:30] dbg: [driver:1] OpenTT3D: live projected tree 1660 stage 2 captured at 63,7
[2026-10-03 16:44:30] dbg: [driver:1] OpenTT3D: live projected tree 1695 stage 1 captured at 81,7
[2026-10-03 16:44:30] dbg: [driver:1] OpenTT3D: live projected tree 1576 stage 6 captured at 99,7
[2026-10-03 16:44:30] dbg: [driver:1] OpenTT3D: live projected tree 1674 stage 0 captured at 56,8
[2026-10-03 16:44:30] dbg: [driver:1] OpenTT3D: live projected tree 1590 stage 4 captured at 61,8
[2026-10-03 16:44:30] dbg: [driver:1] OpenTT3D: live projected tree 1576 stage 0 captured at 74,8
[2026-10-03 16:44:30] dbg: [driver:1] OpenTT3D: live projected tree 1590 stage 3 captured at 74,8
[2026-10-03 16:44:30] dbg: [driver:1] OpenTT3D: live projected tree 1597 stage 3 captured at 74,8
[2026-10-03 16:44:30] dbg: [driver:1] OpenTT3D: live projected tree 1632 stage 0 captured at 110,8
[2026-10-03 16:44:30] dbg: [driver:1] OpenTT3D: live projected tree 1604 stage 5 captured at 74,9
[2026-10-03 16:44:30] dbg: [driver:1] OpenTT3D: live projected tree 1618 stage 6 captured at 103,9
[2026-10-03 16:44:30] dbg: [driver:1] OpenTT3D: live projected tree 1611 stage 5 captured at 87,11
[2026-10-03 16:44:30] dbg: [driver:1] OpenTT3D: live projected tree 1660 stage 4 captured at 88,11
[2026-10-03 16:44:30] dbg: [driver:1] OpenTT3D: live projected tree 1660 stage 0 captured at 46,12
[2026-10-03 16:44:30] dbg: [driver:1] OpenTT3D: live projected tree 1590 stage 6 captured at 59,12
[2026-10-03 16:44:30] dbg: [driver:1] OpenTT3D: live projected tree 1576 stage 1 captured at 93,12
[2026-10-03 16:44:30] dbg: [driver:1] OpenTT3D: live projected tree 1639 stage 2 captured at 99,12
[2026-10-03 16:44:30] dbg: [driver:1] OpenTT3D: live projected tree 1604 stage 6 captured at 108,12
[2026-10-03 16:44:30] dbg: [driver:1] OpenTT3D: live projected tree 1653 stage 0 captured at 65,13
[2026-10-03 16:44:30] dbg: [driver:1] OpenTT3D: live projected tree 1646 stage 3 captured at 65,13
[2026-10-03 16:44:30] dbg: [driver:1] OpenTT3D: live projected tree 1583 stage 2 captured at 83,13
[2026-10-03 16:44:30] dbg: [driver:1] OpenTT3D: live projected tree 1702 stage 4 captured at 90,13
[2026-10-03 16:44:30] dbg: [driver:1] OpenTT3D: live projected tree 1667 stage 3 captured at 59,14
[2026-10-03 16:44:30] dbg: [driver:1] OpenTT3D: retained live water source tile 80,14 role ground sprite 9957 at original height 16
[2026-10-03 16:44:30] dbg: [driver:1] OpenTT3D: retained live water source tile 80,14 role body sprite 10033 at original height 16
[2026-10-03 16:44:30] dbg: [driver:1] OpenTT3D: retained live water source tile 80,14 role body sprite 10037 at original height 16
[2026-10-03 16:44:30] dbg: [driver:1] OpenTT3D: retained live water source tile 81,14 role ground sprite 9959 at original height 8
[2026-10-03 16:44:30] dbg: [driver:1] OpenTT3D: retained live water source tile 81,14 role body sprite 10017 at original height 8
[2026-10-03 16:44:30] dbg: [driver:1] OpenTT3D: retained live water source tile 81,14 role body sprite 10021 at original height 8
[2026-10-03 16:44:30] dbg: [driver:1] OpenTT3D: retained live water source tile 82,14 role ground sprite 9957 at original height 8
[2026-10-03 16:44:30] dbg: [driver:1] OpenTT3D: retained live water source tile 82,14 role body sprite 10025 at original height 8
[2026-10-03 16:44:30] dbg: [driver:1] OpenTT3D: retained live water source tile 82,14 role body sprite 10029 at original height 8
[2026-10-03 16:44:30] dbg: [driver:1] OpenTT3D: live projected tree 1625 stage 5 captured at 99,14
[2026-10-03 16:44:30] dbg: [driver:1] OpenTT3D: live projected tree 1590 stage 1 captured at 119,14
[2026-10-03 16:44:30] dbg: [driver:1] OpenTT3D: live projected tree 1611 stage 0 captured at 124,14
[2026-10-03 16:44:30] dbg: [driver:1] OpenTT3D: live projected tree 1632 stage 6 captured at 58,15
[2026-10-03 16:44:30] dbg: [driver:1] OpenTT3D: live projected tree 1653 stage 4 captured at 77,15
[2026-10-03 16:44:30] dbg: [driver:1] OpenTT3D: live projected tree 1625 stage 2 captured at 117,15
[2026-10-03 16:44:30] dbg: [driver:1] OpenTT3D: live projected tree 1590 stage 5 captured at 124,15
[2026-10-03 16:44:30] dbg: [driver:1] OpenTT3D: live projected tree 1646 stage 5 captured at 126,15
[2026-10-03 16:44:30] dbg: [driver:1] OpenTT3D: live projected tree 1590 stage 0 captured at 11,16
[2026-10-03 16:44:30] dbg: [driver:1] OpenTT3D: live projected tree 1604 stage 1 captured at 67,16
[2026-10-03 16:44:30] dbg: [driver:1] OpenTT3D: live projected tree 1590 stage 2 captured at 110,16
[2026-10-03 16:44:30] dbg: [driver:1] OpenTT3D: live projected tree 1674 stage 5 captured at 72,17
[2026-10-03 16:44:30] dbg: [driver:1] OpenTT3D: live projected tree 1618 stage 1 captured at 103,17
[2026-10-03 16:44:30] dbg: [driver:1] OpenTT3D: live projected tree 1632 stage 4 captured at 125,17
[2026-10-03 16:44:30] dbg: [driver:1] OpenTT3D: live projected tree 1583 stage 0 captured at 126,17
[2026-10-03 16:44:30] dbg: [driver:1] OpenTT3D: live projected tree 1674 stage 2 captured at 10,18
[2026-10-03 16:44:30] dbg: [driver:1] OpenTT3D: live projected tree 1625 stage 6 captured at 73,18
[2026-10-03 16:44:30] dbg: [driver:1] OpenTT3D: live projected tree 1632 stage 2 captured at 102,18
[2026-10-03 16:44:30] dbg: [driver:1] OpenTT3D: live projected tree 1660 stage 6 captured at 105,18
[2026-10-03 16:44:30] dbg: [driver:1] OpenTT3D: live projected tree 1674 stage 4 captured at 122,18
[2026-10-03 16:44:30] dbg: [driver:1] OpenTT3D: live projected tree 1681 stage 2 captured at 125,18
[2026-10-03 16:44:30] dbg: [driver:1] OpenTT3D: live projected tree 1702 stage 6 captured at 82,19
[2026-10-03 16:44:30] dbg: [driver:1] OpenTT3D: live projected tree 1674 stage 1 captured at 97,19
[2026-10-03 16:44:30] dbg: [driver:1] OpenTT3D: live projected tree 1618 stage 0 captured at 105,19
[2026-10-03 16:44:30] dbg: [driver:1] OpenTT3D: live projected tree 1632 stage 1 captured at 119,19
[2026-10-03 16:44:30] dbg: [driver:1] OpenTT3D: live projected tree 1639 stage 5 captured at 124,19
[2026-10-03 16:44:30] dbg: [driver:1] OpenTT3D: live projected tree 1702 stage 0 captured at 77,20
[2026-10-03 16:44:30] dbg: [driver:1] OpenTT3D: live projected tree 1611 stage 1 captured at 80,20
[2026-10-03 16:44:30] dbg: [driver:1] OpenTT3D: live projected tree 1639 stage 4 captured at 119,20
[2026-10-03 16:44:30] dbg: [driver:1] OpenTT3D: live projected tree 1604 stage 2 captured at 120,20
[2026-10-03 16:44:30] dbg: [driver:1] OpenTT3D: live projected tree 1611 stage 4 captured at 124,20
[2026-10-03 16:44:30] dbg: [driver:1] OpenTT3D: live projected tree 1688 stage 1 captured at 107,21
[2026-10-03 16:44:30] dbg: [driver:1] OpenTT3D: live projected tree 1660 stage 5 captured at 120,21
[2026-10-03 16:44:30] dbg: [driver:1] OpenTT3D: live projected tree 1653 stage 5 captured at 58,22
[2026-10-03 16:44:30] dbg: [driver:1] OpenTT3D: live projected tree 1702 stage 2 captured at 122,22
[2026-10-03 16:44:30] dbg: [driver:1] OpenTT3D: live projected tree 1583 stage 6 captured at 53,23
[2026-10-03 16:44:30] dbg: [driver:1] OpenTT3D: live projected tree 1646 stage 1 captured at 80,23
[2026-10-03 16:44:30] dbg: [driver:1] OpenTT3D: live projected tree 1681 stage 3 captured at 80,23
[2026-10-03 16:44:30] dbg: [driver:1] OpenTT3D: live projected tree 1646 stage 0 captured at 15,24
[2026-10-03 16:44:30] dbg: [driver:1] OpenTT3D: live projected tree 1576 stage 2 captured at 75,24
[2026-10-03 16:44:30] dbg: [driver:1] OpenTT3D: live projected tree 1611 stage 2 captured at 122,24
[2026-10-03 16:44:30] dbg: [driver:1] OpenTT3D: live projected tree 1625 stage 4 captured at 120,25
[2026-10-03 16:44:30] dbg: [driver:1] OpenTT3D: live projected tree 1653 stage 6 captured at 125,26
[2026-10-03 16:44:30] dbg: [driver:1] OpenTT3D: live projected tree 1688 stage 2 captured at 68,27
[2026-10-03 16:44:30] dbg: [driver:1] OpenTT3D: live projected tree 1583 stage 4 captured at 122,27
[2026-10-03 16:44:30] dbg: [driver:1] OpenTT3D: live projected tree 1681 stage 4 captured at 104,28
[2026-10-03 16:44:30] dbg: [driver:1] OpenTT3D: live projected tree 1681 stage 6 captured at 124,28
[2026-10-03 16:44:30] dbg: [driver:1] OpenTT3D: live projected tree 1604 stage 4 captured at 25,29
[2026-10-03 16:44:30] dbg: [driver:1] OpenTT3D: live voxel object 1 size 0 part 0 body climate 0 source 2602 captured at 8,30 with original body ownership
[2026-10-03 16:44:30] dbg: [driver:1] OpenTT3D: live projected tree 1597 stage 5 captured at 26,30
[2026-10-03 16:44:30] dbg: [driver:1] OpenTT3D: live projected tree 1688 stage 0 captured at 96,31
[2026-10-03 16:44:30] dbg: [driver:1] OpenTT3D: live projected tree 1688 stage 4 captured at 98,31
[2026-10-03 16:44:30] dbg: [driver:1] OpenTT3D: live projected tree 1695 stage 6 captured at 95,32
[2026-10-03 16:44:30] dbg: [driver:1] OpenTT3D: live projected tree 1576 stage 4 captured at 23,33
[2026-10-03 16:44:30] dbg: [driver:1] OpenTT3D: live projected tree 1702 stage 5 captured at 30,34
[2026-10-03 16:44:30] dbg: [driver:1] OpenTT3D: live projected tree 1639 stage 6 captured at 70,34
[2026-10-03 16:44:30] dbg: [driver:1] OpenTT3D: live projected tree 1702 stage 1 captured at 24,35
[2026-10-03 16:44:30] dbg: [driver:1] OpenTT3D: live projected tree 1695 stage 4 captured at 27,35
[2026-10-03 16:44:30] dbg: [driver:1] OpenTT3D: live projected tree 1646 stage 2 captured at 84,35
[2026-10-03 16:44:30] dbg: [driver:1] OpenTT3D: live projected tree 1583 stage 5 captured at 26,36
[2026-10-03 16:44:30] dbg: [driver:1] OpenTT3D: live projected tree 1597 stage 1 captured at 61,36
[2026-10-03 16:44:30] dbg: [driver:1] OpenTT3D: retained live water source tile 8,39 role ground sprite 9952 at original height 8
[2026-10-03 16:44:30] dbg: [driver:1] OpenTT3D: retained live water source tile 8,39 role body sprite 10011 at original height 8
[2026-10-03 16:44:30] dbg: [driver:1] OpenTT3D: retained live water source tile 8,39 role body sprite 10015 at original height 8
[2026-10-03 16:44:30] dbg: [driver:1] OpenTT3D: live projected tree 1667 stage 6 captured at 31,39
[2026-10-03 16:44:30] dbg: [driver:1] OpenTT3D: live projected tree 1681 stage 0 captured at 73,39
[2026-10-03 16:44:30] dbg: [driver:1] OpenTT3D: live projected tree 1618 stage 4 captured at 82,39
[2026-10-03 16:44:30] dbg: [driver:1] OpenTT3D: retained live water source tile 8,40 role ground sprite 9956 at original height 0
[2026-10-03 16:44:30] dbg: [driver:1] OpenTT3D: retained live water source tile 8,40 role body sprite 9995 at original height 0
[2026-10-03 16:44:30] dbg: [driver:1] OpenTT3D: retained live water source tile 8,40 role body sprite 9999 at original height 0
[2026-10-03 16:44:30] dbg: [driver:1] OpenTT3D: live projected tree 1597 stage 4 captured at 13,40
[2026-10-03 16:44:30] dbg: [driver:1] OpenTT3D: live projected tree 1604 stage 0 captured at 23,40
[2026-10-03 16:44:30] dbg: [driver:1] OpenTT3D: retained live water source tile 8,41 role ground sprite 9952 at original height 0
[2026-10-03 16:44:30] dbg: [driver:1] OpenTT3D: retained live water source tile 8,41 role body sprite 10003 at original height 0
[2026-10-03 16:44:30] dbg: [driver:1] OpenTT3D: retained live water source tile 8,41 role body sprite 10007 at original height 0
[2026-10-03 16:44:30] dbg: [driver:1] OpenTT3D: live projected tree 1695 stage 0 captured at 54,41
[2026-10-03 16:44:30] dbg: [driver:1] OpenTT3D: retained live water source tile 94,43 role ground sprite 9957 at original height 16
[2026-10-03 16:44:30] dbg: [driver:1] OpenTT3D: retained live water source tile 94,43 role body sprite 10035 at original height 16
[2026-10-03 16:44:30] dbg: [driver:1] OpenTT3D: retained live water source tile 94,43 role body sprite 10039 at original height 16
[2026-10-03 16:44:30] dbg: [driver:1] OpenTT3D: live projected tree 1667 stage 1 captured at 98,43
[2026-10-03 16:44:30] dbg: [driver:1] OpenTT3D: retained live water source tile 94,44 role ground sprite 9961 at original height 8
[2026-10-03 16:44:30] dbg: [driver:1] OpenTT3D: retained live water source tile 94,44 role body sprite 10019 at original height 8
[2026-10-03 16:44:30] dbg: [driver:1] OpenTT3D: retained live water source tile 94,44 role body sprite 10023 at original height 8
[2026-10-03 16:44:30] dbg: [driver:1] OpenTT3D: live voxel house 15 construction stage 3 captured at 49,45
[2026-10-03 16:44:30] dbg: [driver:1] OpenTT3D: live voxel house 15 construction stage 3 variant 1 captured
[2026-10-03 16:44:30] dbg: [driver:1] OpenTT3D: live projected tree 1583 stage 1 captured at 54,45
[2026-10-03 16:44:30] dbg: [driver:1] OpenTT3D: retained live water source tile 94,45 role ground sprite 9957 at original height 8
[2026-10-03 16:44:30] dbg: [driver:1] OpenTT3D: retained live water source tile 94,45 role body sprite 10027 at original height 8
[2026-10-03 16:44:30] dbg: [driver:1] OpenTT3D: retained live water source tile 94,45 role body sprite 10031 at original height 8
[2026-10-03 16:44:30] dbg: [driver:1] OpenTT3D: live voxel house 29 construction stage 3 captured at 44,46
[2026-10-03 16:44:30] dbg: [driver:1] OpenTT3D: live voxel house 29 construction stage 3 variant 2 captured
[2026-10-03 16:44:30] dbg: [driver:1] OpenTT3D: live voxel house 29 construction stage 3 captured at 46,46
[2026-10-03 16:44:30] dbg: [driver:1] OpenTT3D: live voxel house 29 construction stage 3 variant 0 captured
[2026-10-03 16:44:30] dbg: [driver:1] OpenTT3D: live voxel house 16 construction stage 3 captured at 47,46
[2026-10-03 16:44:30] dbg: [driver:1] OpenTT3D: live voxel house 16 construction stage 3 variant 3 captured
[2026-10-03 16:44:30] dbg: [driver:1] OpenTT3D: live voxel house 15 construction stage 3 captured at 49,46
[2026-10-03 16:44:30] dbg: [driver:1] OpenTT3D: live voxel house 15 construction stage 3 variant 0 captured
[2026-10-03 16:44:30] dbg: [driver:1] OpenTT3D: live projected tree 1667 stage 5 captured at 54,46
[2026-10-03 16:44:30] dbg: [driver:1] OpenTT3D: live projected tree 1597 stage 6 captured at 60,46
[2026-10-03 16:44:30] dbg: [driver:1] OpenTT3D: live projected tree 1695 stage 5 captured at 101,46
[2026-10-03 16:44:30] dbg: [driver:1] OpenTT3D: live voxel house 29 construction stage 3 captured at 46,47
[2026-10-03 16:44:30] dbg: [driver:1] OpenTT3D: live voxel house 29 construction stage 3 variant 3 captured
[2026-10-03 16:44:30] dbg: [driver:1] OpenTT3D: live voxel house 3 construction stage 3 captured at 49,47
[2026-10-03 16:44:30] dbg: [driver:1] OpenTT3D: live voxel house 3 construction stage 3 variant 3 captured
[2026-10-03 16:44:30] dbg: [driver:1] OpenTT3D: live projected tree 1639 stage 0 captured at 64,47
[2026-10-03 16:44:30] dbg: [driver:1] OpenTT3D: live projected tree 1576 stage 5 captured at 74,48
[2026-10-03 16:44:30] dbg: [driver:1] OpenTT3D: live voxel house 26 construction stage 3 captured at 47,49
[2026-10-03 16:44:30] dbg: [driver:1] OpenTT3D: live voxel house 26 construction stage 3 variant 1 captured
[2026-10-03 16:44:30] dbg: [driver:1] OpenTT3D: live voxel house 26 construction stage 3 captured at 49,49
[2026-10-03 16:44:30] dbg: [driver:1] OpenTT3D: live voxel house 26 construction stage 3 variant 0 captured
[2026-10-03 16:44:30] dbg: [driver:1] OpenTT3D: live projected tree 1597 stage 0 captured at 65,49
[2026-10-03 16:44:30] dbg: [driver:1] OpenTT3D: live projected tree 1667 stage 2 captured at 114,50
[2026-10-03 16:44:30] dbg: [driver:1] OpenTT3D: live projected tree 1681 stage 5 captured at 52,51
[2026-10-03 16:44:30] dbg: [driver:1] OpenTT3D: live projected tree 1695 stage 2 captured at 110,53
[2026-10-03 16:44:30] dbg: [driver:1] OpenTT3D: live projected tree 1667 stage 0 captured at 110,54
[2026-10-03 16:44:30] dbg: [driver:1] OpenTT3D: live projected tree 1625 stage 0 captured at 100,56
[2026-10-03 16:44:30] dbg: [driver:1] OpenTT3D: live projected tree 1681 stage 1 captured at 121,60
[2026-10-03 16:44:30] dbg: [driver:1] OpenTT3D: retained river selector tile 64,69 feature 5 base 11269 offset 0->0 sprite 11269 absent false
[2026-10-03 16:44:30] dbg: [driver:1] OpenTT3D: retained river selector tile 64,69 feature 6 base 10064 offset 0->0 sprite 10064 absent false
[2026-10-03 16:44:30] dbg: [driver:1] OpenTT3D: retained river selector tile 64,69 feature 6 base 10064 offset 2->2 sprite 10066 absent false
[2026-10-03 16:44:30] dbg: [driver:1] OpenTT3D: retained river selector tile 64,70 feature 5 base 11269 offset 0->0 sprite 11269 absent false
[2026-10-03 16:44:30] dbg: [driver:1] OpenTT3D: retained river selector tile 64,70 feature 6 base 10064 offset 0->0 sprite 10064 absent false
[2026-10-03 16:44:30] dbg: [driver:1] OpenTT3D: retained river selector tile 64,70 feature 6 base 10064 offset 2->2 sprite 10066 absent false
[2026-10-03 16:44:30] dbg: [driver:1] OpenTT3D: retained river selector tile 64,71 feature 5 base 11269 offset 0->0 sprite 11269 absent false
[2026-10-03 16:44:30] dbg: [driver:1] OpenTT3D: retained river selector tile 64,71 feature 6 base 10064 offset 0->0 sprite 10064 absent false
[2026-10-03 16:44:30] dbg: [driver:1] OpenTT3D: retained river selector tile 64,71 feature 6 base 10064 offset 1->1 sprite 10065 absent false
[2026-10-03 16:44:30] dbg: [driver:1] OpenTT3D: retained river selector tile 64,71 feature 6 base 10064 offset 4->4 sprite 10068 absent false
[2026-10-03 16:44:30] dbg: [driver:1] OpenTT3D: retained river selector tile 64,71 feature 6 base 10064 offset 10->10 sprite 10074 absent false
[2026-10-03 16:44:30] dbg: [driver:1] OpenTT3D: retained river selector tile 65,71 feature 5 base 11269 offset 0->0 sprite 11269 absent false
[2026-10-03 16:44:30] dbg: [driver:1] OpenTT3D: retained river selector tile 65,71 feature 6 base 10064 offset 2->2 sprite 10066 absent false
[2026-10-03 16:44:30] dbg: [driver:1] OpenTT3D: retained river selector tile 65,71 feature 6 base 10064 offset 3->3 sprite 10067 absent false
[2026-10-03 16:44:30] dbg: [driver:1] OpenTT3D: retained river selector tile 65,71 feature 6 base 10064 offset 8->8 sprite 10072 absent false
[2026-10-03 16:44:30] dbg: [driver:1] OpenTT3D: retained river selector tile 65,71 feature 6 base 10064 offset 6->6 sprite 10070 absent false
[2026-10-03 16:44:30] dbg: [driver:1] OpenTT3D: retained river selector tile 65,72 feature 5 base 11269 offset 0->0 sprite 11269 absent false
[2026-10-03 16:44:30] dbg: [driver:1] OpenTT3D: retained river selector tile 65,72 feature 6 base 10064 offset 0->0 sprite 10064 absent false
[2026-10-03 16:44:30] dbg: [driver:1] OpenTT3D: retained river selector tile 65,72 feature 6 base 10064 offset 2->2 sprite 10066 absent false
[2026-10-03 16:44:30] dbg: [driver:1] OpenTT3D: retained river selector tile 65,73 feature 5 base 11269 offset 0->0 sprite 11269 absent false
[2026-10-03 16:44:30] dbg: [driver:1] OpenTT3D: retained river selector tile 65,73 feature 6 base 10064 offset 0->0 sprite 10064 absent false
[2026-10-03 16:44:30] dbg: [driver:1] OpenTT3D: retained river selector tile 65,73 feature 6 base 10064 offset 2->2 sprite 10066 absent false
[2026-10-03 16:44:30] dbg: [driver:1] OpenTT3D: retained river selector tile 65,74 feature 5 base 11269 offset 0->0 sprite 11269 absent false
[2026-10-03 16:44:30] dbg: [driver:1] OpenTT3D: retained river selector tile 65,74 feature 6 base 10064 offset 0->0 sprite 10064 absent false
[2026-10-03 16:44:30] dbg: [driver:1] OpenTT3D: retained river selector tile 65,74 feature 6 base 10064 offset 1->1 sprite 10065 absent false
[2026-10-03 16:44:30] dbg: [driver:1] OpenTT3D: retained river selector tile 65,74 feature 6 base 10064 offset 4->4 sprite 10068 absent false
[2026-10-03 16:44:30] dbg: [driver:1] OpenTT3D: retained river selector tile 65,74 feature 6 base 10064 offset 10->10 sprite 10074 absent false
[2026-10-03 16:44:30] dbg: [driver:1] OpenTT3D: retained river selector tile 66,74 feature 5 base 11269 offset 0->0 sprite 11269 absent false
[2026-10-03 16:44:30] dbg: [driver:1] OpenTT3D: retained river selector tile 66,74 feature 6 base 10064 offset 2->2 sprite 10066 absent false
[2026-10-03 16:44:30] dbg: [driver:1] OpenTT3D: retained river selector tile 66,74 feature 6 base 10064 offset 3->3 sprite 10067 absent false
[2026-10-03 16:44:30] dbg: [driver:1] OpenTT3D: retained river selector tile 66,74 feature 6 base 10064 offset 8->8 sprite 10072 absent false
[2026-10-03 16:44:30] dbg: [driver:1] OpenTT3D: retained river selector tile 66,74 feature 6 base 10064 offset 6->6 sprite 10070 absent false
[2026-10-03 16:44:30] dbg: [driver:1] OpenTT3D: retained river selector tile 66,75 feature 5 base 11269 offset 0->0 sprite 11269 absent false
[2026-10-03 16:44:30] dbg: [driver:1] OpenTT3D: retained river selector tile 66,75 feature 6 base 10064 offset 0->0 sprite 10064 absent false
[2026-10-03 16:44:30] dbg: [driver:1] OpenTT3D: retained river selector tile 66,75 feature 6 base 10064 offset 2->2 sprite 10066 absent false
[2026-10-03 16:44:30] dbg: [driver:1] OpenTT3D: retained river selector tile 66,76 feature 5 base 11269 offset 0->0 sprite 11269 absent false
[2026-10-03 16:44:30] dbg: [driver:1] OpenTT3D: retained river selector tile 66,76 feature 6 base 10064 offset 0->0 sprite 10064 absent false
[2026-10-03 16:44:30] dbg: [driver:1] OpenTT3D: retained river selector tile 66,76 feature 6 base 10064 offset 10->10 sprite 10074 absent false
[2026-10-03 16:44:30] dbg: [driver:1] OpenTT3D: retained river selector tile 67,76 feature 5 base 11269 offset 0->0 sprite 11269 absent false
[2026-10-03 16:44:30] dbg: [driver:1] OpenTT3D: retained river selector tile 67,76 feature 6 base 10064 offset 2->2 sprite 10066 absent false
[2026-10-03 16:44:30] dbg: [driver:1] OpenTT3D: retained river selector tile 67,76 feature 6 base 10064 offset 3->3 sprite 10067 absent false
[2026-10-03 16:44:30] dbg: [driver:1] OpenTT3D: retained river selector tile 67,76 feature 6 base 10064 offset 6->6 sprite 10070 absent false
[2026-10-03 16:44:30] dbg: [driver:1] OpenTT3D: retained river selector tile 66,77 feature 5 base 11269 offset 0->0 sprite 11269 absent false
[2026-10-03 16:44:30] dbg: [driver:1] OpenTT3D: retained river selector tile 66,77 feature 6 base 10064 offset 0->0 sprite 10064 absent false
[2026-10-03 16:44:30] dbg: [driver:1] OpenTT3D: retained river selector tile 67,77 feature 5 base 11269 offset 0->0 sprite 11269 absent false
[2026-10-03 16:44:30] dbg: [driver:1] OpenTT3D: retained river selector tile 67,77 feature 6 base 10064 offset 2->2 sprite 10066 absent false
[2026-10-03 16:44:30] dbg: [driver:1] OpenTT3D: retained river selector tile 66,78 feature 5 base 11269 offset 0->0 sprite 11269 absent false
[2026-10-03 16:44:30] dbg: [driver:1] OpenTT3D: retained river selector tile 66,78 feature 6 base 10064 offset 0->0 sprite 10064 absent false
[2026-10-03 16:44:30] dbg: [driver:1] OpenTT3D: retained river selector tile 67,78 feature 5 base 11269 offset 0->0 sprite 11269 absent false
[2026-10-03 16:44:30] dbg: [driver:1] OpenTT3D: retained river selector tile 67,78 feature 6 base 10064 offset 10->10 sprite 10074 absent false
[2026-10-03 16:44:30] dbg: [driver:1] OpenTT3D: retained river selector tile 68,78 feature 5 base 11269 offset 0->0 sprite 11269 absent false
[2026-10-03 16:44:30] dbg: [driver:1] OpenTT3D: retained river selector tile 68,78 feature 6 base 10064 offset 2->2 sprite 10066 absent false
[2026-10-03 16:44:30] dbg: [driver:1] OpenTT3D: retained river selector tile 68,78 feature 6 base 10064 offset 3->3 sprite 10067 absent false
[2026-10-03 16:44:30] dbg: [driver:1] OpenTT3D: retained river selector tile 68,78 feature 6 base 10064 offset 6->6 sprite 10070 absent false
[2026-10-03 16:44:30] dbg: [driver:1] OpenTT3D: retained river selector tile 66,79 feature 5 base 11269 offset 0->0 sprite 11269 absent false
[2026-10-03 16:44:30] dbg: [driver:1] OpenTT3D: retained river selector tile 66,79 feature 6 base 10064 offset 0->0 sprite 10064 absent false
[2026-10-03 16:44:30] dbg: [driver:1] OpenTT3D: retained river selector tile 66,79 feature 6 base 10064 offset 1->1 sprite 10065 absent false
[2026-10-03 16:44:30] dbg: [driver:1] OpenTT3D: retained river selector tile 66,79 feature 6 base 10064 offset 4->4 sprite 10068 absent false
[2026-10-03 16:44:30] dbg: [driver:1] OpenTT3D: retained river selector tile 67,79 feature 5 base 11269 offset 0->0 sprite 11269 absent false
[2026-10-03 16:44:30] dbg: [driver:1] OpenTT3D: retained river selector tile 67,79 feature 6 base 10064 offset 8->8 sprite 10072 absent false
[2026-10-03 16:44:30] dbg: [driver:1] OpenTT3D: retained river selector tile 68,79 feature 5 base 11269 offset 0->0 sprite 11269 absent false
[2026-10-03 16:44:30] dbg: [driver:1] OpenTT3D: retained river selector tile 68,79 feature 6 base 10064 offset 2->2 sprite 10066 absent false
[2026-10-03 16:44:30] dbg: [driver:1] OpenTT3D: retained river selector tile 67,80 feature 5 base 11269 offset 0->0 sprite 11269 absent false
[2026-10-03 16:44:30] dbg: [driver:1] OpenTT3D: retained river selector tile 67,80 feature 6 base 10064 offset 0->0 sprite 10064 absent false
[2026-10-03 16:44:30] dbg: [driver:1] OpenTT3D: retained river selector tile 68,80 feature 5 base 11269 offset 0->0 sprite 11269 absent false
[2026-10-03 16:44:30] dbg: [driver:1] OpenTT3D: retained river selector tile 68,80 feature 6 base 10064 offset 2->2 sprite 10066 absent false
[2026-10-03 16:44:30] dbg: [driver:1] OpenTT3D: retained river selector tile 67,81 feature 5 base 11269 offset 0->0 sprite 11269 absent false
[2026-10-03 16:44:30] dbg: [driver:1] OpenTT3D: retained river selector tile 67,81 feature 6 base 10064 offset 0->0 sprite 10064 absent false
[2026-10-03 16:44:30] dbg: [driver:1] OpenTT3D: retained river selector tile 68,81 feature 5 base 11269 offset 0->0 sprite 11269 absent false
[2026-10-03 16:44:30] dbg: [driver:1] OpenTT3D: retained river selector tile 68,81 feature 6 base 10064 offset 2->2 sprite 10066 absent false
[2026-10-03 16:44:30] dbg: [driver:1] OpenTT3D: retained river selector tile 67,82 feature 5 base 11269 offset 0->0 sprite 11269 absent false
[2026-10-03 16:44:30] dbg: [driver:1] OpenTT3D: retained river selector tile 67,82 feature 6 base 10064 offset 0->0 sprite 10064 absent false
[2026-10-03 16:44:30] dbg: [driver:1] OpenTT3D: retained river selector tile 68,82 feature 5 base 11269 offset 0->0 sprite 11269 absent false
[2026-10-03 16:44:30] dbg: [driver:1] OpenTT3D: retained river selector tile 68,82 feature 6 base 10064 offset 10->10 sprite 10074 absent false
[2026-10-03 16:44:30] dbg: [driver:1] OpenTT3D: retained river selector tile 69,82 feature 5 base 11269 offset 0->0 sprite 11269 absent false
[2026-10-03 16:44:30] dbg: [driver:1] OpenTT3D: retained river selector tile 69,82 feature 6 base 10064 offset 3->3 sprite 10067 absent false
[2026-10-03 16:44:30] dbg: [driver:1] OpenTT3D: retained river selector tile 70,82 feature 5 base 11269 offset 0->0 sprite 11269 absent false
[2026-10-03 16:44:30] dbg: [driver:1] OpenTT3D: retained river selector tile 70,82 feature 6 base 10064 offset 2->2 sprite 10066 absent false
[2026-10-03 16:44:30] dbg: [driver:1] OpenTT3D: retained river selector tile 70,82 feature 6 base 10064 offset 3->3 sprite 10067 absent false
[2026-10-03 16:44:30] dbg: [driver:1] OpenTT3D: retained river selector tile 70,82 feature 6 base 10064 offset 6->6 sprite 10070 absent false
[2026-10-03 16:44:30] dbg: [driver:1] OpenTT3D: retained river selector tile 67,83 feature 5 base 11269 offset 0->0 sprite 11269 absent false
[2026-10-03 16:44:30] dbg: [driver:1] OpenTT3D: retained river selector tile 67,83 feature 6 base 10064 offset 0->0 sprite 10064 absent false
[2026-10-03 16:44:30] dbg: [driver:1] OpenTT3D: retained river selector tile 67,83 feature 6 base 10064 offset 1->1 sprite 10065 absent false
[2026-10-03 16:44:30] dbg: [driver:1] OpenTT3D: retained river selector tile 67,83 feature 6 base 10064 offset 4->4 sprite 10068 absent false
[2026-10-03 16:44:30] dbg: [driver:1] OpenTT3D: retained river selector tile 68,83 feature 5 base 11269 offset 0->0 sprite 11269 absent false
[2026-10-03 16:44:30] dbg: [driver:1] OpenTT3D: retained river selector tile 68,83 feature 6 base 10064 offset 1->1 sprite 10065 absent false
[2026-10-03 16:44:30] dbg: [driver:1] OpenTT3D: retained river selector tile 69,83 feature 5 base 11269 offset 0->0 sprite 11269 absent false
[2026-10-03 16:44:30] dbg: [driver:1] OpenTT3D: retained river selector tile 69,83 feature 6 base 10064 offset 8->8 sprite 10072 absent false
[2026-10-03 16:44:30] dbg: [driver:1] OpenTT3D: retained river selector tile 70,83 feature 5 base 11269 offset 0->0 sprite 11269 absent false
[2026-10-03 16:44:30] dbg: [driver:1] OpenTT3D: retained river selector tile 70,83 feature 6 base 10064 offset 2->2 sprite 10066 absent false
[2026-10-03 16:44:30] dbg: [driver:1] OpenTT3D: retained river selector tile 69,84 feature 5 base 11269 offset 0->0 sprite 11269 absent false
[2026-10-03 16:44:30] dbg: [driver:1] OpenTT3D: retained river selector tile 69,84 feature 6 base 10064 offset 0->0 sprite 10064 absent false
[2026-10-03 16:44:30] dbg: [driver:1] OpenTT3D: retained river selector tile 70,84 feature 5 base 11269 offset 0->0 sprite 11269 absent false
[2026-10-03 16:44:30] dbg: [driver:1] OpenTT3D: retained river selector tile 70,84 feature 6 base 10064 offset 10->10 sprite 10074 absent false
[2026-10-03 16:44:30] dbg: [driver:1] OpenTT3D: retained river selector tile 71,84 feature 5 base 11269 offset 0->0 sprite 11269 absent false
[2026-10-03 16:44:30] dbg: [driver:1] OpenTT3D: retained river selector tile 71,84 feature 6 base 10064 offset 3->3 sprite 10067 absent false
[2026-10-03 16:44:30] dbg: [driver:1] OpenTT3D: retained river selector tile 72,84 feature 5 base 11269 offset 0->0 sprite 11269 absent false
[2026-10-03 16:44:30] dbg: [driver:1] OpenTT3D: retained river selector tile 72,84 feature 6 base 10064 offset 2->2 sprite 10066 absent false
[2026-10-03 16:44:30] dbg: [driver:1] OpenTT3D: retained river selector tile 72,84 feature 6 base 10064 offset 3->3 sprite 10067 absent false
[2026-10-03 16:44:30] dbg: [driver:1] OpenTT3D: retained river selector tile 72,84 feature 6 base 10064 offset 6->6 sprite 10070 absent false
[2026-10-03 16:44:30] dbg: [driver:1] OpenTT3D: retained river selector tile 69,85 feature 5 base 11269 offset 0->0 sprite 11269 absent false
[2026-10-03 16:44:30] dbg: [driver:1] OpenTT3D: retained river selector tile 69,85 feature 6 base 10064 offset 0->0 sprite 10064 absent false
[2026-10-03 16:44:30] dbg: [driver:1] OpenTT3D: retained river selector tile 69,85 feature 6 base 10064 offset 1->1 sprite 10065 absent false
[2026-10-03 16:44:30] dbg: [driver:1] OpenTT3D: retained river selector tile 69,85 feature 6 base 10064 offset 4->4 sprite 10068 absent false
[2026-10-03 16:44:30] dbg: [driver:1] OpenTT3D: retained river selector tile 70,85 feature 5 base 11269 offset 0->0 sprite 11269 absent false
[2026-10-03 16:44:30] dbg: [driver:1] OpenTT3D: retained river selector tile 70,85 feature 6 base 10064 offset 1->1 sprite 10065 absent false
[2026-10-03 16:44:30] dbg: [driver:1] OpenTT3D: retained river selector tile 71,85 feature 5 base 11269 offset 0->0 sprite 11269 absent false
[2026-10-03 16:44:30] dbg: [driver:1] OpenTT3D: retained river selector tile 71,85 feature 6 base 10064 offset 8->8 sprite 10072 absent false
[2026-10-03 16:44:30] dbg: [driver:1] OpenTT3D: retained river selector tile 72,85 feature 5 base 11269 offset 0->0 sprite 11269 absent false
[2026-10-03 16:44:30] dbg: [driver:1] OpenTT3D: retained river selector tile 72,85 feature 6 base 10064 offset 10->10 sprite 10074 absent false
[2026-10-03 16:44:30] dbg: [driver:1] OpenTT3D: retained river selector tile 73,85 feature 5 base 11269 offset 0->0 sprite 11269 absent false
[2026-10-03 16:44:30] dbg: [driver:1] OpenTT3D: retained river selector tile 73,85 feature 6 base 10064 offset 2->2 sprite 10066 absent false
[2026-10-03 16:44:30] dbg: [driver:1] OpenTT3D: retained river selector tile 73,85 feature 6 base 10064 offset 3->3 sprite 10067 absent false
[2026-10-03 16:44:30] dbg: [driver:1] OpenTT3D: retained river selector tile 73,85 feature 6 base 10064 offset 6->6 sprite 10070 absent false
[2026-10-03 16:44:30] dbg: [driver:1] OpenTT3D: retained river selector tile 71,86 feature 5 base 11269 offset 0->0 sprite 11269 absent false
[2026-10-03 16:44:30] dbg: [driver:1] OpenTT3D: retained river selector tile 71,86 feature 6 base 10064 offset 0->0 sprite 10064 absent false
[2026-10-03 16:44:30] dbg: [driver:1] OpenTT3D: retained river selector tile 71,86 feature 6 base 10064 offset 1->1 sprite 10065 absent false
[2026-10-03 16:44:30] dbg: [driver:1] OpenTT3D: retained river selector tile 71,86 feature 6 base 10064 offset 4->4 sprite 10068 absent false
[2026-10-03 16:44:30] dbg: [driver:1] OpenTT3D: retained river selector tile 72,86 feature 5 base 11269 offset 0->0 sprite 11269 absent false
[2026-10-03 16:44:30] dbg: [driver:1] OpenTT3D: retained river selector tile 72,86 feature 6 base 10064 offset 8->8 sprite 10072 absent false
[2026-10-03 16:44:30] dbg: [driver:1] OpenTT3D: retained river selector tile 73,86 feature 5 base 11269 offset 0->0 sprite 11269 absent false
[2026-10-03 16:44:30] dbg: [driver:1] OpenTT3D: retained river selector tile 73,86 feature 6 base 10064 offset 10->10 sprite 10074 absent false
[2026-10-03 16:44:30] dbg: [driver:1] OpenTT3D: retained river selector tile 74,86 feature 5 base 11269 offset 0->0 sprite 11269 absent false
[2026-10-03 16:44:30] dbg: [driver:1] OpenTT3D: retained river selector tile 74,86 feature 6 base 10064 offset 3->3 sprite 10067 absent false
[2026-10-03 16:44:30] dbg: [driver:1] OpenTT3D: retained river selector tile 75,86 feature 5 base 11269 offset 0->0 sprite 11269 absent false
[2026-10-03 16:44:30] dbg: [driver:1] OpenTT3D: retained river selector tile 75,86 feature 6 base 10064 offset 3->3 sprite 10067 absent false
[2026-10-03 16:44:30] dbg: [driver:1] OpenTT3D: retained river selector tile 76,86 feature 5 base 11269 offset 0->0 sprite 11269 absent false
[2026-10-03 16:44:30] dbg: [driver:1] OpenTT3D: retained river selector tile 76,86 feature 6 base 10064 offset 3->3 sprite 10067 absent false
[2026-10-03 16:44:30] dbg: [driver:1] OpenTT3D: retained river selector tile 77,86 feature 5 base 11269 offset 0->0 sprite 11269 absent false
[2026-10-03 16:44:30] dbg: [driver:1] OpenTT3D: retained river selector tile 77,86 feature 6 base 10064 offset 2->2 sprite 10066 absent false
[2026-10-03 16:44:30] dbg: [driver:1] OpenTT3D: retained river selector tile 77,86 feature 6 base 10064 offset 3->3 sprite 10067 absent false
[2026-10-03 16:44:30] dbg: [driver:1] OpenTT3D: retained river selector tile 77,86 feature 6 base 10064 offset 6->6 sprite 10070 absent false
[2026-10-03 16:44:30] dbg: [driver:1] OpenTT3D: retained river selector tile 72,87 feature 5 base 11269 offset 0->0 sprite 11269 absent false
[2026-10-03 16:44:30] dbg: [driver:1] OpenTT3D: retained river selector tile 72,87 feature 6 base 10064 offset 0->0 sprite 10064 absent false
[2026-10-03 16:44:30] dbg: [driver:1] OpenTT3D: retained river selector tile 72,87 feature 6 base 10064 offset 1->1 sprite 10065 absent false
[2026-10-03 16:44:30] dbg: [driver:1] OpenTT3D: retained river selector tile 72,87 feature 6 base 10064 offset 4->4 sprite 10068 absent false
[2026-10-03 16:44:30] dbg: [driver:1] OpenTT3D: retained river selector tile 73,87 feature 5 base 11269 offset 0->0 sprite 11269 absent false
[2026-10-03 16:44:30] dbg: [driver:1] OpenTT3D: retained river selector tile 73,87 feature 6 base 10064 offset 1->1 sprite 10065 absent false
[2026-10-03 16:44:30] dbg: [driver:1] OpenTT3D: retained river selector tile 74,87 feature 5 base 11269 offset 0->0 sprite 11269 absent false
[2026-10-03 16:44:30] dbg: [driver:1] OpenTT3D: retained river selector tile 74,87 feature 6 base 10064 offset 8->8 sprite 10072 absent false
[2026-10-03 16:44:30] dbg: [driver:1] OpenTT3D: retained river selector tile 75,87 feature 5 base 11269 offset 0->0 sprite 11269 absent false
[2026-10-03 16:44:30] dbg: [driver:1] OpenTT3D: retained river selector tile 76,87 feature 5 base 11269 offset 0->0 sprite 11269 absent false
[2026-10-03 16:44:30] dbg: [driver:1] OpenTT3D: retained river selector tile 77,87 feature 5 base 11269 offset 0->0 sprite 11269 absent false
[2026-10-03 16:44:30] dbg: [driver:1] OpenTT3D: retained river selector tile 77,87 feature 6 base 10064 offset 2->2 sprite 10066 absent false
[2026-10-03 16:44:30] dbg: [driver:1] OpenTT3D: retained river selector tile 74,88 feature 5 base 11269 offset 0->0 sprite 11269 absent false
[2026-10-03 16:44:30] dbg: [driver:1] OpenTT3D: retained river selector tile 74,88 feature 6 base 10064 offset 0->0 sprite 10064 absent false
[2026-10-03 16:44:30] dbg: [driver:1] OpenTT3D: retained river selector tile 74,88 feature 6 base 10064 offset 1->1 sprite 10065 absent false
[2026-10-03 16:44:30] dbg: [driver:1] OpenTT3D: retained river selector tile 74,88 feature 6 base 10064 offset 4->4 sprite 10068 absent false
[2026-10-03 16:44:30] dbg: [driver:1] OpenTT3D: retained river selector tile 75,88 feature 5 base 11269 offset 0->0 sprite 11269 absent false
[2026-10-03 16:44:30] dbg: [driver:1] OpenTT3D: retained river selector tile 75,88 feature 6 base 10064 offset 8->8 sprite 10072 absent false
[2026-10-03 16:44:30] dbg: [driver:1] OpenTT3D: retained river selector tile 76,88 feature 5 base 11269 offset 0->0 sprite 11269 absent false
[2026-10-03 16:44:30] dbg: [driver:1] OpenTT3D: retained river selector tile 77,88 feature 5 base 11269 offset 0->0 sprite 11269 absent false
[2026-10-03 16:44:30] dbg: [driver:1] OpenTT3D: retained river selector tile 77,88 feature 6 base 10064 offset 10->10 sprite 10074 absent false
[2026-10-03 16:44:30] dbg: [driver:1] OpenTT3D: retained river selector tile 78,88 feature 5 base 11269 offset 0->0 sprite 11269 absent false
[2026-10-03 16:44:30] dbg: [driver:1] OpenTT3D: retained river selector tile 78,88 feature 6 base 10064 offset 2->2 sprite 10066 absent false
[2026-10-03 16:44:31] dbg: [driver:1] OpenTT3D: retained river selector tile 78,88 feature 6 base 10064 offset 3->3 sprite 10067 absent false
[2026-10-03 16:44:31] dbg: [driver:1] OpenTT3D: retained river selector tile 78,88 feature 6 base 10064 offset 6->6 sprite 10070 absent false
[2026-10-03 16:44:31] dbg: [driver:1] OpenTT3D: retained river selector tile 75,89 feature 5 base 11269 offset 0->0 sprite 11269 absent false
[2026-10-03 16:44:31] dbg: [driver:1] OpenTT3D: retained river selector tile 75,89 feature 6 base 10064 offset 0->0 sprite 10064 absent false
[2026-10-03 16:44:31] dbg: [driver:1] OpenTT3D: retained river selector tile 76,89 feature 5 base 11269 offset 0->0 sprite 11269 absent false
[2026-10-03 16:44:31] dbg: [driver:1] OpenTT3D: retained river selector tile 77,89 feature 5 base 11269 offset 0->0 sprite 11269 absent false
[2026-10-03 16:44:31] dbg: [driver:1] OpenTT3D: retained river selector tile 78,89 feature 5 base 11269 offset 0->0 sprite 11269 absent false
[2026-10-03 16:44:31] dbg: [driver:1] OpenTT3D: retained river selector tile 78,89 feature 6 base 10064 offset 2->2 sprite 10066 absent false
[2026-10-03 16:44:31] dbg: [driver:1] OpenTT3D: retained river selector tile 75,90 feature 5 base 11269 offset 0->0 sprite 11269 absent false
[2026-10-03 16:44:31] dbg: [driver:1] OpenTT3D: retained river selector tile 75,90 feature 6 base 10064 offset 0->0 sprite 10064 absent false
[2026-10-03 16:44:31] dbg: [driver:1] OpenTT3D: retained river selector tile 76,90 feature 5 base 11269 offset 0->0 sprite 11269 absent false
[2026-10-03 16:44:31] dbg: [driver:1] OpenTT3D: retained river selector tile 77,90 feature 5 base 11269 offset 0->0 sprite 11269 absent false
[2026-10-03 16:44:31] dbg: [driver:1] OpenTT3D: retained river selector tile 78,90 feature 5 base 11269 offset 0->0 sprite 11269 absent false
[2026-10-03 16:44:31] dbg: [driver:1] OpenTT3D: retained river selector tile 78,90 feature 6 base 10064 offset 2->2 sprite 10066 absent false
[2026-10-03 16:44:31] dbg: [driver:1] OpenTT3D: retained river selector tile 75,91 feature 5 base 11269 offset 0->0 sprite 11269 absent false
[2026-10-03 16:44:31] dbg: [driver:1] OpenTT3D: retained river selector tile 75,91 feature 6 base 10064 offset 0->0 sprite 10064 absent false
[2026-10-03 16:44:31] dbg: [driver:1] OpenTT3D: retained river selector tile 76,91 feature 5 base 11269 offset 0->0 sprite 11269 absent false
[2026-10-03 16:44:31] dbg: [driver:1] OpenTT3D: retained river selector tile 77,91 feature 5 base 11269 offset 0->0 sprite 11269 absent false
[2026-10-03 16:44:31] dbg: [driver:1] OpenTT3D: retained river selector tile 78,91 feature 5 base 11269 offset 0->0 sprite 11269 absent false
[2026-10-03 16:44:31] dbg: [driver:1] OpenTT3D: retained river selector tile 78,91 feature 6 base 10064 offset 2->2 sprite 10066 absent false
[2026-10-03 16:44:31] dbg: [driver:1] OpenTT3D: retained river selector tile 75,92 feature 5 base 11269 offset 0->0 sprite 11269 absent false
[2026-10-03 16:44:31] dbg: [driver:1] OpenTT3D: retained river selector tile 75,92 feature 6 base 10064 offset 0->0 sprite 10064 absent false
[2026-10-03 16:44:31] dbg: [driver:1] OpenTT3D: retained river selector tile 76,92 feature 5 base 11269 offset 0->0 sprite 11269 absent false
[2026-10-03 16:44:31] dbg: [driver:1] OpenTT3D: retained river selector tile 77,92 feature 5 base 11269 offset 0->0 sprite 11269 absent false
[2026-10-03 16:44:31] dbg: [driver:1] OpenTT3D: retained river selector tile 77,92 feature 6 base 10064 offset 9->9 sprite 10073 absent false
[2026-10-03 16:44:31] dbg: [driver:1] OpenTT3D: retained river selector tile 78,92 feature 5 base 11269 offset 0->0 sprite 11269 absent false
[2026-10-03 16:44:31] dbg: [driver:1] OpenTT3D: retained river selector tile 78,92 feature 6 base 10064 offset 1->1 sprite 10065 absent false
[2026-10-03 16:44:31] dbg: [driver:1] OpenTT3D: retained river selector tile 78,92 feature 6 base 10064 offset 2->2 sprite 10066 absent false
[2026-10-03 16:44:31] dbg: [driver:1] OpenTT3D: retained river selector tile 78,92 feature 6 base 10064 offset 5->5 sprite 10069 absent false
[2026-10-03 16:44:31] dbg: [driver:1] OpenTT3D: retained river selector tile 75,93 feature 5 base 11269 offset 0->0 sprite 11269 absent false
[2026-10-03 16:44:31] dbg: [driver:1] OpenTT3D: retained river selector tile 75,93 feature 6 base 10064 offset 0->0 sprite 10064 absent false
[2026-10-03 16:44:31] dbg: [driver:1] OpenTT3D: retained river selector tile 76,93 feature 5 base 11269 offset 0->0 sprite 11269 absent false
[2026-10-03 16:44:31] dbg: [driver:1] OpenTT3D: retained river selector tile 77,93 feature 5 base 11269 offset 0->0 sprite 11269 absent false
[2026-10-03 16:44:31] dbg: [driver:1] OpenTT3D: retained river selector tile 77,93 feature 6 base 10064 offset 2->2 sprite 10066 absent false
[2026-10-03 16:44:31] dbg: [driver:1] OpenTT3D: retained river selector tile 75,94 feature 5 base 11269 offset 0->0 sprite 11269 absent false
[2026-10-03 16:44:31] dbg: [driver:1] OpenTT3D: retained river selector tile 75,94 feature 6 base 10064 offset 0->0 sprite 10064 absent false
[2026-10-03 16:44:31] dbg: [driver:1] OpenTT3D: retained river selector tile 76,94 feature 5 base 11269 offset 0->0 sprite 11269 absent false
[2026-10-03 16:44:31] dbg: [driver:1] OpenTT3D: retained river selector tile 77,94 feature 5 base 11269 offset 0->0 sprite 11269 absent false
[2026-10-03 16:44:31] dbg: [driver:1] OpenTT3D: retained river selector tile 77,94 feature 6 base 10064 offset 2->2 sprite 10066 absent false
[2026-10-03 16:44:31] dbg: [driver:1] OpenTT3D: retained river selector tile 75,95 feature 5 base 11269 offset 0->0 sprite 11269 absent false
[2026-10-03 16:44:31] dbg: [driver:1] OpenTT3D: retained river selector tile 75,95 feature 6 base 10064 offset 0->0 sprite 10064 absent false
[2026-10-03 16:44:31] dbg: [driver:1] OpenTT3D: retained river selector tile 76,95 feature 5 base 11269 offset 0->0 sprite 11269 absent false
[2026-10-03 16:44:31] dbg: [driver:1] OpenTT3D: retained river selector tile 77,95 feature 5 base 11269 offset 0->0 sprite 11269 absent false
[2026-10-03 16:44:31] dbg: [driver:1] OpenTT3D: retained river selector tile 77,95 feature 6 base 10064 offset 2->2 sprite 10066 absent false
[2026-10-03 16:44:31] dbg: [driver:1] OpenTT3D: retained river selector tile 75,96 feature 5 base 11269 offset 0->0 sprite 11269 absent false
[2026-10-03 16:44:31] dbg: [driver:1] OpenTT3D: retained river selector tile 75,96 feature 6 base 10064 offset 0->0 sprite 10064 absent false
[2026-10-03 16:44:31] dbg: [driver:1] OpenTT3D: retained river selector tile 76,96 feature 5 base 11269 offset 0->0 sprite 11269 absent false
[2026-10-03 16:44:31] dbg: [driver:1] OpenTT3D: retained river selector tile 77,96 feature 5 base 11269 offset 0->0 sprite 11269 absent false
[2026-10-03 16:44:31] dbg: [driver:1] OpenTT3D: retained river selector tile 77,96 feature 6 base 10064 offset 2->2 sprite 10066 absent false
[2026-10-03 16:44:31] dbg: [driver:1] OpenTT3D: retained river selector tile 75,97 feature 5 base 11269 offset 0->0 sprite 11269 absent false
[2026-10-03 16:44:31] dbg: [driver:1] OpenTT3D: retained river selector tile 75,97 feature 6 base 10064 offset 0->0 sprite 10064 absent false
[2026-10-03 16:44:31] dbg: [driver:1] OpenTT3D: retained river selector tile 76,97 feature 5 base 11269 offset 0->0 sprite 11269 absent false
[2026-10-03 16:44:31] dbg: [driver:1] OpenTT3D: retained river selector tile 77,97 feature 5 base 11269 offset 0->0 sprite 11269 absent false
[2026-10-03 16:44:31] dbg: [driver:1] OpenTT3D: retained river selector tile 77,97 feature 6 base 10064 offset 2->2 sprite 10066 absent false
[2026-10-03 16:44:31] dbg: [driver:1] OpenTT3D: retained river selector tile 75,98 feature 5 base 11269 offset 0->0 sprite 11269 absent false
[2026-10-03 16:44:31] dbg: [driver:1] OpenTT3D: retained river selector tile 75,98 feature 6 base 10064 offset 0->0 sprite 10064 absent false
[2026-10-03 16:44:31] dbg: [driver:1] OpenTT3D: retained river selector tile 76,98 feature 5 base 11269 offset 0->0 sprite 11269 absent false
[2026-10-03 16:44:31] dbg: [driver:1] OpenTT3D: retained river selector tile 77,98 feature 5 base 11269 offset 0->0 sprite 11269 absent false
[2026-10-03 16:44:31] dbg: [driver:1] OpenTT3D: retained river selector tile 77,98 feature 6 base 10064 offset 2->2 sprite 10066 absent false
[2026-10-03 16:44:31] dbg: [driver:1] OpenTT3D: retained river selector tile 74,99 feature 5 base 11269 offset 0->0 sprite 11269 absent false
[2026-10-03 16:44:31] dbg: [driver:1] OpenTT3D: retained river selector tile 74,99 feature 6 base 10064 offset 0->0 sprite 10064 absent false
[2026-10-03 16:44:31] dbg: [driver:1] OpenTT3D: retained river selector tile 74,99 feature 6 base 10064 offset 3->3 sprite 10067 absent false
[2026-10-03 16:44:31] dbg: [driver:1] OpenTT3D: retained river selector tile 74,99 feature 6 base 10064 offset 7->7 sprite 10071 absent false
[2026-10-03 16:44:31] dbg: [driver:1] OpenTT3D: retained river selector tile 75,99 feature 5 base 11269 offset 0->0 sprite 11269 absent false
[2026-10-03 16:44:31] dbg: [driver:1] OpenTT3D: retained river selector tile 75,99 feature 6 base 10064 offset 11->11 sprite 10075 absent false
[2026-10-03 16:44:31] dbg: [driver:1] OpenTT3D: retained river selector tile 76,99 feature 5 base 11269 offset 0->0 sprite 11269 absent false
[2026-10-03 16:44:31] dbg: [driver:1] OpenTT3D: retained river selector tile 77,99 feature 5 base 11269 offset 0->0 sprite 11269 absent false
[2026-10-03 16:44:31] dbg: [driver:1] OpenTT3D: retained river selector tile 77,99 feature 6 base 10064 offset 2->2 sprite 10066 absent false
[2026-10-03 16:44:31] dbg: [driver:1] OpenTT3D: retained river selector tile 74,100 feature 5 base 11269 offset 0->0 sprite 11269 absent false
[2026-10-03 16:44:31] dbg: [driver:1] OpenTT3D: retained river selector tile 74,100 feature 6 base 10064 offset 0->0 sprite 10064 absent false
[2026-10-03 16:44:31] dbg: [driver:1] OpenTT3D: retained river selector tile 75,100 feature 5 base 11269 offset 0->0 sprite 11269 absent false
[2026-10-03 16:44:31] dbg: [driver:1] OpenTT3D: retained river selector tile 76,100 feature 5 base 11269 offset 0->0 sprite 11269 absent false
[2026-10-03 16:44:31] dbg: [driver:1] OpenTT3D: retained river selector tile 77,100 feature 5 base 11269 offset 0->0 sprite 11269 absent false
[2026-10-03 16:44:31] dbg: [driver:1] OpenTT3D: retained river selector tile 77,100 feature 6 base 10064 offset 2->2 sprite 10066 absent false
[2026-10-03 16:44:31] dbg: [driver:1] OpenTT3D: retained river selector tile 74,101 feature 5 base 11269 offset 0->0 sprite 11269 absent false
[2026-10-03 16:44:31] dbg: [driver:1] OpenTT3D: retained river selector tile 74,101 feature 6 base 10064 offset 0->0 sprite 10064 absent false
[2026-10-03 16:44:31] dbg: [driver:1] OpenTT3D: retained river selector tile 75,101 feature 5 base 11269 offset 0->0 sprite 11269 absent false
[2026-10-03 16:44:31] dbg: [driver:1] OpenTT3D: retained river selector tile 76,101 feature 5 base 11269 offset 0->0 sprite 11269 absent false
[2026-10-03 16:44:31] dbg: [driver:1] OpenTT3D: retained river selector tile 76,101 feature 6 base 10064 offset 9->9 sprite 10073 absent false
[2026-10-03 16:44:31] dbg: [driver:1] OpenTT3D: retained river selector tile 77,101 feature 5 base 11269 offset 0->0 sprite 11269 absent false
[2026-10-03 16:44:31] dbg: [driver:1] OpenTT3D: retained river selector tile 77,101 feature 6 base 10064 offset 1->1 sprite 10065 absent false
[2026-10-03 16:44:31] dbg: [driver:1] OpenTT3D: retained river selector tile 77,101 feature 6 base 10064 offset 2->2 sprite 10066 absent false
[2026-10-03 16:44:31] dbg: [driver:1] OpenTT3D: retained river selector tile 77,101 feature 6 base 10064 offset 5->5 sprite 10069 absent false
[2026-10-03 16:44:31] dbg: [driver:1] OpenTT3D: retained river selector tile 74,102 feature 5 base 11269 offset 0->0 sprite 11269 absent false
[2026-10-03 16:44:31] dbg: [driver:1] OpenTT3D: retained river selector tile 74,102 feature 6 base 10064 offset 0->0 sprite 10064 absent false
[2026-10-03 16:44:31] dbg: [driver:1] OpenTT3D: retained river selector tile 75,102 feature 5 base 11269 offset 0->0 sprite 11269 absent false
[2026-10-03 16:44:31] dbg: [driver:1] OpenTT3D: retained river selector tile 76,102 feature 5 base 11269 offset 0->0 sprite 11269 absent false
[2026-10-03 16:44:31] dbg: [driver:1] OpenTT3D: retained river selector tile 76,102 feature 6 base 10064 offset 2->2 sprite 10066 absent false
[2026-10-03 16:44:31] dbg: [driver:1] OpenTT3D: retained river selector tile 65,103 feature 5 base 11269 offset 0->0 sprite 11269 absent false
[2026-10-03 16:44:31] dbg: [driver:1] OpenTT3D: retained river selector tile 65,103 feature 6 base 10064 offset 0->0 sprite 10064 absent false
[2026-10-03 16:44:31] dbg: [driver:1] OpenTT3D: retained river selector tile 65,103 feature 6 base 10064 offset 3->3 sprite 10067 absent false
[2026-10-03 16:44:31] dbg: [driver:1] OpenTT3D: retained river selector tile 65,103 feature 6 base 10064 offset 9->9 sprite 10073 absent false
[2026-10-03 16:44:31] dbg: [driver:1] OpenTT3D: retained river selector tile 65,103 feature 6 base 10064 offset 7->7 sprite 10071 absent false
[2026-10-03 16:44:31] dbg: [driver:1] OpenTT3D: retained river selector tile 66,103 feature 5 base 11269 offset 0->0 sprite 11269 absent false
[2026-10-03 16:44:31] dbg: [driver:1] OpenTT3D: retained river selector tile 66,103 feature 6 base 10064 offset 1->1 sprite 10065 absent false
[2026-10-03 16:44:31] dbg: [driver:1] OpenTT3D: retained river selector tile 66,103 feature 6 base 10064 offset 3->3 sprite 10067 absent false
[2026-10-03 16:44:31] dbg: [driver:1] OpenTT3D: retained river selector tile 67,103 feature 5 base 11269 offset 0->0 sprite 11269 absent false
[2026-10-03 16:44:31] dbg: [driver:1] OpenTT3D: retained river selector tile 67,103 feature 6 base 10064 offset 1->1 sprite 10065 absent false
[2026-10-03 16:44:31] dbg: [driver:1] OpenTT3D: retained river selector tile 67,103 feature 6 base 10064 offset 3->3 sprite 10067 absent false
[2026-10-03 16:44:31] dbg: [driver:1] OpenTT3D: retained river selector tile 68,103 feature 5 base 11269 offset 0->0 sprite 11269 absent false
[2026-10-03 16:44:31] dbg: [driver:1] OpenTT3D: retained river selector tile 68,103 feature 6 base 10064 offset 2->2 sprite 10066 absent false
[2026-10-03 16:44:31] dbg: [driver:1] OpenTT3D: retained river selector tile 68,103 feature 6 base 10064 offset 3->3 sprite 10067 absent false
[2026-10-03 16:44:31] dbg: [driver:1] OpenTT3D: retained river selector tile 68,103 feature 6 base 10064 offset 8->8 sprite 10072 absent false
[2026-10-03 16:44:31] dbg: [driver:1] OpenTT3D: retained river selector tile 68,103 feature 6 base 10064 offset 6->6 sprite 10070 absent false
[2026-10-03 16:44:31] dbg: [driver:1] OpenTT3D: retained river selector tile 72,103 feature 5 base 11269 offset 0->0 sprite 11269 absent false
[2026-10-03 16:44:31] dbg: [driver:1] OpenTT3D: retained river selector tile 72,103 feature 6 base 10064 offset 0->0 sprite 10064 absent false
[2026-10-03 16:44:31] dbg: [driver:1] OpenTT3D: retained river selector tile 72,103 feature 6 base 10064 offset 3->3 sprite 10067 absent false
[2026-10-03 16:44:31] dbg: [driver:1] OpenTT3D: retained river selector tile 72,103 feature 6 base 10064 offset 7->7 sprite 10071 absent false
[2026-10-03 16:44:31] dbg: [driver:1] OpenTT3D: retained river selector tile 73,103 feature 5 base 11269 offset 0->0 sprite 11269 absent false
[2026-10-03 16:44:31] dbg: [driver:1] OpenTT3D: retained river selector tile 73,103 feature 6 base 10064 offset 3->3 sprite 10067 absent false
[2026-10-03 16:44:31] dbg: [driver:1] OpenTT3D: retained river selector tile 74,103 feature 5 base 11269 offset 0->0 sprite 11269 absent false
[2026-10-03 16:44:31] dbg: [driver:1] OpenTT3D: retained river selector tile 74,103 feature 6 base 10064 offset 11->11 sprite 10075 absent false
[2026-10-03 16:44:31] dbg: [driver:1] OpenTT3D: retained river selector tile 75,103 feature 5 base 11269 offset 0->0 sprite 11269 absent false
[2026-10-03 16:44:31] dbg: [driver:1] OpenTT3D: retained river selector tile 76,103 feature 5 base 11269 offset 0->0 sprite 11269 absent false
[2026-10-03 16:44:31] dbg: [driver:1] OpenTT3D: retained river selector tile 76,103 feature 6 base 10064 offset 2->2 sprite 10066 absent false
[2026-10-03 16:44:31] dbg: [driver:1] OpenTT3D: retained river selector tile 41,104 feature 5 base 11269 offset 0->0 sprite 11269 absent false
[2026-10-03 16:44:31] dbg: [driver:1] OpenTT3D: retained river selector tile 41,104 feature 6 base 10064 offset 0->0 sprite 10064 absent false
[2026-10-03 16:44:31] dbg: [driver:1] OpenTT3D: retained river selector tile 41,104 feature 6 base 10064 offset 1->1 sprite 10065 absent false
[2026-10-03 16:44:31] dbg: [driver:1] OpenTT3D: retained river selector tile 41,104 feature 6 base 10064 offset 3->3 sprite 10067 absent false
[2026-10-03 16:44:31] dbg: [driver:1] OpenTT3D: retained river selector tile 41,104 feature 6 base 10064 offset 4->4 sprite 10068 absent false
[2026-10-03 16:44:31] dbg: [driver:1] OpenTT3D: retained river selector tile 41,104 feature 6 base 10064 offset 7->7 sprite 10071 absent false
[2026-10-03 16:44:31] dbg: [driver:1] OpenTT3D: retained river selector tile 42,104 feature 5 base 11269 offset 0->0 sprite 11269 absent false
[2026-10-03 16:44:31] dbg: [driver:1] OpenTT3D: retained river selector tile 42,104 feature 6 base 10064 offset 1->1 sprite 10065 absent false
[2026-10-03 16:44:31] dbg: [driver:1] OpenTT3D: retained river selector tile 42,104 feature 6 base 10064 offset 3->3 sprite 10067 absent false
[2026-10-03 16:44:31] dbg: [driver:1] OpenTT3D: retained river selector tile 43,104 feature 5 base 11269 offset 0->0 sprite 11269 absent false
[2026-10-03 16:44:31] dbg: [driver:1] OpenTT3D: retained river selector tile 43,104 feature 6 base 10064 offset 1->1 sprite 10065 absent false
[2026-10-03 16:44:31] dbg: [driver:1] OpenTT3D: retained river selector tile 43,104 feature 6 base 10064 offset 3->3 sprite 10067 absent false
[2026-10-03 16:44:31] dbg: [driver:1] OpenTT3D: retained river selector tile 44,104 feature 5 base 11269 offset 0->0 sprite 11269 absent false
[2026-10-03 16:44:31] dbg: [driver:1] OpenTT3D: retained river selector tile 44,104 feature 6 base 10064 offset 1->1 sprite 10065 absent false
[2026-10-03 16:44:31] dbg: [driver:1] OpenTT3D: retained river selector tile 44,104 feature 6 base 10064 offset 3->3 sprite 10067 absent false
[2026-10-03 16:44:31] dbg: [driver:1] OpenTT3D: retained river selector tile 45,104 feature 5 base 11269 offset 0->0 sprite 11269 absent false
[2026-10-03 16:44:31] dbg: [driver:1] OpenTT3D: retained river selector tile 45,104 feature 6 base 10064 offset 1->1 sprite 10065 absent false
[2026-10-03 16:44:31] dbg: [driver:1] OpenTT3D: retained river selector tile 45,104 feature 6 base 10064 offset 3->3 sprite 10067 absent false
[2026-10-03 16:44:31] dbg: [driver:1] OpenTT3D: retained river selector tile 46,104 feature 5 base 11269 offset 0->0 sprite 11269 absent false
[2026-10-03 16:44:31] dbg: [driver:1] OpenTT3D: retained river selector tile 46,104 feature 6 base 10064 offset 1->1 sprite 10065 absent false
[2026-10-03 16:44:31] dbg: [driver:1] OpenTT3D: retained river selector tile 46,104 feature 6 base 10064 offset 3->3 sprite 10067 absent false
[2026-10-03 16:44:31] dbg: [driver:1] OpenTT3D: retained river selector tile 47,104 feature 5 base 11269 offset 0->0 sprite 11269 absent false
[2026-10-03 16:44:31] dbg: [driver:1] OpenTT3D: retained river selector tile 47,104 feature 6 base 10064 offset 1->1 sprite 10065 absent false
[2026-10-03 16:44:31] dbg: [driver:1] OpenTT3D: retained river selector tile 47,104 feature 6 base 10064 offset 3->3 sprite 10067 absent false
[2026-10-03 16:44:31] dbg: [driver:1] OpenTT3D: retained river selector tile 48,104 feature 5 base 11269 offset 0->0 sprite 11269 absent false
[2026-10-03 16:44:31] dbg: [driver:1] OpenTT3D: retained river selector tile 48,104 feature 6 base 10064 offset 1->1 sprite 10065 absent false
[2026-10-03 16:44:31] dbg: [driver:1] OpenTT3D: retained river selector tile 48,104 feature 6 base 10064 offset 3->3 sprite 10067 absent false
[2026-10-03 16:44:31] dbg: [driver:1] OpenTT3D: retained river selector tile 49,104 feature 5 base 11269 offset 0->0 sprite 11269 absent false
[2026-10-03 16:44:31] dbg: [driver:1] OpenTT3D: retained river selector tile 49,104 feature 6 base 10064 offset 1->1 sprite 10065 absent false
[2026-10-03 16:44:31] dbg: [driver:1] OpenTT3D: retained river selector tile 49,104 feature 6 base 10064 offset 3->3 sprite 10067 absent false
[2026-10-03 16:44:31] dbg: [driver:1] OpenTT3D: retained river selector tile 50,104 feature 5 base 11269 offset 0->0 sprite 11269 absent false
[2026-10-03 16:44:31] dbg: [driver:1] OpenTT3D: retained river selector tile 50,104 feature 6 base 10064 offset 1->1 sprite 10065 absent false
[2026-10-03 16:44:31] dbg: [driver:1] OpenTT3D: retained river selector tile 50,104 feature 6 base 10064 offset 3->3 sprite 10067 absent false
[2026-10-03 16:44:31] dbg: [driver:1] OpenTT3D: retained river selector tile 51,104 feature 5 base 11269 offset 0->0 sprite 11269 absent false
[2026-10-03 16:44:31] dbg: [driver:1] OpenTT3D: retained river selector tile 51,104 feature 6 base 10064 offset 1->1 sprite 10065 absent false
[2026-10-03 16:44:31] dbg: [driver:1] OpenTT3D: retained river selector tile 51,104 feature 6 base 10064 offset 3->3 sprite 10067 absent false
[2026-10-03 16:44:31] dbg: [driver:1] OpenTT3D: retained river selector tile 52,104 feature 5 base 11269 offset 0->0 sprite 11269 absent false
[2026-10-03 16:44:31] dbg: [driver:1] OpenTT3D: retained river selector tile 52,104 feature 6 base 10064 offset 1->1 sprite 10065 absent false
[2026-10-03 16:44:31] dbg: [driver:1] OpenTT3D: retained river selector tile 52,104 feature 6 base 10064 offset 3->3 sprite 10067 absent false
[2026-10-03 16:44:31] dbg: [driver:1] OpenTT3D: retained river selector tile 53,104 feature 5 base 11269 offset 0->0 sprite 11269 absent false
[2026-10-03 16:44:31] dbg: [driver:1] OpenTT3D: retained river selector tile 53,104 feature 6 base 10064 offset 1->1 sprite 10065 absent false
[2026-10-03 16:44:31] dbg: [driver:1] OpenTT3D: retained river selector tile 53,104 feature 6 base 10064 offset 3->3 sprite 10067 absent false
[2026-10-03 16:44:31] dbg: [driver:1] OpenTT3D: retained river selector tile 54,104 feature 5 base 11269 offset 0->0 sprite 11269 absent false
[2026-10-03 16:44:31] dbg: [driver:1] OpenTT3D: retained river selector tile 54,104 feature 6 base 10064 offset 2->2 sprite 10066 absent false
[2026-10-03 16:44:31] dbg: [driver:1] OpenTT3D: retained river selector tile 54,104 feature 6 base 10064 offset 3->3 sprite 10067 absent false
[2026-10-03 16:44:31] dbg: [driver:1] OpenTT3D: retained river selector tile 54,104 feature 6 base 10064 offset 8->8 sprite 10072 absent false
[2026-10-03 16:44:31] dbg: [driver:1] OpenTT3D: retained river selector tile 54,104 feature 6 base 10064 offset 6->6 sprite 10070 absent false
[2026-10-03 16:44:31] dbg: [driver:1] OpenTT3D: retained river selector tile 63,104 feature 5 base 11269 offset 0->0 sprite 11269 absent false
[2026-10-03 16:44:31] dbg: [driver:1] OpenTT3D: retained river selector tile 63,104 feature 6 base 10064 offset 0->0 sprite 10064 absent false
[2026-10-03 16:44:31] dbg: [driver:1] OpenTT3D: retained river selector tile 63,104 feature 6 base 10064 offset 3->3 sprite 10067 absent false
[2026-10-03 16:44:31] dbg: [driver:1] OpenTT3D: retained river selector tile 63,104 feature 6 base 10064 offset 9->9 sprite 10073 absent false
[2026-10-03 16:44:31] dbg: [driver:1] OpenTT3D: retained river selector tile 63,104 feature 6 base 10064 offset 7->7 sprite 10071 absent false
[2026-10-03 16:44:31] dbg: [driver:1] OpenTT3D: retained river selector tile 64,104 feature 5 base 11269 offset 0->0 sprite 11269 absent false
[2026-10-03 16:44:31] dbg: [driver:1] OpenTT3D: retained river selector tile 64,104 feature 6 base 10064 offset 1->1 sprite 10065 absent false
[2026-10-03 16:44:31] dbg: [driver:1] OpenTT3D: retained river selector tile 64,104 feature 6 base 10064 offset 3->3 sprite 10067 absent false
[2026-10-03 16:44:31] dbg: [driver:1] OpenTT3D: retained river selector tile 65,104 feature 5 base 11269 offset 0->0 sprite 11269 absent false
[2026-10-03 16:44:31] dbg: [driver:1] OpenTT3D: retained river selector tile 65,104 feature 6 base 10064 offset 1->1 sprite 10065 absent false
[2026-10-03 16:44:31] dbg: [driver:1] OpenTT3D: retained river selector tile 65,104 feature 6 base 10064 offset 2->2 sprite 10066 absent false
[2026-10-03 16:44:31] dbg: [driver:1] OpenTT3D: retained river selector tile 65,104 feature 6 base 10064 offset 5->5 sprite 10069 absent false
[2026-10-03 16:44:31] dbg: [driver:1] OpenTT3D: retained river selector tile 65,104 feature 6 base 10064 offset 11->11 sprite 10075 absent false
[2026-10-03 16:44:31] dbg: [driver:1] OpenTT3D: retained river selector tile 68,104 feature 5 base 11269 offset 0->0 sprite 11269 absent false
[2026-10-03 16:44:31] dbg: [driver:1] OpenTT3D: retained river selector tile 68,104 feature 6 base 10064 offset 0->0 sprite 10064 absent false
[2026-10-03 16:44:31] dbg: [driver:1] OpenTT3D: retained river selector tile 68,104 feature 6 base 10064 offset 1->1 sprite 10065 absent false
[2026-10-03 16:44:31] dbg: [driver:1] OpenTT3D: retained river selector tile 68,104 feature 6 base 10064 offset 4->4 sprite 10068 absent false
[2026-10-03 16:44:31] dbg: [driver:1] OpenTT3D: retained river selector tile 68,104 feature 6 base 10064 offset 10->10 sprite 10074 absent false
[2026-10-03 16:44:31] dbg: [driver:1] OpenTT3D: retained river selector tile 69,104 feature 5 base 11269 offset 0->0 sprite 11269 absent false
[2026-10-03 16:44:31] dbg: [driver:1] OpenTT3D: retained river selector tile 69,104 feature 6 base 10064 offset 1->1 sprite 10065 absent false
[2026-10-03 16:44:31] dbg: [driver:1] OpenTT3D: retained river selector tile 69,104 feature 6 base 10064 offset 3->3 sprite 10067 absent false
[2026-10-03 16:44:31] dbg: [driver:1] OpenTT3D: retained river selector tile 70,104 feature 5 base 11269 offset 0->0 sprite 11269 absent false
[2026-10-03 16:44:31] dbg: [driver:1] OpenTT3D: retained river selector tile 70,104 feature 6 base 10064 offset 1->1 sprite 10065 absent false
[2026-10-03 16:44:31] dbg: [driver:1] OpenTT3D: retained river selector tile 70,104 feature 6 base 10064 offset 3->3 sprite 10067 absent false
[2026-10-03 16:44:31] dbg: [driver:1] OpenTT3D: retained river selector tile 71,104 feature 5 base 11269 offset 0->0 sprite 11269 absent false
[2026-10-03 16:44:31] dbg: [driver:1] OpenTT3D: retained river selector tile 71,104 feature 6 base 10064 offset 3->3 sprite 10067 absent false
[2026-10-03 16:44:31] dbg: [driver:1] OpenTT3D: retained river selector tile 71,104 feature 6 base 10064 offset 8->8 sprite 10072 absent false
[2026-10-03 16:44:31] dbg: [driver:1] OpenTT3D: retained river selector tile 72,104 feature 5 base 11269 offset 0->0 sprite 11269 absent false
[2026-10-03 16:44:31] dbg: [driver:1] OpenTT3D: retained river selector tile 72,104 feature 6 base 10064 offset 11->11 sprite 10075 absent false
[2026-10-03 16:44:31] dbg: [driver:1] OpenTT3D: retained river selector tile 73,104 feature 5 base 11269 offset 0->0 sprite 11269 absent false
[2026-10-03 16:44:31] dbg: [driver:1] OpenTT3D: retained river selector tile 74,104 feature 5 base 11269 offset 0->0 sprite 11269 absent false
[2026-10-03 16:44:31] dbg: [driver:1] OpenTT3D: retained river selector tile 75,104 feature 5 base 11269 offset 0->0 sprite 11269 absent false
[2026-10-03 16:44:31] dbg: [driver:1] OpenTT3D: retained river selector tile 76,104 feature 5 base 11269 offset 0->0 sprite 11269 absent false
[2026-10-03 16:44:31] dbg: [driver:1] OpenTT3D: retained river selector tile 76,104 feature 6 base 10064 offset 2->2 sprite 10066 absent false
[2026-10-03 16:44:31] dbg: [driver:1] OpenTT3D: retained river selector tile 54,105 feature 5 base 11269 offset 0->0 sprite 11269 absent false
[2026-10-03 16:44:31] dbg: [driver:1] OpenTT3D: retained river selector tile 54,105 feature 6 base 10064 offset 0->0 sprite 10064 absent false
[2026-10-03 16:44:31] dbg: [driver:1] OpenTT3D: retained river selector tile 54,105 feature 6 base 10064 offset 1->1 sprite 10065 absent false
[2026-10-03 16:44:31] dbg: [driver:1] OpenTT3D: retained river selector tile 54,105 feature 6 base 10064 offset 4->4 sprite 10068 absent false
[2026-10-03 16:44:31] dbg: [driver:1] OpenTT3D: retained river selector tile 54,105 feature 6 base 10064 offset 10->10 sprite 10074 absent false
[2026-10-03 16:44:31] dbg: [driver:1] OpenTT3D: retained river selector tile 55,105 feature 5 base 11269 offset 0->0 sprite 11269 absent false
[2026-10-03 16:44:31] dbg: [driver:1] OpenTT3D: retained river selector tile 55,105 feature 6 base 10064 offset 1->1 sprite 10065 absent false
[2026-10-03 16:44:31] dbg: [driver:1] OpenTT3D: retained river selector tile 55,105 feature 6 base 10064 offset 3->3 sprite 10067 absent false
[2026-10-03 16:44:31] dbg: [driver:1] OpenTT3D: retained river selector tile 56,105 feature 5 base 11269 offset 0->0 sprite 11269 absent false
[2026-10-03 16:44:31] dbg: [driver:1] OpenTT3D: retained river selector tile 56,105 feature 6 base 10064 offset 1->1 sprite 10065 absent false
[2026-10-03 16:44:31] dbg: [driver:1] OpenTT3D: retained river selector tile 56,105 feature 6 base 10064 offset 3->3 sprite 10067 absent false
[2026-10-03 16:44:31] dbg: [driver:1] OpenTT3D: retained river selector tile 57,105 feature 5 base 11269 offset 0->0 sprite 11269 absent false
[2026-10-03 16:44:31] dbg: [driver:1] OpenTT3D: retained river selector tile 57,105 feature 6 base 10064 offset 1->1 sprite 10065 absent false
[2026-10-03 16:44:31] dbg: [driver:1] OpenTT3D: retained river selector tile 57,105 feature 6 base 10064 offset 3->3 sprite 10067 absent false
[2026-10-03 16:44:31] dbg: [driver:1] OpenTT3D: retained river selector tile 58,105 feature 5 base 11269 offset 0->0 sprite 11269 absent false
[2026-10-03 16:44:31] dbg: [driver:1] OpenTT3D: retained river selector tile 58,105 feature 6 base 10064 offset 1->1 sprite 10065 absent false
[2026-10-03 16:44:32] dbg: [driver:1] OpenTT3D: retained river selector tile 58,105 feature 6 base 10064 offset 3->3 sprite 10067 absent false
[2026-10-03 16:44:32] dbg: [driver:1] OpenTT3D: retained river selector tile 59,105 feature 5 base 11269 offset 0->0 sprite 11269 absent false
[2026-10-03 16:44:32] dbg: [driver:1] OpenTT3D: retained river selector tile 59,105 feature 6 base 10064 offset 1->1 sprite 10065 absent false
[2026-10-03 16:44:32] dbg: [driver:1] OpenTT3D: retained river selector tile 59,105 feature 6 base 10064 offset 3->3 sprite 10067 absent false
[2026-10-03 16:44:32] dbg: [driver:1] OpenTT3D: retained river selector tile 60,105 feature 5 base 11269 offset 0->0 sprite 11269 absent false
[2026-10-03 16:44:32] dbg: [driver:1] OpenTT3D: retained river selector tile 60,105 feature 6 base 10064 offset 1->1 sprite 10065 absent false
[2026-10-03 16:44:32] dbg: [driver:1] OpenTT3D: retained river selector tile 60,105 feature 6 base 10064 offset 3->3 sprite 10067 absent false
[2026-10-03 16:44:32] dbg: [driver:1] OpenTT3D: retained river selector tile 61,105 feature 5 base 11269 offset 0->0 sprite 11269 absent false
[2026-10-03 16:44:32] dbg: [driver:1] OpenTT3D: retained river selector tile 61,105 feature 6 base 10064 offset 1->1 sprite 10065 absent false
[2026-10-03 16:44:32] dbg: [driver:1] OpenTT3D: retained river selector tile 61,105 feature 6 base 10064 offset 3->3 sprite 10067 absent false
[2026-10-03 16:44:32] dbg: [driver:1] OpenTT3D: retained river selector tile 62,105 feature 5 base 11269 offset 0->0 sprite 11269 absent false
[2026-10-03 16:44:32] dbg: [driver:1] OpenTT3D: retained river selector tile 62,105 feature 6 base 10064 offset 1->1 sprite 10065 absent false
[2026-10-03 16:44:32] dbg: [driver:1] OpenTT3D: retained river selector tile 62,105 feature 6 base 10064 offset 3->3 sprite 10067 absent false
[2026-10-03 16:44:32] dbg: [driver:1] OpenTT3D: retained river selector tile 63,105 feature 5 base 11269 offset 0->0 sprite 11269 absent false
[2026-10-03 16:44:32] dbg: [driver:1] OpenTT3D: retained river selector tile 63,105 feature 6 base 10064 offset 1->1 sprite 10065 absent false
[2026-10-03 16:44:32] dbg: [driver:1] OpenTT3D: retained river selector tile 63,105 feature 6 base 10064 offset 2->2 sprite 10066 absent false
[2026-10-03 16:44:32] dbg: [driver:1] OpenTT3D: retained river selector tile 63,105 feature 6 base 10064 offset 5->5 sprite 10069 absent false
[2026-10-03 16:44:32] dbg: [driver:1] OpenTT3D: retained river selector tile 63,105 feature 6 base 10064 offset 11->11 sprite 10075 absent false
[2026-10-03 16:44:32] dbg: [driver:1] OpenTT3D: retained river selector tile 71,105 feature 5 base 11269 offset 0->0 sprite 11269 absent false
[2026-10-03 16:44:32] dbg: [driver:1] OpenTT3D: retained river selector tile 71,105 feature 6 base 10064 offset 0->0 sprite 10064 absent false
[2026-10-03 16:44:32] dbg: [driver:1] OpenTT3D: retained river selector tile 72,105 feature 5 base 11269 offset 0->0 sprite 11269 absent false
[2026-10-03 16:44:32] dbg: [driver:1] OpenTT3D: retained river selector tile 73,105 feature 5 base 11269 offset 0->0 sprite 11269 absent false
[2026-10-03 16:44:32] dbg: [driver:1] OpenTT3D: retained river selector tile 74,105 feature 5 base 11269 offset 0->0 sprite 11269 absent false
[2026-10-03 16:44:32] dbg: [driver:1] OpenTT3D: retained river selector tile 74,105 feature 6 base 10064 offset 9->9 sprite 10073 absent false
[2026-10-03 16:44:32] dbg: [driver:1] OpenTT3D: retained river selector tile 75,105 feature 5 base 11269 offset 0->0 sprite 11269 absent false
[2026-10-03 16:44:32] dbg: [driver:1] OpenTT3D: retained river selector tile 75,105 feature 6 base 10064 offset 1->1 sprite 10065 absent false
[2026-10-03 16:44:32] dbg: [driver:1] OpenTT3D: retained river selector tile 76,105 feature 5 base 11269 offset 0->0 sprite 11269 absent false
[2026-10-03 16:44:32] dbg: [driver:1] OpenTT3D: retained river selector tile 76,105 feature 6 base 10064 offset 1->1 sprite 10065 absent false
[2026-10-03 16:44:32] dbg: [driver:1] OpenTT3D: retained river selector tile 76,105 feature 6 base 10064 offset 2->2 sprite 10066 absent false
[2026-10-03 16:44:32] dbg: [driver:1] OpenTT3D: retained river selector tile 76,105 feature 6 base 10064 offset 5->5 sprite 10069 absent false
[2026-10-03 16:44:32] dbg: [driver:1] OpenTT3D: retained river selector tile 71,106 feature 5 base 11269 offset 0->0 sprite 11269 absent false
[2026-10-03 16:44:32] dbg: [driver:1] OpenTT3D: retained river selector tile 71,106 feature 6 base 10064 offset 0->0 sprite 10064 absent false
[2026-10-03 16:44:32] dbg: [driver:1] OpenTT3D: retained river selector tile 72,106 feature 5 base 11269 offset 0->0 sprite 11269 absent false
[2026-10-03 16:44:32] dbg: [driver:1] OpenTT3D: retained river selector tile 73,106 feature 5 base 11269 offset 0->0 sprite 11269 absent false
[2026-10-03 16:44:32] dbg: [driver:1] OpenTT3D: retained river selector tile 73,106 feature 6 base 10064 offset 9->9 sprite 10073 absent false
[2026-10-03 16:44:32] dbg: [driver:1] OpenTT3D: retained river selector tile 74,106 feature 5 base 11269 offset 0->0 sprite 11269 absent false
[2026-10-03 16:44:32] dbg: [driver:1] OpenTT3D: retained river selector tile 74,106 feature 6 base 10064 offset 1->1 sprite 10065 absent false
[2026-10-03 16:44:32] dbg: [driver:1] OpenTT3D: retained river selector tile 74,106 feature 6 base 10064 offset 2->2 sprite 10066 absent false
[2026-10-03 16:44:32] dbg: [driver:1] OpenTT3D: retained river selector tile 74,106 feature 6 base 10064 offset 5->5 sprite 10069 absent false
[2026-10-03 16:44:32] dbg: [driver:1] OpenTT3D: retained river selector tile 71,107 feature 5 base 11269 offset 0->0 sprite 11269 absent false
[2026-10-03 16:44:32] dbg: [driver:1] OpenTT3D: retained river selector tile 71,107 feature 6 base 10064 offset 0->0 sprite 10064 absent false
[2026-10-03 16:44:32] dbg: [driver:1] OpenTT3D: retained river selector tile 72,107 feature 5 base 11269 offset 0->0 sprite 11269 absent false
[2026-10-03 16:44:32] dbg: [driver:1] OpenTT3D: retained river selector tile 73,107 feature 5 base 11269 offset 0->0 sprite 11269 absent false
[2026-10-03 16:44:32] dbg: [driver:1] OpenTT3D: retained river selector tile 73,107 feature 6 base 10064 offset 2->2 sprite 10066 absent false
[2026-10-03 16:44:32] dbg: [driver:1] OpenTT3D: retained river selector tile 71,108 feature 5 base 11269 offset 0->0 sprite 11269 absent false
[2026-10-03 16:44:32] dbg: [driver:1] OpenTT3D: retained river selector tile 71,108 feature 6 base 10064 offset 0->0 sprite 10064 absent false
[2026-10-03 16:44:32] dbg: [driver:1] OpenTT3D: retained river selector tile 72,108 feature 5 base 11269 offset 0->0 sprite 11269 absent false
[2026-10-03 16:44:32] dbg: [driver:1] OpenTT3D: retained river selector tile 73,108 feature 5 base 11269 offset 0->0 sprite 11269 absent false
[2026-10-03 16:44:32] dbg: [driver:1] OpenTT3D: retained river selector tile 73,108 feature 6 base 10064 offset 2->2 sprite 10066 absent false
[2026-10-03 16:44:32] dbg: [driver:1] OpenTT3D: retained river selector tile 71,109 feature 5 base 11269 offset 0->0 sprite 11269 absent false
[2026-10-03 16:44:32] dbg: [driver:1] OpenTT3D: retained river selector tile 71,109 feature 6 base 10064 offset 0->0 sprite 10064 absent false
[2026-10-03 16:44:32] dbg: [driver:1] OpenTT3D: retained river selector tile 72,109 feature 5 base 11269 offset 0->0 sprite 11269 absent false
[2026-10-03 16:44:32] dbg: [driver:1] OpenTT3D: retained river selector tile 73,109 feature 5 base 11269 offset 0->0 sprite 11269 absent false
[2026-10-03 16:44:32] dbg: [driver:1] OpenTT3D: retained river selector tile 73,109 feature 6 base 10064 offset 2->2 sprite 10066 absent false
[2026-10-03 16:44:32] dbg: [driver:1] OpenTT3D: retained river selector tile 71,110 feature 5 base 11269 offset 0->0 sprite 11269 absent false
[2026-10-03 16:44:32] dbg: [driver:1] OpenTT3D: retained river selector tile 71,110 feature 6 base 10064 offset 0->0 sprite 10064 absent false
[2026-10-03 16:44:32] dbg: [driver:1] OpenTT3D: retained river selector tile 72,110 feature 5 base 11269 offset 0->0 sprite 11269 absent false
[2026-10-03 16:44:32] dbg: [driver:1] OpenTT3D: retained river selector tile 73,110 feature 5 base 11269 offset 0->0 sprite 11269 absent false
[2026-10-03 16:44:32] dbg: [driver:1] OpenTT3D: retained river selector tile 73,110 feature 6 base 10064 offset 2->2 sprite 10066 absent false
[2026-10-03 16:44:32] dbg: [driver:1] OpenTT3D: retained river selector tile 71,111 feature 5 base 11269 offset 0->0 sprite 11269 absent false
[2026-10-03 16:44:32] dbg: [driver:1] OpenTT3D: retained river selector tile 71,111 feature 6 base 10064 offset 0->0 sprite 10064 absent false
[2026-10-03 16:44:32] dbg: [driver:1] OpenTT3D: retained river selector tile 72,111 feature 5 base 11269 offset 0->0 sprite 11269 absent false
[2026-10-03 16:44:32] dbg: [driver:1] OpenTT3D: retained river selector tile 73,111 feature 5 base 11269 offset 0->0 sprite 11269 absent false
[2026-10-03 16:44:32] dbg: [driver:1] OpenTT3D: retained river selector tile 73,111 feature 6 base 10064 offset 2->2 sprite 10066 absent false
[2026-10-03 16:44:32] dbg: [driver:1] OpenTT3D: retained river selector tile 71,112 feature 5 base 11269 offset 0->0 sprite 11269 absent false
[2026-10-03 16:44:32] dbg: [driver:1] OpenTT3D: retained river selector tile 71,112 feature 6 base 10064 offset 0->0 sprite 10064 absent false
[2026-10-03 16:44:32] dbg: [driver:1] OpenTT3D: retained river selector tile 72,112 feature 5 base 11269 offset 0->0 sprite 11269 absent false
[2026-10-03 16:44:32] dbg: [driver:1] OpenTT3D: retained river selector tile 73,112 feature 5 base 11269 offset 0->0 sprite 11269 absent false
[2026-10-03 16:44:32] dbg: [driver:1] OpenTT3D: retained river selector tile 73,112 feature 6 base 10064 offset 2->2 sprite 10066 absent false
[2026-10-03 16:44:32] dbg: [driver:1] OpenTT3D: retained river selector tile 71,113 feature 5 base 11269 offset 0->0 sprite 11269 absent false
[2026-10-03 16:44:32] dbg: [driver:1] OpenTT3D: retained river selector tile 71,113 feature 6 base 10064 offset 0->0 sprite 10064 absent false
[2026-10-03 16:44:32] dbg: [driver:1] OpenTT3D: retained river selector tile 72,113 feature 5 base 11269 offset 0->0 sprite 11269 absent false
[2026-10-03 16:44:32] dbg: [driver:1] OpenTT3D: retained river selector tile 73,113 feature 5 base 11269 offset 0->0 sprite 11269 absent false
[2026-10-03 16:44:32] dbg: [driver:1] OpenTT3D: retained river selector tile 73,113 feature 6 base 10064 offset 10->10 sprite 10074 absent false
[2026-10-03 16:44:32] dbg: [driver:1] OpenTT3D: retained river selector tile 74,113 feature 5 base 11269 offset 0->0 sprite 11269 absent false
[2026-10-03 16:44:32] dbg: [driver:1] OpenTT3D: retained river selector tile 74,113 feature 6 base 10064 offset 3->3 sprite 10067 absent false
[2026-10-03 16:44:32] dbg: [driver:1] OpenTT3D: retained river selector tile 75,113 feature 5 base 11269 offset 0->0 sprite 11269 absent false
[2026-10-03 16:44:32] dbg: [driver:1] OpenTT3D: retained river selector tile 75,113 feature 6 base 10064 offset 3->3 sprite 10067 absent false
[2026-10-03 16:44:32] dbg: [driver:1] OpenTT3D: retained river selector tile 76,113 feature 5 base 11269 offset 0->0 sprite 11269 absent false
[2026-10-03 16:44:32] dbg: [driver:1] OpenTT3D: retained river selector tile 76,113 feature 6 base 10064 offset 3->3 sprite 10067 absent false
[2026-10-03 16:44:32] dbg: [driver:1] OpenTT3D: retained river selector tile 77,113 feature 5 base 11269 offset 0->0 sprite 11269 absent false
[2026-10-03 16:44:32] dbg: [driver:1] OpenTT3D: retained river selector tile 77,113 feature 6 base 10064 offset 2->2 sprite 10066 absent false
[2026-10-03 16:44:32] dbg: [driver:1] OpenTT3D: retained river selector tile 77,113 feature 6 base 10064 offset 3->3 sprite 10067 absent false
[2026-10-03 16:44:32] dbg: [driver:1] OpenTT3D: retained river selector tile 77,113 feature 6 base 10064 offset 6->6 sprite 10070 absent false
[2026-10-03 16:44:32] dbg: [driver:1] OpenTT3D: retained river selector tile 71,114 feature 5 base 11269 offset 0->0 sprite 11269 absent false
[2026-10-03 16:44:32] dbg: [driver:1] OpenTT3D: retained river selector tile 71,114 feature 6 base 10064 offset 0->0 sprite 10064 absent false
[2026-10-03 16:44:32] dbg: [driver:1] OpenTT3D: retained river selector tile 72,114 feature 5 base 11269 offset 0->0 sprite 11269 absent false
[2026-10-03 16:44:32] dbg: [driver:1] OpenTT3D: retained river selector tile 73,114 feature 5 base 11269 offset 0->0 sprite 11269 absent false
[2026-10-03 16:44:32] dbg: [driver:1] OpenTT3D: retained river selector tile 74,114 feature 5 base 11269 offset 0->0 sprite 11269 absent false
[2026-10-03 16:44:32] dbg: [driver:1] OpenTT3D: retained river selector tile 75,114 feature 5 base 11269 offset 0->0 sprite 11269 absent false
[2026-10-03 16:44:32] dbg: [driver:1] OpenTT3D: retained river selector tile 76,114 feature 5 base 11269 offset 0->0 sprite 11269 absent false
[2026-10-03 16:44:32] dbg: [driver:1] OpenTT3D: retained river selector tile 77,114 feature 5 base 11269 offset 0->0 sprite 11269 absent false
[2026-10-03 16:44:32] dbg: [driver:1] OpenTT3D: retained river selector tile 77,114 feature 6 base 10064 offset 2->2 sprite 10066 absent false
[2026-10-03 16:44:32] dbg: [driver:1] OpenTT3D: retained river selector tile 71,115 feature 5 base 11269 offset 0->0 sprite 11269 absent false
[2026-10-03 16:44:32] dbg: [driver:1] OpenTT3D: retained river selector tile 71,115 feature 6 base 10064 offset 0->0 sprite 10064 absent false
[2026-10-03 16:44:32] dbg: [driver:1] OpenTT3D: retained river selector tile 71,115 feature 6 base 10064 offset 1->1 sprite 10065 absent false
[2026-10-03 16:44:32] dbg: [driver:1] OpenTT3D: retained river selector tile 71,115 feature 6 base 10064 offset 4->4 sprite 10068 absent false
[2026-10-03 16:44:32] dbg: [driver:1] OpenTT3D: retained river selector tile 72,115 feature 5 base 11269 offset 0->0 sprite 11269 absent false
[2026-10-03 16:44:32] dbg: [driver:1] OpenTT3D: retained river selector tile 72,115 feature 6 base 10064 offset 1->1 sprite 10065 absent false
[2026-10-03 16:44:32] dbg: [driver:1] OpenTT3D: retained river selector tile 73,115 feature 5 base 11269 offset 0->0 sprite 11269 absent false
[2026-10-03 16:44:32] dbg: [driver:1] OpenTT3D: retained river selector tile 73,115 feature 6 base 10064 offset 1->1 sprite 10065 absent false
[2026-10-03 16:44:32] dbg: [driver:1] OpenTT3D: retained river selector tile 74,115 feature 5 base 11269 offset 0->0 sprite 11269 absent false
[2026-10-03 16:44:32] dbg: [driver:1] OpenTT3D: retained river selector tile 74,115 feature 6 base 10064 offset 1->1 sprite 10065 absent false
[2026-10-03 16:44:32] dbg: [driver:1] OpenTT3D: retained river selector tile 75,115 feature 5 base 11269 offset 0->0 sprite 11269 absent false
[2026-10-03 16:44:32] dbg: [driver:1] OpenTT3D: retained river selector tile 75,115 feature 6 base 10064 offset 8->8 sprite 10072 absent false
[2026-10-03 16:44:32] dbg: [driver:1] OpenTT3D: retained river selector tile 76,115 feature 5 base 11269 offset 0->0 sprite 11269 absent false
[2026-10-03 16:44:32] dbg: [driver:1] OpenTT3D: retained river selector tile 77,115 feature 5 base 11269 offset 0->0 sprite 11269 absent false
[2026-10-03 16:44:32] dbg: [driver:1] OpenTT3D: retained river selector tile 77,115 feature 6 base 10064 offset 2->2 sprite 10066 absent false
[2026-10-03 16:44:32] dbg: [driver:1] OpenTT3D: retained river selector tile 75,116 feature 5 base 11269 offset 0->0 sprite 11269 absent false
[2026-10-03 16:44:32] dbg: [driver:1] OpenTT3D: retained river selector tile 75,116 feature 6 base 10064 offset 0->0 sprite 10064 absent false
[2026-10-03 16:44:32] dbg: [driver:1] OpenTT3D: retained river selector tile 76,116 feature 5 base 11269 offset 0->0 sprite 11269 absent false
[2026-10-03 16:44:32] dbg: [driver:1] OpenTT3D: retained river selector tile 76,116 feature 6 base 10064 offset 9->9 sprite 10073 absent false
[2026-10-03 16:44:32] dbg: [driver:1] OpenTT3D: retained river selector tile 77,116 feature 5 base 11269 offset 0->0 sprite 11269 absent false
[2026-10-03 16:44:32] dbg: [driver:1] OpenTT3D: retained river selector tile 77,116 feature 6 base 10064 offset 1->1 sprite 10065 absent false
[2026-10-03 16:44:32] dbg: [driver:1] OpenTT3D: retained river selector tile 77,116 feature 6 base 10064 offset 2->2 sprite 10066 absent false
[2026-10-03 16:44:32] dbg: [driver:1] OpenTT3D: retained river selector tile 77,116 feature 6 base 10064 offset 5->5 sprite 10069 absent false
[2026-10-03 16:44:32] dbg: [driver:1] OpenTT3D: retained river selector tile 75,117 feature 5 base 11264 offset 4->4 sprite 11268 absent false
[2026-10-03 16:44:32] dbg: [driver:1] OpenTT3D: retained live water source tile 75,117 role ground sprite 11268 at original height 0
[2026-10-03 16:44:32] dbg: [driver:1] OpenTT3D: retained river selector tile 75,117 feature 6 base 10304 offset 48->48 sprite 10352 absent false
[2026-10-03 16:44:32] dbg: [driver:1] OpenTT3D: retained live water source tile 75,117 role ground sprite 10352 at original height 0
[2026-10-03 16:44:32] dbg: [driver:1] OpenTT3D: retained river selector tile 76,117 feature 5 base 11264 offset 4->4 sprite 11268 absent false
[2026-10-03 16:44:32] dbg: [driver:1] OpenTT3D: retained live water source tile 76,117 role ground sprite 11268 at original height 0
[2026-10-03 16:44:32] dbg: [driver:1] OpenTT3D: retained river selector tile 76,117 feature 6 base 10304 offset 50->50 sprite 10354 absent false
[2026-10-03 16:44:32] dbg: [driver:1] OpenTT3D: retained live water source tile 76,117 role ground sprite 10354 at original height 0
[2026-10-03 16:44:32] dbg: [driver:1] OpenTT3D: whole-world atlas relocation preserves 1228800 exact RGBA/picking pixels across repack, clear and forced row relocation
[2026-10-03 16:44:32] dbg: [driver:1] OpenTT3D: captured Vulkan presentation with 1 GPU viewport regions
