[2026-10-03 08:52:05] dbg: [net:3] Starting dedicated server, version opentt3d-dev-20261003.41
[2026-10-03 08:52:05] dbg: [net:3] Starting network
[2026-10-03 08:52:05] dbg: [net:3] Initializing UDP listeners
[2026-10-03 08:52:05] dbg: [net:3] Network online, multiplayer available
[2026-10-03 08:52:05] dbg: [net:3] Detected broadcast addresses:
[2026-10-03 08:52:05] dbg: [net:3]   0) 192.168.1.255
[2026-10-03 08:52:05] dbg: [net:3] Using certificate file: /etc/ssl/cert.pem
[2026-10-03 08:52:05] dbg: [net:3] Using certificate path: none
OpenTTD Game Console Revision 7 - opentt3d-dev-20261003.41
------------------------------------
use "help" for more information.

[2026-10-03 08:52:05] dbg: [net:1] No "client_name" has been set, using "Unnamed Client" instead. Please set this now using the "name <new name>" command
[2026-10-03 08:52:05] dbg: [net:1] No "server_name" has been set, using "Unnamed Server" instead. Please set this now using the "server_name <new name>" command
[2026-10-03 08:52:05] dbg: [net:3] Initializing UDP listeners
[2026-10-03 08:52:05] dbg: [net:3] Initializing UDP listeners
[2026-10-03 08:52:05] dbg: [net:3] Listening on 127.0.0.1:51591 (IPv4)
[2026-10-03 08:52:05] dbg: [net:3] Listening on 127.0.0.1:51591 (IPv4)
[2026-10-03 08:52:05] dbg: [net:3] Network revision name: opentt3d-dev-20261003.41
[2026-10-03 08:52:05] dbg: [net:3] [crypto] Creating a new random key
Game is already unpaused.
[2026-10-03 08:52:09] dbg: [script:4] [0] [I] HQ_NATURAL_COST {"engine":26,"running_cost":3515,"speed":264}
[2026-10-03 08:52:09] dbg: [script:4] [0] [I] HQ_NATURAL_COST {"engine":25,"running_cost":3375,"speed":240}
[2026-10-03 08:52:09] dbg: [script:4] [0] [I] HQ_NATURAL_COST {"engine":24,"running_cost":2882,"speed":176}
[2026-10-03 08:52:09] dbg: [script:4] [0] [I] HQ_NATURAL_COST {"engine":23,"running_cost":2531,"speed":160}
[2026-10-03 08:52:09] dbg: [script:4] [0] [I] HQ_NATURAL_COST {"engine":22,"running_cost":2894,"speed":200}
[2026-10-03 08:52:09] dbg: [script:4] [0] [I] HQ_NATURAL_COST {"engine":15,"running_cost":2132,"speed":160}
[2026-10-03 08:52:09] dbg: [script:4] [0] [I] HQ_NATURAL_COST {"engine":14,"running_cost":1828,"speed":144}
[2026-10-03 08:52:09] dbg: [script:4] [0] [I] HQ_NATURAL_COST {"engine":13,"running_cost":1447,"speed":128}
[2026-10-03 08:52:09] dbg: [script:4] [0] [I] HQ_NATURAL_COST {"engine":12,"running_cost":1066,"speed":120}
[2026-10-03 08:52:09] dbg: [script:4] [0] [I] HQ_NATURAL_COST {"engine":10,"running_cost":2132,"speed":144}
[2026-10-03 08:52:09] dbg: [script:4] [0] [I] HQ_NATURAL_COST {"engine":9,"running_cost":2296,"speed":128}
[2026-10-03 08:52:09] dbg: [script:4] [0] [I] HQ_NATURAL_COST {"engine":8,"running_cost":1968,"speed":112}
[2026-10-03 08:52:11] dbg: [script:4] [0] [I] HQ_NATURAL_SERVICE_GROWN {"train":3,"engine":12,"running_cost":1066,"wood_wagons":8,"unchanged_orders":true}
[2026-10-03 08:52:11] dbg: [script:4] [0] [I] HQ_NATURAL_READY {"hq_x":8,"hq_y":8}
[2026-10-03 08:52:11] dbg: [script:4] [0] [I] HQ_NATURAL_ECONOMY {"date":748817,"year":2050,"month":3,"rating":0,"income":0,"delivered":0,"cash":11007039,"loan":17000000,"profit_this_year":0,"profit_last_year":0,"hq_x":8,"hq_y":8}
‎*** Game paused (manual)
Saving map...
Map successfully saved to 'hq-natural-initial.sav'.
‎*** Game unpaused (manual)
[2026-10-03 08:52:15] dbg: [script:4] [0] [I] HQ_NATURAL_ECONOMY {"date":748819,"year":2050,"month":3,"rating":0,"income":0,"delivered":0,"cash":11007034,"loan":17000000,"profit_this_year":-6,"profit_last_year":0,"hq_x":8,"hq_y":8}
[2026-10-03 08:52:18] dbg: [script:4] [0] [I] HQ_NATURAL_ECONOMY {"date":748820,"year":2050,"month":3,"rating":0,"income":0,"delivered":0,"cash":11007031,"loan":17000000,"profit_this_year":-9,"profit_last_year":0,"hq_x":8,"hq_y":8}
[2026-10-03 08:52:21] dbg: [script:4] [0] [I] HQ_NATURAL_ECONOMY {"date":748822,"year":2050,"month":3,"rating":0,"income":0,"delivered":0,"cash":11007025,"loan":17000000,"profit_this_year":-14,"profit_last_year":0,"hq_x":8,"hq_y":8}
[2026-10-03 08:52:25] dbg: [script:4] [0] [I] HQ_NATURAL_ECONOMY {"date":748824,"year":2050,"month":3,"rating":0,"income":0,"delivered":0,"cash":11007019,"loan":17000000,"profit_this_year":-20,"profit_last_year":0,"hq_x":8,"hq_y":8}
[2026-10-03 08:52:28] dbg: [script:4] [0] [I] HQ_NATURAL_ECONOMY {"date":748826,"year":2050,"month":3,"rating":0,"income":0,"delivered":0,"cash":11007017,"loan":17000000,"profit_this_year":-23,"profit_last_year":0,"hq_x":8,"hq_y":8}
[2026-10-03 08:52:32] dbg: [script:4] [0] [I] HQ_NATURAL_ECONOMY {"date":748827,"year":2050,"month":3,"rating":0,"income":0,"delivered":0,"cash":11007011,"loan":17000000,"profit_this_year":-29,"profit_last_year":0,"hq_x":8,"hq_y":8}
[2026-10-03 08:52:35] dbg: [script:4] [0] [I] HQ_NATURAL_ECONOMY {"date":748829,"year":2050,"month":3,"rating":0,"income":0,"delivered":0,"cash":11007005,"loan":17000000,"profit_this_year":-35,"profit_last_year":0,"hq_x":8,"hq_y":8}
[2026-10-03 08:52:39] dbg: [script:4] [0] [I] HQ_NATURAL_ECONOMY {"date":748831,"year":2050,"month":3,"rating":0,"income":0,"delivered":0,"cash":11006999,"loan":17000000,"profit_this_year":-41,"profit_last_year":0,"hq_x":8,"hq_y":8}
[2026-10-03 08:52:42] dbg: [script:4] [0] [I] HQ_NATURAL_ECONOMY {"date":748832,"year":2050,"month":3,"rating":0,"income":0,"delivered":0,"cash":11006996,"loan":17000000,"profit_this_year":-44,"profit_last_year":0,"hq_x":8,"hq_y":8}
[2026-10-03 08:52:46] dbg: [script:4] [0] [I] HQ_NATURAL_ECONOMY {"date":748834,"year":2050,"month":3,"rating":0,"income":0,"delivered":0,"cash":11006990,"loan":17000000,"profit_this_year":-49,"profit_last_year":0,"hq_x":8,"hq_y":8}
[2026-10-03 08:52:49] dbg: [script:4] [0] [I] HQ_NATURAL_ECONOMY {"date":748836,"year":2050,"month":3,"rating":0,"income":0,"delivered":0,"cash":11006984,"loan":17000000,"profit_this_year":-55,"profit_last_year":0,"hq_x":8,"hq_y":8}
[2026-10-03 08:52:53] dbg: [script:4] [0] [I] HQ_NATURAL_ECONOMY {"date":748838,"year":2050,"month":4,"rating":58,"income":966,"delivered":30,"cash":10978621,"loan":17000000,"profit_this_year":-61,"profit_last_year":0,"hq_x":8,"hq_y":8}
[2026-10-03 08:52:56] dbg: [script:4] [0] [I] HQ_NATURAL_ECONOMY {"date":748839,"year":2050,"month":4,"rating":58,"income":966,"delivered":30,"cash":10978618,"loan":17000000,"profit_this_year":-64,"profit_last_year":0,"hq_x":8,"hq_y":8}
[2026-10-03 08:52:59] dbg: [script:4] [0] [I] HQ_NATURAL_ECONOMY {"date":748841,"year":2050,"month":4,"rating":58,"income":966,"delivered":30,"cash":10978612,"loan":17000000,"profit_this_year":-70,"profit_last_year":0,"hq_x":8,"hq_y":8}
[2026-10-03 08:53:03] dbg: [script:4] [0] [I] HQ_NATURAL_ECONOMY {"date":748843,"year":2050,"month":4,"rating":58,"income":966,"delivered":30,"cash":10978606,"loan":17000000,"profit_this_year":-76,"profit_last_year":0,"hq_x":8,"hq_y":8}
[2026-10-03 08:53:06] dbg: [script:4] [0] [I] HQ_NATURAL_ECONOMY {"date":748845,"year":2050,"month":4,"rating":58,"income":966,"delivered":30,"cash":10978603,"loan":17000000,"profit_this_year":-79,"profit_last_year":0,"hq_x":8,"hq_y":8}
[2026-10-03 08:53:10] dbg: [script:4] [0] [I] HQ_NATURAL_ECONOMY {"date":748846,"year":2050,"month":4,"rating":58,"income":966,"delivered":30,"cash":10978597,"loan":17000000,"profit_this_year":-84,"profit_last_year":0,"hq_x":8,"hq_y":8}
[2026-10-03 08:53:13] dbg: [script:4] [0] [I] HQ_NATURAL_ECONOMY {"date":748848,"year":2050,"month":4,"rating":58,"income":966,"delivered":30,"cash":10978591,"loan":17000000,"profit_this_year":-90,"profit_last_year":0,"hq_x":8,"hq_y":8}
[2026-10-03 08:53:17] dbg: [script:4] [0] [I] HQ_NATURAL_ECONOMY {"date":748850,"year":2050,"month":4,"rating":58,"income":966,"delivered":30,"cash":10978586,"loan":17000000,"profit_this_year":-96,"profit_last_year":0,"hq_x":8,"hq_y":8}
[2026-10-03 08:53:20] dbg: [script:4] [0] [I] HQ_NATURAL_ECONOMY {"date":748851,"year":2050,"month":4,"rating":58,"income":966,"delivered":30,"cash":10978583,"loan":17000000,"profit_this_year":-99,"profit_last_year":0,"hq_x":8,"hq_y":8}
[2026-10-03 08:53:24] dbg: [script:4] [0] [I] HQ_NATURAL_ECONOMY {"date":748853,"year":2050,"month":4,"rating":58,"income":966,"delivered":30,"cash":10978577,"loan":17000000,"profit_this_year":-105,"profit_last_year":0,"hq_x":8,"hq_y":8}
[2026-10-03 08:53:27] dbg: [script:4] [0] [I] HQ_NATURAL_ECONOMY {"date":748855,"year":2050,"month":4,"rating":58,"income":966,"delivered":30,"cash":10978571,"loan":17000000,"profit_this_year":-111,"profit_last_year":0,"hq_x":8,"hq_y":8}
[2026-10-03 08:53:31] dbg: [script:4] [0] [I] HQ_NATURAL_ECONOMY {"date":748857,"year":2050,"month":4,"rating":58,"income":966,"delivered":30,"cash":10978565,"loan":17000000,"profit_this_year":-117,"profit_last_year":0,"hq_x":8,"hq_y":8}
[2026-10-03 08:53:34] dbg: [script:4] [0] [I] HQ_NATURAL_ECONOMY {"date":748858,"year":2050,"month":4,"rating":58,"income":966,"delivered":30,"cash":10978562,"loan":17000000,"profit_this_year":-120,"profit_last_year":0,"hq_x":8,"hq_y":8}
[2026-10-03 08:53:37] dbg: [script:4] [0] [I] HQ_NATURAL_ECONOMY {"date":748860,"year":2050,"month":4,"rating":58,"income":966,"delivered":30,"cash":10978556,"loan":17000000,"profit_this_year":-125,"profit_last_year":0,"hq_x":8,"hq_y":8}
[2026-10-03 08:53:41] dbg: [script:4] [0] [I] HQ_NATURAL_ECONOMY {"date":748862,"year":2050,"month":4,"rating":58,"income":966,"delivered":30,"cash":10978551,"loan":17000000,"profit_this_year":-131,"profit_last_year":0,"hq_x":8,"hq_y":8}
[2026-10-03 08:53:44] dbg: [script:4] [0] [I] HQ_NATURAL_ECONOMY {"date":748864,"year":2050,"month":4,"rating":58,"income":966,"delivered":30,"cash":10978545,"loan":17000000,"profit_this_year":-137,"profit_last_year":0,"hq_x":8,"hq_y":8}
[2026-10-03 08:53:48] dbg: [script:4] [0] [I] HQ_NATURAL_ECONOMY {"date":748865,"year":2050,"month":4,"rating":58,"income":966,"delivered":30,"cash":10978542,"loan":17000000,"profit_this_year":-140,"profit_last_year":0,"hq_x":8,"hq_y":8}
[2026-10-03 08:53:51] dbg: [script:4] [0] [I] HQ_NATURAL_ECONOMY {"date":748867,"year":2050,"month":4,"rating":58,"income":966,"delivered":30,"cash":10978536,"loan":17000000,"profit_this_year":-146,"profit_last_year":0,"hq_x":8,"hq_y":8}
[2026-10-03 08:53:55] dbg: [script:4] [0] [I] HQ_NATURAL_ECONOMY {"date":748869,"year":2050,"month":5,"rating":58,"income":966,"delivered":30,"cash":10950172,"loan":17000000,"profit_this_year":-152,"profit_last_year":0,"hq_x":8,"hq_y":8}
[2026-10-03 08:53:58] dbg: [script:4] [0] [I] HQ_NATURAL_ECONOMY {"date":748870,"year":2050,"month":5,"rating":58,"income":966,"delivered":30,"cash":10950169,"loan":17000000,"profit_this_year":-155,"profit_last_year":0,"hq_x":8,"hq_y":8}
[2026-10-03 08:54:02] dbg: [script:4] [0] [I] HQ_NATURAL_ECONOMY {"date":748872,"year":2050,"month":5,"rating":58,"income":966,"delivered":30,"cash":10950163,"loan":17000000,"profit_this_year":-160,"profit_last_year":0,"hq_x":8,"hq_y":8}
[2026-10-03 08:54:05] dbg: [script:4] [0] [I] HQ_NATURAL_ECONOMY {"date":748874,"year":2050,"month":5,"rating":58,"income":966,"delivered":30,"cash":10950158,"loan":17000000,"profit_this_year":-166,"profit_last_year":0,"hq_x":8,"hq_y":8}
[2026-10-03 08:54:09] dbg: [script:4] [0] [I] HQ_NATURAL_ECONOMY {"date":748876,"year":2050,"month":5,"rating":58,"income":966,"delivered":30,"cash":10950152,"loan":17000000,"profit_this_year":-172,"profit_last_year":0,"hq_x":8,"hq_y":8}
[2026-10-03 08:54:12] dbg: [script:4] [0] [I] HQ_NATURAL_ECONOMY {"date":748877,"year":2050,"month":5,"rating":58,"income":966,"delivered":30,"cash":10950149,"loan":17000000,"profit_this_year":-175,"profit_last_year":0,"hq_x":8,"hq_y":8}
[2026-10-03 08:54:15] dbg: [script:4] [0] [I] HQ_NATURAL_ECONOMY {"date":748879,"year":2050,"month":5,"rating":58,"income":966,"delivered":30,"cash":10950143,"loan":17000000,"profit_this_year":-181,"profit_last_year":0,"hq_x":8,"hq_y":8}
[2026-10-03 08:54:19] dbg: [script:4] [0] [I] HQ_NATURAL_ECONOMY {"date":748881,"year":2050,"month":5,"rating":58,"income":966,"delivered":30,"cash":10950137,"loan":17000000,"profit_this_year":-187,"profit_last_year":0,"hq_x":8,"hq_y":8}
[2026-10-03 08:54:22] dbg: [script:4] [0] [I] HQ_NATURAL_ECONOMY {"date":748883,"year":2050,"month":5,"rating":58,"income":966,"delivered":30,"cash":10950131,"loan":17000000,"profit_this_year":-192,"profit_last_year":0,"hq_x":8,"hq_y":8}
[2026-10-03 08:54:26] dbg: [script:4] [0] [I] HQ_NATURAL_ECONOMY {"date":748884,"year":2050,"month":5,"rating":58,"income":966,"delivered":30,"cash":10950128,"loan":17000000,"profit_this_year":-195,"profit_last_year":0,"hq_x":8,"hq_y":8}
[2026-10-03 08:54:29] dbg: [script:4] [0] [I] HQ_NATURAL_ECONOMY {"date":748886,"year":2050,"month":5,"rating":58,"income":966,"delivered":30,"cash":10950123,"loan":17000000,"profit_this_year":-201,"profit_last_year":0,"hq_x":8,"hq_y":8}
[2026-10-03 08:54:33] dbg: [script:4] [0] [I] HQ_NATURAL_ECONOMY {"date":748888,"year":2050,"month":5,"rating":58,"income":966,"delivered":30,"cash":10950117,"loan":17000000,"profit_this_year":-207,"profit_last_year":0,"hq_x":8,"hq_y":8}
[2026-10-03 08:54:36] dbg: [script:4] [0] [I] HQ_NATURAL_ECONOMY {"date":748890,"year":2050,"month":5,"rating":58,"income":966,"delivered":30,"cash":10950114,"loan":17000000,"profit_this_year":-210,"profit_last_year":0,"hq_x":8,"hq_y":8}
[2026-10-03 08:54:40] dbg: [script:4] [0] [I] HQ_NATURAL_ECONOMY {"date":748891,"year":2050,"month":5,"rating":58,"income":966,"delivered":30,"cash":10950108,"loan":17000000,"profit_this_year":-216,"profit_last_year":0,"hq_x":8,"hq_y":8}
[2026-10-03 08:54:43] dbg: [script:4] [0] [I] HQ_NATURAL_ECONOMY {"date":748893,"year":2050,"month":5,"rating":58,"income":966,"delivered":30,"cash":10950102,"loan":17000000,"profit_this_year":-222,"profit_last_year":0,"hq_x":8,"hq_y":8}
[2026-10-03 08:54:47] dbg: [script:4] [0] [I] HQ_NATURAL_ECONOMY {"date":748895,"year":2050,"month":5,"rating":58,"income":966,"delivered":30,"cash":10950096,"loan":17000000,"profit_this_year":-227,"profit_last_year":0,"hq_x":8,"hq_y":8}
[2026-10-03 08:54:50] dbg: [script:4] [0] [I] HQ_NATURAL_ECONOMY {"date":748896,"year":2050,"month":5,"rating":58,"income":966,"delivered":30,"cash":10950093,"loan":17000000,"profit_this_year":-230,"profit_last_year":0,"hq_x":8,"hq_y":8}
[2026-10-03 08:54:53] dbg: [script:4] [0] [I] HQ_NATURAL_ECONOMY {"date":748898,"year":2050,"month":5,"rating":58,"income":966,"delivered":30,"cash":10950087,"loan":17000000,"profit_this_year":-236,"profit_last_year":0,"hq_x":8,"hq_y":8}
[2026-10-03 08:54:57] dbg: [script:4] [0] [I] HQ_NATURAL_ECONOMY {"date":748900,"year":2050,"month":6,"rating":58,"income":966,"delivered":30,"cash":10921723,"loan":17000000,"profit_this_year":-242,"profit_last_year":0,"hq_x":8,"hq_y":8}
[2026-10-03 08:55:00] dbg: [script:4] [0] [I] HQ_NATURAL_ECONOMY {"date":748902,"year":2050,"month":6,"rating":58,"income":966,"delivered":30,"cash":10921717,"loan":17000000,"profit_this_year":-248,"profit_last_year":0,"hq_x":8,"hq_y":8}
[2026-10-03 08:55:04] dbg: [script:4] [0] [I] HQ_NATURAL_ECONOMY {"date":748903,"year":2050,"month":6,"rating":58,"income":966,"delivered":30,"cash":10921714,"loan":17000000,"profit_this_year":-251,"profit_last_year":0,"hq_x":8,"hq_y":8}
[2026-10-03 08:55:07] dbg: [script:4] [0] [I] HQ_NATURAL_ECONOMY {"date":748905,"year":2050,"month":6,"rating":58,"income":966,"delivered":30,"cash":10921708,"loan":17000000,"profit_this_year":-257,"profit_last_year":0,"hq_x":8,"hq_y":8}
[2026-10-03 08:55:11] dbg: [script:4] [0] [I] HQ_NATURAL_ECONOMY {"date":748907,"year":2050,"month":6,"rating":58,"income":966,"delivered":30,"cash":10921702,"loan":17000000,"profit_this_year":-262,"profit_last_year":0,"hq_x":8,"hq_y":8}
[2026-10-03 08:55:14] dbg: [script:4] [0] [I] HQ_NATURAL_ECONOMY {"date":748909,"year":2050,"month":6,"rating":58,"income":966,"delivered":30,"cash":10921699,"loan":17000000,"profit_this_year":-265,"profit_last_year":0,"hq_x":8,"hq_y":8}
[2026-10-03 08:55:18] dbg: [script:4] [0] [I] HQ_NATURAL_ECONOMY {"date":748910,"year":2050,"month":6,"rating":58,"income":966,"delivered":30,"cash":10921693,"loan":17000000,"profit_this_year":-271,"profit_last_year":0,"hq_x":8,"hq_y":8}
[2026-10-03 08:55:21] dbg: [script:4] [0] [I] HQ_NATURAL_ECONOMY {"date":748912,"year":2050,"month":6,"rating":58,"income":966,"delivered":30,"cash":10921688,"loan":17000000,"profit_this_year":-277,"profit_last_year":0,"hq_x":8,"hq_y":8}
[2026-10-03 08:55:25] dbg: [script:4] [0] [I] HQ_NATURAL_ECONOMY {"date":748914,"year":2050,"month":6,"rating":58,"income":966,"delivered":30,"cash":10921682,"loan":17000000,"profit_this_year":-283,"profit_last_year":0,"hq_x":8,"hq_y":8}
[2026-10-03 08:55:28] dbg: [script:4] [0] [I] HQ_NATURAL_ECONOMY {"date":748915,"year":2050,"month":6,"rating":58,"income":966,"delivered":30,"cash":10921679,"loan":17000000,"profit_this_year":-286,"profit_last_year":0,"hq_x":8,"hq_y":8}
[2026-10-03 08:55:32] dbg: [script:4] [0] [I] HQ_NATURAL_ECONOMY {"date":748917,"year":2050,"month":6,"rating":58,"income":966,"delivered":30,"cash":10921673,"loan":17000000,"profit_this_year":-292,"profit_last_year":0,"hq_x":8,"hq_y":8}
[2026-10-03 08:55:35] dbg: [script:4] [0] [I] HQ_NATURAL_ECONOMY {"date":748919,"year":2050,"month":6,"rating":58,"income":966,"delivered":30,"cash":10921667,"loan":17000000,"profit_this_year":-298,"profit_last_year":0,"hq_x":8,"hq_y":8}
[2026-10-03 08:55:38] dbg: [script:4] [0] [I] HQ_NATURAL_ECONOMY {"date":748921,"year":2050,"month":6,"rating":58,"income":966,"delivered":30,"cash":10921661,"loan":17000000,"profit_this_year":-303,"profit_last_year":0,"hq_x":8,"hq_y":8}
[2026-10-03 08:55:42] dbg: [script:4] [0] [I] HQ_NATURAL_ECONOMY {"date":748922,"year":2050,"month":6,"rating":58,"income":966,"delivered":30,"cash":10921658,"loan":17000000,"profit_this_year":-306,"profit_last_year":0,"hq_x":8,"hq_y":8}
[2026-10-03 08:55:45] dbg: [script:4] [0] [I] HQ_NATURAL_ECONOMY {"date":748924,"year":2050,"month":6,"rating":58,"income":966,"delivered":30,"cash":10921653,"loan":17000000,"profit_this_year":-312,"profit_last_year":0,"hq_x":8,"hq_y":8}
[2026-10-03 08:55:49] dbg: [script:4] [0] [I] HQ_NATURAL_ECONOMY {"date":748926,"year":2050,"month":6,"rating":58,"income":966,"delivered":30,"cash":10921647,"loan":17000000,"profit_this_year":-318,"profit_last_year":0,"hq_x":8,"hq_y":8}
[2026-10-03 08:55:52] dbg: [script:4] [0] [I] HQ_NATURAL_ECONOMY {"date":748928,"year":2050,"month":6,"rating":58,"income":966,"delivered":30,"cash":10921641,"loan":17000000,"profit_this_year":-324,"profit_last_year":0,"hq_x":8,"hq_y":8}
[2026-10-03 08:55:56] dbg: [script:4] [0] [I] HQ_NATURAL_ECONOMY {"date":748929,"year":2050,"month":7,"rating":51,"income":0,"delivered":0,"cash":10893280,"loan":17000000,"profit_this_year":-327,"profit_last_year":0,"hq_x":8,"hq_y":8}
[2026-10-03 08:55:59] dbg: [script:4] [0] [I] HQ_NATURAL_ECONOMY {"date":748931,"year":2050,"month":7,"rating":51,"income":0,"delivered":0,"cash":10893274,"loan":17000000,"profit_this_year":-333,"profit_last_year":0,"hq_x":8,"hq_y":8}
[2026-10-03 08:56:03] dbg: [script:4] [0] [I] HQ_NATURAL_ECONOMY {"date":748933,"year":2050,"month":7,"rating":51,"income":0,"delivered":0,"cash":10893268,"loan":17000000,"profit_this_year":-338,"profit_last_year":0,"hq_x":8,"hq_y":8}
[2026-10-03 08:56:06] dbg: [script:4] [0] [I] HQ_NATURAL_ECONOMY {"date":748934,"year":2050,"month":7,"rating":51,"income":0,"delivered":0,"cash":10893265,"loan":17000000,"profit_this_year":-341,"profit_last_year":0,"hq_x":8,"hq_y":8}
[2026-10-03 08:56:10] dbg: [script:4] [0] [I] HQ_NATURAL_ECONOMY {"date":748936,"year":2050,"month":7,"rating":51,"income":0,"delivered":0,"cash":10893260,"loan":17000000,"profit_this_year":-347,"profit_last_year":0,"hq_x":8,"hq_y":8}
[2026-10-03 08:56:13] dbg: [script:4] [0] [I] HQ_NATURAL_ECONOMY {"date":748938,"year":2050,"month":7,"rating":51,"income":0,"delivered":0,"cash":10893254,"loan":17000000,"profit_this_year":-353,"profit_last_year":0,"hq_x":8,"hq_y":8}
[2026-10-03 08:56:16] dbg: [script:4] [0] [I] HQ_NATURAL_ECONOMY {"date":748940,"year":2050,"month":7,"rating":51,"income":0,"delivered":0,"cash":10893248,"loan":17000000,"profit_this_year":-359,"profit_last_year":0,"hq_x":8,"hq_y":8}
[2026-10-03 08:56:20] dbg: [script:4] [0] [I] HQ_NATURAL_ECONOMY {"date":748941,"year":2050,"month":7,"rating":51,"income":0,"delivered":0,"cash":10893245,"loan":17000000,"profit_this_year":-362,"profit_last_year":0,"hq_x":8,"hq_y":8}
[2026-10-03 08:56:23] dbg: [script:4] [0] [I] HQ_NATURAL_ECONOMY {"date":748943,"year":2050,"month":7,"rating":51,"income":0,"delivered":0,"cash":10893239,"loan":17000000,"profit_this_year":-368,"profit_last_year":0,"hq_x":8,"hq_y":8}
[2026-10-03 08:56:27] dbg: [script:4] [0] [I] HQ_NATURAL_ECONOMY {"date":748945,"year":2050,"month":7,"rating":51,"income":0,"delivered":0,"cash":10893233,"loan":17000000,"profit_this_year":-373,"profit_last_year":0,"hq_x":8,"hq_y":8}
[2026-10-03 08:56:30] dbg: [script:4] [0] [I] HQ_NATURAL_ECONOMY {"date":748947,"year":2050,"month":7,"rating":51,"income":0,"delivered":0,"cash":10893228,"loan":17000000,"profit_this_year":-379,"profit_last_year":0,"hq_x":8,"hq_y":8}
[2026-10-03 08:56:34] dbg: [script:4] [0] [I] HQ_NATURAL_ECONOMY {"date":748948,"year":2050,"month":7,"rating":51,"income":0,"delivered":0,"cash":10893225,"loan":17000000,"profit_this_year":-382,"profit_last_year":0,"hq_x":8,"hq_y":8}
[2026-10-03 08:56:37] dbg: [script:4] [0] [I] HQ_NATURAL_ECONOMY {"date":748950,"year":2050,"month":7,"rating":51,"income":0,"delivered":0,"cash":10893219,"loan":17000000,"profit_this_year":-388,"profit_last_year":0,"hq_x":8,"hq_y":8}
[2026-10-03 08:56:41] dbg: [script:4] [0] [I] HQ_NATURAL_ECONOMY {"date":748952,"year":2050,"month":7,"rating":51,"income":0,"delivered":0,"cash":10893213,"loan":17000000,"profit_this_year":-394,"profit_last_year":0,"hq_x":8,"hq_y":8}
[2026-10-03 08:56:44] dbg: [script:4] [0] [I] HQ_NATURAL_ECONOMY {"date":748954,"year":2050,"month":7,"rating":51,"income":0,"delivered":0,"cash":10893210,"loan":17000000,"profit_this_year":-397,"profit_last_year":0,"hq_x":8,"hq_y":8}
[2026-10-03 08:56:48] dbg: [script:4] [0] [I] HQ_NATURAL_ECONOMY {"date":748955,"year":2050,"month":7,"rating":51,"income":0,"delivered":0,"cash":10893204,"loan":17000000,"profit_this_year":-403,"profit_last_year":0,"hq_x":8,"hq_y":8}
[2026-10-03 08:56:51] dbg: [script:4] [0] [I] HQ_NATURAL_ECONOMY {"date":748957,"year":2050,"month":7,"rating":51,"income":0,"delivered":0,"cash":10893198,"loan":17000000,"profit_this_year":-408,"profit_last_year":0,"hq_x":8,"hq_y":8}
[2026-10-03 08:56:54] dbg: [script:4] [0] [I] HQ_NATURAL_ECONOMY {"date":748959,"year":2050,"month":7,"rating":51,"income":0,"delivered":0,"cash":10893192,"loan":17000000,"profit_this_year":-414,"profit_last_year":0,"hq_x":8,"hq_y":8}
[2026-10-03 08:56:58] dbg: [script:4] [0] [I] HQ_NATURAL_ECONOMY {"date":748960,"year":2050,"month":8,"rating":51,"income":0,"delivered":0,"cash":10864832,"loan":17000000,"profit_this_year":-417,"profit_last_year":0,"hq_x":8,"hq_y":8}
[2026-10-03 08:57:01] dbg: [script:4] [0] [I] HQ_NATURAL_ECONOMY {"date":748962,"year":2050,"month":8,"rating":51,"income":0,"delivered":0,"cash":10864826,"loan":17000000,"profit_this_year":-423,"profit_last_year":0,"hq_x":8,"hq_y":8}
[2026-10-03 08:57:05] dbg: [script:4] [0] [I] HQ_NATURAL_ECONOMY {"date":748964,"year":2050,"month":8,"rating":51,"income":0,"delivered":0,"cash":10864820,"loan":17000000,"profit_this_year":-429,"profit_last_year":0,"hq_x":8,"hq_y":8}
[2026-10-03 08:57:08] dbg: [script:4] [0] [I] HQ_NATURAL_ECONOMY {"date":748966,"year":2050,"month":8,"rating":51,"income":0,"delivered":0,"cash":10864814,"loan":17000000,"profit_this_year":-435,"profit_last_year":0,"hq_x":8,"hq_y":8}
[2026-10-03 08:57:12] dbg: [script:4] [0] [I] HQ_NATURAL_ECONOMY {"date":748967,"year":2050,"month":8,"rating":51,"income":0,"delivered":0,"cash":10864811,"loan":17000000,"profit_this_year":-438,"profit_last_year":0,"hq_x":8,"hq_y":8}
[2026-10-03 08:57:15] dbg: [script:4] [0] [I] HQ_NATURAL_ECONOMY {"date":748969,"year":2050,"month":8,"rating":51,"income":0,"delivered":0,"cash":10864805,"loan":17000000,"profit_this_year":-443,"profit_last_year":0,"hq_x":8,"hq_y":8}
[2026-10-03 08:57:19] dbg: [script:4] [0] [I] HQ_NATURAL_ECONOMY {"date":748971,"year":2050,"month":8,"rating":51,"income":0,"delivered":0,"cash":10864799,"loan":17000000,"profit_this_year":-449,"profit_last_year":0,"hq_x":8,"hq_y":8}
[2026-10-03 08:57:22] dbg: [script:4] [0] [I] HQ_NATURAL_ECONOMY {"date":748973,"year":2050,"month":8,"rating":51,"income":0,"delivered":0,"cash":10864797,"loan":17000000,"profit_this_year":-452,"profit_last_year":0,"hq_x":8,"hq_y":8}
[2026-10-03 08:57:26] dbg: [script:4] [0] [I] HQ_NATURAL_ECONOMY {"date":748974,"year":2050,"month":8,"rating":51,"income":0,"delivered":0,"cash":10864791,"loan":17000000,"profit_this_year":-458,"profit_last_year":0,"hq_x":8,"hq_y":8}
[2026-10-03 08:57:29] dbg: [script:4] [0] [I] HQ_NATURAL_ECONOMY {"date":748976,"year":2050,"month":8,"rating":51,"income":0,"delivered":0,"cash":10864785,"loan":17000000,"profit_this_year":-464,"profit_last_year":0,"hq_x":8,"hq_y":8}
[2026-10-03 08:57:32] dbg: [script:4] [0] [I] HQ_NATURAL_ECONOMY {"date":748978,"year":2050,"month":8,"rating":51,"income":0,"delivered":0,"cash":10864779,"loan":17000000,"profit_this_year":-470,"profit_last_year":0,"hq_x":8,"hq_y":8}
[2026-10-03 08:57:36] dbg: [script:4] [0] [I] HQ_NATURAL_ECONOMY {"date":748979,"year":2050,"month":8,"rating":51,"income":0,"delivered":0,"cash":10864776,"loan":17000000,"profit_this_year":-473,"profit_last_year":0,"hq_x":8,"hq_y":8}
[2026-10-03 08:57:39] dbg: [script:4] [0] [I] HQ_NATURAL_ECONOMY {"date":748981,"year":2050,"month":8,"rating":51,"income":0,"delivered":0,"cash":10864770,"loan":17000000,"profit_this_year":-478,"profit_last_year":0,"hq_x":8,"hq_y":8}
[2026-10-03 08:57:43] dbg: [script:4] [0] [I] HQ_NATURAL_ECONOMY {"date":748983,"year":2050,"month":8,"rating":51,"income":0,"delivered":0,"cash":10864764,"loan":17000000,"profit_this_year":-484,"profit_last_year":0,"hq_x":8,"hq_y":8}
[2026-10-03 08:57:46] dbg: [script:4] [0] [I] HQ_NATURAL_ECONOMY {"date":748985,"year":2050,"month":8,"rating":51,"income":0,"delivered":0,"cash":10864759,"loan":17000000,"profit_this_year":-490,"profit_last_year":0,"hq_x":8,"hq_y":8}
[2026-10-03 08:57:50] dbg: [script:4] [0] [I] HQ_NATURAL_ECONOMY {"date":748986,"year":2050,"month":8,"rating":51,"income":0,"delivered":0,"cash":10864756,"loan":17000000,"profit_this_year":-493,"profit_last_year":0,"hq_x":8,"hq_y":8}
[2026-10-03 08:57:53] dbg: [script:4] [0] [I] HQ_NATURAL_ECONOMY {"date":748988,"year":2050,"month":8,"rating":51,"income":0,"delivered":0,"cash":10864750,"loan":17000000,"profit_this_year":-499,"profit_last_year":0,"hq_x":8,"hq_y":8}
[2026-10-03 08:57:57] dbg: [script:4] [0] [I] HQ_NATURAL_ECONOMY {"date":748990,"year":2050,"month":8,"rating":51,"income":0,"delivered":0,"cash":10864744,"loan":17000000,"profit_this_year":-505,"profit_last_year":0,"hq_x":8,"hq_y":8}
[2026-10-03 08:58:00] dbg: [script:4] [0] [I] HQ_NATURAL_ECONOMY {"date":748992,"year":2050,"month":9,"rating":51,"income":0,"delivered":0,"cash":10836379,"loan":17000000,"profit_this_year":-511,"profit_last_year":0,"hq_x":8,"hq_y":8}
[2026-10-03 08:58:04] dbg: [script:4] [0] [I] HQ_NATURAL_ECONOMY {"date":748993,"year":2050,"month":9,"rating":51,"income":0,"delivered":0,"cash":10836376,"loan":17000000,"profit_this_year":-513,"profit_last_year":0,"hq_x":8,"hq_y":8}
[2026-10-03 08:58:07] dbg: [script:4] [0] [I] HQ_NATURAL_ECONOMY {"date":748995,"year":2050,"month":9,"rating":51,"income":0,"delivered":0,"cash":10836370,"loan":17000000,"profit_this_year":-519,"profit_last_year":0,"hq_x":8,"hq_y":8}
[2026-10-03 08:58:10] dbg: [script:4] [0] [I] HQ_NATURAL_ECONOMY {"date":748997,"year":2050,"month":9,"rating":51,"income":0,"delivered":0,"cash":10836365,"loan":17000000,"profit_this_year":-525,"profit_last_year":0,"hq_x":8,"hq_y":8}
[2026-10-03 08:58:14] dbg: [script:4] [0] [I] HQ_NATURAL_ECONOMY {"date":748998,"year":2050,"month":9,"rating":51,"income":0,"delivered":0,"cash":10836362,"loan":17000000,"profit_this_year":-528,"profit_last_year":0,"hq_x":8,"hq_y":8}
[2026-10-03 08:58:17] dbg: [script:4] [0] [I] HQ_NATURAL_ECONOMY {"date":749000,"year":2050,"month":9,"rating":51,"income":0,"delivered":0,"cash":10843051,"loan":17000000,"profit_this_year":6161,"profit_last_year":0,"hq_x":8,"hq_y":8}
[2026-10-03 08:58:21] dbg: [script:4] [0] [I] HQ_NATURAL_ECONOMY {"date":749002,"year":2050,"month":9,"rating":51,"income":0,"delivered":0,"cash":10843045,"loan":17000000,"profit_this_year":6155,"profit_last_year":0,"hq_x":8,"hq_y":8}
[2026-10-03 08:58:24] dbg: [script:4] [0] [I] HQ_NATURAL_ECONOMY {"date":749004,"year":2050,"month":9,"rating":51,"income":0,"delivered":0,"cash":10843039,"loan":17000000,"profit_this_year":6149,"profit_last_year":0,"hq_x":8,"hq_y":8}
[2026-10-03 08:58:28] dbg: [script:4] [0] [I] HQ_NATURAL_ECONOMY {"date":749005,"year":2050,"month":9,"rating":51,"income":0,"delivered":0,"cash":10843036,"loan":17000000,"profit_this_year":6147,"profit_last_year":0,"hq_x":8,"hq_y":8}
[2026-10-03 08:58:31] dbg: [script:4] [0] [I] HQ_NATURAL_ECONOMY {"date":749007,"year":2050,"month":9,"rating":51,"income":0,"delivered":0,"cash":10843030,"loan":17000000,"profit_this_year":6141,"profit_last_year":0,"hq_x":8,"hq_y":8}
[2026-10-03 08:58:35] dbg: [script:4] [0] [I] HQ_NATURAL_ECONOMY {"date":749009,"year":2050,"month":9,"rating":51,"income":0,"delivered":0,"cash":10843025,"loan":17000000,"profit_this_year":6135,"profit_last_year":0,"hq_x":8,"hq_y":8}
[2026-10-03 08:58:38] dbg: [script:4] [0] [I] HQ_NATURAL_ECONOMY {"date":749011,"year":2050,"month":9,"rating":51,"income":0,"delivered":0,"cash":10843019,"loan":17000000,"profit_this_year":6129,"profit_last_year":0,"hq_x":8,"hq_y":8}
[2026-10-03 08:58:42] dbg: [script:4] [0] [I] HQ_NATURAL_ECONOMY {"date":749012,"year":2050,"month":9,"rating":51,"income":0,"delivered":0,"cash":10843016,"loan":17000000,"profit_this_year":6126,"profit_last_year":0,"hq_x":8,"hq_y":8}
[2026-10-03 08:58:45] dbg: [script:4] [0] [I] HQ_NATURAL_ECONOMY {"date":749014,"year":2050,"month":9,"rating":51,"income":0,"delivered":0,"cash":10843010,"loan":17000000,"profit_this_year":6120,"profit_last_year":0,"hq_x":8,"hq_y":8}
[2026-10-03 08:58:48] dbg: [script:4] [0] [I] HQ_NATURAL_ECONOMY {"date":749016,"year":2050,"month":9,"rating":51,"income":0,"delivered":0,"cash":10843004,"loan":17000000,"profit_this_year":6114,"profit_last_year":0,"hq_x":8,"hq_y":8}
[2026-10-03 08:58:52] dbg: [script:4] [0] [I] HQ_NATURAL_ECONOMY {"date":749018,"year":2050,"month":9,"rating":51,"income":0,"delivered":0,"cash":10843001,"loan":17000000,"profit_this_year":6112,"profit_last_year":0,"hq_x":8,"hq_y":8}
[2026-10-03 08:58:55] dbg: [script:4] [0] [I] HQ_NATURAL_ECONOMY {"date":749019,"year":2050,"month":9,"rating":51,"income":0,"delivered":0,"cash":10842995,"loan":17000000,"profit_this_year":6106,"profit_last_year":0,"hq_x":8,"hq_y":8}
[2026-10-03 08:58:59] dbg: [script:4] [0] [I] HQ_NATURAL_ECONOMY {"date":749021,"year":2050,"month":10,"rating":60,"income":6695,"delivered":240,"cash":10814632,"loan":17000000,"profit_this_year":6100,"profit_last_year":0,"hq_x":8,"hq_y":8}
[2026-10-03 08:59:02] dbg: [script:4] [0] [I] HQ_NATURAL_ECONOMY {"date":749023,"year":2050,"month":10,"rating":60,"income":6695,"delivered":240,"cash":10814626,"loan":17000000,"profit_this_year":6094,"profit_last_year":0,"hq_x":8,"hq_y":8}
[2026-10-03 08:59:06] dbg: [script:4] [0] [I] HQ_NATURAL_ECONOMY {"date":749024,"year":2050,"month":10,"rating":60,"income":6695,"delivered":240,"cash":10814623,"loan":17000000,"profit_this_year":6091,"profit_last_year":0,"hq_x":8,"hq_y":8}
[2026-10-03 08:59:09] dbg: [script:4] [0] [I] HQ_NATURAL_ECONOMY {"date":749026,"year":2050,"month":10,"rating":60,"income":6695,"delivered":240,"cash":10814617,"loan":17000000,"profit_this_year":6085,"profit_last_year":0,"hq_x":8,"hq_y":8}
[2026-10-03 08:59:13] dbg: [script:4] [0] [I] HQ_NATURAL_ECONOMY {"date":749028,"year":2050,"month":10,"rating":60,"income":6695,"delivered":240,"cash":10814611,"loan":17000000,"profit_this_year":6079,"profit_last_year":0,"hq_x":8,"hq_y":8}
[2026-10-03 08:59:16] dbg: [script:4] [0] [I] HQ_NATURAL_ECONOMY {"date":749030,"year":2050,"month":10,"rating":60,"income":6695,"delivered":240,"cash":10814605,"loan":17000000,"profit_this_year":6074,"profit_last_year":0,"hq_x":8,"hq_y":8}
[2026-10-03 08:59:20] dbg: [script:4] [0] [I] HQ_NATURAL_ECONOMY {"date":749031,"year":2050,"month":10,"rating":60,"income":6695,"delivered":240,"cash":10814602,"loan":17000000,"profit_this_year":6071,"profit_last_year":0,"hq_x":8,"hq_y":8}
[2026-10-03 08:59:23] dbg: [script:4] [0] [I] HQ_NATURAL_ECONOMY {"date":749033,"year":2050,"month":10,"rating":60,"income":6695,"delivered":240,"cash":10814597,"loan":17000000,"profit_this_year":6065,"profit_last_year":0,"hq_x":8,"hq_y":8}
[2026-10-03 08:59:27] dbg: [script:4] [0] [I] HQ_NATURAL_ECONOMY {"date":749035,"year":2050,"month":10,"rating":60,"income":6695,"delivered":240,"cash":10814591,"loan":17000000,"profit_this_year":6059,"profit_last_year":0,"hq_x":8,"hq_y":8}
[2026-10-03 08:59:30] dbg: [script:4] [0] [I] HQ_NATURAL_ECONOMY {"date":749037,"year":2050,"month":10,"rating":60,"income":6695,"delivered":240,"cash":10814588,"loan":17000000,"profit_this_year":6056,"profit_last_year":0,"hq_x":8,"hq_y":8}
[2026-10-03 08:59:33] dbg: [script:4] [0] [I] HQ_NATURAL_ECONOMY {"date":749038,"year":2050,"month":10,"rating":60,"income":6695,"delivered":240,"cash":10814582,"loan":17000000,"profit_this_year":6050,"profit_last_year":0,"hq_x":8,"hq_y":8}
[2026-10-03 08:59:37] dbg: [script:4] [0] [I] HQ_NATURAL_ECONOMY {"date":749040,"year":2050,"month":10,"rating":60,"income":6695,"delivered":240,"cash":10814576,"loan":17000000,"profit_this_year":6044,"profit_last_year":0,"hq_x":8,"hq_y":8}
[2026-10-03 08:59:40] dbg: [script:4] [0] [I] HQ_NATURAL_ECONOMY {"date":749042,"year":2050,"month":10,"rating":60,"income":6695,"delivered":240,"cash":10814570,"loan":17000000,"profit_this_year":6039,"profit_last_year":0,"hq_x":8,"hq_y":8}
[2026-10-03 08:59:44] dbg: [script:4] [0] [I] HQ_NATURAL_ECONOMY {"date":749043,"year":2050,"month":10,"rating":60,"income":6695,"delivered":240,"cash":10814567,"loan":17000000,"profit_this_year":6036,"profit_last_year":0,"hq_x":8,"hq_y":8}
[2026-10-03 08:59:47] dbg: [script:4] [0] [I] HQ_NATURAL_ECONOMY {"date":749045,"year":2050,"month":10,"rating":60,"income":6695,"delivered":240,"cash":10814562,"loan":17000000,"profit_this_year":6030,"profit_last_year":0,"hq_x":8,"hq_y":8}
[2026-10-03 08:59:51] dbg: [script:4] [0] [I] HQ_NATURAL_ECONOMY {"date":749047,"year":2050,"month":10,"rating":60,"income":6695,"delivered":240,"cash":10814556,"loan":17000000,"profit_this_year":6024,"profit_last_year":0,"hq_x":8,"hq_y":8}
[2026-10-03 08:59:54] dbg: [script:4] [0] [I] HQ_NATURAL_ECONOMY {"date":749049,"year":2050,"month":10,"rating":60,"income":6695,"delivered":240,"cash":10814550,"loan":17000000,"profit_this_year":6018,"profit_last_year":0,"hq_x":8,"hq_y":8}
[2026-10-03 08:59:58] dbg: [script:4] [0] [I] HQ_NATURAL_ECONOMY {"date":749050,"year":2050,"month":10,"rating":60,"income":6695,"delivered":240,"cash":10814547,"loan":17000000,"profit_this_year":6015,"profit_last_year":0,"hq_x":8,"hq_y":8}
[2026-10-03 09:00:01] dbg: [script:4] [0] [I] HQ_NATURAL_ECONOMY {"date":749052,"year":2050,"month":11,"rating":60,"income":6695,"delivered":240,"cash":10786183,"loan":17000000,"profit_this_year":6009,"profit_last_year":0,"hq_x":8,"hq_y":8}
[2026-10-03 09:00:05] dbg: [script:4] [0] [I] HQ_NATURAL_ECONOMY {"date":749054,"year":2050,"month":11,"rating":60,"income":6695,"delivered":240,"cash":10786177,"loan":17000000,"profit_this_year":6004,"profit_last_year":0,"hq_x":8,"hq_y":8}
[2026-10-03 09:00:08] dbg: [script:4] [0] [I] HQ_NATURAL_ECONOMY {"date":749056,"year":2050,"month":11,"rating":60,"income":6695,"delivered":240,"cash":10786171,"loan":17000000,"profit_this_year":5998,"profit_last_year":0,"hq_x":8,"hq_y":8}
[2026-10-03 09:00:11] dbg: [script:4] [0] [I] HQ_NATURAL_ECONOMY {"date":749057,"year":2050,"month":11,"rating":60,"income":6695,"delivered":240,"cash":10786169,"loan":17000000,"profit_this_year":5995,"profit_last_year":0,"hq_x":8,"hq_y":8}
[2026-10-03 09:00:15] dbg: [script:4] [0] [I] HQ_NATURAL_ECONOMY {"date":749059,"year":2050,"month":11,"rating":60,"income":6695,"delivered":240,"cash":10786163,"loan":17000000,"profit_this_year":5989,"profit_last_year":0,"hq_x":8,"hq_y":8}
[2026-10-03 09:00:18] dbg: [script:4] [0] [I] HQ_NATURAL_ECONOMY {"date":749061,"year":2050,"month":11,"rating":60,"income":6695,"delivered":240,"cash":10786157,"loan":17000000,"profit_this_year":5983,"profit_last_year":0,"hq_x":8,"hq_y":8}
[2026-10-03 09:00:22] dbg: [script:4] [0] [I] HQ_NATURAL_ECONOMY {"date":749062,"year":2050,"month":11,"rating":60,"income":6695,"delivered":240,"cash":10786154,"loan":17000000,"profit_this_year":5980,"profit_last_year":0,"hq_x":8,"hq_y":8}
[2026-10-03 09:00:25] dbg: [script:4] [0] [I] HQ_NATURAL_ECONOMY {"date":749064,"year":2050,"month":11,"rating":60,"income":6695,"delivered":240,"cash":10786148,"loan":17000000,"profit_this_year":5974,"profit_last_year":0,"hq_x":8,"hq_y":8}
[2026-10-03 09:00:29] dbg: [script:4] [0] [I] HQ_NATURAL_ECONOMY {"date":749066,"year":2050,"month":11,"rating":60,"income":6695,"delivered":240,"cash":10786142,"loan":17000000,"profit_this_year":5969,"profit_last_year":0,"hq_x":8,"hq_y":8}
[2026-10-03 09:00:32] dbg: [script:4] [0] [I] HQ_NATURAL_ECONOMY {"date":749068,"year":2050,"month":11,"rating":60,"income":6695,"delivered":240,"cash":10786136,"loan":17000000,"profit_this_year":5963,"profit_last_year":0,"hq_x":8,"hq_y":8}
[2026-10-03 09:00:36] dbg: [script:4] [0] [I] HQ_NATURAL_ECONOMY {"date":749069,"year":2050,"month":11,"rating":60,"income":6695,"delivered":240,"cash":10786134,"loan":17000000,"profit_this_year":5960,"profit_last_year":0,"hq_x":8,"hq_y":8}
[2026-10-03 09:00:39] dbg: [script:4] [0] [I] HQ_NATURAL_ECONOMY {"date":749071,"year":2050,"month":11,"rating":60,"income":6695,"delivered":240,"cash":10786128,"loan":17000000,"profit_this_year":5954,"profit_last_year":0,"hq_x":8,"hq_y":8}
[2026-10-03 09:00:43] dbg: [script:4] [0] [I] HQ_NATURAL_ECONOMY {"date":749073,"year":2050,"month":11,"rating":60,"income":6695,"delivered":240,"cash":10786122,"loan":17000000,"profit_this_year":5948,"profit_last_year":0,"hq_x":8,"hq_y":8}
[2026-10-03 09:00:46] dbg: [script:4] [0] [I] HQ_NATURAL_ECONOMY {"date":749075,"year":2050,"month":11,"rating":60,"income":6695,"delivered":240,"cash":10786116,"loan":17000000,"profit_this_year":5942,"profit_last_year":0,"hq_x":8,"hq_y":8}
[2026-10-03 09:00:49] dbg: [script:4] [0] [I] HQ_NATURAL_ECONOMY {"date":749076,"year":2050,"month":11,"rating":60,"income":6695,"delivered":240,"cash":10786113,"loan":17000000,"profit_this_year":5939,"profit_last_year":0,"hq_x":8,"hq_y":8}
[2026-10-03 09:00:53] dbg: [script:4] [0] [I] HQ_NATURAL_ECONOMY {"date":749078,"year":2050,"month":11,"rating":60,"income":6695,"delivered":240,"cash":10786107,"loan":17000000,"profit_this_year":5934,"profit_last_year":0,"hq_x":8,"hq_y":8}
[2026-10-03 09:00:56] dbg: [script:4] [0] [I] HQ_NATURAL_ECONOMY {"date":749080,"year":2050,"month":11,"rating":60,"income":6695,"delivered":240,"cash":10786101,"loan":17000000,"profit_this_year":5928,"profit_last_year":0,"hq_x":8,"hq_y":8}
[2026-10-03 09:01:00] dbg: [script:4] [0] [I] HQ_NATURAL_ECONOMY {"date":749082,"year":2050,"month":12,"rating":60,"income":6695,"delivered":240,"cash":10757740,"loan":17000000,"profit_this_year":5925,"profit_last_year":0,"hq_x":8,"hq_y":8}
[2026-10-03 09:01:03] dbg: [script:4] [0] [I] HQ_NATURAL_ECONOMY {"date":749083,"year":2050,"month":12,"rating":60,"income":6695,"delivered":240,"cash":10757734,"loan":17000000,"profit_this_year":5919,"profit_last_year":0,"hq_x":8,"hq_y":8}
[2026-10-03 09:01:07] dbg: [script:4] [0] [I] HQ_NATURAL_ECONOMY {"date":749085,"year":2050,"month":12,"rating":60,"income":6695,"delivered":240,"cash":10757728,"loan":17000000,"profit_this_year":5913,"profit_last_year":0,"hq_x":8,"hq_y":8}
[2026-10-03 09:01:10] dbg: [script:4] [0] [I] HQ_NATURAL_ECONOMY {"date":749087,"year":2050,"month":12,"rating":60,"income":6695,"delivered":240,"cash":10757722,"loan":17000000,"profit_this_year":5907,"profit_last_year":0,"hq_x":8,"hq_y":8}
[2026-10-03 09:01:14] dbg: [script:4] [0] [I] HQ_NATURAL_ECONOMY {"date":749088,"year":2050,"month":12,"rating":60,"income":6695,"delivered":240,"cash":10757719,"loan":17000000,"profit_this_year":5904,"profit_last_year":0,"hq_x":8,"hq_y":8}
[2026-10-03 09:01:17] dbg: [script:4] [0] [I] HQ_NATURAL_ECONOMY {"date":749090,"year":2050,"month":12,"rating":60,"income":6695,"delivered":240,"cash":10757713,"loan":17000000,"profit_this_year":5899,"profit_last_year":0,"hq_x":8,"hq_y":8}
[2026-10-03 09:01:21] dbg: [script:4] [0] [I] HQ_NATURAL_ECONOMY {"date":749092,"year":2050,"month":12,"rating":60,"income":6695,"delivered":240,"cash":10757707,"loan":17000000,"profit_this_year":5893,"profit_last_year":0,"hq_x":8,"hq_y":8}
[2026-10-03 09:01:24] dbg: [script:4] [0] [I] HQ_NATURAL_ECONOMY {"date":749094,"year":2050,"month":12,"rating":60,"income":6695,"delivered":240,"cash":10757702,"loan":17000000,"profit_this_year":5887,"profit_last_year":0,"hq_x":8,"hq_y":8}
[2026-10-03 09:01:27] dbg: [script:4] [0] [I] HQ_NATURAL_ECONOMY {"date":749095,"year":2050,"month":12,"rating":60,"income":6695,"delivered":240,"cash":10757699,"loan":17000000,"profit_this_year":5884,"profit_last_year":0,"hq_x":8,"hq_y":8}
[2026-10-03 09:01:31] dbg: [script:4] [0] [I] HQ_NATURAL_ECONOMY {"date":749097,"year":2050,"month":12,"rating":60,"income":6695,"delivered":240,"cash":10757693,"loan":17000000,"profit_this_year":5878,"profit_last_year":0,"hq_x":8,"hq_y":8}
[2026-10-03 09:01:34] dbg: [script:4] [0] [I] HQ_NATURAL_ECONOMY {"date":749099,"year":2050,"month":12,"rating":60,"income":6695,"delivered":240,"cash":10757687,"loan":17000000,"profit_this_year":5872,"profit_last_year":0,"hq_x":8,"hq_y":8}
[2026-10-03 09:01:38] dbg: [script:4] [0] [I] HQ_NATURAL_ECONOMY {"date":749101,"year":2050,"month":12,"rating":60,"income":6695,"delivered":240,"cash":10757684,"loan":17000000,"profit_this_year":5869,"profit_last_year":0,"hq_x":8,"hq_y":8}
[2026-10-03 09:01:41] dbg: [script:4] [0] [I] HQ_NATURAL_ECONOMY {"date":749102,"year":2050,"month":12,"rating":60,"income":6695,"delivered":240,"cash":10757678,"loan":17000000,"profit_this_year":5864,"profit_last_year":0,"hq_x":8,"hq_y":8}
[2026-10-03 09:01:45] dbg: [script:4] [0] [I] HQ_NATURAL_ECONOMY {"date":749104,"year":2050,"month":12,"rating":60,"income":6695,"delivered":240,"cash":10757672,"loan":17000000,"profit_this_year":5858,"profit_last_year":0,"hq_x":8,"hq_y":8}
[2026-10-03 09:01:48] dbg: [script:4] [0] [I] HQ_NATURAL_ECONOMY {"date":749106,"year":2050,"month":12,"rating":60,"income":6695,"delivered":240,"cash":10757667,"loan":17000000,"profit_this_year":5852,"profit_last_year":0,"hq_x":8,"hq_y":8}
[2026-10-03 09:01:52] dbg: [script:4] [0] [I] HQ_NATURAL_ECONOMY {"date":749107,"year":2050,"month":12,"rating":60,"income":6695,"delivered":240,"cash":10757664,"loan":17000000,"profit_this_year":5849,"profit_last_year":0,"hq_x":8,"hq_y":8}
[2026-10-03 09:01:55] dbg: [script:4] [0] [I] HQ_NATURAL_ECONOMY {"date":749109,"year":2050,"month":12,"rating":60,"income":6695,"delivered":240,"cash":10757658,"loan":17000000,"profit_this_year":5843,"profit_last_year":0,"hq_x":8,"hq_y":8}
[2026-10-03 09:01:59] dbg: [script:4] [0] [I] HQ_NATURAL_ECONOMY {"date":749111,"year":2050,"month":12,"rating":60,"income":6695,"delivered":240,"cash":10757652,"loan":17000000,"profit_this_year":5837,"profit_last_year":0,"hq_x":8,"hq_y":8}
[2026-10-03 09:02:02] dbg: [script:4] [0] [I] HQ_NATURAL_ECONOMY {"date":749113,"year":2051,"month":1,"rating":53,"income":0,"delivered":0,"cash":10729288,"loan":17000000,"profit_this_year":-3,"profit_last_year":5834,"hq_x":8,"hq_y":8}
[2026-10-03 09:02:05] dbg: [script:4] [0] [I] HQ_NATURAL_ECONOMY {"date":749114,"year":2051,"month":1,"rating":53,"income":0,"delivered":0,"cash":10729285,"loan":17000000,"profit_this_year":-6,"profit_last_year":5834,"hq_x":8,"hq_y":8}
[2026-10-03 09:02:09] dbg: [script:4] [0] [I] HQ_NATURAL_ECONOMY {"date":749116,"year":2051,"month":1,"rating":53,"income":0,"delivered":0,"cash":10729279,"loan":17000000,"profit_this_year":-12,"profit_last_year":5834,"hq_x":8,"hq_y":8}
[2026-10-03 09:02:12] dbg: [script:4] [0] [I] HQ_NATURAL_ECONOMY {"date":749118,"year":2051,"month":1,"rating":53,"income":0,"delivered":0,"cash":10729274,"loan":17000000,"profit_this_year":-18,"profit_last_year":5834,"hq_x":8,"hq_y":8}
[2026-10-03 09:02:16] dbg: [script:4] [0] [I] HQ_NATURAL_ECONOMY {"date":749120,"year":2051,"month":1,"rating":53,"income":0,"delivered":0,"cash":10729268,"loan":17000000,"profit_this_year":-24,"profit_last_year":5834,"hq_x":8,"hq_y":8}
[2026-10-03 09:02:19] dbg: [script:4] [0] [I] HQ_NATURAL_ECONOMY {"date":749121,"year":2051,"month":1,"rating":53,"income":0,"delivered":0,"cash":10729265,"loan":17000000,"profit_this_year":-27,"profit_last_year":5834,"hq_x":8,"hq_y":8}
[2026-10-03 09:02:23] dbg: [script:4] [0] [I] HQ_NATURAL_ECONOMY {"date":749123,"year":2051,"month":1,"rating":53,"income":0,"delivered":0,"cash":10729259,"loan":17000000,"profit_this_year":-33,"profit_last_year":5834,"hq_x":8,"hq_y":8}
[2026-10-03 09:02:26] dbg: [script:4] [0] [I] HQ_NATURAL_ECONOMY {"date":749125,"year":2051,"month":1,"rating":53,"income":0,"delivered":0,"cash":10729253,"loan":17000000,"profit_this_year":-38,"profit_last_year":5834,"hq_x":8,"hq_y":8}
[2026-10-03 09:02:30] dbg: [script:4] [0] [I] HQ_NATURAL_ECONOMY {"date":749126,"year":2051,"month":1,"rating":53,"income":0,"delivered":0,"cash":10729250,"loan":17000000,"profit_this_year":-41,"profit_last_year":5834,"hq_x":8,"hq_y":8}
[2026-10-03 09:02:33] dbg: [script:4] [0] [I] HQ_NATURAL_ECONOMY {"date":749128,"year":2051,"month":1,"rating":53,"income":0,"delivered":0,"cash":10729244,"loan":17000000,"profit_this_year":-47,"profit_last_year":5834,"hq_x":8,"hq_y":8}
[2026-10-03 09:02:37] dbg: [script:4] [0] [I] HQ_NATURAL_ECONOMY {"date":749130,"year":2051,"month":1,"rating":53,"income":0,"delivered":0,"cash":10729239,"loan":17000000,"profit_this_year":-53,"profit_last_year":5834,"hq_x":8,"hq_y":8}
[2026-10-03 09:02:40] dbg: [script:4] [0] [I] HQ_NATURAL_ECONOMY {"date":749132,"year":2051,"month":1,"rating":53,"income":0,"delivered":0,"cash":10729233,"loan":17000000,"profit_this_year":-59,"profit_last_year":5834,"hq_x":8,"hq_y":8}
[2026-10-03 09:02:44] dbg: [script:4] [0] [I] HQ_NATURAL_ECONOMY {"date":749133,"year":2051,"month":1,"rating":53,"income":0,"delivered":0,"cash":10729230,"loan":17000000,"profit_this_year":-62,"profit_last_year":5834,"hq_x":8,"hq_y":8}
[2026-10-03 09:02:47] dbg: [script:4] [0] [I] HQ_NATURAL_ECONOMY {"date":749135,"year":2051,"month":1,"rating":53,"income":0,"delivered":0,"cash":10729224,"loan":17000000,"profit_this_year":-68,"profit_last_year":5834,"hq_x":8,"hq_y":8}
[2026-10-03 09:02:50] dbg: [script:4] [0] [I] HQ_NATURAL_ECONOMY {"date":749137,"year":2051,"month":1,"rating":53,"income":0,"delivered":0,"cash":10729218,"loan":17000000,"profit_this_year":-73,"profit_last_year":5834,"hq_x":8,"hq_y":8}
[2026-10-03 09:02:54] dbg: [script:4] [0] [I] HQ_NATURAL_ECONOMY {"date":749139,"year":2051,"month":1,"rating":53,"income":0,"delivered":0,"cash":10729212,"loan":17000000,"profit_this_year":-79,"profit_last_year":5834,"hq_x":8,"hq_y":8}
[2026-10-03 09:02:57] dbg: [script:4] [0] [I] HQ_NATURAL_ECONOMY {"date":749140,"year":2051,"month":1,"rating":53,"income":0,"delivered":0,"cash":10729209,"loan":17000000,"profit_this_year":-82,"profit_last_year":5834,"hq_x":8,"hq_y":8}
[2026-10-03 09:03:01] dbg: [script:4] [0] [I] HQ_NATURAL_ECONOMY {"date":749142,"year":2051,"month":1,"rating":53,"income":0,"delivered":0,"cash":10729204,"loan":17000000,"profit_this_year":-88,"profit_last_year":5834,"hq_x":8,"hq_y":8}
[2026-10-03 09:03:04] dbg: [script:4] [0] [I] HQ_NATURAL_ECONOMY {"date":749144,"year":2051,"month":2,"rating":53,"income":0,"delivered":0,"cash":10700840,"loan":17000000,"profit_this_year":-94,"profit_last_year":5834,"hq_x":8,"hq_y":8}
[2026-10-03 09:03:08] dbg: [script:4] [0] [I] HQ_NATURAL_ECONOMY {"date":749146,"year":2051,"month":2,"rating":53,"income":0,"delivered":0,"cash":10700837,"loan":17000000,"profit_this_year":-97,"profit_last_year":5834,"hq_x":8,"hq_y":8}
[2026-10-03 09:03:11] dbg: [script:4] [0] [I] HQ_NATURAL_ECONOMY {"date":749147,"year":2051,"month":2,"rating":53,"income":0,"delivered":0,"cash":10700831,"loan":17000000,"profit_this_year":-103,"profit_last_year":5834,"hq_x":8,"hq_y":8}
[2026-10-03 09:03:15] dbg: [script:4] [0] [I] HQ_NATURAL_ECONOMY {"date":749149,"year":2051,"month":2,"rating":53,"income":0,"delivered":0,"cash":10700825,"loan":17000000,"profit_this_year":-108,"profit_last_year":5834,"hq_x":8,"hq_y":8}
[2026-10-03 09:03:18] dbg: [script:4] [0] [I] HQ_NATURAL_ECONOMY {"date":749151,"year":2051,"month":2,"rating":53,"income":0,"delivered":0,"cash":10700819,"loan":17000000,"profit_this_year":-114,"profit_last_year":5834,"hq_x":8,"hq_y":8}
[2026-10-03 09:03:22] dbg: [script:4] [0] [I] HQ_NATURAL_ECONOMY {"date":749152,"year":2051,"month":2,"rating":53,"income":0,"delivered":0,"cash":10700816,"loan":17000000,"profit_this_year":-117,"profit_last_year":5834,"hq_x":8,"hq_y":8}
[2026-10-03 09:03:25] dbg: [script:4] [0] [I] HQ_NATURAL_ECONOMY {"date":749154,"year":2051,"month":2,"rating":53,"income":0,"delivered":0,"cash":10700810,"loan":17000000,"profit_this_year":-123,"profit_last_year":5834,"hq_x":8,"hq_y":8}
[2026-10-03 09:03:28] dbg: [script:4] [0] [I] HQ_NATURAL_ECONOMY {"date":749156,"year":2051,"month":2,"rating":53,"income":0,"delivered":0,"cash":10700805,"loan":17000000,"profit_this_year":-129,"profit_last_year":5834,"hq_x":8,"hq_y":8}
[2026-10-03 09:03:32] dbg: [script:4] [0] [I] HQ_NATURAL_ECONOMY {"date":749158,"year":2051,"month":2,"rating":53,"income":0,"delivered":0,"cash":10700799,"loan":17000000,"profit_this_year":-135,"profit_last_year":5834,"hq_x":8,"hq_y":8}
[2026-10-03 09:03:35] dbg: [script:4] [0] [I] HQ_NATURAL_ECONOMY {"date":749159,"year":2051,"month":2,"rating":53,"income":0,"delivered":0,"cash":10700796,"loan":17000000,"profit_this_year":-138,"profit_last_year":5834,"hq_x":8,"hq_y":8}
[2026-10-03 09:03:39] dbg: [script:4] [0] [I] HQ_NATURAL_ECONOMY {"date":749161,"year":2051,"month":2,"rating":53,"income":0,"delivered":0,"cash":10700790,"loan":17000000,"profit_this_year":-143,"profit_last_year":5834,"hq_x":8,"hq_y":8}
[2026-10-03 09:03:42] dbg: [script:4] [0] [I] HQ_NATURAL_ECONOMY {"date":749163,"year":2051,"month":2,"rating":53,"income":0,"delivered":0,"cash":10700784,"loan":17000000,"profit_this_year":-149,"profit_last_year":5834,"hq_x":8,"hq_y":8}
[2026-10-03 09:03:46] dbg: [script:4] [0] [I] HQ_NATURAL_ECONOMY {"date":749165,"year":2051,"month":2,"rating":53,"income":0,"delivered":0,"cash":10700781,"loan":17000000,"profit_this_year":-152,"profit_last_year":5834,"hq_x":8,"hq_y":8}
[2026-10-03 09:03:49] dbg: [script:4] [0] [I] HQ_NATURAL_ECONOMY {"date":749166,"year":2051,"month":2,"rating":53,"income":0,"delivered":0,"cash":10700775,"loan":17000000,"profit_this_year":-158,"profit_last_year":5834,"hq_x":8,"hq_y":8}
[2026-10-03 09:03:53] dbg: [script:4] [0] [I] HQ_NATURAL_ECONOMY {"date":749168,"year":2051,"month":2,"rating":53,"income":0,"delivered":0,"cash":10700770,"loan":17000000,"profit_this_year":-164,"profit_last_year":5834,"hq_x":8,"hq_y":8}
[2026-10-03 09:03:56] dbg: [script:4] [0] [I] HQ_NATURAL_ECONOMY {"date":749170,"year":2051,"month":2,"rating":53,"income":0,"delivered":0,"cash":10700764,"loan":17000000,"profit_this_year":-170,"profit_last_year":5834,"hq_x":8,"hq_y":8}
[2026-10-03 09:04:00] dbg: [script:4] [0] [I] HQ_NATURAL_ECONOMY {"date":749171,"year":2051,"month":2,"rating":53,"income":0,"delivered":0,"cash":10700761,"loan":17000000,"profit_this_year":-173,"profit_last_year":5834,"hq_x":8,"hq_y":8}
[2026-10-03 09:04:03] dbg: [script:4] [0] [I] HQ_NATURAL_ECONOMY {"date":749173,"year":2051,"month":3,"rating":53,"income":0,"delivered":0,"cash":10679510,"loan":17000000,"profit_this_year":6936,"profit_last_year":5834,"hq_x":8,"hq_y":8}
[2026-10-03 09:04:06] dbg: [script:4] [0] [I] HQ_NATURAL_ECONOMY {"date":749175,"year":2051,"month":3,"rating":53,"income":0,"delivered":0,"cash":10679504,"loan":17000000,"profit_this_year":6930,"profit_last_year":5834,"hq_x":8,"hq_y":8}
[2026-10-03 09:04:10] dbg: [script:4] [0] [I] HQ_NATURAL_ECONOMY {"date":749177,"year":2051,"month":3,"rating":53,"income":0,"delivered":0,"cash":10679498,"loan":17000000,"profit_this_year":6924,"profit_last_year":5834,"hq_x":8,"hq_y":8}
[2026-10-03 09:04:13] dbg: [script:4] [0] [I] HQ_NATURAL_ECONOMY {"date":749178,"year":2051,"month":3,"rating":53,"income":0,"delivered":0,"cash":10679495,"loan":17000000,"profit_this_year":6921,"profit_last_year":5834,"hq_x":8,"hq_y":8}
[2026-10-03 09:04:17] dbg: [script:4] [0] [I] HQ_NATURAL_ECONOMY {"date":749180,"year":2051,"month":3,"rating":53,"income":0,"delivered":0,"cash":10679490,"loan":17000000,"profit_this_year":6915,"profit_last_year":5834,"hq_x":8,"hq_y":8}
[2026-10-03 09:04:20] dbg: [script:4] [0] [I] HQ_NATURAL_ECONOMY {"date":749182,"year":2051,"month":3,"rating":53,"income":0,"delivered":0,"cash":10679484,"loan":17000000,"profit_this_year":6909,"profit_last_year":5834,"hq_x":8,"hq_y":8}
[2026-10-03 09:04:24] dbg: [script:4] [0] [I] HQ_NATURAL_ECONOMY {"date":749184,"year":2051,"month":3,"rating":53,"income":0,"delivered":0,"cash":10679478,"loan":17000000,"profit_this_year":6903,"profit_last_year":5834,"hq_x":8,"hq_y":8}
[2026-10-03 09:04:27] dbg: [script:4] [0] [I] HQ_NATURAL_ECONOMY {"date":749185,"year":2051,"month":3,"rating":53,"income":0,"delivered":0,"cash":10679475,"loan":17000000,"profit_this_year":6900,"profit_last_year":5834,"hq_x":8,"hq_y":8}
[2026-10-03 09:04:31] dbg: [script:4] [0] [I] HQ_NATURAL_ECONOMY {"date":749187,"year":2051,"month":3,"rating":53,"income":0,"delivered":0,"cash":10679469,"loan":17000000,"profit_this_year":6895,"profit_last_year":5834,"hq_x":8,"hq_y":8}
[2026-10-03 09:04:34] dbg: [script:4] [0] [I] HQ_NATURAL_ECONOMY {"date":749189,"year":2051,"month":3,"rating":53,"income":0,"delivered":0,"cash":10679463,"loan":17000000,"profit_this_year":6889,"profit_last_year":5834,"hq_x":8,"hq_y":8}
[2026-10-03 09:04:38] dbg: [script:4] [0] [I] HQ_NATURAL_ECONOMY {"date":749190,"year":2051,"month":3,"rating":53,"income":0,"delivered":0,"cash":10679460,"loan":17000000,"profit_this_year":6886,"profit_last_year":5834,"hq_x":8,"hq_y":8}
[2026-10-03 09:04:41] dbg: [script:4] [0] [I] HQ_NATURAL_ECONOMY {"date":749192,"year":2051,"month":3,"rating":53,"income":0,"delivered":0,"cash":10679455,"loan":17000000,"profit_this_year":6880,"profit_last_year":5834,"hq_x":8,"hq_y":8}
[2026-10-03 09:04:44] dbg: [script:4] [0] [I] HQ_NATURAL_ECONOMY {"date":749194,"year":2051,"month":3,"rating":53,"income":0,"delivered":0,"cash":10679449,"loan":17000000,"profit_this_year":6874,"profit_last_year":5834,"hq_x":8,"hq_y":8}
[2026-10-03 09:04:48] dbg: [script:4] [0] [I] HQ_NATURAL_ECONOMY {"date":749196,"year":2051,"month":3,"rating":53,"income":0,"delivered":0,"cash":10679443,"loan":17000000,"profit_this_year":6868,"profit_last_year":5834,"hq_x":8,"hq_y":8}
[2026-10-03 09:04:51] dbg: [script:4] [0] [I] HQ_NATURAL_ECONOMY {"date":749197,"year":2051,"month":3,"rating":53,"income":0,"delivered":0,"cash":10679440,"loan":17000000,"profit_this_year":6865,"profit_last_year":5834,"hq_x":8,"hq_y":8}
[2026-10-03 09:04:55] dbg: [script:4] [0] [I] HQ_NATURAL_ECONOMY {"date":749199,"year":2051,"month":3,"rating":53,"income":0,"delivered":0,"cash":10679434,"loan":17000000,"profit_this_year":6860,"profit_last_year":5834,"hq_x":8,"hq_y":8}
[2026-10-03 09:04:58] dbg: [script:4] [0] [I] HQ_NATURAL_ECONOMY {"date":749201,"year":2051,"month":3,"rating":53,"income":0,"delivered":0,"cash":10679428,"loan":17000000,"profit_this_year":6854,"profit_last_year":5834,"hq_x":8,"hq_y":8}
[2026-10-03 09:05:02] dbg: [script:4] [0] [I] HQ_NATURAL_ECONOMY {"date":749203,"year":2051,"month":4,"rating":62,"income":7114,"delivered":240,"cash":10651065,"loan":17000000,"profit_this_year":6848,"profit_last_year":5834,"hq_x":8,"hq_y":8}
[2026-10-03 09:05:05] dbg: [script:4] [0] [I] HQ_NATURAL_ECONOMY {"date":749204,"year":2051,"month":4,"rating":62,"income":7114,"delivered":240,"cash":10651062,"loan":17000000,"profit_this_year":6845,"profit_last_year":5834,"hq_x":8,"hq_y":8}
[2026-10-03 09:05:09] dbg: [script:4] [0] [I] HQ_NATURAL_ECONOMY {"date":749206,"year":2051,"month":4,"rating":62,"income":7114,"delivered":240,"cash":10651056,"loan":17000000,"profit_this_year":6839,"profit_last_year":5834,"hq_x":8,"hq_y":8}
[2026-10-03 09:05:12] dbg: [script:4] [0] [I] HQ_NATURAL_ECONOMY {"date":749208,"year":2051,"month":4,"rating":62,"income":7114,"delivered":240,"cash":10651050,"loan":17000000,"profit_this_year":6833,"profit_last_year":5834,"hq_x":8,"hq_y":8}
[2026-10-03 09:05:16] dbg: [script:4] [0] [I] HQ_NATURAL_ECONOMY {"date":749210,"year":2051,"month":4,"rating":62,"income":7114,"delivered":240,"cash":10651047,"loan":17000000,"profit_this_year":6830,"profit_last_year":5834,"hq_x":8,"hq_y":8}
[2026-10-03 09:05:19] dbg: [script:4] [0] [I] HQ_NATURAL_ECONOMY {"date":749211,"year":2051,"month":4,"rating":62,"income":7114,"delivered":240,"cash":10651041,"loan":17000000,"profit_this_year":6825,"profit_last_year":5834,"hq_x":8,"hq_y":8}
[2026-10-03 09:05:22] dbg: [script:4] [0] [I] HQ_NATURAL_ECONOMY {"date":749213,"year":2051,"month":4,"rating":62,"income":7114,"delivered":240,"cash":10651035,"loan":17000000,"profit_this_year":6819,"profit_last_year":5834,"hq_x":8,"hq_y":8}
[2026-10-03 09:05:26] dbg: [script:4] [0] [I] HQ_NATURAL_ECONOMY {"date":749215,"year":2051,"month":4,"rating":62,"income":7114,"delivered":240,"cash":10651029,"loan":17000000,"profit_this_year":6813,"profit_last_year":5834,"hq_x":8,"hq_y":8}
[2026-10-03 09:05:29] dbg: [script:4] [0] [I] HQ_NATURAL_ECONOMY {"date":749216,"year":2051,"month":4,"rating":62,"income":7114,"delivered":240,"cash":10651027,"loan":17000000,"profit_this_year":6810,"profit_last_year":5834,"hq_x":8,"hq_y":8}
[2026-10-03 09:05:33] dbg: [script:4] [0] [I] HQ_NATURAL_ECONOMY {"date":749218,"year":2051,"month":4,"rating":62,"income":7114,"delivered":240,"cash":10651021,"loan":17000000,"profit_this_year":6804,"profit_last_year":5834,"hq_x":8,"hq_y":8}
[2026-10-03 09:05:36] dbg: [script:4] [0] [I] HQ_NATURAL_ECONOMY {"date":749220,"year":2051,"month":4,"rating":62,"income":7114,"delivered":240,"cash":10651015,"loan":17000000,"profit_this_year":6798,"profit_last_year":5834,"hq_x":8,"hq_y":8}
[2026-10-03 09:05:40] dbg: [script:4] [0] [I] HQ_NATURAL_ECONOMY {"date":749222,"year":2051,"month":4,"rating":62,"income":7114,"delivered":240,"cash":10651009,"loan":17000000,"profit_this_year":6793,"profit_last_year":5834,"hq_x":8,"hq_y":8}
[2026-10-03 09:05:43] dbg: [script:4] [0] [I] HQ_NATURAL_ECONOMY {"date":749223,"year":2051,"month":4,"rating":62,"income":7114,"delivered":240,"cash":10651006,"loan":17000000,"profit_this_year":6790,"profit_last_year":5834,"hq_x":8,"hq_y":8}
[2026-10-03 09:05:47] dbg: [script:4] [0] [I] HQ_NATURAL_ECONOMY {"date":749225,"year":2051,"month":4,"rating":62,"income":7114,"delivered":240,"cash":10651000,"loan":17000000,"profit_this_year":6784,"profit_last_year":5834,"hq_x":8,"hq_y":8}
[2026-10-03 09:05:50] dbg: [script:4] [0] [I] HQ_NATURAL_ECONOMY {"date":749227,"year":2051,"month":4,"rating":62,"income":7114,"delivered":240,"cash":10650994,"loan":17000000,"profit_this_year":6778,"profit_last_year":5834,"hq_x":8,"hq_y":8}
[2026-10-03 09:05:54] dbg: [script:4] [0] [I] HQ_NATURAL_ECONOMY {"date":749229,"year":2051,"month":4,"rating":62,"income":7114,"delivered":240,"cash":10650992,"loan":17000000,"profit_this_year":6775,"profit_last_year":5834,"hq_x":8,"hq_y":8}
[2026-10-03 09:05:57] dbg: [script:4] [0] [I] HQ_NATURAL_ECONOMY {"date":749230,"year":2051,"month":4,"rating":62,"income":7114,"delivered":240,"cash":10650986,"loan":17000000,"profit_this_year":6769,"profit_last_year":5834,"hq_x":8,"hq_y":8}
[2026-10-03 09:06:01] dbg: [script:4] [0] [I] HQ_NATURAL_ECONOMY {"date":749232,"year":2051,"month":4,"rating":62,"income":7114,"delivered":240,"cash":10650980,"loan":17000000,"profit_this_year":6763,"profit_last_year":5834,"hq_x":8,"hq_y":8}
[2026-10-03 09:06:04] dbg: [script:4] [0] [I] HQ_NATURAL_ECONOMY {"date":749234,"year":2051,"month":5,"rating":62,"income":7114,"delivered":240,"cash":10622616,"loan":17000000,"profit_this_year":6758,"profit_last_year":5834,"hq_x":8,"hq_y":8}
[2026-10-03 09:06:07] dbg: [script:4] [0] [I] HQ_NATURAL_ECONOMY {"date":749235,"year":2051,"month":5,"rating":62,"income":7114,"delivered":240,"cash":10622613,"loan":17000000,"profit_this_year":6755,"profit_last_year":5834,"hq_x":8,"hq_y":8}
[2026-10-03 09:06:11] dbg: [script:4] [0] [I] HQ_NATURAL_ECONOMY {"date":749237,"year":2051,"month":5,"rating":62,"income":7114,"delivered":240,"cash":10622607,"loan":17000000,"profit_this_year":6749,"profit_last_year":5834,"hq_x":8,"hq_y":8}
[2026-10-03 09:06:14] dbg: [script:4] [0] [I] HQ_NATURAL_ECONOMY {"date":749239,"year":2051,"month":5,"rating":62,"income":7114,"delivered":240,"cash":10622601,"loan":17000000,"profit_this_year":6743,"profit_last_year":5834,"hq_x":8,"hq_y":8}
[2026-10-03 09:06:18] dbg: [script:4] [0] [I] HQ_NATURAL_ECONOMY {"date":749241,"year":2051,"month":5,"rating":62,"income":7114,"delivered":240,"cash":10622596,"loan":17000000,"profit_this_year":6737,"profit_last_year":5834,"hq_x":8,"hq_y":8}
[2026-10-03 09:06:21] dbg: [script:4] [0] [I] HQ_NATURAL_ECONOMY {"date":749242,"year":2051,"month":5,"rating":62,"income":7114,"delivered":240,"cash":10622593,"loan":17000000,"profit_this_year":6734,"profit_last_year":5834,"hq_x":8,"hq_y":8}
[2026-10-03 09:06:25] dbg: [script:4] [0] [I] HQ_NATURAL_ECONOMY {"date":749244,"year":2051,"month":5,"rating":62,"income":7114,"delivered":240,"cash":10622587,"loan":17000000,"profit_this_year":6728,"profit_last_year":5834,"hq_x":8,"hq_y":8}
[2026-10-03 09:06:28] dbg: [script:4] [0] [I] HQ_NATURAL_ECONOMY {"date":749246,"year":2051,"month":5,"rating":62,"income":7114,"delivered":240,"cash":10622581,"loan":17000000,"profit_this_year":6722,"profit_last_year":5834,"hq_x":8,"hq_y":8}
[2026-10-03 09:06:32] dbg: [script:4] [0] [I] HQ_NATURAL_ECONOMY {"date":749248,"year":2051,"month":5,"rating":62,"income":7114,"delivered":240,"cash":10622575,"loan":17000000,"profit_this_year":6717,"profit_last_year":5834,"hq_x":8,"hq_y":8}
[2026-10-03 09:06:35] dbg: [script:4] [0] [I] HQ_NATURAL_ECONOMY {"date":749249,"year":2051,"month":5,"rating":62,"income":7114,"delivered":240,"cash":10622572,"loan":17000000,"profit_this_year":6714,"profit_last_year":5834,"hq_x":8,"hq_y":8}
[2026-10-03 09:06:39] dbg: [script:4] [0] [I] HQ_NATURAL_ECONOMY {"date":749251,"year":2051,"month":5,"rating":62,"income":7114,"delivered":240,"cash":10622566,"loan":17000000,"profit_this_year":6708,"profit_last_year":5834,"hq_x":8,"hq_y":8}
[2026-10-03 09:06:42] dbg: [script:4] [0] [I] HQ_NATURAL_ECONOMY {"date":749253,"year":2051,"month":5,"rating":62,"income":7114,"delivered":240,"cash":10622561,"loan":17000000,"profit_this_year":6702,"profit_last_year":5834,"hq_x":8,"hq_y":8}
[2026-10-03 09:06:45] dbg: [script:4] [0] [I] HQ_NATURAL_ECONOMY {"date":749254,"year":2051,"month":5,"rating":62,"income":7114,"delivered":240,"cash":10622558,"loan":17000000,"profit_this_year":6699,"profit_last_year":5834,"hq_x":8,"hq_y":8}
[2026-10-03 09:06:49] dbg: [script:4] [0] [I] HQ_NATURAL_ECONOMY {"date":749256,"year":2051,"month":5,"rating":62,"income":7114,"delivered":240,"cash":10622552,"loan":17000000,"profit_this_year":6693,"profit_last_year":5834,"hq_x":8,"hq_y":8}
[2026-10-03 09:06:52] dbg: [script:4] [0] [I] HQ_NATURAL_ECONOMY {"date":749258,"year":2051,"month":5,"rating":62,"income":7114,"delivered":240,"cash":10622546,"loan":17000000,"profit_this_year":6687,"profit_last_year":5834,"hq_x":8,"hq_y":8}
[2026-10-03 09:06:56] dbg: [script:4] [0] [I] HQ_NATURAL_ECONOMY {"date":749260,"year":2051,"month":5,"rating":62,"income":7114,"delivered":240,"cash":10622540,"loan":17000000,"profit_this_year":6682,"profit_last_year":5834,"hq_x":8,"hq_y":8}
[2026-10-03 09:06:59] dbg: [script:4] [0] [I] HQ_NATURAL_ECONOMY {"date":749261,"year":2051,"month":5,"rating":62,"income":7114,"delivered":240,"cash":10622537,"loan":17000000,"profit_this_year":6679,"profit_last_year":5834,"hq_x":8,"hq_y":8}
[2026-10-03 09:07:03] dbg: [script:4] [0] [I] HQ_NATURAL_ECONOMY {"date":749263,"year":2051,"month":5,"rating":62,"income":7114,"delivered":240,"cash":10622531,"loan":17000000,"profit_this_year":6673,"profit_last_year":5834,"hq_x":8,"hq_y":8}
[2026-10-03 09:07:06] dbg: [script:4] [0] [I] HQ_NATURAL_ECONOMY {"date":749265,"year":2051,"month":6,"rating":62,"income":7114,"delivered":240,"cash":10594167,"loan":17000000,"profit_this_year":6667,"profit_last_year":5834,"hq_x":8,"hq_y":8}
[2026-10-03 09:07:10] dbg: [script:4] [0] [I] HQ_NATURAL_ECONOMY {"date":749267,"year":2051,"month":6,"rating":62,"income":7114,"delivered":240,"cash":10594161,"loan":17000000,"profit_this_year":6661,"profit_last_year":5834,"hq_x":8,"hq_y":8}
[2026-10-03 09:07:13] dbg: [script:4] [0] [I] HQ_NATURAL_ECONOMY {"date":749268,"year":2051,"month":6,"rating":62,"income":7114,"delivered":240,"cash":10594158,"loan":17000000,"profit_this_year":6658,"profit_last_year":5834,"hq_x":8,"hq_y":8}
[2026-10-03 09:07:17] dbg: [script:4] [0] [I] HQ_NATURAL_ECONOMY {"date":749270,"year":2051,"month":6,"rating":62,"income":7114,"delivered":240,"cash":10594152,"loan":17000000,"profit_this_year":6652,"profit_last_year":5834,"hq_x":8,"hq_y":8}
[2026-10-03 09:07:20] dbg: [script:4] [0] [I] HQ_NATURAL_ECONOMY {"date":749272,"year":2051,"month":6,"rating":62,"income":7114,"delivered":240,"cash":10594146,"loan":17000000,"profit_this_year":6647,"profit_last_year":5834,"hq_x":8,"hq_y":8}
[2026-10-03 09:07:23] dbg: [script:4] [0] [I] HQ_NATURAL_ECONOMY {"date":749274,"year":2051,"month":6,"rating":62,"income":7114,"delivered":240,"cash":10594143,"loan":17000000,"profit_this_year":6644,"profit_last_year":5834,"hq_x":8,"hq_y":8}
[2026-10-03 09:07:27] dbg: [script:4] [0] [I] HQ_NATURAL_ECONOMY {"date":749275,"year":2051,"month":6,"rating":62,"income":7114,"delivered":240,"cash":10594137,"loan":17000000,"profit_this_year":6638,"profit_last_year":5834,"hq_x":8,"hq_y":8}
[2026-10-03 09:07:30] dbg: [script:4] [0] [I] HQ_NATURAL_ECONOMY {"date":749277,"year":2051,"month":6,"rating":62,"income":7114,"delivered":240,"cash":10594132,"loan":17000000,"profit_this_year":6632,"profit_last_year":5834,"hq_x":8,"hq_y":8}
[2026-10-03 09:07:34] dbg: [script:4] [0] [I] HQ_NATURAL_ECONOMY {"date":749279,"year":2051,"month":6,"rating":62,"income":7114,"delivered":240,"cash":10594126,"loan":17000000,"profit_this_year":6626,"profit_last_year":5834,"hq_x":8,"hq_y":8}
[2026-10-03 09:07:37] dbg: [script:4] [0] [I] HQ_NATURAL_ECONOMY {"date":749280,"year":2051,"month":6,"rating":62,"income":7114,"delivered":240,"cash":10594123,"loan":17000000,"profit_this_year":6623,"profit_last_year":5834,"hq_x":8,"hq_y":8}
[2026-10-03 09:07:41] dbg: [script:4] [0] [I] HQ_NATURAL_ECONOMY {"date":749282,"year":2051,"month":6,"rating":62,"income":7114,"delivered":240,"cash":10594117,"loan":17000000,"profit_this_year":6617,"profit_last_year":5834,"hq_x":8,"hq_y":8}
[2026-10-03 09:07:44] dbg: [script:4] [0] [I] HQ_NATURAL_ECONOMY {"date":749284,"year":2051,"month":6,"rating":62,"income":7114,"delivered":240,"cash":10594111,"loan":17000000,"profit_this_year":6612,"profit_last_year":5834,"hq_x":8,"hq_y":8}
[2026-10-03 09:07:48] dbg: [script:4] [0] [I] HQ_NATURAL_ECONOMY {"date":749286,"year":2051,"month":6,"rating":62,"income":7114,"delivered":240,"cash":10594105,"loan":17000000,"profit_this_year":6606,"profit_last_year":5834,"hq_x":8,"hq_y":8}
[2026-10-03 09:07:51] dbg: [script:4] [0] [I] HQ_NATURAL_ECONOMY {"date":749287,"year":2051,"month":6,"rating":62,"income":7114,"delivered":240,"cash":10594102,"loan":17000000,"profit_this_year":6603,"profit_last_year":5834,"hq_x":8,"hq_y":8}
[2026-10-03 09:07:55] dbg: [script:4] [0] [I] HQ_NATURAL_ECONOMY {"date":749289,"year":2051,"month":6,"rating":62,"income":7114,"delivered":240,"cash":10594097,"loan":17000000,"profit_this_year":6597,"profit_last_year":5834,"hq_x":8,"hq_y":8}
[2026-10-03 09:07:58] dbg: [script:4] [0] [I] HQ_NATURAL_ECONOMY {"date":749291,"year":2051,"month":6,"rating":62,"income":7114,"delivered":240,"cash":10594091,"loan":17000000,"profit_this_year":6591,"profit_last_year":5834,"hq_x":8,"hq_y":8}
[2026-10-03 09:08:01] dbg: [script:4] [0] [I] HQ_NATURAL_ECONOMY {"date":749293,"year":2051,"month":6,"rating":62,"income":7114,"delivered":240,"cash":10594088,"loan":17000000,"profit_this_year":6588,"profit_last_year":5834,"hq_x":8,"hq_y":8}
[2026-10-03 09:08:05] dbg: [script:4] [0] [I] HQ_NATURAL_ECONOMY {"date":749294,"year":2051,"month":7,"rating":55,"income":0,"delivered":0,"cash":10565724,"loan":17000000,"profit_this_year":6582,"profit_last_year":5834,"hq_x":8,"hq_y":8}
[2026-10-03 09:08:08] dbg: [script:4] [0] [I] HQ_NATURAL_ECONOMY {"date":749296,"year":2051,"month":7,"rating":55,"income":0,"delivered":0,"cash":10565718,"loan":17000000,"profit_this_year":6577,"profit_last_year":5834,"hq_x":8,"hq_y":8}
[2026-10-03 09:08:12] dbg: [script:4] [0] [I] HQ_NATURAL_ECONOMY {"date":749298,"year":2051,"month":7,"rating":55,"income":0,"delivered":0,"cash":10565712,"loan":17000000,"profit_this_year":6571,"profit_last_year":5834,"hq_x":8,"hq_y":8}
[2026-10-03 09:08:15] dbg: [script:4] [0] [I] HQ_NATURAL_ECONOMY {"date":749299,"year":2051,"month":7,"rating":55,"income":0,"delivered":0,"cash":10565709,"loan":17000000,"profit_this_year":6568,"profit_last_year":5834,"hq_x":8,"hq_y":8}
[2026-10-03 09:08:19] dbg: [script:4] [0] [I] HQ_NATURAL_ECONOMY {"date":749301,"year":2051,"month":7,"rating":55,"income":0,"delivered":0,"cash":10565704,"loan":17000000,"profit_this_year":6562,"profit_last_year":5834,"hq_x":8,"hq_y":8}
[2026-10-03 09:08:22] dbg: [script:4] [0] [I] HQ_NATURAL_ECONOMY {"date":749303,"year":2051,"month":7,"rating":55,"income":0,"delivered":0,"cash":10565698,"loan":17000000,"profit_this_year":6556,"profit_last_year":5834,"hq_x":8,"hq_y":8}
[2026-10-03 09:08:26] dbg: [script:4] [0] [I] HQ_NATURAL_ECONOMY {"date":749305,"year":2051,"month":7,"rating":55,"income":0,"delivered":0,"cash":10565692,"loan":17000000,"profit_this_year":6550,"profit_last_year":5834,"hq_x":8,"hq_y":8}
[2026-10-03 09:08:29] dbg: [script:4] [0] [I] HQ_NATURAL_ECONOMY {"date":749306,"year":2051,"month":7,"rating":55,"income":0,"delivered":0,"cash":10565689,"loan":17000000,"profit_this_year":6547,"profit_last_year":5834,"hq_x":8,"hq_y":8}
[2026-10-03 09:08:33] dbg: [script:4] [0] [I] HQ_NATURAL_ECONOMY {"date":749308,"year":2051,"month":7,"rating":55,"income":0,"delivered":0,"cash":10565683,"loan":17000000,"profit_this_year":6542,"profit_last_year":5834,"hq_x":8,"hq_y":8}
[2026-10-03 09:08:36] dbg: [script:4] [0] [I] HQ_NATURAL_ECONOMY {"date":749310,"year":2051,"month":7,"rating":55,"income":0,"delivered":0,"cash":10565677,"loan":17000000,"profit_this_year":6536,"profit_last_year":5834,"hq_x":8,"hq_y":8}
[2026-10-03 09:08:40] dbg: [script:4] [0] [I] HQ_NATURAL_ECONOMY {"date":749312,"year":2051,"month":7,"rating":55,"income":0,"delivered":0,"cash":10565671,"loan":17000000,"profit_this_year":6530,"profit_last_year":5834,"hq_x":8,"hq_y":8}
[2026-10-03 09:08:43] dbg: [script:4] [0] [I] HQ_NATURAL_ECONOMY {"date":749313,"year":2051,"month":7,"rating":55,"income":0,"delivered":0,"cash":10565669,"loan":17000000,"profit_this_year":6527,"profit_last_year":5834,"hq_x":8,"hq_y":8}
[2026-10-03 09:08:46] dbg: [script:4] [0] [I] HQ_NATURAL_ECONOMY {"date":749315,"year":2051,"month":7,"rating":55,"income":0,"delivered":0,"cash":10565663,"loan":17000000,"profit_this_year":6521,"profit_last_year":5834,"hq_x":8,"hq_y":8}
[2026-10-03 09:08:51] dbg: [script:4] [0] [I] HQ_NATURAL_ECONOMY {"date":749317,"year":2051,"month":7,"rating":55,"income":0,"delivered":0,"cash":10565657,"loan":17000000,"profit_this_year":6515,"profit_last_year":5834,"hq_x":8,"hq_y":8}
[2026-10-03 09:08:55] dbg: [script:4] [0] [I] HQ_NATURAL_ECONOMY {"date":749318,"year":2051,"month":7,"rating":55,"income":0,"delivered":0,"cash":10565654,"loan":17000000,"profit_this_year":6512,"profit_last_year":5834,"hq_x":8,"hq_y":8}
[2026-10-03 09:08:58] dbg: [script:4] [0] [I] HQ_NATURAL_ECONOMY {"date":749320,"year":2051,"month":7,"rating":55,"income":0,"delivered":0,"cash":10565648,"loan":17000000,"profit_this_year":6507,"profit_last_year":5834,"hq_x":8,"hq_y":8}
[2026-10-03 09:09:01] dbg: [script:4] [0] [I] HQ_NATURAL_ECONOMY {"date":749322,"year":2051,"month":7,"rating":55,"income":0,"delivered":0,"cash":10565642,"loan":17000000,"profit_this_year":6501,"profit_last_year":5834,"hq_x":8,"hq_y":8}
[2026-10-03 09:09:05] dbg: [script:4] [0] [I] HQ_NATURAL_ECONOMY {"date":749324,"year":2051,"month":7,"rating":55,"income":0,"delivered":0,"cash":10565636,"loan":17000000,"profit_this_year":6495,"profit_last_year":5834,"hq_x":8,"hq_y":8}
[2026-10-03 09:09:08] dbg: [script:4] [0] [I] HQ_NATURAL_ECONOMY {"date":749325,"year":2051,"month":8,"rating":55,"income":0,"delivered":0,"cash":10537276,"loan":17000000,"profit_this_year":6492,"profit_last_year":5834,"hq_x":8,"hq_y":8}
[2026-10-03 09:09:12] dbg: [script:4] [0] [I] HQ_NATURAL_ECONOMY {"date":749327,"year":2051,"month":8,"rating":55,"income":0,"delivered":0,"cash":10537270,"loan":17000000,"profit_this_year":6486,"profit_last_year":5834,"hq_x":8,"hq_y":8}
[2026-10-03 09:09:15] dbg: [script:4] [0] [I] HQ_NATURAL_ECONOMY {"date":749329,"year":2051,"month":8,"rating":55,"income":0,"delivered":0,"cash":10537264,"loan":17000000,"profit_this_year":6480,"profit_last_year":5834,"hq_x":8,"hq_y":8}
[2026-10-03 09:09:19] dbg: [script:4] [0] [I] HQ_NATURAL_ECONOMY {"date":749331,"year":2051,"month":8,"rating":55,"income":0,"delivered":0,"cash":10537258,"loan":17000000,"profit_this_year":6474,"profit_last_year":5834,"hq_x":8,"hq_y":8}
[2026-10-03 09:09:22] dbg: [script:4] [0] [I] HQ_NATURAL_ECONOMY {"date":749332,"year":2051,"month":8,"rating":55,"income":0,"delivered":0,"cash":10537255,"loan":17000000,"profit_this_year":6472,"profit_last_year":5834,"hq_x":8,"hq_y":8}
[2026-10-03 09:09:26] dbg: [script:4] [0] [I] HQ_NATURAL_ECONOMY {"date":749334,"year":2051,"month":8,"rating":55,"income":0,"delivered":0,"cash":10537249,"loan":17000000,"profit_this_year":6466,"profit_last_year":5834,"hq_x":8,"hq_y":8}
[2026-10-03 09:09:29] dbg: [script:4] [0] [I] HQ_NATURAL_ECONOMY {"date":749336,"year":2051,"month":8,"rating":55,"income":0,"delivered":0,"cash":10537243,"loan":17000000,"profit_this_year":6460,"profit_last_year":5834,"hq_x":8,"hq_y":8}
[2026-10-03 09:09:33] dbg: [script:4] [0] [I] HQ_NATURAL_ECONOMY {"date":749338,"year":2051,"month":8,"rating":55,"income":0,"delivered":0,"cash":10537241,"loan":17000000,"profit_this_year":6457,"profit_last_year":5834,"hq_x":8,"hq_y":8}
[2026-10-03 09:09:36] dbg: [script:4] [0] [I] HQ_NATURAL_ECONOMY {"date":749339,"year":2051,"month":8,"rating":55,"income":0,"delivered":0,"cash":10537235,"loan":17000000,"profit_this_year":6451,"profit_last_year":5834,"hq_x":8,"hq_y":8}
[2026-10-03 09:09:39] dbg: [script:4] [0] [I] HQ_NATURAL_ECONOMY {"date":749341,"year":2051,"month":8,"rating":55,"income":0,"delivered":0,"cash":10537229,"loan":17000000,"profit_this_year":6445,"profit_last_year":5834,"hq_x":8,"hq_y":8}
[2026-10-03 09:09:43] dbg: [script:4] [0] [I] HQ_NATURAL_ECONOMY {"date":749343,"year":2051,"month":8,"rating":55,"income":0,"delivered":0,"cash":10537223,"loan":17000000,"profit_this_year":6439,"profit_last_year":5834,"hq_x":8,"hq_y":8}
[2026-10-03 09:09:46] dbg: [script:4] [0] [I] HQ_NATURAL_ECONOMY {"date":749344,"year":2051,"month":8,"rating":55,"income":0,"delivered":0,"cash":10537220,"loan":17000000,"profit_this_year":6437,"profit_last_year":5834,"hq_x":8,"hq_y":8}
[2026-10-03 09:09:50] dbg: [script:4] [0] [I] HQ_NATURAL_ECONOMY {"date":749346,"year":2051,"month":8,"rating":55,"income":0,"delivered":0,"cash":10537214,"loan":17000000,"profit_this_year":6431,"profit_last_year":5834,"hq_x":8,"hq_y":8}
[2026-10-03 09:09:53] dbg: [script:4] [0] [I] HQ_NATURAL_ECONOMY {"date":749348,"year":2051,"month":8,"rating":55,"income":0,"delivered":0,"cash":10537208,"loan":17000000,"profit_this_year":6425,"profit_last_year":5834,"hq_x":8,"hq_y":8}
[2026-10-03 09:09:57] dbg: [script:4] [0] [I] HQ_NATURAL_ECONOMY {"date":749350,"year":2051,"month":8,"rating":55,"income":0,"delivered":0,"cash":10537203,"loan":17000000,"profit_this_year":6419,"profit_last_year":5834,"hq_x":8,"hq_y":8}
[2026-10-03 09:10:00] dbg: [script:4] [0] [I] HQ_NATURAL_ECONOMY {"date":749351,"year":2051,"month":8,"rating":55,"income":0,"delivered":0,"cash":10537200,"loan":17000000,"profit_this_year":6416,"profit_last_year":5834,"hq_x":8,"hq_y":8}
[2026-10-03 09:10:04] dbg: [script:4] [0] [I] HQ_NATURAL_ECONOMY {"date":749353,"year":2051,"month":8,"rating":55,"income":0,"delivered":0,"cash":10537194,"loan":17000000,"profit_this_year":6410,"profit_last_year":5834,"hq_x":8,"hq_y":8}
[2026-10-03 09:10:07] dbg: [script:4] [0] [I] HQ_NATURAL_ECONOMY {"date":749355,"year":2051,"month":8,"rating":55,"income":0,"delivered":0,"cash":10537188,"loan":17000000,"profit_this_year":6404,"profit_last_year":5834,"hq_x":8,"hq_y":8}
[2026-10-03 09:10:11] dbg: [script:4] [0] [I] HQ_NATURAL_ECONOMY {"date":749357,"year":2051,"month":9,"rating":55,"income":0,"delivered":0,"cash":10508826,"loan":17000000,"profit_this_year":6402,"profit_last_year":5834,"hq_x":8,"hq_y":8}
[2026-10-03 09:10:14] dbg: [script:4] [0] [I] HQ_NATURAL_ECONOMY {"date":749358,"year":2051,"month":9,"rating":55,"income":0,"delivered":0,"cash":10515877,"loan":17000000,"profit_this_year":13453,"profit_last_year":5834,"hq_x":8,"hq_y":8}
[2026-10-03 09:10:18] dbg: [script:4] [0] [I] HQ_NATURAL_ECONOMY {"date":749360,"year":2051,"month":9,"rating":55,"income":0,"delivered":0,"cash":10515871,"loan":17000000,"profit_this_year":13447,"profit_last_year":5834,"hq_x":8,"hq_y":8}
[2026-10-03 09:10:21] dbg: [script:4] [0] [I] HQ_NATURAL_ECONOMY {"date":749362,"year":2051,"month":9,"rating":55,"income":0,"delivered":0,"cash":10515866,"loan":17000000,"profit_this_year":13441,"profit_last_year":5834,"hq_x":8,"hq_y":8}
[2026-10-03 09:10:25] dbg: [script:4] [0] [I] HQ_NATURAL_ECONOMY {"date":749363,"year":2051,"month":9,"rating":55,"income":0,"delivered":0,"cash":10515863,"loan":17000000,"profit_this_year":13438,"profit_last_year":5834,"hq_x":8,"hq_y":8}
[2026-10-03 09:10:28] dbg: [script:4] [0] [I] HQ_NATURAL_ECONOMY {"date":749365,"year":2051,"month":9,"rating":55,"income":0,"delivered":0,"cash":10515857,"loan":17000000,"profit_this_year":13432,"profit_last_year":5834,"hq_x":8,"hq_y":8}
[2026-10-03 09:10:32] dbg: [script:4] [0] [I] HQ_NATURAL_ECONOMY {"date":749367,"year":2051,"month":9,"rating":55,"income":0,"delivered":0,"cash":10515851,"loan":17000000,"profit_this_year":13426,"profit_last_year":5834,"hq_x":8,"hq_y":8}
[2026-10-03 09:10:35] dbg: [script:4] [0] [I] HQ_NATURAL_ECONOMY {"date":749369,"year":2051,"month":9,"rating":55,"income":0,"delivered":0,"cash":10515845,"loan":17000000,"profit_this_year":13421,"profit_last_year":5834,"hq_x":8,"hq_y":8}
[2026-10-03 09:10:38] dbg: [script:4] [0] [I] HQ_NATURAL_ECONOMY {"date":749370,"year":2051,"month":9,"rating":55,"income":0,"delivered":0,"cash":10515842,"loan":17000000,"profit_this_year":13418,"profit_last_year":5834,"hq_x":8,"hq_y":8}
[2026-10-03 09:10:42] dbg: [script:4] [0] [I] HQ_NATURAL_ECONOMY {"date":749372,"year":2051,"month":9,"rating":55,"income":0,"delivered":0,"cash":10515836,"loan":17000000,"profit_this_year":13412,"profit_last_year":5834,"hq_x":8,"hq_y":8}
[2026-10-03 09:10:45] dbg: [script:4] [0] [I] HQ_NATURAL_ECONOMY {"date":749374,"year":2051,"month":9,"rating":55,"income":0,"delivered":0,"cash":10515831,"loan":17000000,"profit_this_year":13406,"profit_last_year":5834,"hq_x":8,"hq_y":8}
[2026-10-03 09:10:49] dbg: [script:4] [0] [I] HQ_NATURAL_ECONOMY {"date":749376,"year":2051,"month":9,"rating":55,"income":0,"delivered":0,"cash":10515825,"loan":17000000,"profit_this_year":13400,"profit_last_year":5834,"hq_x":8,"hq_y":8}
[2026-10-03 09:10:52] dbg: [script:4] [0] [I] HQ_NATURAL_ECONOMY {"date":749377,"year":2051,"month":9,"rating":55,"income":0,"delivered":0,"cash":10515822,"loan":17000000,"profit_this_year":13397,"profit_last_year":5834,"hq_x":8,"hq_y":8}
[2026-10-03 09:10:56] dbg: [script:4] [0] [I] HQ_NATURAL_ECONOMY {"date":749379,"year":2051,"month":9,"rating":55,"income":0,"delivered":0,"cash":10515816,"loan":17000000,"profit_this_year":13391,"profit_last_year":5834,"hq_x":8,"hq_y":8}
[2026-10-03 09:10:59] dbg: [script:4] [0] [I] HQ_NATURAL_ECONOMY {"date":749381,"year":2051,"month":9,"rating":55,"income":0,"delivered":0,"cash":10515810,"loan":17000000,"profit_this_year":13386,"profit_last_year":5834,"hq_x":8,"hq_y":8}
[2026-10-03 09:11:03] dbg: [script:4] [0] [I] HQ_NATURAL_ECONOMY {"date":749382,"year":2051,"month":9,"rating":55,"income":0,"delivered":0,"cash":10515807,"loan":17000000,"profit_this_year":13383,"profit_last_year":5834,"hq_x":8,"hq_y":8}
[2026-10-03 09:11:06] dbg: [script:4] [0] [I] HQ_NATURAL_ECONOMY {"date":749384,"year":2051,"month":9,"rating":55,"income":0,"delivered":0,"cash":10515801,"loan":17000000,"profit_this_year":13377,"profit_last_year":5834,"hq_x":8,"hq_y":8}
[2026-10-03 09:11:10] dbg: [script:4] [0] [I] HQ_NATURAL_ECONOMY {"date":749386,"year":2051,"month":10,"rating":62,"income":7057,"delivered":240,"cash":10487438,"loan":17000000,"profit_this_year":13371,"profit_last_year":5834,"hq_x":8,"hq_y":8}
[2026-10-03 09:11:13] dbg: [script:4] [0] [I] HQ_NATURAL_ECONOMY {"date":749388,"year":2051,"month":10,"rating":62,"income":7057,"delivered":240,"cash":10487432,"loan":17000000,"profit_this_year":13365,"profit_last_year":5834,"hq_x":8,"hq_y":8}
[2026-10-03 09:11:16] dbg: [script:4] [0] [I] HQ_NATURAL_ECONOMY {"date":749389,"year":2051,"month":10,"rating":62,"income":7057,"delivered":240,"cash":10487429,"loan":17000000,"profit_this_year":13362,"profit_last_year":5834,"hq_x":8,"hq_y":8}
[2026-10-03 09:11:20] dbg: [script:4] [0] [I] HQ_NATURAL_ECONOMY {"date":749391,"year":2051,"month":10,"rating":62,"income":7057,"delivered":240,"cash":10487423,"loan":17000000,"profit_this_year":13356,"profit_last_year":5834,"hq_x":8,"hq_y":8}
[2026-10-03 09:11:23] dbg: [script:4] [0] [I] HQ_NATURAL_ECONOMY {"date":749393,"year":2051,"month":10,"rating":62,"income":7057,"delivered":240,"cash":10487417,"loan":17000000,"profit_this_year":13351,"profit_last_year":5834,"hq_x":8,"hq_y":8}
[2026-10-03 09:11:27] dbg: [script:4] [0] [I] HQ_NATURAL_ECONOMY {"date":749395,"year":2051,"month":10,"rating":62,"income":7057,"delivered":240,"cash":10487411,"loan":17000000,"profit_this_year":13345,"profit_last_year":5834,"hq_x":8,"hq_y":8}
[2026-10-03 09:11:30] dbg: [script:4] [0] [I] HQ_NATURAL_ECONOMY {"date":749396,"year":2051,"month":10,"rating":62,"income":7057,"delivered":240,"cash":10487408,"loan":17000000,"profit_this_year":13342,"profit_last_year":5834,"hq_x":8,"hq_y":8}
[2026-10-03 09:11:34] dbg: [script:4] [0] [I] HQ_NATURAL_ECONOMY {"date":749398,"year":2051,"month":10,"rating":62,"income":7057,"delivered":240,"cash":10487403,"loan":17000000,"profit_this_year":13336,"profit_last_year":5834,"hq_x":8,"hq_y":8}
[2026-10-03 09:11:37] dbg: [script:4] [0] [I] HQ_NATURAL_ECONOMY {"date":749400,"year":2051,"month":10,"rating":62,"income":7057,"delivered":240,"cash":10487397,"loan":17000000,"profit_this_year":13330,"profit_last_year":5834,"hq_x":8,"hq_y":8}
[2026-10-03 09:11:41] dbg: [script:4] [0] [I] HQ_NATURAL_ECONOMY {"date":749402,"year":2051,"month":10,"rating":62,"income":7057,"delivered":240,"cash":10487394,"loan":17000000,"profit_this_year":13327,"profit_last_year":5834,"hq_x":8,"hq_y":8}
[2026-10-03 09:11:44] dbg: [script:4] [0] [I] HQ_NATURAL_ECONOMY {"date":749403,"year":2051,"month":10,"rating":62,"income":7057,"delivered":240,"cash":10487388,"loan":17000000,"profit_this_year":13321,"profit_last_year":5834,"hq_x":8,"hq_y":8}
[2026-10-03 09:11:48] dbg: [script:4] [0] [I] HQ_NATURAL_ECONOMY {"date":749405,"year":2051,"month":10,"rating":62,"income":7057,"delivered":240,"cash":10487382,"loan":17000000,"profit_this_year":13316,"profit_last_year":5834,"hq_x":8,"hq_y":8}
[2026-10-03 09:11:51] dbg: [script:4] [0] [I] HQ_NATURAL_ECONOMY {"date":749407,"year":2051,"month":10,"rating":62,"income":7057,"delivered":240,"cash":10487376,"loan":17000000,"profit_this_year":13310,"profit_last_year":5834,"hq_x":8,"hq_y":8}
[2026-10-03 09:11:54] dbg: [script:4] [0] [I] HQ_NATURAL_ECONOMY {"date":749408,"year":2051,"month":10,"rating":62,"income":7057,"delivered":240,"cash":10487373,"loan":17000000,"profit_this_year":13307,"profit_last_year":5834,"hq_x":8,"hq_y":8}
[2026-10-03 09:11:58] dbg: [script:4] [0] [I] HQ_NATURAL_ECONOMY {"date":749410,"year":2051,"month":10,"rating":62,"income":7057,"delivered":240,"cash":10487367,"loan":17000000,"profit_this_year":13301,"profit_last_year":5834,"hq_x":8,"hq_y":8}
[2026-10-03 09:12:01] dbg: [script:4] [0] [I] HQ_NATURAL_ECONOMY {"date":749412,"year":2051,"month":10,"rating":62,"income":7057,"delivered":240,"cash":10487362,"loan":17000000,"profit_this_year":13295,"profit_last_year":5834,"hq_x":8,"hq_y":8}
[2026-10-03 09:12:05] dbg: [script:4] [0] [I] HQ_NATURAL_ECONOMY {"date":749414,"year":2051,"month":10,"rating":62,"income":7057,"delivered":240,"cash":10487356,"loan":17000000,"profit_this_year":13289,"profit_last_year":5834,"hq_x":8,"hq_y":8}
[2026-10-03 09:12:08] dbg: [script:4] [0] [I] HQ_NATURAL_ECONOMY {"date":749415,"year":2051,"month":10,"rating":62,"income":7057,"delivered":240,"cash":10487353,"loan":17000000,"profit_this_year":13286,"profit_last_year":5834,"hq_x":8,"hq_y":8}
[2026-10-03 09:12:12] dbg: [script:4] [0] [I] HQ_NATURAL_ECONOMY {"date":749417,"year":2051,"month":11,"rating":62,"income":7057,"delivered":240,"cash":10458989,"loan":17000000,"profit_this_year":13281,"profit_last_year":5834,"hq_x":8,"hq_y":8}
[2026-10-03 09:12:15] dbg: [script:4] [0] [I] HQ_NATURAL_ECONOMY {"date":749419,"year":2051,"month":11,"rating":62,"income":7057,"delivered":240,"cash":10458983,"loan":17000000,"profit_this_year":13275,"profit_last_year":5834,"hq_x":8,"hq_y":8}
[2026-10-03 09:12:19] dbg: [script:4] [0] [I] HQ_NATURAL_ECONOMY {"date":749421,"year":2051,"month":11,"rating":62,"income":7057,"delivered":240,"cash":10458980,"loan":17000000,"profit_this_year":13272,"profit_last_year":5834,"hq_x":8,"hq_y":8}
[2026-10-03 09:12:22] dbg: [script:4] [0] [I] HQ_NATURAL_ECONOMY {"date":749422,"year":2051,"month":11,"rating":62,"income":7057,"delivered":240,"cash":10458974,"loan":17000000,"profit_this_year":13266,"profit_last_year":5834,"hq_x":8,"hq_y":8}
[2026-10-03 09:12:26] dbg: [script:4] [0] [I] HQ_NATURAL_ECONOMY {"date":749424,"year":2051,"month":11,"rating":62,"income":7057,"delivered":240,"cash":10458969,"loan":17000000,"profit_this_year":13260,"profit_last_year":5834,"hq_x":8,"hq_y":8}
[2026-10-03 09:12:29] dbg: [script:4] [0] [I] HQ_NATURAL_ECONOMY {"date":749426,"year":2051,"month":11,"rating":62,"income":7057,"delivered":240,"cash":10458963,"loan":17000000,"profit_this_year":13254,"profit_last_year":5834,"hq_x":8,"hq_y":8}
[2026-10-03 09:12:32] dbg: [script:4] [0] [I] HQ_NATURAL_ECONOMY {"date":749427,"year":2051,"month":11,"rating":62,"income":7057,"delivered":240,"cash":10458960,"loan":17000000,"profit_this_year":13251,"profit_last_year":5834,"hq_x":8,"hq_y":8}
[2026-10-03 09:12:36] dbg: [script:4] [0] [I] HQ_NATURAL_ECONOMY {"date":749429,"year":2051,"month":11,"rating":62,"income":7057,"delivered":240,"cash":10458954,"loan":17000000,"profit_this_year":13246,"profit_last_year":5834,"hq_x":8,"hq_y":8}
[2026-10-03 09:12:39] dbg: [script:4] [0] [I] HQ_NATURAL_ECONOMY {"date":749431,"year":2051,"month":11,"rating":62,"income":7057,"delivered":240,"cash":10458948,"loan":17000000,"profit_this_year":13240,"profit_last_year":5834,"hq_x":8,"hq_y":8}
[2026-10-03 09:12:43] dbg: [script:4] [0] [I] HQ_NATURAL_ECONOMY {"date":749433,"year":2051,"month":11,"rating":62,"income":7057,"delivered":240,"cash":10458942,"loan":17000000,"profit_this_year":13234,"profit_last_year":5834,"hq_x":8,"hq_y":8}
[2026-10-03 09:12:46] dbg: [script:4] [0] [I] HQ_NATURAL_ECONOMY {"date":749434,"year":2051,"month":11,"rating":62,"income":7057,"delivered":240,"cash":10458939,"loan":17000000,"profit_this_year":13231,"profit_last_year":5834,"hq_x":8,"hq_y":8}
[2026-10-03 09:12:50] dbg: [script:4] [0] [I] HQ_NATURAL_ECONOMY {"date":749436,"year":2051,"month":11,"rating":62,"income":7057,"delivered":240,"cash":10458934,"loan":17000000,"profit_this_year":13225,"profit_last_year":5834,"hq_x":8,"hq_y":8}
[2026-10-03 09:12:53] dbg: [script:4] [0] [I] HQ_NATURAL_ECONOMY {"date":749438,"year":2051,"month":11,"rating":62,"income":7057,"delivered":240,"cash":10458928,"loan":17000000,"profit_this_year":13219,"profit_last_year":5834,"hq_x":8,"hq_y":8}
[2026-10-03 09:12:57] dbg: [script:4] [0] [I] HQ_NATURAL_ECONOMY {"date":749440,"year":2051,"month":11,"rating":62,"income":7057,"delivered":240,"cash":10458922,"loan":17000000,"profit_this_year":13213,"profit_last_year":5834,"hq_x":8,"hq_y":8}
[2026-10-03 09:13:00] dbg: [script:4] [0] [I] HQ_NATURAL_ECONOMY {"date":749441,"year":2051,"month":11,"rating":62,"income":7057,"delivered":240,"cash":10458919,"loan":17000000,"profit_this_year":13210,"profit_last_year":5834,"hq_x":8,"hq_y":8}
[2026-10-03 09:13:04] dbg: [script:4] [0] [I] HQ_NATURAL_ECONOMY {"date":749443,"year":2051,"month":11,"rating":62,"income":7057,"delivered":240,"cash":10458913,"loan":17000000,"profit_this_year":13205,"profit_last_year":5834,"hq_x":8,"hq_y":8}
[2026-10-03 09:13:07] dbg: [script:4] [0] [I] HQ_NATURAL_ECONOMY {"date":749445,"year":2051,"month":11,"rating":62,"income":7057,"delivered":240,"cash":10458907,"loan":17000000,"profit_this_year":13199,"profit_last_year":5834,"hq_x":8,"hq_y":8}
[2026-10-03 09:13:11] dbg: [script:4] [0] [I] HQ_NATURAL_ECONOMY {"date":749446,"year":2051,"month":11,"rating":62,"income":7057,"delivered":240,"cash":10458904,"loan":17000000,"profit_this_year":13196,"profit_last_year":5834,"hq_x":8,"hq_y":8}
[2026-10-03 09:13:14] dbg: [script:4] [0] [I] HQ_NATURAL_ECONOMY {"date":749448,"year":2051,"month":12,"rating":62,"income":7057,"delivered":240,"cash":10430540,"loan":17000000,"profit_this_year":13190,"profit_last_year":5834,"hq_x":8,"hq_y":8}
[2026-10-03 09:13:17] dbg: [script:4] [0] [I] HQ_NATURAL_ECONOMY {"date":749450,"year":2051,"month":12,"rating":62,"income":7057,"delivered":240,"cash":10430534,"loan":17000000,"profit_this_year":13184,"profit_last_year":5834,"hq_x":8,"hq_y":8}
[2026-10-03 09:13:21] dbg: [script:4] [0] [I] HQ_NATURAL_ECONOMY {"date":749452,"year":2051,"month":12,"rating":62,"income":7057,"delivered":240,"cash":10430528,"loan":17000000,"profit_this_year":13178,"profit_last_year":5834,"hq_x":8,"hq_y":8}
[2026-10-03 09:13:24] dbg: [script:4] [0] [I] HQ_NATURAL_ECONOMY {"date":749453,"year":2051,"month":12,"rating":62,"income":7057,"delivered":240,"cash":10430525,"loan":17000000,"profit_this_year":13175,"profit_last_year":5834,"hq_x":8,"hq_y":8}
[2026-10-03 09:13:28] dbg: [script:4] [0] [I] HQ_NATURAL_ECONOMY {"date":749455,"year":2051,"month":12,"rating":62,"income":7057,"delivered":240,"cash":10430519,"loan":17000000,"profit_this_year":13170,"profit_last_year":5834,"hq_x":8,"hq_y":8}
[2026-10-03 09:13:31] dbg: [script:4] [0] [I] HQ_NATURAL_ECONOMY {"date":749457,"year":2051,"month":12,"rating":62,"income":7057,"delivered":240,"cash":10430513,"loan":17000000,"profit_this_year":13164,"profit_last_year":5834,"hq_x":8,"hq_y":8}
[2026-10-03 09:13:35] dbg: [script:4] [0] [I] HQ_NATURAL_ECONOMY {"date":749459,"year":2051,"month":12,"rating":62,"income":7057,"delivered":240,"cash":10430508,"loan":17000000,"profit_this_year":13158,"profit_last_year":5834,"hq_x":8,"hq_y":8}
[2026-10-03 09:13:38] dbg: [script:4] [0] [I] HQ_NATURAL_ECONOMY {"date":749460,"year":2051,"month":12,"rating":62,"income":7057,"delivered":240,"cash":10430505,"loan":17000000,"profit_this_year":13155,"profit_last_year":5834,"hq_x":8,"hq_y":8}
[2026-10-03 09:13:42] dbg: [script:4] [0] [I] HQ_NATURAL_ECONOMY {"date":749462,"year":2051,"month":12,"rating":62,"income":7057,"delivered":240,"cash":10430499,"loan":17000000,"profit_this_year":13149,"profit_last_year":5834,"hq_x":8,"hq_y":8}
[2026-10-03 09:13:45] dbg: [script:4] [0] [I] HQ_NATURAL_ECONOMY {"date":749464,"year":2051,"month":12,"rating":62,"income":7057,"delivered":240,"cash":10430493,"loan":17000000,"profit_this_year":13143,"profit_last_year":5834,"hq_x":8,"hq_y":8}
[2026-10-03 09:13:49] dbg: [script:4] [0] [I] HQ_NATURAL_ECONOMY {"date":749466,"year":2051,"month":12,"rating":62,"income":7057,"delivered":240,"cash":10430490,"loan":17000000,"profit_this_year":13140,"profit_last_year":5834,"hq_x":8,"hq_y":8}
[2026-10-03 09:13:52] dbg: [script:4] [0] [I] HQ_NATURAL_ECONOMY {"date":749467,"year":2051,"month":12,"rating":62,"income":7057,"delivered":240,"cash":10430484,"loan":17000000,"profit_this_year":13135,"profit_last_year":5834,"hq_x":8,"hq_y":8}
[2026-10-03 09:13:55] dbg: [script:4] [0] [I] HQ_NATURAL_ECONOMY {"date":749469,"year":2051,"month":12,"rating":62,"income":7057,"delivered":240,"cash":10430478,"loan":17000000,"profit_this_year":13129,"profit_last_year":5834,"hq_x":8,"hq_y":8}
[2026-10-03 09:13:59] dbg: [script:4] [0] [I] HQ_NATURAL_ECONOMY {"date":749471,"year":2051,"month":12,"rating":62,"income":7057,"delivered":240,"cash":10430472,"loan":17000000,"profit_this_year":13123,"profit_last_year":5834,"hq_x":8,"hq_y":8}
[2026-10-03 09:14:02] dbg: [script:4] [0] [I] HQ_NATURAL_ECONOMY {"date":749472,"year":2051,"month":12,"rating":62,"income":7057,"delivered":240,"cash":10430470,"loan":17000000,"profit_this_year":13120,"profit_last_year":5834,"hq_x":8,"hq_y":8}
[2026-10-03 09:14:06] dbg: [script:4] [0] [I] HQ_NATURAL_ECONOMY {"date":749474,"year":2051,"month":12,"rating":62,"income":7057,"delivered":240,"cash":10430464,"loan":17000000,"profit_this_year":13114,"profit_last_year":5834,"hq_x":8,"hq_y":8}
[2026-10-03 09:14:09] dbg: [script:4] [0] [I] HQ_NATURAL_ECONOMY {"date":749476,"year":2051,"month":12,"rating":62,"income":7057,"delivered":240,"cash":10430458,"loan":17000000,"profit_this_year":13108,"profit_last_year":5834,"hq_x":8,"hq_y":8}
[2026-10-03 09:14:13] dbg: [script:4] [0] [I] HQ_NATURAL_ECONOMY {"date":749478,"year":2052,"month":1,"rating":55,"income":0,"delivered":0,"cash":10402094,"loan":17000000,"profit_this_year":-3,"profit_last_year":13105,"hq_x":8,"hq_y":8}
[2026-10-03 09:14:16] dbg: [script:4] [0] [I] HQ_NATURAL_ECONOMY {"date":749479,"year":2052,"month":1,"rating":55,"income":0,"delivered":0,"cash":10402091,"loan":17000000,"profit_this_year":-6,"profit_last_year":13105,"hq_x":8,"hq_y":8}
[2026-10-03 09:14:20] dbg: [script:4] [0] [I] HQ_NATURAL_ECONOMY {"date":749481,"year":2052,"month":1,"rating":55,"income":0,"delivered":0,"cash":10402085,"loan":17000000,"profit_this_year":-12,"profit_last_year":13105,"hq_x":8,"hq_y":8}
[2026-10-03 09:14:23] dbg: [script:4] [0] [I] HQ_NATURAL_ECONOMY {"date":749483,"year":2052,"month":1,"rating":55,"income":0,"delivered":0,"cash":10402079,"loan":17000000,"profit_this_year":-18,"profit_last_year":13105,"hq_x":8,"hq_y":8}
[2026-10-03 09:14:27] dbg: [script:4] [0] [I] HQ_NATURAL_ECONOMY {"date":749485,"year":2052,"month":1,"rating":55,"income":0,"delivered":0,"cash":10402077,"loan":17000000,"profit_this_year":-21,"profit_last_year":13105,"hq_x":8,"hq_y":8}
[2026-10-03 09:14:30] dbg: [script:4] [0] [I] HQ_NATURAL_ECONOMY {"date":749486,"year":2052,"month":1,"rating":55,"income":0,"delivered":0,"cash":10402071,"loan":17000000,"profit_this_year":-27,"profit_last_year":13105,"hq_x":8,"hq_y":8}
[2026-10-03 09:14:33] dbg: [script:4] [0] [I] HQ_NATURAL_ECONOMY {"date":749488,"year":2052,"month":1,"rating":55,"income":0,"delivered":0,"cash":10402065,"loan":17000000,"profit_this_year":-33,"profit_last_year":13105,"hq_x":8,"hq_y":8}
[2026-10-03 09:14:37] dbg: [script:4] [0] [I] HQ_NATURAL_ECONOMY {"date":749490,"year":2052,"month":1,"rating":55,"income":0,"delivered":0,"cash":10402059,"loan":17000000,"profit_this_year":-38,"profit_last_year":13105,"hq_x":8,"hq_y":8}
[2026-10-03 09:14:40] dbg: [script:4] [0] [I] HQ_NATURAL_ECONOMY {"date":749491,"year":2052,"month":1,"rating":55,"income":0,"delivered":0,"cash":10402056,"loan":17000000,"profit_this_year":-41,"profit_last_year":13105,"hq_x":8,"hq_y":8}
[2026-10-03 09:14:44] dbg: [script:4] [0] [I] HQ_NATURAL_ECONOMY {"date":749493,"year":2052,"month":1,"rating":55,"income":0,"delivered":0,"cash":10402050,"loan":17000000,"profit_this_year":-47,"profit_last_year":13105,"hq_x":8,"hq_y":8}
[2026-10-03 09:14:47] dbg: [script:4] [0] [I] HQ_NATURAL_ECONOMY {"date":749495,"year":2052,"month":1,"rating":55,"income":0,"delivered":0,"cash":10402044,"loan":17000000,"profit_this_year":-53,"profit_last_year":13105,"hq_x":8,"hq_y":8}
[2026-10-03 09:14:51] dbg: [script:4] [0] [I] HQ_NATURAL_ECONOMY {"date":749497,"year":2052,"month":1,"rating":55,"income":0,"delivered":0,"cash":10402039,"loan":17000000,"profit_this_year":-59,"profit_last_year":13105,"hq_x":8,"hq_y":8}
[2026-10-03 09:14:54] dbg: [script:4] [0] [I] HQ_NATURAL_ECONOMY {"date":749498,"year":2052,"month":1,"rating":55,"income":0,"delivered":0,"cash":10402036,"loan":17000000,"profit_this_year":-62,"profit_last_year":13105,"hq_x":8,"hq_y":8}
[2026-10-03 09:14:58] dbg: [script:4] [0] [I] HQ_NATURAL_ECONOMY {"date":749500,"year":2052,"month":1,"rating":55,"income":0,"delivered":0,"cash":10402030,"loan":17000000,"profit_this_year":-68,"profit_last_year":13105,"hq_x":8,"hq_y":8}
[2026-10-03 09:15:01] dbg: [script:4] [0] [I] HQ_NATURAL_ECONOMY {"date":749502,"year":2052,"month":1,"rating":55,"income":0,"delivered":0,"cash":10402024,"loan":17000000,"profit_this_year":-73,"profit_last_year":13105,"hq_x":8,"hq_y":8}
[2026-10-03 09:15:05] dbg: [script:4] [0] [I] HQ_NATURAL_ECONOMY {"date":749504,"year":2052,"month":1,"rating":55,"income":0,"delivered":0,"cash":10402018,"loan":17000000,"profit_this_year":-79,"profit_last_year":13105,"hq_x":8,"hq_y":8}
[2026-10-03 09:15:08] dbg: [script:4] [0] [I] HQ_NATURAL_ECONOMY {"date":749505,"year":2052,"month":1,"rating":55,"income":0,"delivered":0,"cash":10402015,"loan":17000000,"profit_this_year":-82,"profit_last_year":13105,"hq_x":8,"hq_y":8}
[2026-10-03 09:15:11] dbg: [script:4] [0] [I] HQ_NATURAL_ECONOMY {"date":749507,"year":2052,"month":1,"rating":55,"income":0,"delivered":0,"cash":10402009,"loan":17000000,"profit_this_year":-88,"profit_last_year":13105,"hq_x":8,"hq_y":8}
[2026-10-03 09:15:15] dbg: [script:4] [0] [I] HQ_NATURAL_ECONOMY {"date":749509,"year":2052,"month":2,"rating":55,"income":0,"delivered":0,"cash":10373646,"loan":17000000,"profit_this_year":-94,"profit_last_year":13105,"hq_x":8,"hq_y":8}
[2026-10-03 09:15:18] dbg: [script:4] [0] [I] HQ_NATURAL_ECONOMY {"date":749510,"year":2052,"month":2,"rating":55,"income":0,"delivered":0,"cash":10373643,"loan":17000000,"profit_this_year":-97,"profit_last_year":13105,"hq_x":8,"hq_y":8}
[2026-10-03 09:15:22] dbg: [script:4] [0] [I] HQ_NATURAL_ECONOMY {"date":749512,"year":2052,"month":2,"rating":55,"income":0,"delivered":0,"cash":10373637,"loan":17000000,"profit_this_year":-103,"profit_last_year":13105,"hq_x":8,"hq_y":8}
[2026-10-03 09:15:25] dbg: [script:4] [0] [I] HQ_NATURAL_ECONOMY {"date":749514,"year":2052,"month":2,"rating":55,"income":0,"delivered":0,"cash":10373631,"loan":17000000,"profit_this_year":-108,"profit_last_year":13105,"hq_x":8,"hq_y":8}
[2026-10-03 09:15:29] dbg: [script:4] [0] [I] HQ_NATURAL_ECONOMY {"date":749516,"year":2052,"month":2,"rating":55,"income":0,"delivered":0,"cash":10373625,"loan":17000000,"profit_this_year":-114,"profit_last_year":13105,"hq_x":8,"hq_y":8}
[2026-10-03 09:15:32] dbg: [script:4] [0] [I] HQ_NATURAL_ECONOMY {"date":749517,"year":2052,"month":2,"rating":55,"income":0,"delivered":0,"cash":10373622,"loan":17000000,"profit_this_year":-117,"profit_last_year":13105,"hq_x":8,"hq_y":8}
[2026-10-03 09:15:36] dbg: [script:4] [0] [I] HQ_NATURAL_ECONOMY {"date":749519,"year":2052,"month":2,"rating":55,"income":0,"delivered":0,"cash":10373616,"loan":17000000,"profit_this_year":-123,"profit_last_year":13105,"hq_x":8,"hq_y":8}
[2026-10-03 09:15:39] dbg: [script:4] [0] [I] HQ_NATURAL_ECONOMY {"date":749521,"year":2052,"month":2,"rating":55,"income":0,"delivered":0,"cash":10373611,"loan":17000000,"profit_this_year":-129,"profit_last_year":13105,"hq_x":8,"hq_y":8}
[2026-10-03 09:15:43] dbg: [script:4] [0] [I] HQ_NATURAL_ECONOMY {"date":749523,"year":2052,"month":2,"rating":55,"income":0,"delivered":0,"cash":10373605,"loan":17000000,"profit_this_year":-135,"profit_last_year":13105,"hq_x":8,"hq_y":8}
[2026-10-03 09:15:46] dbg: [script:4] [0] [I] HQ_NATURAL_ECONOMY {"date":749524,"year":2052,"month":2,"rating":55,"income":0,"delivered":0,"cash":10373602,"loan":17000000,"profit_this_year":-138,"profit_last_year":13105,"hq_x":8,"hq_y":8}
[2026-10-03 09:15:49] dbg: [script:4] [0] [I] HQ_NATURAL_ECONOMY {"date":749526,"year":2052,"month":2,"rating":55,"income":0,"delivered":0,"cash":10373596,"loan":17000000,"profit_this_year":-143,"profit_last_year":13105,"hq_x":8,"hq_y":8}
[2026-10-03 09:15:53] dbg: [script:4] [0] [I] HQ_NATURAL_ECONOMY {"date":749528,"year":2052,"month":2,"rating":55,"income":0,"delivered":0,"cash":10373590,"loan":17000000,"profit_this_year":-149,"profit_last_year":13105,"hq_x":8,"hq_y":8}
[2026-10-03 09:15:56] dbg: [script:4] [0] [I] HQ_NATURAL_ECONOMY {"date":749530,"year":2052,"month":2,"rating":55,"income":0,"delivered":0,"cash":10373587,"loan":17000000,"profit_this_year":-152,"profit_last_year":13105,"hq_x":8,"hq_y":8}
[2026-10-03 09:16:00] dbg: [script:4] [0] [I] HQ_NATURAL_ECONOMY {"date":749531,"year":2052,"month":2,"rating":55,"income":0,"delivered":0,"cash":10373581,"loan":17000000,"profit_this_year":-158,"profit_last_year":13105,"hq_x":8,"hq_y":8}
[2026-10-03 09:16:03] dbg: [script:4] [0] [I] HQ_NATURAL_ECONOMY {"date":749533,"year":2052,"month":2,"rating":55,"income":0,"delivered":0,"cash":10373576,"loan":17000000,"profit_this_year":-164,"profit_last_year":13105,"hq_x":8,"hq_y":8}
[2026-10-03 09:16:07] dbg: [script:4] [0] [I] HQ_NATURAL_ECONOMY {"date":749535,"year":2052,"month":2,"rating":55,"income":0,"delivered":0,"cash":10373570,"loan":17000000,"profit_this_year":-170,"profit_last_year":13105,"hq_x":8,"hq_y":8}
[2026-10-03 09:16:10] dbg: [script:4] [0] [I] HQ_NATURAL_ECONOMY {"date":749536,"year":2052,"month":2,"rating":55,"income":0,"delivered":0,"cash":10373567,"loan":17000000,"profit_this_year":-173,"profit_last_year":13105,"hq_x":8,"hq_y":8}
[2026-10-03 09:16:14] dbg: [script:4] [0] [I] HQ_NATURAL_ECONOMY {"date":749538,"year":2052,"month":3,"rating":55,"income":0,"delivered":0,"cash":10345202,"loan":17000000,"profit_this_year":-178,"profit_last_year":13105,"hq_x":8,"hq_y":8}
[2026-10-03 09:16:17] dbg: [script:4] [0] [I] HQ_NATURAL_ECONOMY {"date":749540,"year":2052,"month":3,"rating":55,"income":0,"delivered":0,"cash":10345196,"loan":17000000,"profit_this_year":-184,"profit_last_year":13105,"hq_x":8,"hq_y":8}
[2026-10-03 09:16:21] dbg: [script:4] [0] [I] HQ_NATURAL_ECONOMY {"date":749542,"year":2052,"month":3,"rating":55,"income":0,"delivered":0,"cash":10345190,"loan":17000000,"profit_this_year":-190,"profit_last_year":13105,"hq_x":8,"hq_y":8}
[2026-10-03 09:16:24] dbg: [script:4] [0] [I] HQ_NATURAL_ECONOMY {"date":749543,"year":2052,"month":3,"rating":55,"income":0,"delivered":0,"cash":10345187,"loan":17000000,"profit_this_year":-193,"profit_last_year":13105,"hq_x":8,"hq_y":8}
[2026-10-03 09:16:27] dbg: [script:4] [0] [I] HQ_NATURAL_ECONOMY {"date":749545,"year":2052,"month":3,"rating":55,"income":0,"delivered":0,"cash":10352192,"loan":17000000,"profit_this_year":6811,"profit_last_year":13105,"hq_x":8,"hq_y":8}
[2026-10-03 09:16:31] dbg: [script:4] [0] [I] HQ_NATURAL_ECONOMY {"date":749547,"year":2052,"month":3,"rating":55,"income":0,"delivered":0,"cash":10352186,"loan":17000000,"profit_this_year":6805,"profit_last_year":13105,"hq_x":8,"hq_y":8}
[2026-10-03 09:16:34] dbg: [script:4] [0] [I] HQ_NATURAL_ECONOMY {"date":749549,"year":2052,"month":3,"rating":55,"income":0,"delivered":0,"cash":10352183,"loan":17000000,"profit_this_year":6802,"profit_last_year":13105,"hq_x":8,"hq_y":8}
[2026-10-03 09:16:38] dbg: [script:4] [0] [I] HQ_NATURAL_ECONOMY {"date":749550,"year":2052,"month":3,"rating":55,"income":0,"delivered":0,"cash":10352177,"loan":17000000,"profit_this_year":6796,"profit_last_year":13105,"hq_x":8,"hq_y":8}
[2026-10-03 09:16:41] dbg: [script:4] [0] [I] HQ_NATURAL_ECONOMY {"date":749552,"year":2052,"month":3,"rating":55,"income":0,"delivered":0,"cash":10352171,"loan":17000000,"profit_this_year":6791,"profit_last_year":13105,"hq_x":8,"hq_y":8}
[2026-10-03 09:16:45] dbg: [script:4] [0] [I] HQ_NATURAL_ECONOMY {"date":749554,"year":2052,"month":3,"rating":55,"income":0,"delivered":0,"cash":10352165,"loan":17000000,"profit_this_year":6785,"profit_last_year":13105,"hq_x":8,"hq_y":8}
[2026-10-03 09:16:48] dbg: [script:4] [0] [I] HQ_NATURAL_ECONOMY {"date":749555,"year":2052,"month":3,"rating":55,"income":0,"delivered":0,"cash":10352162,"loan":17000000,"profit_this_year":6782,"profit_last_year":13105,"hq_x":8,"hq_y":8}
[2026-10-03 09:16:52] dbg: [script:4] [0] [I] HQ_NATURAL_ECONOMY {"date":749557,"year":2052,"month":3,"rating":55,"income":0,"delivered":0,"cash":10352157,"loan":17000000,"profit_this_year":6776,"profit_last_year":13105,"hq_x":8,"hq_y":8}
[2026-10-03 09:16:55] dbg: [script:4] [0] [I] HQ_NATURAL_ECONOMY {"date":749559,"year":2052,"month":3,"rating":55,"income":0,"delivered":0,"cash":10352151,"loan":17000000,"profit_this_year":6770,"profit_last_year":13105,"hq_x":8,"hq_y":8}
[2026-10-03 09:16:59] dbg: [script:4] [0] [I] HQ_NATURAL_ECONOMY {"date":749561,"year":2052,"month":3,"rating":55,"income":0,"delivered":0,"cash":10352145,"loan":17000000,"profit_this_year":6764,"profit_last_year":13105,"hq_x":8,"hq_y":8}
[2026-10-03 09:17:02] dbg: [script:4] [0] [I] HQ_NATURAL_ECONOMY {"date":749562,"year":2052,"month":3,"rating":55,"income":0,"delivered":0,"cash":10352142,"loan":17000000,"profit_this_year":6761,"profit_last_year":13105,"hq_x":8,"hq_y":8}
[2026-10-03 09:17:06] dbg: [script:4] [0] [I] HQ_NATURAL_ECONOMY {"date":749564,"year":2052,"month":3,"rating":55,"income":0,"delivered":0,"cash":10352136,"loan":17000000,"profit_this_year":6756,"profit_last_year":13105,"hq_x":8,"hq_y":8}
[2026-10-03 09:17:09] dbg: [script:4] [0] [I] HQ_NATURAL_ECONOMY {"date":749566,"year":2052,"month":3,"rating":55,"income":0,"delivered":0,"cash":10352130,"loan":17000000,"profit_this_year":6750,"profit_last_year":13105,"hq_x":8,"hq_y":8}
[2026-10-03 09:17:12] dbg: [script:4] [0] [I] HQ_NATURAL_ECONOMY {"date":749568,"year":2052,"month":3,"rating":55,"income":0,"delivered":0,"cash":10352124,"loan":17000000,"profit_this_year":6744,"profit_last_year":13105,"hq_x":8,"hq_y":8}
[2026-10-03 09:17:16] dbg: [script:4] [0] [I] HQ_NATURAL_ECONOMY {"date":749569,"year":2052,"month":4,"rating":162,"income":7010,"delivered":240,"cash":10323764,"loan":17000000,"profit_this_year":6741,"profit_last_year":13105,"hq_x":8,"hq_y":8}
[2026-10-03 09:17:19] dbg: [script:4] [0] [I] HQ_NATURAL_ECONOMY {"date":749571,"year":2052,"month":4,"rating":162,"income":7010,"delivered":240,"cash":10323758,"loan":17000000,"profit_this_year":6735,"profit_last_year":13105,"hq_x":8,"hq_y":8}
[2026-10-03 09:17:23] dbg: [script:4] [0] [I] HQ_NATURAL_ECONOMY {"date":749573,"year":2052,"month":4,"rating":162,"income":7010,"delivered":240,"cash":10323752,"loan":17000000,"profit_this_year":6729,"profit_last_year":13105,"hq_x":8,"hq_y":8}
[2026-10-03 09:17:26] dbg: [script:4] [0] [I] HQ_NATURAL_ECONOMY {"date":749574,"year":2052,"month":4,"rating":162,"income":7010,"delivered":240,"cash":10323749,"loan":17000000,"profit_this_year":6726,"profit_last_year":13105,"hq_x":8,"hq_y":8}
[2026-10-03 09:17:30] dbg: [script:4] [0] [I] HQ_NATURAL_ECONOMY {"date":749576,"year":2052,"month":4,"rating":162,"income":7010,"delivered":240,"cash":10323743,"loan":17000000,"profit_this_year":6721,"profit_last_year":13105,"hq_x":8,"hq_y":8}
[2026-10-03 09:17:33] dbg: [script:4] [0] [I] HQ_NATURAL_ECONOMY {"date":749578,"year":2052,"month":4,"rating":162,"income":7010,"delivered":240,"cash":10323737,"loan":17000000,"profit_this_year":6715,"profit_last_year":13105,"hq_x":8,"hq_y":8}
[2026-10-03 09:17:37] dbg: [script:4] [0] [I] HQ_NATURAL_ECONOMY {"date":749580,"year":2052,"month":4,"rating":162,"income":7010,"delivered":240,"cash":10323731,"loan":17000000,"profit_this_year":6709,"profit_last_year":13105,"hq_x":8,"hq_y":8}
[2026-10-03 09:17:40] dbg: [script:4] [0] [I] HQ_NATURAL_ECONOMY {"date":749581,"year":2052,"month":4,"rating":162,"income":7010,"delivered":240,"cash":10323729,"loan":17000000,"profit_this_year":6706,"profit_last_year":13105,"hq_x":8,"hq_y":8}
[2026-10-03 09:17:44] dbg: [script:4] [0] [I] HQ_NATURAL_ECONOMY {"date":749583,"year":2052,"month":4,"rating":162,"income":7010,"delivered":240,"cash":10323723,"loan":17000000,"profit_this_year":6700,"profit_last_year":13105,"hq_x":8,"hq_y":8}
[2026-10-03 09:17:47] dbg: [script:4] [0] [I] HQ_NATURAL_ECONOMY {"date":749585,"year":2052,"month":4,"rating":162,"income":7010,"delivered":240,"cash":10323717,"loan":17000000,"profit_this_year":6694,"profit_last_year":13105,"hq_x":8,"hq_y":8}
[2026-10-03 09:17:50] dbg: [script:4] [0] [I] HQ_NATURAL_ECONOMY {"date":749587,"year":2052,"month":4,"rating":162,"income":7010,"delivered":240,"cash":10323711,"loan":17000000,"profit_this_year":6689,"profit_last_year":13105,"hq_x":8,"hq_y":8}
[2026-10-03 09:17:54] dbg: [script:4] [0] [I] HQ_NATURAL_ECONOMY {"date":749588,"year":2052,"month":4,"rating":162,"income":7010,"delivered":240,"cash":10323708,"loan":17000000,"profit_this_year":6686,"profit_last_year":13105,"hq_x":8,"hq_y":8}
[2026-10-03 09:17:57] dbg: [script:4] [0] [I] HQ_NATURAL_ECONOMY {"date":749590,"year":2052,"month":4,"rating":162,"income":7010,"delivered":240,"cash":10323702,"loan":17000000,"profit_this_year":6680,"profit_last_year":13105,"hq_x":8,"hq_y":8}
[2026-10-03 09:18:01] dbg: [script:4] [0] [I] HQ_NATURAL_ECONOMY {"date":749592,"year":2052,"month":4,"rating":162,"income":7010,"delivered":240,"cash":10323696,"loan":17000000,"profit_this_year":6674,"profit_last_year":13105,"hq_x":8,"hq_y":8}
[2026-10-03 09:18:04] dbg: [script:4] [0] [I] HQ_NATURAL_ECONOMY {"date":749594,"year":2052,"month":4,"rating":162,"income":7010,"delivered":240,"cash":10323694,"loan":17000000,"profit_this_year":6671,"profit_last_year":13105,"hq_x":8,"hq_y":8}
[2026-10-03 09:18:08] dbg: [script:4] [0] [I] HQ_NATURAL_ECONOMY {"date":749595,"year":2052,"month":4,"rating":162,"income":7010,"delivered":240,"cash":10323688,"loan":17000000,"profit_this_year":6665,"profit_last_year":13105,"hq_x":8,"hq_y":8}
[2026-10-03 09:18:11] dbg: [script:4] [0] [I] HQ_NATURAL_ECONOMY {"date":749597,"year":2052,"month":4,"rating":162,"income":7010,"delivered":240,"cash":10323682,"loan":17000000,"profit_this_year":6659,"profit_last_year":13105,"hq_x":8,"hq_y":8}
[2026-10-03 09:18:15] dbg: [script:4] [0] [I] HQ_NATURAL_ECONOMY {"date":749599,"year":2052,"month":5,"rating":162,"income":7010,"delivered":240,"cash":10295318,"loan":17000000,"profit_this_year":6654,"profit_last_year":13105,"hq_x":8,"hq_y":8}
[2026-10-03 09:18:18] dbg: [script:4] [0] [I] HQ_NATURAL_ECONOMY {"date":749600,"year":2052,"month":5,"rating":162,"income":7010,"delivered":240,"cash":10295315,"loan":17000000,"profit_this_year":6651,"profit_last_year":13105,"hq_x":8,"hq_y":8}
[2026-10-03 09:18:22] dbg: [script:4] [0] [I] HQ_NATURAL_ECONOMY {"date":749602,"year":2052,"month":5,"rating":162,"income":7010,"delivered":240,"cash":10295309,"loan":17000000,"profit_this_year":6645,"profit_last_year":13105,"hq_x":8,"hq_y":8}
[2026-10-03 09:18:25] dbg: [script:4] [0] [I] HQ_NATURAL_ECONOMY {"date":749604,"year":2052,"month":5,"rating":162,"income":7010,"delivered":240,"cash":10295303,"loan":17000000,"profit_this_year":6639,"profit_last_year":13105,"hq_x":8,"hq_y":8}
[2026-10-03 09:18:28] dbg: [script:4] [0] [I] HQ_NATURAL_ECONOMY {"date":749606,"year":2052,"month":5,"rating":162,"income":7010,"delivered":240,"cash":10295298,"loan":17000000,"profit_this_year":6633,"profit_last_year":13105,"hq_x":8,"hq_y":8}
[2026-10-03 09:18:32] dbg: [script:4] [0] [I] HQ_NATURAL_ECONOMY {"date":749607,"year":2052,"month":5,"rating":162,"income":7010,"delivered":240,"cash":10295295,"loan":17000000,"profit_this_year":6630,"profit_last_year":13105,"hq_x":8,"hq_y":8}
[2026-10-03 09:18:35] dbg: [script:4] [0] [I] HQ_NATURAL_ECONOMY {"date":749609,"year":2052,"month":5,"rating":162,"income":7010,"delivered":240,"cash":10295289,"loan":17000000,"profit_this_year":6624,"profit_last_year":13105,"hq_x":8,"hq_y":8}
[2026-10-03 09:18:39] dbg: [script:4] [0] [I] HQ_NATURAL_ECONOMY {"date":749611,"year":2052,"month":5,"rating":162,"income":7010,"delivered":240,"cash":10295283,"loan":17000000,"profit_this_year":6618,"profit_last_year":13105,"hq_x":8,"hq_y":8}
[2026-10-03 09:18:42] dbg: [script:4] [0] [I] HQ_NATURAL_ECONOMY {"date":749613,"year":2052,"month":5,"rating":162,"income":7010,"delivered":240,"cash":10295280,"loan":17000000,"profit_this_year":6616,"profit_last_year":13105,"hq_x":8,"hq_y":8}
[2026-10-03 09:18:46] dbg: [script:4] [0] [I] HQ_NATURAL_ECONOMY {"date":749614,"year":2052,"month":5,"rating":162,"income":7010,"delivered":240,"cash":10295274,"loan":17000000,"profit_this_year":6610,"profit_last_year":13105,"hq_x":8,"hq_y":8}
[2026-10-03 09:18:49] dbg: [script:4] [0] [I] HQ_NATURAL_ECONOMY {"date":749616,"year":2052,"month":5,"rating":162,"income":7010,"delivered":240,"cash":10295268,"loan":17000000,"profit_this_year":6604,"profit_last_year":13105,"hq_x":8,"hq_y":8}
[2026-10-03 09:18:53] dbg: [script:4] [0] [I] HQ_NATURAL_ECONOMY {"date":749618,"year":2052,"month":5,"rating":162,"income":7010,"delivered":240,"cash":10295263,"loan":17000000,"profit_this_year":6598,"profit_last_year":13105,"hq_x":8,"hq_y":8}
[2026-10-03 09:18:56] dbg: [script:4] [0] [I] HQ_NATURAL_ECONOMY {"date":749619,"year":2052,"month":5,"rating":162,"income":7010,"delivered":240,"cash":10295260,"loan":17000000,"profit_this_year":6595,"profit_last_year":13105,"hq_x":8,"hq_y":8}
[2026-10-03 09:19:00] dbg: [script:4] [0] [I] HQ_NATURAL_ECONOMY {"date":749621,"year":2052,"month":5,"rating":162,"income":7010,"delivered":240,"cash":10295254,"loan":17000000,"profit_this_year":6589,"profit_last_year":13105,"hq_x":8,"hq_y":8}
[2026-10-03 09:19:03] dbg: [script:4] [0] [I] HQ_NATURAL_ECONOMY {"date":749623,"year":2052,"month":5,"rating":162,"income":7010,"delivered":240,"cash":10295248,"loan":17000000,"profit_this_year":6583,"profit_last_year":13105,"hq_x":8,"hq_y":8}
[2026-10-03 09:19:06] dbg: [script:4] [0] [I] HQ_NATURAL_ECONOMY {"date":749625,"year":2052,"month":5,"rating":162,"income":7010,"delivered":240,"cash":10295242,"loan":17000000,"profit_this_year":6578,"profit_last_year":13105,"hq_x":8,"hq_y":8}
[2026-10-03 09:19:10] dbg: [script:4] [0] [I] HQ_NATURAL_ECONOMY {"date":749626,"year":2052,"month":5,"rating":162,"income":7010,"delivered":240,"cash":10295239,"loan":17000000,"profit_this_year":6575,"profit_last_year":13105,"hq_x":8,"hq_y":8}
[2026-10-03 09:19:13] dbg: [script:4] [0] [I] HQ_NATURAL_ECONOMY {"date":749628,"year":2052,"month":5,"rating":162,"income":7010,"delivered":240,"cash":10295233,"loan":17000000,"profit_this_year":6569,"profit_last_year":13105,"hq_x":8,"hq_y":8}
[2026-10-03 09:19:17] dbg: [script:4] [0] [I] HQ_NATURAL_ECONOMY {"date":749630,"year":2052,"month":6,"rating":162,"income":7010,"delivered":240,"cash":10266869,"loan":17000000,"profit_this_year":6563,"profit_last_year":13105,"hq_x":8,"hq_y":8}
[2026-10-03 09:19:20] dbg: [script:4] [0] [I] HQ_NATURAL_ECONOMY {"date":749632,"year":2052,"month":6,"rating":162,"income":7010,"delivered":240,"cash":10266863,"loan":17000000,"profit_this_year":6557,"profit_last_year":13105,"hq_x":8,"hq_y":8}
[2026-10-03 09:19:24] dbg: [script:4] [0] [I] HQ_NATURAL_ECONOMY {"date":749633,"year":2052,"month":6,"rating":162,"income":7010,"delivered":240,"cash":10266860,"loan":17000000,"profit_this_year":6554,"profit_last_year":13105,"hq_x":8,"hq_y":8}
[2026-10-03 09:19:27] dbg: [script:4] [0] [I] HQ_NATURAL_ECONOMY {"date":749635,"year":2052,"month":6,"rating":162,"income":7010,"delivered":240,"cash":10266854,"loan":17000000,"profit_this_year":6548,"profit_last_year":13105,"hq_x":8,"hq_y":8}
[2026-10-03 09:19:31] dbg: [script:4] [0] [I] HQ_NATURAL_ECONOMY {"date":749637,"year":2052,"month":6,"rating":162,"income":7010,"delivered":240,"cash":10266848,"loan":17000000,"profit_this_year":6543,"profit_last_year":13105,"hq_x":8,"hq_y":8}
[2026-10-03 09:19:34] dbg: [script:4] [0] [I] HQ_NATURAL_ECONOMY {"date":749638,"year":2052,"month":6,"rating":162,"income":7010,"delivered":240,"cash":10266845,"loan":17000000,"profit_this_year":6540,"profit_last_year":13105,"hq_x":8,"hq_y":8}
[2026-10-03 09:19:38] dbg: [script:4] [0] [I] HQ_NATURAL_ECONOMY {"date":749640,"year":2052,"month":6,"rating":162,"income":7010,"delivered":240,"cash":10266839,"loan":17000000,"profit_this_year":6534,"profit_last_year":13105,"hq_x":8,"hq_y":8}
[2026-10-03 09:19:41] dbg: [script:4] [0] [I] HQ_NATURAL_ECONOMY {"date":749642,"year":2052,"month":6,"rating":162,"income":7010,"delivered":240,"cash":10266834,"loan":17000000,"profit_this_year":6528,"profit_last_year":13105,"hq_x":8,"hq_y":8}
[2026-10-03 09:19:44] dbg: [script:4] [0] [I] HQ_NATURAL_ECONOMY {"date":749644,"year":2052,"month":6,"rating":162,"income":7010,"delivered":240,"cash":10266828,"loan":17000000,"profit_this_year":6522,"profit_last_year":13105,"hq_x":8,"hq_y":8}
[2026-10-03 09:19:48] dbg: [script:4] [0] [I] HQ_NATURAL_ECONOMY {"date":749645,"year":2052,"month":6,"rating":162,"income":7010,"delivered":240,"cash":10266825,"loan":17000000,"profit_this_year":6519,"profit_last_year":13105,"hq_x":8,"hq_y":8}
[2026-10-03 09:19:51] dbg: [script:4] [0] [I] HQ_NATURAL_ECONOMY {"date":749647,"year":2052,"month":6,"rating":162,"income":7010,"delivered":240,"cash":10266819,"loan":17000000,"profit_this_year":6513,"profit_last_year":13105,"hq_x":8,"hq_y":8}
[2026-10-03 09:19:55] dbg: [script:4] [0] [I] HQ_NATURAL_ECONOMY {"date":749649,"year":2052,"month":6,"rating":162,"income":7010,"delivered":240,"cash":10266813,"loan":17000000,"profit_this_year":6508,"profit_last_year":13105,"hq_x":8,"hq_y":8}
[2026-10-03 09:19:58] dbg: [script:4] [0] [I] HQ_NATURAL_ECONOMY {"date":749651,"year":2052,"month":6,"rating":162,"income":7010,"delivered":240,"cash":10266807,"loan":17000000,"profit_this_year":6502,"profit_last_year":13105,"hq_x":8,"hq_y":8}
[2026-10-03 09:20:02] dbg: [script:4] [0] [I] HQ_NATURAL_ECONOMY {"date":749652,"year":2052,"month":6,"rating":162,"income":7010,"delivered":240,"cash":10266804,"loan":17000000,"profit_this_year":6499,"profit_last_year":13105,"hq_x":8,"hq_y":8}
[2026-10-03 09:20:05] dbg: [script:4] [0] [I] HQ_NATURAL_ECONOMY {"date":749654,"year":2052,"month":6,"rating":162,"income":7010,"delivered":240,"cash":10266799,"loan":17000000,"profit_this_year":6493,"profit_last_year":13105,"hq_x":8,"hq_y":8}
[2026-10-03 09:20:09] dbg: [script:4] [0] [I] HQ_NATURAL_ECONOMY {"date":749656,"year":2052,"month":6,"rating":162,"income":7010,"delivered":240,"cash":10266793,"loan":17000000,"profit_this_year":6487,"profit_last_year":13105,"hq_x":8,"hq_y":8}
[2026-10-03 09:20:12] dbg: [script:4] [0] [I] HQ_NATURAL_ECONOMY {"date":749658,"year":2052,"month":6,"rating":162,"income":7010,"delivered":240,"cash":10266790,"loan":17000000,"profit_this_year":6484,"profit_last_year":13105,"hq_x":8,"hq_y":8}
[2026-10-03 09:20:16] dbg: [script:4] [0] [I] HQ_NATURAL_ECONOMY {"date":749659,"year":2052,"month":6,"rating":162,"income":7010,"delivered":240,"cash":10266784,"loan":17000000,"profit_this_year":6478,"profit_last_year":13105,"hq_x":8,"hq_y":8}
[2026-10-03 09:20:19] dbg: [script:4] [0] [I] HQ_NATURAL_ECONOMY {"date":749661,"year":2052,"month":7,"rating":155,"income":0,"delivered":0,"cash":10238420,"loan":17000000,"profit_this_year":6473,"profit_last_year":13105,"hq_x":8,"hq_y":8}
[2026-10-03 09:20:23] dbg: [script:4] [0] [I] HQ_NATURAL_ECONOMY {"date":749663,"year":2052,"month":7,"rating":155,"income":0,"delivered":0,"cash":10238414,"loan":17000000,"profit_this_year":6467,"profit_last_year":13105,"hq_x":8,"hq_y":8}
[2026-10-03 09:20:26] dbg: [script:4] [0] [I] HQ_NATURAL_ECONOMY {"date":749664,"year":2052,"month":7,"rating":155,"income":0,"delivered":0,"cash":10238411,"loan":17000000,"profit_this_year":6464,"profit_last_year":13105,"hq_x":8,"hq_y":8}
[2026-10-03 09:20:29] dbg: [script:4] [0] [I] HQ_NATURAL_ECONOMY {"date":749666,"year":2052,"month":7,"rating":155,"income":0,"delivered":0,"cash":10238405,"loan":17000000,"profit_this_year":6458,"profit_last_year":13105,"hq_x":8,"hq_y":8}
[2026-10-03 09:20:33] dbg: [script:4] [0] [I] HQ_NATURAL_ECONOMY {"date":749668,"year":2052,"month":7,"rating":155,"income":0,"delivered":0,"cash":10238400,"loan":17000000,"profit_this_year":6452,"profit_last_year":13105,"hq_x":8,"hq_y":8}
[2026-10-03 09:20:36] dbg: [script:4] [0] [I] HQ_NATURAL_ECONOMY {"date":749670,"year":2052,"month":7,"rating":155,"income":0,"delivered":0,"cash":10238394,"loan":17000000,"profit_this_year":6446,"profit_last_year":13105,"hq_x":8,"hq_y":8}
[2026-10-03 09:20:40] dbg: [script:4] [0] [I] HQ_NATURAL_ECONOMY {"date":749671,"year":2052,"month":7,"rating":155,"income":0,"delivered":0,"cash":10238391,"loan":17000000,"profit_this_year":6443,"profit_last_year":13105,"hq_x":8,"hq_y":8}
[2026-10-03 09:20:43] dbg: [script:4] [0] [I] HQ_NATURAL_ECONOMY {"date":749673,"year":2052,"month":7,"rating":155,"income":0,"delivered":0,"cash":10238385,"loan":17000000,"profit_this_year":6438,"profit_last_year":13105,"hq_x":8,"hq_y":8}
[2026-10-03 09:20:47] dbg: [script:4] [0] [I] HQ_NATURAL_ECONOMY {"date":749675,"year":2052,"month":7,"rating":155,"income":0,"delivered":0,"cash":10238379,"loan":17000000,"profit_this_year":6432,"profit_last_year":13105,"hq_x":8,"hq_y":8}
[2026-10-03 09:20:50] dbg: [script:4] [0] [I] HQ_NATURAL_ECONOMY {"date":749677,"year":2052,"month":7,"rating":155,"income":0,"delivered":0,"cash":10238376,"loan":17000000,"profit_this_year":6429,"profit_last_year":13105,"hq_x":8,"hq_y":8}
[2026-10-03 09:20:54] dbg: [script:4] [0] [I] HQ_NATURAL_ECONOMY {"date":749678,"year":2052,"month":7,"rating":155,"income":0,"delivered":0,"cash":10238370,"loan":17000000,"profit_this_year":6423,"profit_last_year":13105,"hq_x":8,"hq_y":8}
[2026-10-03 09:20:57] dbg: [script:4] [0] [I] HQ_NATURAL_ECONOMY {"date":749680,"year":2052,"month":7,"rating":155,"income":0,"delivered":0,"cash":10238365,"loan":17000000,"profit_this_year":6417,"profit_last_year":13105,"hq_x":8,"hq_y":8}
[2026-10-03 09:21:01] dbg: [script:4] [0] [I] HQ_NATURAL_ECONOMY {"date":749682,"year":2052,"month":7,"rating":155,"income":0,"delivered":0,"cash":10238359,"loan":17000000,"profit_this_year":6411,"profit_last_year":13105,"hq_x":8,"hq_y":8}
[2026-10-03 09:21:04] dbg: [script:4] [0] [I] HQ_NATURAL_ECONOMY {"date":749683,"year":2052,"month":7,"rating":155,"income":0,"delivered":0,"cash":10238356,"loan":17000000,"profit_this_year":6408,"profit_last_year":13105,"hq_x":8,"hq_y":8}
[2026-10-03 09:21:07] dbg: [script:4] [0] [I] HQ_NATURAL_ECONOMY {"date":749685,"year":2052,"month":7,"rating":155,"income":0,"delivered":0,"cash":10238350,"loan":17000000,"profit_this_year":6403,"profit_last_year":13105,"hq_x":8,"hq_y":8}
[2026-10-03 09:21:11] dbg: [script:4] [0] [I] HQ_NATURAL_ECONOMY {"date":749687,"year":2052,"month":7,"rating":155,"income":0,"delivered":0,"cash":10238344,"loan":17000000,"profit_this_year":6397,"profit_last_year":13105,"hq_x":8,"hq_y":8}
[2026-10-03 09:21:14] dbg: [script:4] [0] [I] HQ_NATURAL_ECONOMY {"date":749689,"year":2052,"month":7,"rating":155,"income":0,"delivered":0,"cash":10238338,"loan":17000000,"profit_this_year":6391,"profit_last_year":13105,"hq_x":8,"hq_y":8}
[2026-10-03 09:21:18] dbg: [script:4] [0] [I] HQ_NATURAL_ECONOMY {"date":749690,"year":2052,"month":7,"rating":155,"income":0,"delivered":0,"cash":10238335,"loan":17000000,"profit_this_year":6388,"profit_last_year":13105,"hq_x":8,"hq_y":8}
[2026-10-03 09:21:21] dbg: [script:4] [0] [I] HQ_NATURAL_ECONOMY {"date":749692,"year":2052,"month":8,"rating":155,"income":0,"delivered":0,"cash":10209972,"loan":17000000,"profit_this_year":6382,"profit_last_year":13105,"hq_x":8,"hq_y":8}
[2026-10-03 09:21:25] dbg: [script:4] [0] [I] HQ_NATURAL_ECONOMY {"date":749694,"year":2052,"month":8,"rating":155,"income":0,"delivered":0,"cash":10209966,"loan":17000000,"profit_this_year":6376,"profit_last_year":13105,"hq_x":8,"hq_y":8}
[2026-10-03 09:21:28] dbg: [script:4] [0] [I] HQ_NATURAL_ECONOMY {"date":749696,"year":2052,"month":8,"rating":155,"income":0,"delivered":0,"cash":10209960,"loan":17000000,"profit_this_year":6370,"profit_last_year":13105,"hq_x":8,"hq_y":8}
[2026-10-03 09:21:32] dbg: [script:4] [0] [I] HQ_NATURAL_ECONOMY {"date":749697,"year":2052,"month":8,"rating":155,"income":0,"delivered":0,"cash":10209957,"loan":17000000,"profit_this_year":6368,"profit_last_year":13105,"hq_x":8,"hq_y":8}
[2026-10-03 09:21:35] dbg: [script:4] [0] [I] HQ_NATURAL_ECONOMY {"date":749699,"year":2052,"month":8,"rating":155,"income":0,"delivered":0,"cash":10209951,"loan":17000000,"profit_this_year":6362,"profit_last_year":13105,"hq_x":8,"hq_y":8}
[2026-10-03 09:21:39] dbg: [script:4] [0] [I] HQ_NATURAL_ECONOMY {"date":749701,"year":2052,"month":8,"rating":155,"income":0,"delivered":0,"cash":10209945,"loan":17000000,"profit_this_year":6356,"profit_last_year":13105,"hq_x":8,"hq_y":8}
[2026-10-03 09:21:42] dbg: [script:4] [0] [I] HQ_NATURAL_ECONOMY {"date":749702,"year":2052,"month":8,"rating":155,"income":0,"delivered":0,"cash":10209942,"loan":17000000,"profit_this_year":6353,"profit_last_year":13105,"hq_x":8,"hq_y":8}
[2026-10-03 09:21:45] dbg: [script:4] [0] [I] HQ_NATURAL_ECONOMY {"date":749704,"year":2052,"month":8,"rating":155,"income":0,"delivered":0,"cash":10209937,"loan":17000000,"profit_this_year":6347,"profit_last_year":13105,"hq_x":8,"hq_y":8}
[2026-10-03 09:21:49] dbg: [script:4] [0] [I] HQ_NATURAL_ECONOMY {"date":749706,"year":2052,"month":8,"rating":155,"income":0,"delivered":0,"cash":10209931,"loan":17000000,"profit_this_year":6341,"profit_last_year":13105,"hq_x":8,"hq_y":8}
[2026-10-03 09:21:52] dbg: [script:4] [0] [I] HQ_NATURAL_ECONOMY {"date":749708,"year":2052,"month":8,"rating":155,"income":0,"delivered":0,"cash":10209925,"loan":17000000,"profit_this_year":6335,"profit_last_year":13105,"hq_x":8,"hq_y":8}
[2026-10-03 09:21:56] dbg: [script:4] [0] [I] HQ_NATURAL_ECONOMY {"date":749709,"year":2052,"month":8,"rating":155,"income":0,"delivered":0,"cash":10209922,"loan":17000000,"profit_this_year":6333,"profit_last_year":13105,"hq_x":8,"hq_y":8}
[2026-10-03 09:21:59] dbg: [script:4] [0] [I] HQ_NATURAL_ECONOMY {"date":749711,"year":2052,"month":8,"rating":155,"income":0,"delivered":0,"cash":10209916,"loan":17000000,"profit_this_year":6327,"profit_last_year":13105,"hq_x":8,"hq_y":8}
[2026-10-03 09:22:03] dbg: [script:4] [0] [I] HQ_NATURAL_ECONOMY {"date":749713,"year":2052,"month":8,"rating":155,"income":0,"delivered":0,"cash":10209910,"loan":17000000,"profit_this_year":6321,"profit_last_year":13105,"hq_x":8,"hq_y":8}
‎*** Game paused (manual)
Saving map...
Map successfully saved to 'hq-natural-final.sav'.
[2026-10-03 09:22:06] dbg: [net:3] Initializing UDP listeners
[2026-10-03 09:22:06] dbg: [net:3] Shutting down network
