[2026-10-04 12:45:16] dbg: [driver:1] Successfully loaded blitter '40bpp-anim'
[2026-10-04 12:45:16] dbg: [driver:1] OpenTT3D: Cocoa process 97841
[2026-10-04 12:45:16] dbg: [driver:1] OpenGL driver: Apple - Apple M3 Pro (4.1 Metal - 90.5)
[2026-10-04 12:45:16] dbg: [driver:2] OpenGL shading language version: 4.10, texture units = 80
[2026-10-04 12:45:17] dbg: [driver:1] Successfully loaded video driver 'cocoa-opengl'
[2026-10-04 12:45:17] dbg: [driver:1] Successfully loaded sound driver 'null'
[2026-10-04 12:45:17] dbg: [driver:1] Successfully loaded music driver 'null'
[2026-10-04 12:45:17] dbg: [driver:1] OpenTT3D: background Cocoa window active=false, key=false, visible=false, policy=2
[2026-10-04 12:45:17] dbg: [driver:1] using thread for game-loop
[2026-10-04 12:45:31] dbg: [driver:1] OpenTT3D: loaded 2035 authored voxel models, 17930714 occupied cells, 12706908 exposed cell faces merged to 2788841 conforming rectangles / 21430850 triangles
[2026-10-04 12:45:31] dbg: [driver:1] OpenTT3D: retained lossless voxel sources use 38122728 bytes instead of 1814535348 dense cell bytes, with one shared palette
[2026-10-04 12:45:31] dbg: [driver:1] OpenTT3D: CPU voxel surfaces retain 1073371720 bytes under a scene-pinned soft budget, including 199759720 exact restoration bytes
[2026-10-04 12:45:31] dbg: [driver:2] OpenTT3D: pre-existing OpenGL error before mesh pass (1286)
[2026-10-04 12:45:31] dbg: [driver:1] OpenTT3D: depth-tested mesh renderer initialized
[2026-10-04 12:45:33] dbg: [driver:1] OpenTT3D: exported voxel turntables, street-level views and neighbouring-building context (prefix 'hq_')
[2026-10-04 12:45:33] dbg: [driver:1] OpenTT3D: 72 perspective clipping views preserve ray-tested coverage, depth, colour and picking (21180 samples, 16104 visible)
[2026-10-04 12:45:33] dbg: [driver:1] OpenTT3D: 60 cached mip/padding variants match direct upstream pixels and framing
[2026-10-04 12:45:33] dbg: [driver:1] OpenTT3D: model materials use OpenGFX2 Classic at native resolution or coarser
[2026-10-04 12:45:33] dbg: [driver:1] OpenTT3D: palette lookup survives atlas-page eviction and source-node reuse
[2026-10-04 12:45:33] dbg: [driver:1] OpenTT3D: 24 ordered child-layer views preserve coincident priority, ordinary depth, opacity and complete picking IDs
[2026-10-04 12:45:33] dbg: [driver:1] OpenTT3D: 32 allocation-order views preserve coplanar colour, opacity and picking independently of mesh addresses
[2026-10-04 12:45:33] dbg: [driver:1] OpenTT3D: 4 CPU voxel retirement/rebuild views preserve scene pins, stable GPU keys, exact colour, transparency and picking
[2026-10-04 12:45:36] dbg: [driver:1] OpenTT3D: 640 voxel effect views preserve original sprite/climate selection, altitude, opacity, fixed orientation and unclickable ownership
[2026-10-04 12:45:36] dbg: [driver:1] OpenTT3D: 0 unauthored effect sources preserve their original fallback in climate 0
[2026-10-04 12:45:36] dbg: [driver:1] OpenTT3D: 3 incomplete/custom/unavailable original object families retain every source ground/body layer in climate 0
[2026-10-04 12:45:36] dbg: [driver:1] OpenTT3D: 128 original HQ ground views preserve independent opaque source ownership, all16 company palettes and intentional body absences
[2026-10-04 12:45:37] dbg: [driver:1] OpenTT3D: 40 independent HQ owner LOD views preserve exact occupied/air boundaries, automatic factors1/2/4/8/16, source transforms, opacity and tile picking
[2026-10-04 12:45:37] dbg: [driver:1] OpenTT3D: 40 independent HQ owner LOD rebuild views preserve copied-scene pins, stable mesh identities and exact vertex words/RGBA/picking
[2026-10-04 12:45:37] dbg: [driver:1] OpenTT3D: 0 supported river diagnostic LOD views preserve exact source air boundaries, factors1/2/4/8/16, unscaled columns, original paint and diagnostic picking
[2026-10-04 12:45:37] dbg: [driver:1] OpenTT3D: 0 supported river LOD rebuild views retain copied-scene pins, stable identities and exact vertex words/RGBA/picking
[2026-10-04 12:45:37] dbg: [driver:1] OpenTT3D: 24 joined original HQ views preserve four source anchors, ground/body visibility and independent tile picking
[2026-10-04 12:45:37] dbg: [driver:1] OpenTT3D: 128 original object views preserve source layout/climate, anchors, all16 company palettes and transparent picking
[2026-10-04 12:45:41] dbg: [driver:1] OpenTT3D: 1584 house variant/construction bindings select their explicit geometry and original palettes
[2026-10-04 12:45:41] dbg: [driver:2] OpenTT3D: retired 2301124 cold OpenGL mesh bytes; 534784932 resident bytes / 519 meshes
[2026-10-04 12:45:41] dbg: [driver:2] OpenTT3D: retired 1204688 cold OpenGL mesh bytes; 536477204 resident bytes / 522 meshes
[2026-10-04 12:45:41] dbg: [driver:2] OpenTT3D: retired 2174432 cold OpenGL mesh bytes; 534717972 resident bytes / 523 meshes
[2026-10-04 12:45:42] dbg: [driver:2] OpenTT3D: retired 679656 cold OpenGL mesh bytes; 536199704 resident bytes / 532 meshes
[2026-10-04 12:45:42] dbg: [driver:2] OpenTT3D: retired 2360780 cold OpenGL mesh bytes; 534876128 resident bytes / 534 meshes
[2026-10-04 12:45:43] dbg: [driver:2] OpenTT3D: retired 537272 cold OpenGL mesh bytes; 536617876 resident bytes / 542 meshes
[2026-10-04 12:45:43] dbg: [driver:2] OpenTT3D: retired 100296 cold OpenGL mesh bytes; 536799556 resident bytes / 542 meshes
[2026-10-04 12:45:43] dbg: [driver:1] OpenTT3D: 1332 voxel house-ground bindings preserve source palettes, empty body stages and opaque floor ownership
[2026-10-04 12:45:43] dbg: [driver:2] OpenTT3D: retired 1116532 cold OpenGL mesh bytes; 536296880 resident bytes / 543 meshes
[2026-10-04 12:45:43] dbg: [driver:2] OpenTT3D: retired 1274324 cold OpenGL mesh bytes; 536415336 resident bytes / 542 meshes
[2026-10-04 12:45:44] dbg: [driver:2] OpenTT3D: retired 724912 cold OpenGL mesh bytes; 536786184 resident bytes / 541 meshes
[2026-10-04 12:45:44] dbg: [driver:2] OpenTT3D: retired 1405480 cold OpenGL mesh bytes; 536046280 resident bytes / 541 meshes
[2026-10-04 12:45:44] dbg: [driver:2] OpenTT3D: retired 679656 cold OpenGL mesh bytes; 536863296 resident bytes / 542 meshes
[2026-10-04 12:45:44] dbg: [driver:2] OpenTT3D: retired 1216828 cold OpenGL mesh bytes; 536029384 resident bytes / 541 meshes
[2026-10-04 12:45:44] dbg: [driver:2] OpenTT3D: retired 476128 cold OpenGL mesh bytes; 536676160 resident bytes / 536 meshes
[2026-10-04 12:45:44] dbg: [driver:2] OpenTT3D: retired 1310692 cold OpenGL mesh bytes; 536675844 resident bytes / 535 meshes
[2026-10-04 12:45:44] dbg: [driver:2] OpenTT3D: retired 2150132 cold OpenGL mesh bytes; 535479720 resident bytes / 531 meshes
[2026-10-04 12:45:45] dbg: [driver:2] OpenTT3D: retired 468224 cold OpenGL mesh bytes; 536608232 resident bytes / 531 meshes
[2026-10-04 12:45:45] dbg: [driver:2] OpenTT3D: retired 1486528 cold OpenGL mesh bytes; 536853972 resident bytes / 530 meshes
[2026-10-04 12:45:45] dbg: [driver:2] OpenTT3D: retired 1558940 cold OpenGL mesh bytes; 536131664 resident bytes / 530 meshes
[2026-10-04 12:45:45] dbg: [driver:2] OpenTT3D: retired 1454568 cold OpenGL mesh bytes; 536203796 resident bytes / 530 meshes
[2026-10-04 12:45:45] dbg: [driver:2] OpenTT3D: retired 1107540 cold OpenGL mesh bytes; 536103084 resident bytes / 530 meshes
[2026-10-04 12:45:45] dbg: [driver:2] OpenTT3D: retired 1995516 cold OpenGL mesh bytes; 535323564 resident bytes / 530 meshes
[2026-10-04 12:45:46] dbg: [driver:2] OpenTT3D: retired 923724 cold OpenGL mesh bytes; 536494276 resident bytes / 535 meshes
[2026-10-04 12:45:46] dbg: [driver:2] OpenTT3D: retired 1032932 cold OpenGL mesh bytes; 536296944 resident bytes / 536 meshes
[2026-10-04 12:45:46] dbg: [driver:2] OpenTT3D: retired 500184 cold OpenGL mesh bytes; 536387060 resident bytes / 536 meshes
[2026-10-04 12:45:46] dbg: [driver:2] OpenTT3D: retired 1558940 cold OpenGL mesh bytes; 535901252 resident bytes / 536 meshes
[2026-10-04 12:45:46] dbg: [driver:2] OpenTT3D: retired 468224 cold OpenGL mesh bytes; 536548008 resident bytes / 536 meshes
[2026-10-04 12:45:47] dbg: [driver:2] OpenTT3D: retired 986344 cold OpenGL mesh bytes; 536089856 resident bytes / 536 meshes
[2026-10-04 12:45:47] dbg: [driver:2] OpenTT3D: retired 757152 cold OpenGL mesh bytes; 536142808 resident bytes / 537 meshes
[2026-10-04 12:45:47] dbg: [driver:2] OpenTT3D: retired 1554620 cold OpenGL mesh bytes; 535583932 resident bytes / 538 meshes
[2026-10-04 12:45:47] dbg: [driver:2] OpenTT3D: retired 1009892 cold OpenGL mesh bytes; 536323504 resident bytes / 540 meshes
[2026-10-04 12:45:47] dbg: [driver:2] OpenTT3D: retired 757152 cold OpenGL mesh bytes; 536505456 resident bytes / 541 meshes
[2026-10-04 12:45:47] dbg: [driver:2] OpenTT3D: retired 1554620 cold OpenGL mesh bytes; 535429748 resident bytes / 541 meshes
[2026-10-04 12:45:48] dbg: [driver:2] OpenTT3D: retired 449336 cold OpenGL mesh bytes; 536782172 resident bytes / 544 meshes
[2026-10-04 12:45:48] dbg: [driver:2] OpenTT3D: retired 560556 cold OpenGL mesh bytes; 536736688 resident bytes / 544 meshes
[2026-10-04 12:45:48] dbg: [driver:2] OpenTT3D: retired 815400 cold OpenGL mesh bytes; 536414760 resident bytes / 544 meshes
[2026-10-04 12:45:48] dbg: [driver:2] OpenTT3D: retired 1617212 cold OpenGL mesh bytes; 535619908 resident bytes / 545 meshes
[2026-10-04 12:45:48] dbg: [driver:2] OpenTT3D: retired 832868 cold OpenGL mesh bytes; 536180992 resident bytes / 547 meshes
[2026-10-04 12:45:48] dbg: [driver:2] OpenTT3D: retired 1009088 cold OpenGL mesh bytes; 536114048 resident bytes / 548 meshes
[2026-10-04 12:45:49] dbg: [driver:2] OpenTT3D: retired 757152 cold OpenGL mesh bytes; 536267520 resident bytes / 549 meshes
[2026-10-04 12:45:49] dbg: [driver:2] OpenTT3D: retired 1554620 cold OpenGL mesh bytes; 535665284 resident bytes / 550 meshes
[2026-10-04 12:45:49] dbg: [driver:2] OpenTT3D: retired 449336 cold OpenGL mesh bytes; 536588140 resident bytes / 552 meshes
[2026-10-04 12:45:49] dbg: [driver:2] OpenTT3D: retired 560556 cold OpenGL mesh bytes; 536516736 resident bytes / 552 meshes
[2026-10-04 12:45:49] dbg: [driver:2] OpenTT3D: retired 355016 cold OpenGL mesh bytes; 536649112 resident bytes / 552 meshes
[2026-10-04 12:45:49] dbg: [driver:2] OpenTT3D: retired 925220 cold OpenGL mesh bytes; 536179444 resident bytes / 552 meshes
[2026-10-04 12:45:49] dbg: [driver:2] OpenTT3D: retired 509152 cold OpenGL mesh bytes; 536441012 resident bytes / 553 meshes
[2026-10-04 12:45:49] dbg: [driver:2] OpenTT3D: retired 535684 cold OpenGL mesh bytes; 536703552 resident bytes / 554 meshes
[2026-10-04 12:45:49] dbg: [driver:2] OpenTT3D: retired 355016 cold OpenGL mesh bytes; 536852568 resident bytes / 554 meshes
[2026-10-04 12:45:50] dbg: [driver:2] OpenTT3D: retired 925220 cold OpenGL mesh bytes; 536204604 resident bytes / 554 meshes
[2026-10-04 12:45:50] dbg: [driver:2] OpenTT3D: retired 509152 cold OpenGL mesh bytes; 536637116 resident bytes / 555 meshes
[2026-10-04 12:45:50] dbg: [driver:2] OpenTT3D: retired 535684 cold OpenGL mesh bytes; 536583864 resident bytes / 555 meshes
[2026-10-04 12:45:50] dbg: [driver:2] OpenTT3D: retired 580264 cold OpenGL mesh bytes; 536432832 resident bytes / 555 meshes
[2026-10-04 12:45:50] dbg: [driver:2] OpenTT3D: retired 1340460 cold OpenGL mesh bytes; 535563924 resident bytes / 555 meshes
[2026-10-04 12:45:50] dbg: [driver:2] OpenTT3D: retired 575776 cold OpenGL mesh bytes; 536383524 resident bytes / 557 meshes
[2026-10-04 12:45:50] dbg: [driver:2] OpenTT3D: retired 750052 cold OpenGL mesh bytes; 536585536 resident bytes / 558 meshes
[2026-10-04 12:45:50] dbg: [driver:2] OpenTT3D: retired 355016 cold OpenGL mesh bytes; 536708792 resident bytes / 558 meshes
[2026-10-04 12:45:50] dbg: [driver:2] OpenTT3D: retired 925220 cold OpenGL mesh bytes; 536207908 resident bytes / 558 meshes
[2026-10-04 12:45:51] dbg: [driver:2] OpenTT3D: retired 509152 cold OpenGL mesh bytes; 536697060 resident bytes / 559 meshes
[2026-10-04 12:45:51] dbg: [driver:2] OpenTT3D: retired 535684 cold OpenGL mesh bytes; 536673888 resident bytes / 559 meshes
[2026-10-04 12:45:51] dbg: [driver:2] OpenTT3D: retired 2360780 cold OpenGL mesh bytes; 534638444 resident bytes / 558 meshes
[2026-10-04 12:45:51] dbg: [driver:2] OpenTT3D: retired 537272 cold OpenGL mesh bytes; 536427132 resident bytes / 562 meshes
[2026-10-04 12:45:51] dbg: [driver:2] OpenTT3D: retired 758900 cold OpenGL mesh bytes; 536199784 resident bytes / 561 meshes
[2026-10-04 12:45:51] dbg: [driver:2] OpenTT3D: retired 519836 cold OpenGL mesh bytes; 536524212 resident bytes / 562 meshes
[2026-10-04 12:45:51] dbg: [driver:2] OpenTT3D: retired 699404 cold OpenGL mesh bytes; 536300040 resident bytes / 562 meshes
[2026-10-04 12:45:52] dbg: [driver:2] OpenTT3D: retired 597920 cold OpenGL mesh bytes; 536752584 resident bytes / 562 meshes
[2026-10-04 12:45:52] dbg: [driver:2] OpenTT3D: retired 410412 cold OpenGL mesh bytes; 536660380 resident bytes / 562 meshes
[2026-10-04 12:45:52] dbg: [driver:2] OpenTT3D: retired 608920 cold OpenGL mesh bytes; 536525252 resident bytes / 561 meshes
[2026-10-04 12:45:52] dbg: [driver:2] OpenTT3D: retired 1413856 cold OpenGL mesh bytes; 536832024 resident bytes / 562 meshes
[2026-10-04 12:45:52] dbg: [driver:2] OpenTT3D: retired 4205416 cold OpenGL mesh bytes; 536466944 resident bytes / 557 meshes
[2026-10-04 12:45:53] dbg: [driver:2] OpenTT3D: retired 497892 cold OpenGL mesh bytes; 536668284 resident bytes / 557 meshes
[2026-10-04 12:45:53] dbg: [driver:2] OpenTT3D: retired 417428 cold OpenGL mesh bytes; 536609060 resident bytes / 557 meshes
[2026-10-04 12:45:53] dbg: [driver:2] OpenTT3D: retired 495812 cold OpenGL mesh bytes; 536588756 resident bytes / 557 meshes
[2026-10-04 12:45:53] dbg: [driver:2] OpenTT3D: retired 313632 cold OpenGL mesh bytes; 536693864 resident bytes / 557 meshes
[2026-10-04 12:45:53] dbg: [driver:2] OpenTT3D: retired 494276 cold OpenGL mesh bytes; 536431528 resident bytes / 557 meshes
[2026-10-04 12:45:53] dbg: [driver:2] OpenTT3D: retired 400440 cold OpenGL mesh bytes; 536695248 resident bytes / 558 meshes
[2026-10-04 12:45:53] dbg: [driver:2] OpenTT3D: retired 496196 cold OpenGL mesh bytes; 536700452 resident bytes / 558 meshes
[2026-10-04 12:45:53] dbg: [driver:2] OpenTT3D: retired 2201520 cold OpenGL mesh bytes; 534939524 resident bytes / 552 meshes
[2026-10-04 12:45:54] dbg: [driver:2] OpenTT3D: retired 1980508 cold OpenGL mesh bytes; 535094232 resident bytes / 558 meshes
[2026-10-04 12:45:54] dbg: [driver:2] OpenTT3D: retired 1997840 cold OpenGL mesh bytes; 534885336 resident bytes / 563 meshes
[2026-10-04 12:45:55] dbg: [driver:2] OpenTT3D: retired 2002908 cold OpenGL mesh bytes; 534987324 resident bytes / 569 meshes
[2026-10-04 12:45:55] dbg: [driver:2] OpenTT3D: retired 2133424 cold OpenGL mesh bytes; 535217828 resident bytes / 573 meshes
[2026-10-04 12:45:55] dbg: [driver:2] OpenTT3D: retired 2060536 cold OpenGL mesh bytes; 535604792 resident bytes / 575 meshes
[2026-10-04 12:45:56] dbg: [driver:2] OpenTT3D: retired 2149208 cold OpenGL mesh bytes; 535052384 resident bytes / 576 meshes
[2026-10-04 12:45:56] dbg: [driver:2] OpenTT3D: retired 2055452 cold OpenGL mesh bytes; 535027960 resident bytes / 584 meshes
[2026-10-04 12:45:57] dbg: [driver:2] OpenTT3D: retired 467968 cold OpenGL mesh bytes; 536656408 resident bytes / 591 meshes
[2026-10-04 12:45:57] dbg: [driver:2] OpenTT3D: retired 779676 cold OpenGL mesh bytes; 536158636 resident bytes / 591 meshes
[2026-10-04 12:45:57] dbg: [driver:2] OpenTT3D: retired 813280 cold OpenGL mesh bytes; 536203224 resident bytes / 593 meshes
[2026-10-04 12:45:57] dbg: [driver:2] OpenTT3D: retired 978288 cold OpenGL mesh bytes; 536811884 resident bytes / 593 meshes
[2026-10-04 12:45:57] dbg: [driver:2] OpenTT3D: retired 1148404 cold OpenGL mesh bytes; 536688856 resident bytes / 587 meshes
[2026-10-04 12:45:58] dbg: [driver:2] OpenTT3D: retired 1144752 cold OpenGL mesh bytes; 536388164 resident bytes / 584 meshes
[2026-10-04 12:45:58] dbg: [driver:2] OpenTT3D: retired 1335688 cold OpenGL mesh bytes; 536138408 resident bytes / 584 meshes
[2026-10-04 12:45:58] dbg: [driver:2] OpenTT3D: retired 655000 cold OpenGL mesh bytes; 536611188 resident bytes / 584 meshes
[2026-10-04 12:45:58] dbg: [driver:2] OpenTT3D: retired 1458744 cold OpenGL mesh bytes; 536564292 resident bytes / 581 meshes
[2026-10-04 12:45:58] dbg: [driver:2] OpenTT3D: retired 859564 cold OpenGL mesh bytes; 536398840 resident bytes / 581 meshes
[2026-10-04 12:45:58] dbg: [driver:2] OpenTT3D: retired 1411440 cold OpenGL mesh bytes; 535700520 resident bytes / 582 meshes
[2026-10-04 12:45:58] dbg: [driver:2] OpenTT3D: retired 2092432 cold OpenGL mesh bytes; 535852944 resident bytes / 584 meshes
[2026-10-04 12:45:59] dbg: [driver:2] OpenTT3D: retired 2811364 cold OpenGL mesh bytes; 534068304 resident bytes / 584 meshes
[2026-10-04 12:45:59] dbg: [driver:2] OpenTT3D: retired 2899616 cold OpenGL mesh bytes; 534282144 resident bytes / 588 meshes
[2026-10-04 12:46:00] dbg: [driver:2] OpenTT3D: retired 3240976 cold OpenGL mesh bytes; 533645892 resident bytes / 593 meshes
[2026-10-04 12:46:00] dbg: [driver:2] OpenTT3D: retired 3208048 cold OpenGL mesh bytes; 535045912 resident bytes / 598 meshes
[2026-10-04 12:46:01] dbg: [driver:2] OpenTT3D: retired 4298156 cold OpenGL mesh bytes; 533784728 resident bytes / 601 meshes
[2026-10-04 12:46:02] dbg: [driver:2] OpenTT3D: retired 4014080 cold OpenGL mesh bytes; 535170468 resident bytes / 607 meshes
[2026-10-04 12:46:02] dbg: [driver:2] OpenTT3D: retired 24439968 cold OpenGL mesh bytes; 532557124 resident bytes / 594 meshes
[2026-10-04 12:46:04] dbg: [driver:2] OpenTT3D: retired 6161880 cold OpenGL mesh bytes; 532452716 resident bytes / 594 meshes
[2026-10-04 12:46:05] dbg: [driver:2] OpenTT3D: retired 4399436 cold OpenGL mesh bytes; 534343108 resident bytes / 608 meshes
[2026-10-04 12:46:05] dbg: [driver:2] OpenTT3D: retired 7099508 cold OpenGL mesh bytes; 535797120 resident bytes / 606 meshes
[2026-10-04 12:46:06] dbg: [driver:2] OpenTT3D: retired 11139508 cold OpenGL mesh bytes; 534222940 resident bytes / 598 meshes
[2026-10-04 12:46:07] dbg: [driver:2] OpenTT3D: retired 1251608 cold OpenGL mesh bytes; 536169080 resident bytes / 603 meshes
[2026-10-04 12:46:08] dbg: [driver:2] OpenTT3D: retired 1551520 cold OpenGL mesh bytes; 535439156 resident bytes / 604 meshes
[2026-10-04 12:46:08] dbg: [driver:2] OpenTT3D: retired 1992280 cold OpenGL mesh bytes; 535031456 resident bytes / 609 meshes
[2026-10-04 12:46:08] dbg: [driver:2] OpenTT3D: retired 3084208 cold OpenGL mesh bytes; 534879808 resident bytes / 607 meshes
[2026-10-04 12:46:08] dbg: [driver:2] OpenTT3D: retired 3110096 cold OpenGL mesh bytes; 535248700 resident bytes / 608 meshes
[2026-10-04 12:46:09] dbg: [driver:2] OpenTT3D: retired 3134796 cold OpenGL mesh bytes; 534958808 resident bytes / 609 meshes
[2026-10-04 12:46:09] dbg: [driver:2] OpenTT3D: retired 3554096 cold OpenGL mesh bytes; 533854064 resident bytes / 610 meshes
[2026-10-04 12:46:10] dbg: [driver:2] OpenTT3D: retired 4290728 cold OpenGL mesh bytes; 532957088 resident bytes / 613 meshes
[2026-10-04 12:46:10] dbg: [driver:2] OpenTT3D: retired 1438984 cold OpenGL mesh bytes; 536633220 resident bytes / 615 meshes
[2026-10-04 12:46:11] dbg: [driver:2] OpenTT3D: retired 1347048 cold OpenGL mesh bytes; 536737120 resident bytes / 610 meshes
[2026-10-04 12:46:11] dbg: [driver:2] OpenTT3D: retired 819748 cold OpenGL mesh bytes; 536577156 resident bytes / 607 meshes
[2026-10-04 12:46:11] dbg: [driver:2] OpenTT3D: retired 1706532 cold OpenGL mesh bytes; 536308032 resident bytes / 603 meshes
[2026-10-04 12:46:11] dbg: [driver:2] OpenTT3D: retired 501920 cold OpenGL mesh bytes; 536502116 resident bytes / 603 meshes
[2026-10-04 12:46:11] dbg: [driver:2] OpenTT3D: retired 1050876 cold OpenGL mesh bytes; 536417148 resident bytes / 602 meshes
[2026-10-04 12:46:11] dbg: [driver:2] OpenTT3D: retired 477004 cold OpenGL mesh bytes; 536635348 resident bytes / 602 meshes
[2026-10-04 12:46:11] dbg: [driver:2] OpenTT3D: retired 1163320 cold OpenGL mesh bytes; 536701172 resident bytes / 600 meshes
[2026-10-04 12:46:12] dbg: [driver:2] OpenTT3D: retired 1208588 cold OpenGL mesh bytes; 536738552 resident bytes / 597 meshes
[2026-10-04 12:46:12] dbg: [driver:2] OpenTT3D: retired 1149668 cold OpenGL mesh bytes; 536486504 resident bytes / 594 meshes
[2026-10-04 12:46:12] dbg: [driver:2] OpenTT3D: retired 1112160 cold OpenGL mesh bytes; 536667896 resident bytes / 593 meshes
[2026-10-04 12:46:12] dbg: [driver:2] OpenTT3D: retired 1565604 cold OpenGL mesh bytes; 536407060 resident bytes / 591 meshes
[2026-10-04 12:46:12] dbg: [driver:2] OpenTT3D: retired 1294528 cold OpenGL mesh bytes; 536242508 resident bytes / 590 meshes
[2026-10-04 12:46:12] dbg: [driver:2] OpenTT3D: retired 1171904 cold OpenGL mesh bytes; 536207136 resident bytes / 590 meshes
[2026-10-04 12:46:12] dbg: [driver:2] OpenTT3D: retired 2111500 cold OpenGL mesh bytes; 535269136 resident bytes / 590 meshes
[2026-10-04 12:46:13] dbg: [driver:2] OpenTT3D: retired 2625296 cold OpenGL mesh bytes; 535385316 resident bytes / 590 meshes
[2026-10-04 12:46:13] dbg: [driver:2] OpenTT3D: retired 2906672 cold OpenGL mesh bytes; 534775136 resident bytes / 592 meshes
[2026-10-04 12:46:14] dbg: [driver:2] OpenTT3D: retired 1256516 cold OpenGL mesh bytes; 536098724 resident bytes / 594 meshes
[2026-10-04 12:46:14] dbg: [driver:2] OpenTT3D: retired 3050604 cold OpenGL mesh bytes; 535725040 resident bytes / 592 meshes
[2026-10-04 12:46:14] dbg: [driver:2] OpenTT3D: retired 2011304 cold OpenGL mesh bytes; 536545576 resident bytes / 592 meshes
[2026-10-04 12:46:14] dbg: [driver:2] OpenTT3D: retired 3216484 cold OpenGL mesh bytes; 536006300 resident bytes / 591 meshes
[2026-10-04 12:46:14] dbg: [driver:2] OpenTT3D: retired 2437484 cold OpenGL mesh bytes; 536678912 resident bytes / 589 meshes
[2026-10-04 12:46:15] dbg: [driver:2] OpenTT3D: retired 3951188 cold OpenGL mesh bytes; 535862520 resident bytes / 583 meshes
[2026-10-04 12:46:15] dbg: [driver:2] OpenTT3D: retired 2728868 cold OpenGL mesh bytes; 536687748 resident bytes / 581 meshes
[2026-10-04 12:46:15] dbg: [driver:2] OpenTT3D: retired 5218632 cold OpenGL mesh bytes; 535759844 resident bytes / 577 meshes
[2026-10-04 12:46:15] dbg: [driver:2] OpenTT3D: retired 1813288 cold OpenGL mesh bytes; 536794788 resident bytes / 574 meshes
[2026-10-04 12:46:16] dbg: [driver:2] OpenTT3D: retired 2551388 cold OpenGL mesh bytes; 535495008 resident bytes / 573 meshes
[2026-10-04 12:46:16] dbg: [driver:2] OpenTT3D: retired 535500 cold OpenGL mesh bytes; 536511028 resident bytes / 573 meshes
[2026-10-04 12:46:16] dbg: [driver:2] OpenTT3D: retired 2012420 cold OpenGL mesh bytes; 536490888 resident bytes / 572 meshes
[2026-10-04 12:46:16] dbg: [driver:2] OpenTT3D: retired 72136 cold OpenGL mesh bytes; 536825752 resident bytes / 574 meshes
[2026-10-04 12:46:16] dbg: [driver:2] OpenTT3D: retired 591668 cold OpenGL mesh bytes; 536607932 resident bytes / 574 meshes
[2026-10-04 12:46:16] dbg: [driver:2] OpenTT3D: retired 652252 cold OpenGL mesh bytes; 536325976 resident bytes / 574 meshes
[2026-10-04 12:46:16] dbg: [driver:2] OpenTT3D: retired 1128104 cold OpenGL mesh bytes; 535938496 resident bytes / 574 meshes
[2026-10-04 12:46:17] dbg: [driver:2] OpenTT3D: retired 1544184 cold OpenGL mesh bytes; 536593840 resident bytes / 574 meshes
[2026-10-04 12:46:17] dbg: [driver:2] OpenTT3D: retired 2049904 cold OpenGL mesh bytes; 536524444 resident bytes / 567 meshes
[2026-10-04 12:46:17] dbg: [driver:2] OpenTT3D: retired 1855360 cold OpenGL mesh bytes; 536666924 resident bytes / 564 meshes
[2026-10-04 12:46:17] dbg: [driver:2] OpenTT3D: retired 2406656 cold OpenGL mesh bytes; 536263176 resident bytes / 561 meshes
[2026-10-04 12:46:17] dbg: [driver:2] OpenTT3D: retired 2847716 cold OpenGL mesh bytes; 535548884 resident bytes / 560 meshes
[2026-10-04 12:46:17] dbg: [driver:2] OpenTT3D: retired 3397728 cold OpenGL mesh bytes; 534211692 resident bytes / 560 meshes
[2026-10-04 12:46:18] dbg: [driver:2] OpenTT3D: retired 3922360 cold OpenGL mesh bytes; 534493992 resident bytes / 560 meshes
[2026-10-04 12:46:19] dbg: [driver:2] OpenTT3D: retired 3428000 cold OpenGL mesh bytes; 533688108 resident bytes / 572 meshes
[2026-10-04 12:46:19] dbg: [driver:2] OpenTT3D: retired 2530412 cold OpenGL mesh bytes; 535171776 resident bytes / 572 meshes
[2026-10-04 12:46:19] dbg: [driver:2] OpenTT3D: retired 2236452 cold OpenGL mesh bytes; 536345928 resident bytes / 572 meshes
[2026-10-04 12:46:19] dbg: [driver:2] OpenTT3D: retired 3129816 cold OpenGL mesh bytes; 535255740 resident bytes / 571 meshes
[2026-10-04 12:46:20] dbg: [driver:2] OpenTT3D: retired 2434220 cold OpenGL mesh bytes; 534539228 resident bytes / 572 meshes
[2026-10-04 12:46:20] dbg: [driver:2] OpenTT3D: retired 1251728 cold OpenGL mesh bytes; 535757336 resident bytes / 574 meshes
[2026-10-04 12:46:20] dbg: [driver:2] OpenTT3D: retired 1204684 cold OpenGL mesh bytes; 536645084 resident bytes / 572 meshes
[2026-10-04 12:46:20] dbg: [driver:2] OpenTT3D: retired 2737120 cold OpenGL mesh bytes; 536719328 resident bytes / 563 meshes
[2026-10-04 12:46:20] dbg: [driver:2] OpenTT3D: retired 2881356 cold OpenGL mesh bytes; 536737588 resident bytes / 558 meshes
[2026-10-04 12:46:21] dbg: [driver:2] OpenTT3D: retired 5671480 cold OpenGL mesh bytes; 534307084 resident bytes / 552 meshes
[2026-10-04 12:46:21] dbg: [driver:2] OpenTT3D: retired 919396 cold OpenGL mesh bytes; 536595736 resident bytes / 550 meshes
[2026-10-04 12:46:21] dbg: [driver:2] OpenTT3D: retired 4305188 cold OpenGL mesh bytes; 536588704 resident bytes / 539 meshes
[2026-10-04 12:46:22] dbg: [driver:2] OpenTT3D: retired 1128288 cold OpenGL mesh bytes; 536114828 resident bytes / 537 meshes
[2026-10-04 12:46:22] dbg: [driver:2] OpenTT3D: retired 1010296 cold OpenGL mesh bytes; 536636796 resident bytes / 536 meshes
[2026-10-04 12:46:22] dbg: [driver:2] OpenTT3D: retired 1231436 cold OpenGL mesh bytes; 536301452 resident bytes / 534 meshes
[2026-10-04 12:46:22] dbg: [driver:2] OpenTT3D: retired 2422816 cold OpenGL mesh bytes; 536838496 resident bytes / 532 meshes
[2026-10-04 12:46:23] dbg: [driver:2] OpenTT3D: retired 3414164 cold OpenGL mesh bytes; 536758540 resident bytes / 522 meshes
[2026-10-04 12:46:23] dbg: [driver:2] OpenTT3D: retired 6918688 cold OpenGL mesh bytes; 535290036 resident bytes / 518 meshes
[2026-10-04 12:46:23] dbg: [driver:2] OpenTT3D: retired 6207560 cold OpenGL mesh bytes; 535244356 resident bytes / 515 meshes
[2026-10-04 12:46:24] dbg: [driver:2] OpenTT3D: retired 2924664 cold OpenGL mesh bytes; 536719128 resident bytes / 515 meshes
[2026-10-04 12:46:24] dbg: [driver:2] OpenTT3D: retired 3481844 cold OpenGL mesh bytes; 536185856 resident bytes / 514 meshes
[2026-10-04 12:46:24] dbg: [driver:2] OpenTT3D: retired 2844488 cold OpenGL mesh bytes; 536168428 resident bytes / 513 meshes
[2026-10-04 12:46:24] dbg: [driver:2] OpenTT3D: retired 3346156 cold OpenGL mesh bytes; 534146148 resident bytes / 513 meshes
[2026-10-04 12:46:25] dbg: [driver:2] OpenTT3D: retired 117012 cold OpenGL mesh bytes; 536794644 resident bytes / 516 meshes
[2026-10-04 12:46:25] dbg: [driver:2] OpenTT3D: retired 251312 cold OpenGL mesh bytes; 536720156 resident bytes / 516 meshes
[2026-10-04 12:46:25] dbg: [driver:2] OpenTT3D: retired 617836 cold OpenGL mesh bytes; 536862348 resident bytes / 514 meshes
[2026-10-04 12:46:25] dbg: [driver:2] OpenTT3D: retired 926308 cold OpenGL mesh bytes; 536756792 resident bytes / 512 meshes
[2026-10-04 12:46:25] dbg: [driver:2] OpenTT3D: retired 332504 cold OpenGL mesh bytes; 536701904 resident bytes / 511 meshes
[2026-10-04 12:46:25] dbg: [driver:2] OpenTT3D: retired 547312 cold OpenGL mesh bytes; 536742452 resident bytes / 510 meshes
[2026-10-04 12:46:25] dbg: [driver:2] OpenTT3D: retired 1790672 cold OpenGL mesh bytes; 536486460 resident bytes / 509 meshes
[2026-10-04 12:46:25] dbg: [driver:2] OpenTT3D: retired 655216 cold OpenGL mesh bytes; 536661668 resident bytes / 508 meshes
[2026-10-04 12:46:26] dbg: [driver:2] OpenTT3D: retired 1391824 cold OpenGL mesh bytes; 535537768 resident bytes / 508 meshes
[2026-10-04 12:46:26] dbg: [driver:2] OpenTT3D: retired 1711328 cold OpenGL mesh bytes; 535303608 resident bytes / 508 meshes
[2026-10-04 12:46:26] dbg: [driver:2] OpenTT3D: retired 1623996 cold OpenGL mesh bytes; 535765060 resident bytes / 510 meshes
[2026-10-04 12:46:26] dbg: [driver:2] OpenTT3D: retired 1572560 cold OpenGL mesh bytes; 535511764 resident bytes / 512 meshes
[2026-10-04 12:46:27] dbg: [driver:2] OpenTT3D: retired 586148 cold OpenGL mesh bytes; 536751916 resident bytes / 514 meshes
[2026-10-04 12:46:27] dbg: [driver:2] OpenTT3D: retired 469552 cold OpenGL mesh bytes; 536551972 resident bytes / 513 meshes
[2026-10-04 12:46:27] dbg: [driver:2] OpenTT3D: retired 606548 cold OpenGL mesh bytes; 536367932 resident bytes / 513 meshes
[2026-10-04 12:46:27] dbg: [driver:2] OpenTT3D: retired 606548 cold OpenGL mesh bytes; 536388920 resident bytes / 514 meshes
[2026-10-04 12:46:27] dbg: [driver:2] OpenTT3D: retired 303520 cold OpenGL mesh bytes; 536655552 resident bytes / 514 meshes
[2026-10-04 12:46:27] dbg: [driver:2] OpenTT3D: retired 3276112 cold OpenGL mesh bytes; 533760920 resident bytes / 514 meshes
[2026-10-04 12:46:27] dbg: [driver:2] OpenTT3D: retired 3276112 cold OpenGL mesh bytes; 535693104 resident bytes / 516 meshes
[2026-10-04 12:46:28] dbg: [driver:2] OpenTT3D: retired 1628432 cold OpenGL mesh bytes; 536060616 resident bytes / 516 meshes
[2026-10-04 12:46:28] dbg: [driver:2] OpenTT3D: retired 27380948 cold OpenGL mesh bytes; 535933356 resident bytes / 493 meshes
[2026-10-04 12:46:30] dbg: [driver:2] OpenTT3D: retired 34855068 cold OpenGL mesh bytes; 536692216 resident bytes / 465 meshes
[2026-10-04 12:46:33] dbg: [driver:2] OpenTT3D: retired 31008808 cold OpenGL mesh bytes; 536445192 resident bytes / 449 meshes
[2026-10-04 12:46:35] dbg: [driver:2] OpenTT3D: retired 1745196 cold OpenGL mesh bytes; 536090916 resident bytes / 449 meshes
[2026-10-04 12:46:35] dbg: [driver:2] OpenTT3D: retired 3019980 cold OpenGL mesh bytes; 534465672 resident bytes / 449 meshes
[2026-10-04 12:46:36] dbg: [driver:2] OpenTT3D: retired 2197004 cold OpenGL mesh bytes; 535261484 resident bytes / 451 meshes
[2026-10-04 12:46:36] dbg: [driver:2] OpenTT3D: retired 1175596 cold OpenGL mesh bytes; 536501116 resident bytes / 453 meshes
[2026-10-04 12:46:36] dbg: [driver:2] OpenTT3D: retired 1253348 cold OpenGL mesh bytes; 536576524 resident bytes / 454 meshes
[2026-10-04 12:46:36] dbg: [driver:2] OpenTT3D: retired 900468 cold OpenGL mesh bytes; 536172124 resident bytes / 454 meshes
[2026-10-04 12:46:37] dbg: [driver:2] OpenTT3D: retired 1529524 cold OpenGL mesh bytes; 535398748 resident bytes / 455 meshes
[2026-10-04 12:46:37] dbg: [driver:2] OpenTT3D: retired 5607060 cold OpenGL mesh bytes; 536001320 resident bytes / 455 meshes
[2026-10-04 12:46:37] dbg: [driver:2] OpenTT3D: retired 6554676 cold OpenGL mesh bytes; 535651252 resident bytes / 452 meshes
[2026-10-04 12:46:37] dbg: [driver:2] OpenTT3D: retired 1847816 cold OpenGL mesh bytes; 535149100 resident bytes / 452 meshes
[2026-10-04 12:46:38] dbg: [driver:2] OpenTT3D: retired 2114888 cold OpenGL mesh bytes; 536196840 resident bytes / 451 meshes
[2026-10-04 12:46:38] dbg: [driver:2] OpenTT3D: retired 734688 cold OpenGL mesh bytes; 536497712 resident bytes / 451 meshes
[2026-10-04 12:46:38] dbg: [driver:2] OpenTT3D: retired 1642668 cold OpenGL mesh bytes; 535281348 resident bytes / 451 meshes
[2026-10-04 12:46:38] dbg: [driver:2] OpenTT3D: retired 4469724 cold OpenGL mesh bytes; 532736760 resident bytes / 452 meshes
[2026-10-04 12:46:39] dbg: [driver:2] OpenTT3D: retired 3842916 cold OpenGL mesh bytes; 533847320 resident bytes / 457 meshes
[2026-10-04 12:46:39] dbg: [driver:2] OpenTT3D: retired 1337656 cold OpenGL mesh bytes; 535984636 resident bytes / 461 meshes
[2026-10-04 12:46:39] dbg: [driver:2] OpenTT3D: retired 2758792 cold OpenGL mesh bytes; 534183396 resident bytes / 462 meshes
[2026-10-04 12:46:40] dbg: [driver:2] OpenTT3D: retired 2403968 cold OpenGL mesh bytes; 534768396 resident bytes / 468 meshes
[2026-10-04 12:46:40] dbg: [driver:2] OpenTT3D: retired 1302524 cold OpenGL mesh bytes; 535582024 resident bytes / 470 meshes
[2026-10-04 12:46:40] dbg: [driver:2] OpenTT3D: retired 1142740 cold OpenGL mesh bytes; 535753364 resident bytes / 472 meshes
[2026-10-04 12:46:41] dbg: [driver:2] OpenTT3D: retired 787916 cold OpenGL mesh bytes; 536210812 resident bytes / 476 meshes
[2026-10-04 12:46:41] dbg: [driver:2] OpenTT3D: retired 1591044 cold OpenGL mesh bytes; 535313668 resident bytes / 477 meshes
[2026-10-04 12:46:41] dbg: [driver:2] OpenTT3D: retired 3552180 cold OpenGL mesh bytes; 533531432 resident bytes / 481 meshes
[2026-10-04 12:46:42] dbg: [driver:2] OpenTT3D: retired 2980844 cold OpenGL mesh bytes; 534256892 resident bytes / 488 meshes
[2026-10-04 12:46:42] dbg: [driver:2] OpenTT3D: retired 1142196 cold OpenGL mesh bytes; 536329940 resident bytes / 491 meshes
[2026-10-04 12:46:42] dbg: [driver:2] OpenTT3D: retired 2477340 cold OpenGL mesh bytes; 535452832 resident bytes / 489 meshes
[2026-10-04 12:46:42] dbg: [driver:2] OpenTT3D: retired 2740264 cold OpenGL mesh bytes; 535452360 resident bytes / 491 meshes
[2026-10-04 12:46:43] dbg: [driver:2] OpenTT3D: retired 2112192 cold OpenGL mesh bytes; 535090156 resident bytes / 492 meshes
[2026-10-04 12:46:43] dbg: [driver:2] OpenTT3D: retired 1529524 cold OpenGL mesh bytes; 535364440 resident bytes / 494 meshes
[2026-10-04 12:46:43] dbg: [driver:2] OpenTT3D: retired 2835656 cold OpenGL mesh bytes; 534101344 resident bytes / 494 meshes
[2026-10-04 12:46:43] dbg: [driver:2] OpenTT3D: retired 2097080 cold OpenGL mesh bytes; 536122128 resident bytes / 495 meshes
[2026-10-04 12:46:44] dbg: [driver:2] OpenTT3D: retired 4541488 cold OpenGL mesh bytes; 534067140 resident bytes / 496 meshes
[2026-10-04 12:46:44] dbg: [driver:2] OpenTT3D: retired 2196004 cold OpenGL mesh bytes; 534948968 resident bytes / 497 meshes
[2026-10-04 12:46:44] dbg: [driver:2] OpenTT3D: retired 2179780 cold OpenGL mesh bytes; 535706500 resident bytes / 499 meshes
[2026-10-04 12:46:45] dbg: [driver:2] OpenTT3D: retired 1649568 cold OpenGL mesh bytes; 535685364 resident bytes / 499 meshes
[2026-10-04 12:46:45] dbg: [driver:2] OpenTT3D: retired 1576088 cold OpenGL mesh bytes; 536849820 resident bytes / 500 meshes
[2026-10-04 12:46:45] dbg: [driver:2] OpenTT3D: retired 2030904 cold OpenGL mesh bytes; 536440804 resident bytes / 496 meshes
[2026-10-04 12:46:45] dbg: [driver:2] OpenTT3D: retired 456420 cold OpenGL mesh bytes; 536595344 resident bytes / 496 meshes
[2026-10-04 12:46:45] dbg: [driver:2] OpenTT3D: retired 936360 cold OpenGL mesh bytes; 535951688 resident bytes / 496 meshes
[2026-10-04 12:46:45] dbg: [driver:2] OpenTT3D: retired 1095760 cold OpenGL mesh bytes; 536472628 resident bytes / 496 meshes
[2026-10-04 12:46:45] dbg: [driver:2] OpenTT3D: retired 2957640 cold OpenGL mesh bytes; 536791100 resident bytes / 492 meshes
[2026-10-04 12:46:46] dbg: [driver:2] OpenTT3D: retired 4571548 cold OpenGL mesh bytes; 535495664 resident bytes / 488 meshes
[2026-10-04 12:46:46] dbg: [driver:2] OpenTT3D: retired 1732268 cold OpenGL mesh bytes; 535180224 resident bytes / 490 meshes
[2026-10-04 12:46:46] dbg: [driver:2] OpenTT3D: retired 836632 cold OpenGL mesh bytes; 536216952 resident bytes / 493 meshes
[2026-10-04 12:46:47] dbg: [driver:2] OpenTT3D: retired 1526700 cold OpenGL mesh bytes; 536215384 resident bytes / 494 meshes
[2026-10-04 12:46:47] dbg: [driver:2] OpenTT3D: retired 1006828 cold OpenGL mesh bytes; 536259124 resident bytes / 496 meshes
[2026-10-04 12:46:47] dbg: [driver:2] OpenTT3D: retired 1215996 cold OpenGL mesh bytes; 536068832 resident bytes / 498 meshes
[2026-10-04 12:46:47] dbg: [driver:2] OpenTT3D: retired 353012 cold OpenGL mesh bytes; 536749936 resident bytes / 499 meshes
[2026-10-04 12:46:47] dbg: [driver:2] OpenTT3D: retired 190732 cold OpenGL mesh bytes; 536815916 resident bytes / 499 meshes
[2026-10-04 12:46:47] dbg: [driver:2] OpenTT3D: retired 616576 cold OpenGL mesh bytes; 536742252 resident bytes / 499 meshes
[2026-10-04 12:46:47] dbg: [driver:2] OpenTT3D: retired 2360016 cold OpenGL mesh bytes; 536654640 resident bytes / 496 meshes
[2026-10-04 12:46:48] dbg: [driver:2] OpenTT3D: retired 2188112 cold OpenGL mesh bytes; 536002232 resident bytes / 495 meshes
[2026-10-04 12:46:48] dbg: [driver:2] OpenTT3D: retired 2334040 cold OpenGL mesh bytes; 536396612 resident bytes / 493 meshes
[2026-10-04 12:46:48] dbg: [driver:2] OpenTT3D: retired 1262232 cold OpenGL mesh bytes; 536661404 resident bytes / 491 meshes
[2026-10-04 12:46:48] dbg: [driver:2] OpenTT3D: retired 487232 cold OpenGL mesh bytes; 536618268 resident bytes / 491 meshes
[2026-10-04 12:46:48] dbg: [driver:2] OpenTT3D: retired 485472 cold OpenGL mesh bytes; 536484844 resident bytes / 492 meshes
[2026-10-04 12:46:48] dbg: [driver:2] OpenTT3D: retired 1463136 cold OpenGL mesh bytes; 536413532 resident bytes / 490 meshes
[2026-10-04 12:46:49] dbg: [driver:2] OpenTT3D: retired 2630040 cold OpenGL mesh bytes; 536781224 resident bytes / 485 meshes
[2026-10-04 12:46:49] dbg: [driver:2] OpenTT3D: retired 2808128 cold OpenGL mesh bytes; 536846080 resident bytes / 480 meshes
[2026-10-04 12:46:49] dbg: [driver:2] OpenTT3D: retired 471232 cold OpenGL mesh bytes; 536515816 resident bytes / 480 meshes
[2026-10-04 12:46:49] dbg: [driver:2] OpenTT3D: retired 3253120 cold OpenGL mesh bytes; 536410516 resident bytes / 475 meshes
[2026-10-04 12:46:50] dbg: [driver:2] OpenTT3D: retired 3015920 cold OpenGL mesh bytes; 536735472 resident bytes / 469 meshes
[2026-10-04 12:46:50] dbg: [driver:2] OpenTT3D: retired 2602136 cold OpenGL mesh bytes; 536756888 resident bytes / 464 meshes
[2026-10-04 12:46:50] dbg: [driver:2] OpenTT3D: retired 478912 cold OpenGL mesh bytes; 536394988 resident bytes / 464 meshes
[2026-10-04 12:46:50] dbg: [driver:2] OpenTT3D: retired 3238048 cold OpenGL mesh bytes; 536724032 resident bytes / 459 meshes
[2026-10-04 12:46:50] dbg: [driver:2] OpenTT3D: retired 2378904 cold OpenGL mesh bytes; 536348868 resident bytes / 455 meshes
[2026-10-04 12:46:51] dbg: [driver:2] OpenTT3D: retired 1316296 cold OpenGL mesh bytes; 536602704 resident bytes / 453 meshes
[2026-10-04 12:46:51] dbg: [driver:2] OpenTT3D: retired 531552 cold OpenGL mesh bytes; 536475520 resident bytes / 454 meshes
[2026-10-04 12:46:51] dbg: [driver:2] OpenTT3D: retired 1854888 cold OpenGL mesh bytes; 536624372 resident bytes / 451 meshes
[2026-10-04 12:46:51] dbg: [driver:2] OpenTT3D: retired 3027700 cold OpenGL mesh bytes; 535493336 resident bytes / 444 meshes
[2026-10-04 12:46:51] dbg: [driver:2] OpenTT3D: retired 3840336 cold OpenGL mesh bytes; 533173556 resident bytes / 444 meshes
[2026-10-04 12:46:52] dbg: [driver:2] OpenTT3D: retired 699232 cold OpenGL mesh bytes; 536294960 resident bytes / 452 meshes
[2026-10-04 12:46:52] dbg: [driver:2] OpenTT3D: retired 358204 cold OpenGL mesh bytes; 536755052 resident bytes / 454 meshes
[2026-10-04 12:46:52] dbg: [driver:2] OpenTT3D: retired 475508 cold OpenGL mesh bytes; 536555368 resident bytes / 454 meshes
[2026-10-04 12:46:52] dbg: [driver:2] OpenTT3D: retired 934344 cold OpenGL mesh bytes; 536732756 resident bytes / 454 meshes
[2026-10-04 12:46:52] dbg: [driver:2] OpenTT3D: retired 380496 cold OpenGL mesh bytes; 536500200 resident bytes / 454 meshes
[2026-10-04 12:46:53] dbg: [driver:2] OpenTT3D: retired 2180144 cold OpenGL mesh bytes; 536556508 resident bytes / 449 meshes
[2026-10-04 12:46:53] dbg: [driver:2] OpenTT3D: retired 2340456 cold OpenGL mesh bytes; 536650272 resident bytes / 442 meshes
[2026-10-04 12:46:53] dbg: [driver:2] OpenTT3D: retired 2450448 cold OpenGL mesh bytes; 536795000 resident bytes / 435 meshes
[2026-10-04 12:46:53] dbg: [driver:2] OpenTT3D: retired 577128 cold OpenGL mesh bytes; 536752512 resident bytes / 434 meshes
[2026-10-04 12:46:53] dbg: [driver:2] OpenTT3D: retired 3428668 cold OpenGL mesh bytes; 536721572 resident bytes / 430 meshes
[2026-10-04 12:46:54] dbg: [driver:2] OpenTT3D: retired 2402432 cold OpenGL mesh bytes; 536818808 resident bytes / 428 meshes
[2026-10-04 12:46:54] dbg: [driver:2] OpenTT3D: retired 372844 cold OpenGL mesh bytes; 536794012 resident bytes / 427 meshes
[2026-10-04 12:46:54] dbg: [driver:2] OpenTT3D: retired 2729632 cold OpenGL mesh bytes; 536594792 resident bytes / 416 meshes
[2026-10-04 12:46:54] dbg: [driver:2] OpenTT3D: retired 3751688 cold OpenGL mesh bytes; 536271104 resident bytes / 407 meshes
[2026-10-04 12:46:54] dbg: [driver:2] OpenTT3D: retired 2955368 cold OpenGL mesh bytes; 536641832 resident bytes / 405 meshes
[2026-10-04 12:46:55] dbg: [driver:2] OpenTT3D: retired 1127780 cold OpenGL mesh bytes; 536110316 resident bytes / 405 meshes
[2026-10-04 12:46:55] dbg: [driver:2] OpenTT3D: retired 1411848 cold OpenGL mesh bytes; 535950196 resident bytes / 405 meshes
[2026-10-04 12:46:55] dbg: [driver:2] OpenTT3D: retired 694112 cold OpenGL mesh bytes; 536224320 resident bytes / 405 meshes
[2026-10-04 12:46:55] dbg: [driver:2] OpenTT3D: retired 1244056 cold OpenGL mesh bytes; 536418684 resident bytes / 405 meshes
[2026-10-04 12:46:55] dbg: [driver:2] OpenTT3D: retired 1713920 cold OpenGL mesh bytes; 535806268 resident bytes / 405 meshes
[2026-10-04 12:46:56] dbg: [driver:2] OpenTT3D: retired 1026724 cold OpenGL mesh bytes; 535913312 resident bytes / 406 meshes
[2026-10-04 12:46:56] dbg: [driver:2] OpenTT3D: retired 1021432 cold OpenGL mesh bytes; 536016728 resident bytes / 408 meshes
[2026-10-04 12:46:56] dbg: [driver:2] OpenTT3D: retired 843844 cold OpenGL mesh bytes; 536293252 resident bytes / 410 meshes
[2026-10-04 12:46:56] dbg: [driver:2] OpenTT3D: retired 771188 cold OpenGL mesh bytes; 536733876 resident bytes / 411 meshes
[2026-10-04 12:46:56] dbg: [driver:2] OpenTT3D: retired 476992 cold OpenGL mesh bytes; 536531072 resident bytes / 411 meshes
[2026-10-04 12:46:56] dbg: [driver:2] OpenTT3D: retired 1132604 cold OpenGL mesh bytes; 536780168 resident bytes / 410 meshes
[2026-10-04 12:46:56] dbg: [driver:2] OpenTT3D: retired 1150392 cold OpenGL mesh bytes; 536799464 resident bytes / 408 meshes
[2026-10-04 12:46:57] dbg: [driver:2] OpenTT3D: retired 791176 cold OpenGL mesh bytes; 536549592 resident bytes / 407 meshes
[2026-10-04 12:46:57] dbg: [driver:2] OpenTT3D: retired 926176 cold OpenGL mesh bytes; 536862916 resident bytes / 406 meshes
[2026-10-04 12:46:57] dbg: [driver:2] OpenTT3D: retired 1596288 cold OpenGL mesh bytes; 536039548 resident bytes / 406 meshes
[2026-10-04 12:46:57] dbg: [driver:2] OpenTT3D: retired 206700 cold OpenGL mesh bytes; 536674356 resident bytes / 407 meshes
[2026-10-04 12:46:57] dbg: [driver:2] OpenTT3D: retired 1409456 cold OpenGL mesh bytes; 535570908 resident bytes / 407 meshes
[2026-10-04 12:46:57] dbg: [driver:2] OpenTT3D: retired 3036972 cold OpenGL mesh bytes; 536869444 resident bytes / 406 meshes
[2026-10-04 12:46:57] dbg: [driver:2] OpenTT3D: retired 380296 cold OpenGL mesh bytes; 536865724 resident bytes / 406 meshes
[2026-10-04 12:46:58] dbg: [driver:2] OpenTT3D: retired 557092 cold OpenGL mesh bytes; 536549516 resident bytes / 406 meshes
[2026-10-04 12:46:58] dbg: [driver:2] OpenTT3D: retired 363636 cold OpenGL mesh bytes; 536700620 resident bytes / 407 meshes
[2026-10-04 12:46:58] dbg: [driver:2] OpenTT3D: retired 673828 cold OpenGL mesh bytes; 536314072 resident bytes / 407 meshes
[2026-10-04 12:46:58] dbg: [driver:2] OpenTT3D: retired 219428 cold OpenGL mesh bytes; 536680324 resident bytes / 408 meshes
[2026-10-04 12:46:58] dbg: [driver:2] OpenTT3D: retired 440356 cold OpenGL mesh bytes; 536462020 resident bytes / 408 meshes
[2026-10-04 12:46:58] dbg: [driver:2] OpenTT3D: retired 438324 cold OpenGL mesh bytes; 536465020 resident bytes / 410 meshes
[2026-10-04 12:46:58] dbg: [driver:2] OpenTT3D: retired 3393484 cold OpenGL mesh bytes; 534970092 resident bytes / 409 meshes
[2026-10-04 12:46:59] dbg: [driver:2] OpenTT3D: retired 21826624 cold OpenGL mesh bytes; 515515492 resident bytes / 412 meshes
[2026-10-04 12:47:01] dbg: [driver:2] OpenTT3D: retired 6057472 cold OpenGL mesh bytes; 531380748 resident bytes / 436 meshes
[2026-10-04 12:47:02] dbg: [driver:2] OpenTT3D: retired 2740696 cold OpenGL mesh bytes; 535314920 resident bytes / 437 meshes
[2026-10-04 12:47:03] dbg: [driver:2] OpenTT3D: retired 4245060 cold OpenGL mesh bytes; 533836500 resident bytes / 424 meshes
[2026-10-04 12:47:03] dbg: [driver:2] OpenTT3D: retired 8553520 cold OpenGL mesh bytes; 529369528 resident bytes / 426 meshes
[2026-10-04 12:47:05] dbg: [driver:2] OpenTT3D: retired 9565328 cold OpenGL mesh bytes; 528344608 resident bytes / 431 meshes
[2026-10-04 12:47:08] dbg: [driver:2] OpenTT3D: retired 815800 cold OpenGL mesh bytes; 536528052 resident bytes / 435 meshes
[2026-10-04 12:47:08] dbg: [driver:2] OpenTT3D: retired 1284216 cold OpenGL mesh bytes; 535819540 resident bytes / 436 meshes
[2026-10-04 12:47:09] dbg: [driver:2] OpenTT3D: retired 771004 cold OpenGL mesh bytes; 536790868 resident bytes / 435 meshes
[2026-10-04 12:47:09] dbg: [driver:2] OpenTT3D: retired 1102016 cold OpenGL mesh bytes; 536589320 resident bytes / 434 meshes
[2026-10-04 12:47:09] dbg: [driver:2] OpenTT3D: retired 1470528 cold OpenGL mesh bytes; 536372140 resident bytes / 433 meshes
[2026-10-04 12:47:09] dbg: [driver:2] OpenTT3D: retired 821596 cold OpenGL mesh bytes; 536425952 resident bytes / 432 meshes
[2026-10-04 12:47:09] dbg: [driver:2] OpenTT3D: retired 1935068 cold OpenGL mesh bytes; 536686888 resident bytes / 426 meshes
[2026-10-04 12:47:09] dbg: [driver:2] OpenTT3D: retired 2757864 cold OpenGL mesh bytes; 536827068 resident bytes / 425 meshes
[2026-10-04 12:47:10] dbg: [driver:2] OpenTT3D: retired 3303196 cold OpenGL mesh bytes; 535720876 resident bytes / 425 meshes
[2026-10-04 12:47:10] dbg: [driver:2] OpenTT3D: retired 2844904 cold OpenGL mesh bytes; 535895952 resident bytes / 424 meshes
[2026-10-04 12:47:10] dbg: [driver:2] OpenTT3D: retired 1528420 cold OpenGL mesh bytes; 536479724 resident bytes / 421 meshes
[2026-10-04 12:47:10] dbg: [driver:2] OpenTT3D: retired 3079332 cold OpenGL mesh bytes; 536140656 resident bytes / 419 meshes
[2026-10-04 12:47:11] dbg: [driver:2] OpenTT3D: retired 1171792 cold OpenGL mesh bytes; 536161836 resident bytes / 419 meshes
[2026-10-04 12:47:11] dbg: [driver:2] OpenTT3D: retired 1457708 cold OpenGL mesh bytes; 536275932 resident bytes / 418 meshes
[2026-10-04 12:47:11] dbg: [driver:2] OpenTT3D: retired 705692 cold OpenGL mesh bytes; 536852600 resident bytes / 418 meshes
[2026-10-04 12:47:11] dbg: [driver:2] OpenTT3D: retired 2052596 cold OpenGL mesh bytes; 536449572 resident bytes / 417 meshes
[2026-10-04 12:47:11] dbg: [driver:2] OpenTT3D: retired 1672828 cold OpenGL mesh bytes; 535758144 resident bytes / 417 meshes
[2026-10-04 12:47:12] dbg: [driver:2] OpenTT3D: retired 3548140 cold OpenGL mesh bytes; 536249040 resident bytes / 417 meshes
[2026-10-04 12:47:12] dbg: [driver:2] OpenTT3D: retired 3586260 cold OpenGL mesh bytes; 536214960 resident bytes / 414 meshes
[2026-10-04 12:47:12] dbg: [driver:2] OpenTT3D: retired 3437140 cold OpenGL mesh bytes; 536620736 resident bytes / 412 meshes
[2026-10-04 12:47:13] dbg: [driver:2] OpenTT3D: retired 4744776 cold OpenGL mesh bytes; 536345684 resident bytes / 409 meshes
[2026-10-04 12:47:13] dbg: [driver:2] OpenTT3D: retired 1405788 cold OpenGL mesh bytes; 536811336 resident bytes / 408 meshes
[2026-10-04 12:47:13] dbg: [driver:2] OpenTT3D: retired 4501680 cold OpenGL mesh bytes; 536602028 resident bytes / 403 meshes
[2026-10-04 12:47:14] dbg: [driver:2] OpenTT3D: retired 4387524 cold OpenGL mesh bytes; 535776532 resident bytes / 401 meshes
[2026-10-04 12:47:14] dbg: [driver:2] OpenTT3D: retired 5509048 cold OpenGL mesh bytes; 534254276 resident bytes / 401 meshes
[2026-10-04 12:47:14] dbg: [driver:2] OpenTT3D: retired 3110096 cold OpenGL mesh bytes; 534233700 resident bytes / 401 meshes
[2026-10-04 12:47:14] dbg: [driver:2] OpenTT3D: retired 3134796 cold OpenGL mesh bytes; 535407836 resident bytes / 402 meshes
[2026-10-04 12:47:15] dbg: [driver:2] OpenTT3D: retired 3554096 cold OpenGL mesh bytes; 535911088 resident bytes / 402 meshes
[2026-10-04 12:47:15] dbg: [driver:2] OpenTT3D: retired 4290728 cold OpenGL mesh bytes; 534706940 resident bytes / 403 meshes
[2026-10-04 12:47:15] dbg: [driver:2] OpenTT3D: retired 2848232 cold OpenGL mesh bytes; 534268028 resident bytes / 403 meshes
[2026-10-04 12:47:16] dbg: [driver:2] OpenTT3D: retired 1251608 cold OpenGL mesh bytes; 535736480 resident bytes / 405 meshes
[2026-10-04 12:47:16] dbg: [driver:2] OpenTT3D: retired 3543800 cold OpenGL mesh bytes; 535076788 resident bytes / 405 meshes
[2026-10-04 12:47:16] dbg: [driver:2] OpenTT3D: retired 780848 cold OpenGL mesh bytes; 536706788 resident bytes / 402 meshes
[2026-10-04 12:47:17] dbg: [driver:2] OpenTT3D: retired 3310448 cold OpenGL mesh bytes; 536497952 resident bytes / 400 meshes
[2026-10-04 12:47:17] dbg: [driver:2] OpenTT3D: retired 1980508 cold OpenGL mesh bytes; 535501552 resident bytes / 400 meshes
[2026-10-04 12:47:17] dbg: [driver:2] OpenTT3D: retired 1997840 cold OpenGL mesh bytes; 536215760 resident bytes / 401 meshes
[2026-10-04 12:47:17] dbg: [driver:2] OpenTT3D: retired 2002908 cold OpenGL mesh bytes; 535148728 resident bytes / 401 meshes
[2026-10-04 12:47:17] dbg: [driver:2] OpenTT3D: retired 2133424 cold OpenGL mesh bytes; 534987964 resident bytes / 403 meshes
[2026-10-04 12:47:18] dbg: [driver:2] OpenTT3D: retired 2060536 cold OpenGL mesh bytes; 535641556 resident bytes / 405 meshes
[2026-10-04 12:47:18] dbg: [driver:2] OpenTT3D: retired 2149208 cold OpenGL mesh bytes; 535007912 resident bytes / 407 meshes
[2026-10-04 12:47:18] dbg: [driver:2] OpenTT3D: retired 2055452 cold OpenGL mesh bytes; 535545960 resident bytes / 409 meshes
[2026-10-04 12:47:19] dbg: [driver:2] OpenTT3D: retired 1503708 cold OpenGL mesh bytes; 536810308 resident bytes / 404 meshes
[2026-10-04 12:47:19] dbg: [driver:2] OpenTT3D: retired 685116 cold OpenGL mesh bytes; 536662464 resident bytes / 402 meshes
[2026-10-04 12:47:19] dbg: [driver:2] OpenTT3D: retired 4447372 cold OpenGL mesh bytes; 534575872 resident bytes / 402 meshes
[2026-10-04 12:47:19] dbg: [driver:2] OpenTT3D: retired 3410604 cold OpenGL mesh bytes; 534544388 resident bytes / 404 meshes
[2026-10-04 12:47:20] dbg: [driver:2] OpenTT3D: retired 2039628 cold OpenGL mesh bytes; 535545196 resident bytes / 406 meshes
[2026-10-04 12:47:20] dbg: [driver:2] OpenTT3D: retired 1168808 cold OpenGL mesh bytes; 536130488 resident bytes / 408 meshes
[2026-10-04 12:47:20] dbg: [driver:2] OpenTT3D: retired 548900 cold OpenGL mesh bytes; 536855912 resident bytes / 410 meshes
[2026-10-04 12:47:20] dbg: [driver:2] OpenTT3D: retired 198832 cold OpenGL mesh bytes; 536714576 resident bytes / 410 meshes
[2026-10-04 12:47:20] dbg: [driver:2] OpenTT3D: retired 859564 cold OpenGL mesh bytes; 536522428 resident bytes / 410 meshes
[2026-10-04 12:47:21] dbg: [driver:2] OpenTT3D: retired 1411440 cold OpenGL mesh bytes; 536516468 resident bytes / 410 meshes
[2026-10-04 12:47:21] dbg: [driver:2] OpenTT3D: retired 2092432 cold OpenGL mesh bytes; 535103692 resident bytes / 410 meshes
[2026-10-04 12:47:21] dbg: [driver:2] OpenTT3D: retired 2811364 cold OpenGL mesh bytes; 535053820 resident bytes / 420 meshes
[2026-10-04 12:47:22] dbg: [driver:2] OpenTT3D: retired 2899616 cold OpenGL mesh bytes; 534546492 resident bytes / 425 meshes
[2026-10-04 12:47:22] dbg: [driver:2] OpenTT3D: retired 3240976 cold OpenGL mesh bytes; 534819208 resident bytes / 428 meshes
[2026-10-04 12:47:22] dbg: [driver:2] OpenTT3D: retired 3208048 cold OpenGL mesh bytes; 534173268 resident bytes / 430 meshes
[2026-10-04 12:47:23] dbg: [driver:2] OpenTT3D: retired 4298156 cold OpenGL mesh bytes; 532794352 resident bytes / 431 meshes
[2026-10-04 12:47:23] dbg: [driver:2] OpenTT3D: retired 654412 cold OpenGL mesh bytes; 536686564 resident bytes / 435 meshes
[2026-10-04 12:47:23] dbg: [driver:2] OpenTT3D: retired 1532264 cold OpenGL mesh bytes; 535911452 resident bytes / 435 meshes
[2026-10-04 12:47:24] dbg: [driver:2] OpenTT3D: retired 896092 cold OpenGL mesh bytes; 536569980 resident bytes / 435 meshes
[2026-10-04 12:47:24] dbg: [driver:2] OpenTT3D: retired 401656 cold OpenGL mesh bytes; 536617660 resident bytes / 435 meshes
[2026-10-04 12:47:24] dbg: [driver:2] OpenTT3D: retired 2558204 cold OpenGL mesh bytes; 534620012 resident bytes / 435 meshes
[2026-10-04 12:47:24] dbg: [driver:2] OpenTT3D: retired 3334208 cold OpenGL mesh bytes; 533597576 resident bytes / 436 meshes
[2026-10-04 12:47:24] dbg: [driver:2] OpenTT3D: retired 5450184 cold OpenGL mesh bytes; 531589896 resident bytes / 439 meshes
[2026-10-04 12:47:25] dbg: [driver:2] OpenTT3D: retired 6161880 cold OpenGL mesh bytes; 530946652 resident bytes / 445 meshes
[2026-10-04 12:47:26] dbg: [driver:2] OpenTT3D: retired 4399436 cold OpenGL mesh bytes; 532763068 resident bytes / 453 meshes
[2026-10-04 12:47:27] dbg: [driver:2] OpenTT3D: retired 2948572 cold OpenGL mesh bytes; 533963288 resident bytes / 459 meshes
[2026-10-04 12:47:27] dbg: [driver:2] OpenTT3D: retired 2827060 cold OpenGL mesh bytes; 534397872 resident bytes / 463 meshes
[2026-10-04 12:47:27] dbg: [driver:2] OpenTT3D: retired 1323876 cold OpenGL mesh bytes; 535874540 resident bytes / 467 meshes
[2026-10-04 12:47:28] dbg: [driver:2] OpenTT3D: retired 1247644 cold OpenGL mesh bytes; 536363684 resident bytes / 468 meshes
[2026-10-04 12:47:28] dbg: [driver:2] OpenTT3D: retired 813280 cold OpenGL mesh bytes; 536715764 resident bytes / 469 meshes
[2026-10-04 12:47:28] dbg: [driver:2] OpenTT3D: retired 704584 cold OpenGL mesh bytes; 536426816 resident bytes / 469 meshes
[2026-10-04 12:47:28] dbg: [driver:2] OpenTT3D: retired 936852 cold OpenGL mesh bytes; 536189368 resident bytes / 468 meshes
[2026-10-04 12:47:28] dbg: [driver:2] OpenTT3D: retired 820752 cold OpenGL mesh bytes; 536189192 resident bytes / 469 meshes
[2026-10-04 12:47:28] dbg: [driver:2] OpenTT3D: retired 865476 cold OpenGL mesh bytes; 536435876 resident bytes / 469 meshes
[2026-10-04 12:47:28] dbg: [driver:2] OpenTT3D: retired 1534680 cold OpenGL mesh bytes; 535714412 resident bytes / 470 meshes
[2026-10-04 12:47:29] dbg: [driver:2] OpenTT3D: retired 830424 cold OpenGL mesh bytes; 536380384 resident bytes / 474 meshes
[2026-10-04 12:47:29] dbg: [driver:2] OpenTT3D: retired 267924 cold OpenGL mesh bytes; 536811704 resident bytes / 474 meshes
[2026-10-04 12:47:29] dbg: [driver:2] OpenTT3D: retired 543564 cold OpenGL mesh bytes; 536676064 resident bytes / 474 meshes
[2026-10-04 12:47:29] dbg: [driver:2] OpenTT3D: retired 933604 cold OpenGL mesh bytes; 536152872 resident bytes / 474 meshes
[2026-10-04 12:47:29] dbg: [driver:2] OpenTT3D: retired 785544 cold OpenGL mesh bytes; 536468328 resident bytes / 473 meshes
[2026-10-04 12:47:29] dbg: [driver:2] OpenTT3D: retired 1575964 cold OpenGL mesh bytes; 536825260 resident bytes / 471 meshes
[2026-10-04 12:47:29] dbg: [driver:2] OpenTT3D: retired 1349676 cold OpenGL mesh bytes; 536849008 resident bytes / 469 meshes
[2026-10-04 12:47:29] dbg: [driver:2] OpenTT3D: retired 1519828 cold OpenGL mesh bytes; 536430180 resident bytes / 467 meshes
[2026-10-04 12:47:29] dbg: [driver:2] OpenTT3D: retired 1889804 cold OpenGL mesh bytes; 536551680 resident bytes / 463 meshes
[2026-10-04 12:47:29] dbg: [driver:2] OpenTT3D: retired 3353628 cold OpenGL mesh bytes; 536166216 resident bytes / 461 meshes
[2026-10-04 12:47:30] dbg: [driver:2] OpenTT3D: retired 2236148 cold OpenGL mesh bytes; 536197372 resident bytes / 462 meshes
[2026-10-04 12:47:30] dbg: [driver:2] OpenTT3D: retired 1995944 cold OpenGL mesh bytes; 535691472 resident bytes / 462 meshes
[2026-10-04 12:47:30] dbg: [driver:2] OpenTT3D: retired 27253688 cold OpenGL mesh bytes; 509856876 resident bytes / 464 meshes
[2026-10-04 12:47:33] dbg: [driver:2] OpenTT3D: retired 35613928 cold OpenGL mesh bytes; 502405648 resident bytes / 492 meshes
[2026-10-04 12:47:38] dbg: [driver:2] OpenTT3D: retired 30761784 cold OpenGL mesh bytes; 506544344 resident bytes / 544 meshes
[2026-10-04 12:47:41] dbg: [driver:2] OpenTT3D: retired 2785656 cold OpenGL mesh bytes; 536586628 resident bytes / 580 meshes
[2026-10-04 12:47:41] dbg: [driver:2] OpenTT3D: retired 3346368 cold OpenGL mesh bytes; 536698480 resident bytes / 577 meshes
[2026-10-04 12:47:42] dbg: [driver:2] OpenTT3D: retired 3390432 cold OpenGL mesh bytes; 536769172 resident bytes / 574 meshes
[2026-10-04 12:47:42] dbg: [driver:2] OpenTT3D: retired 7461848 cold OpenGL mesh bytes; 532756280 resident bytes / 569 meshes
[2026-10-04 12:47:43] dbg: [driver:2] OpenTT3D: retired 6204608 cold OpenGL mesh bytes; 533461736 resident bytes / 570 meshes
[2026-10-04 12:47:43] dbg: [driver:2] OpenTT3D: retired 1345664 cold OpenGL mesh bytes; 536818668 resident bytes / 572 meshes
[2026-10-04 12:47:43] dbg: [driver:2] OpenTT3D: retired 3162628 cold OpenGL mesh bytes; 535152104 resident bytes / 572 meshes
[2026-10-04 12:47:44] dbg: [driver:2] OpenTT3D: retired 2459940 cold OpenGL mesh bytes; 535922576 resident bytes / 571 meshes
[2026-10-04 12:47:44] dbg: [driver:2] OpenTT3D: retired 927060 cold OpenGL mesh bytes; 536749088 resident bytes / 571 meshes
[2026-10-04 12:47:44] dbg: [driver:2] OpenTT3D: retired 2532232 cold OpenGL mesh bytes; 536073080 resident bytes / 569 meshes
[2026-10-04 12:47:44] dbg: [driver:2] OpenTT3D: retired 660088 cold OpenGL mesh bytes; 536317184 resident bytes / 569 meshes
[2026-10-04 12:47:44] dbg: [driver:2] OpenTT3D: retired 932000 cold OpenGL mesh bytes; 536479164 resident bytes / 569 meshes
[2026-10-04 12:47:44] dbg: [driver:2] OpenTT3D: retired 1058524 cold OpenGL mesh bytes; 536794640 resident bytes / 569 meshes
[2026-10-04 12:47:45] dbg: [driver:2] OpenTT3D: retired 2343532 cold OpenGL mesh bytes; 536375844 resident bytes / 567 meshes
[2026-10-04 12:47:45] dbg: [driver:2] OpenTT3D: retired 902072 cold OpenGL mesh bytes; 536225296 resident bytes / 568 meshes
[2026-10-04 12:47:45] dbg: [driver:2] OpenTT3D: retired 584752 cold OpenGL mesh bytes; 536698576 resident bytes / 570 meshes
[2026-10-04 12:47:45] dbg: [driver:2] OpenTT3D: retired 947052 cold OpenGL mesh bytes; 536310020 resident bytes / 569 meshes
[2026-10-04 12:47:45] dbg: [driver:2] OpenTT3D: retired 599540 cold OpenGL mesh bytes; 536363488 resident bytes / 570 meshes
[2026-10-04 12:47:45] dbg: [driver:2] OpenTT3D: retired 1492608 cold OpenGL mesh bytes; 536642744 resident bytes / 567 meshes
[2026-10-04 12:47:45] dbg: [driver:2] OpenTT3D: retired 1029792 cold OpenGL mesh bytes; 536677188 resident bytes / 566 meshes
[2026-10-04 12:47:46] dbg: [driver:2] OpenTT3D: retired 703784 cold OpenGL mesh bytes; 536272380 resident bytes / 566 meshes
[2026-10-04 12:47:46] dbg: [driver:2] OpenTT3D: retired 705144 cold OpenGL mesh bytes; 536353436 resident bytes / 566 meshes
[2026-10-04 12:47:46] dbg: [driver:2] OpenTT3D: retired 1788292 cold OpenGL mesh bytes; 536838500 resident bytes / 562 meshes
[2026-10-04 12:47:46] dbg: [driver:2] OpenTT3D: retired 245808 cold OpenGL mesh bytes; 536852200 resident bytes / 562 meshes
[2026-10-04 12:47:46] dbg: [driver:2] OpenTT3D: retired 1219244 cold OpenGL mesh bytes; 536582448 resident bytes / 559 meshes
[2026-10-04 12:47:46] dbg: [driver:2] OpenTT3D: retired 421428 cold OpenGL mesh bytes; 536664652 resident bytes / 559 meshes
[2026-10-04 12:47:46] dbg: [driver:2] OpenTT3D: retired 425268 cold OpenGL mesh bytes; 536566744 resident bytes / 559 meshes
[2026-10-04 12:47:46] dbg: [driver:2] OpenTT3D: retired 343540 cold OpenGL mesh bytes; 536527628 resident bytes / 559 meshes
[2026-10-04 12:47:46] dbg: [driver:2] OpenTT3D: retired 1643144 cold OpenGL mesh bytes; 536823480 resident bytes / 556 meshes
[2026-10-04 12:47:46] dbg: [driver:2] OpenTT3D: retired 618192 cold OpenGL mesh bytes; 536420052 resident bytes / 556 meshes
[2026-10-04 12:47:47] dbg: [driver:2] OpenTT3D: retired 661456 cold OpenGL mesh bytes; 536722472 resident bytes / 555 meshes
[2026-10-04 12:47:47] dbg: [driver:2] OpenTT3D: retired 530432 cold OpenGL mesh bytes; 536391912 resident bytes / 557 meshes
[2026-10-04 12:47:47] dbg: [driver:2] OpenTT3D: retired 832788 cold OpenGL mesh bytes; 536039112 resident bytes / 557 meshes
[2026-10-04 12:47:47] dbg: [driver:2] OpenTT3D: retired 843540 cold OpenGL mesh bytes; 536158428 resident bytes / 558 meshes
[2026-10-04 12:47:47] dbg: [driver:2] OpenTT3D: retired 842756 cold OpenGL mesh bytes; 536073564 resident bytes / 560 meshes
[2026-10-04 12:47:47] dbg: [driver:2] OpenTT3D: retired 393240 cold OpenGL mesh bytes; 536805836 resident bytes / 563 meshes
[2026-10-04 12:47:47] dbg: [driver:2] OpenTT3D: retired 1135708 cold OpenGL mesh bytes; 536095228 resident bytes / 563 meshes
[2026-10-04 12:47:48] dbg: [driver:2] OpenTT3D: retired 1600232 cold OpenGL mesh bytes; 535391060 resident bytes / 564 meshes
[2026-10-04 12:47:48] dbg: [driver:2] OpenTT3D: retired 1221000 cold OpenGL mesh bytes; 536340376 resident bytes / 567 meshes
[2026-10-04 12:47:48] dbg: [driver:2] OpenTT3D: retired 1518792 cold OpenGL mesh bytes; 535769996 resident bytes / 568 meshes
[2026-10-04 12:47:48] dbg: [driver:2] OpenTT3D: retired 1749988 cold OpenGL mesh bytes; 535422008 resident bytes / 569 meshes
[2026-10-04 12:47:48] dbg: [driver:2] OpenTT3D: retired 1313868 cold OpenGL mesh bytes; 535681788 resident bytes / 571 meshes
[2026-10-04 12:47:49] dbg: [driver:2] OpenTT3D: retired 489940 cold OpenGL mesh bytes; 536761388 resident bytes / 572 meshes
[2026-10-04 12:47:49] dbg: [driver:2] OpenTT3D: retired 1572560 cold OpenGL mesh bytes; 535658204 resident bytes / 572 meshes
[2026-10-04 12:47:49] dbg: [driver:2] OpenTT3D: retired 2172280 cold OpenGL mesh bytes; 535138612 resident bytes / 574 meshes
[2026-10-04 12:47:49] dbg: [driver:2] OpenTT3D: retired 1945584 cold OpenGL mesh bytes; 535199556 resident bytes / 576 meshes
[2026-10-04 12:47:50] dbg: [driver:2] OpenTT3D: retired 314220 cold OpenGL mesh bytes; 536805924 resident bytes / 578 meshes
[2026-10-04 12:47:50] dbg: [driver:2] OpenTT3D: retired 2172280 cold OpenGL mesh bytes; 535140608 resident bytes / 578 meshes
[2026-10-04 12:47:50] dbg: [driver:2] OpenTT3D: retired 2363184 cold OpenGL mesh bytes; 534806168 resident bytes / 580 meshes
[2026-10-04 12:47:50] dbg: [driver:2] OpenTT3D: retired 714648 cold OpenGL mesh bytes; 536494196 resident bytes / 584 meshes
[2026-10-04 12:47:50] dbg: [driver:2] OpenTT3D: retired 207436 cold OpenGL mesh bytes; 536781216 resident bytes / 584 meshes
[2026-10-04 12:47:50] dbg: [driver:2] OpenTT3D: retired 2729876 cold OpenGL mesh bytes; 534558408 resident bytes / 582 meshes
[2026-10-04 12:47:51] dbg: [driver:2] OpenTT3D: retired 1628432 cold OpenGL mesh bytes; 535587004 resident bytes / 586 meshes
[2026-10-04 12:47:51] dbg: [driver:2] OpenTT3D: retired 2740544 cold OpenGL mesh bytes; 535652784 resident bytes / 585 meshes
[2026-10-04 12:47:51] dbg: [driver:2] OpenTT3D: retired 1621888 cold OpenGL mesh bytes; 535700992 resident bytes / 587 meshes
[2026-10-04 12:47:51] dbg: [driver:2] OpenTT3D: retired 610960 cold OpenGL mesh bytes; 536301060 resident bytes / 588 meshes
[2026-10-04 12:47:52] dbg: [driver:2] OpenTT3D: retired 292704 cold OpenGL mesh bytes; 536716240 resident bytes / 588 meshes
[2026-10-04 12:47:52] dbg: [driver:2] OpenTT3D: retired 1616700 cold OpenGL mesh bytes; 536626096 resident bytes / 589 meshes
[2026-10-04 12:47:52] dbg: [driver:2] OpenTT3D: retired 3276112 cold OpenGL mesh bytes; 534457908 resident bytes / 589 meshes
[2026-10-04 12:47:52] dbg: [driver:2] OpenTT3D: retired 3276112 cold OpenGL mesh bytes; 534652284 resident bytes / 595 meshes
[2026-10-04 12:47:52] dbg: [driver:2] OpenTT3D: retired 606548 cold OpenGL mesh bytes; 536359156 resident bytes / 596 meshes
[2026-10-04 12:47:53] dbg: [driver:2] OpenTT3D: retired 810280 cold OpenGL mesh bytes; 536580364 resident bytes / 595 meshes
[2026-10-04 12:47:53] dbg: [driver:2] OpenTT3D: retired 303520 cold OpenGL mesh bytes; 536585068 resident bytes / 595 meshes
[2026-10-04 12:47:53] dbg: [driver:2] OpenTT3D: retired 672156 cold OpenGL mesh bytes; 536387888 resident bytes / 594 meshes
[2026-10-04 12:47:53] dbg: [driver:2] OpenTT3D: retired 897684 cold OpenGL mesh bytes; 535973820 resident bytes / 594 meshes
[2026-10-04 12:47:53] dbg: [driver:2] OpenTT3D: retired 565696 cold OpenGL mesh bytes; 536357996 resident bytes / 595 meshes
[2026-10-04 12:47:53] dbg: [driver:2] OpenTT3D: retired 959436 cold OpenGL mesh bytes; 536350032 resident bytes / 595 meshes
[2026-10-04 12:47:53] dbg: [driver:2] OpenTT3D: retired 1050568 cold OpenGL mesh bytes; 536256696 resident bytes / 594 meshes
[2026-10-04 12:47:53] dbg: [driver:2] OpenTT3D: retired 401552 cold OpenGL mesh bytes; 536811576 resident bytes / 594 meshes
[2026-10-04 12:47:53] dbg: [driver:2] OpenTT3D: retired 624152 cold OpenGL mesh bytes; 536653600 resident bytes / 594 meshes
[2026-10-04 12:47:53] dbg: [driver:2] OpenTT3D: retired 506196 cold OpenGL mesh bytes; 536621420 resident bytes / 594 meshes
[2026-10-04 12:47:54] dbg: [driver:2] OpenTT3D: retired 261444 cold OpenGL mesh bytes; 536827992 resident bytes / 594 meshes
[2026-10-04 12:47:54] dbg: [driver:2] OpenTT3D: retired 523188 cold OpenGL mesh bytes; 536777780 resident bytes / 593 meshes
[2026-10-04 12:47:54] dbg: [driver:2] OpenTT3D: retired 542912 cold OpenGL mesh bytes; 536717044 resident bytes / 592 meshes
[2026-10-04 12:47:54] dbg: [driver:2] OpenTT3D: retired 2272404 cold OpenGL mesh bytes; 534914976 resident bytes / 592 meshes
[2026-10-04 12:47:54] dbg: [driver:2] OpenTT3D: retired 1535704 cold OpenGL mesh bytes; 535707096 resident bytes / 596 meshes
[2026-10-04 12:47:54] dbg: [driver:2] OpenTT3D: retired 113688 cold OpenGL mesh bytes; 536841248 resident bytes / 598 meshes
[2026-10-04 12:47:54] dbg: [driver:2] OpenTT3D: retired 2614732 cold OpenGL mesh bytes; 534642916 resident bytes / 597 meshes
[2026-10-04 12:47:55] dbg: [driver:2] OpenTT3D: retired 1527024 cold OpenGL mesh bytes; 535607732 resident bytes / 602 meshes
[2026-10-04 12:47:55] dbg: [driver:2] OpenTT3D: retired 444096 cold OpenGL mesh bytes; 536825876 resident bytes / 605 meshes
[2026-10-04 12:47:55] dbg: [driver:2] OpenTT3D: retired 1743872 cold OpenGL mesh bytes; 535495604 resident bytes / 603 meshes
[2026-10-04 12:47:55] dbg: [driver:2] OpenTT3D: retired 2997732 cold OpenGL mesh bytes; 534144272 resident bytes / 606 meshes
[2026-10-04 12:47:56] dbg: [driver:2] OpenTT3D: retired 2872984 cold OpenGL mesh bytes; 534170968 resident bytes / 612 meshes
[2026-10-04 12:47:56] dbg: [driver:2] OpenTT3D: retired 364124 cold OpenGL mesh bytes; 536703068 resident bytes / 618 meshes
[2026-10-04 12:47:56] dbg: [driver:2] OpenTT3D: retired 2924664 cold OpenGL mesh bytes; 534058548 resident bytes / 618 meshes
[2026-10-04 12:47:57] dbg: [driver:2] OpenTT3D: retired 3340876 cold OpenGL mesh bytes; 533640948 resident bytes / 629 meshes
[2026-10-04 12:47:57] dbg: [driver:2] OpenTT3D: retired 2623552 cold OpenGL mesh bytes; 534256004 resident bytes / 637 meshes
[2026-10-04 12:47:58] dbg: [driver:2] OpenTT3D: retired 117012 cold OpenGL mesh bytes; 536781788 resident bytes / 651 meshes
[2026-10-04 12:47:58] dbg: [driver:2] OpenTT3D: retired 220936 cold OpenGL mesh bytes; 536723760 resident bytes / 652 meshes
[2026-10-04 12:47:58] dbg: [driver:2] OpenTT3D: retired 3346156 cold OpenGL mesh bytes; 533537616 resident bytes / 653 meshes
[2026-10-04 12:47:59] dbg: [driver:2] OpenTT3D: retired 2003740 cold OpenGL mesh bytes; 535006564 resident bytes / 669 meshes
[2026-10-04 12:48:00] dbg: [driver:2] OpenTT3D: retired 1570132 cold OpenGL mesh bytes; 535437984 resident bytes / 677 meshes
[2026-10-04 12:48:00] dbg: [driver:2] OpenTT3D: retired 228800 cold OpenGL mesh bytes; 536833912 resident bytes / 679 meshes
[2026-10-04 12:48:00] dbg: [driver:2] OpenTT3D: retired 2179308 cold OpenGL mesh bytes; 535173028 resident bytes / 678 meshes
[2026-10-04 12:48:00] dbg: [driver:2] OpenTT3D: retired 1896664 cold OpenGL mesh bytes; 535452716 resident bytes / 681 meshes
[2026-10-04 12:48:01] dbg: [driver:2] OpenTT3D: retired 1520556 cold OpenGL mesh bytes; 535628352 resident bytes / 683 meshes
[2026-10-04 12:48:01] dbg: [driver:2] OpenTT3D: retired 2290132 cold OpenGL mesh bytes; 535173788 resident bytes / 683 meshes
[2026-10-04 12:48:01] dbg: [driver:2] OpenTT3D: retired 333732 cold OpenGL mesh bytes; 536571912 resident bytes / 685 meshes
[2026-10-04 12:48:01] dbg: [driver:2] OpenTT3D: retired 545576 cold OpenGL mesh bytes; 536659280 resident bytes / 684 meshes
[2026-10-04 12:48:01] dbg: [driver:2] OpenTT3D: retired 321944 cold OpenGL mesh bytes; 536852392 resident bytes / 683 meshes
[2026-10-04 12:48:01] dbg: [driver:2] OpenTT3D: retired 882596 cold OpenGL mesh bytes; 536599724 resident bytes / 681 meshes
[2026-10-04 12:48:01] dbg: [driver:2] OpenTT3D: retired 264952 cold OpenGL mesh bytes; 536846236 resident bytes / 681 meshes
[2026-10-04 12:48:01] dbg: [driver:2] OpenTT3D: retired 1387556 cold OpenGL mesh bytes; 536085016 resident bytes / 678 meshes
[2026-10-04 12:48:02] dbg: [driver:2] OpenTT3D: retired 2384392 cold OpenGL mesh bytes; 534940828 resident bytes / 678 meshes
[2026-10-04 12:48:02] dbg: [driver:2] OpenTT3D: retired 2434220 cold OpenGL mesh bytes; 534969240 resident bytes / 681 meshes
[2026-10-04 12:48:02] dbg: [driver:2] OpenTT3D: retired 2595176 cold OpenGL mesh bytes; 534619816 resident bytes / 684 meshes
[2026-10-04 12:48:03] dbg: [driver:2] OpenTT3D: retired 534640 cold OpenGL mesh bytes; 536419508 resident bytes / 687 meshes
[2026-10-04 12:48:03] dbg: [driver:2] OpenTT3D: retired 3397728 cold OpenGL mesh bytes; 533627508 resident bytes / 687 meshes
[2026-10-04 12:48:03] dbg: [driver:2] OpenTT3D: retired 2499668 cold OpenGL mesh bytes; 535162100 resident bytes / 691 meshes
[2026-10-04 12:48:04] dbg: [driver:2] OpenTT3D: retired 2878460 cold OpenGL mesh bytes; 534824412 resident bytes / 692 meshes
[2026-10-04 12:48:04] dbg: [driver:2] OpenTT3D: retired 3428000 cold OpenGL mesh bytes; 533785560 resident bytes / 695 meshes
[2026-10-04 12:48:04] dbg: [driver:2] OpenTT3D: retired 3326096 cold OpenGL mesh bytes; 533563992 resident bytes / 700 meshes
[2026-10-04 12:48:05] dbg: [driver:2] OpenTT3D: retired 596264 cold OpenGL mesh bytes; 536737776 resident bytes / 706 meshes
[2026-10-04 12:48:05] dbg: [driver:2] OpenTT3D: retired 1251728 cold OpenGL mesh bytes; 535874416 resident bytes / 706 meshes
[2026-10-04 12:48:05] dbg: [driver:2] OpenTT3D: retired 968236 cold OpenGL mesh bytes; 535973468 resident bytes / 707 meshes
[2026-10-04 12:48:05] dbg: [driver:2] OpenTT3D: retired 444420 cold OpenGL mesh bytes; 536590464 resident bytes / 708 meshes
[2026-10-04 12:48:05] dbg: [driver:2] OpenTT3D: retired 994000 cold OpenGL mesh bytes; 536272528 resident bytes / 707 meshes
[2026-10-04 12:48:05] dbg: [driver:2] OpenTT3D: retired 1101504 cold OpenGL mesh bytes; 536241792 resident bytes / 707 meshes
[2026-10-04 12:48:06] dbg: [driver:2] OpenTT3D: retired 952692 cold OpenGL mesh bytes; 536353836 resident bytes / 708 meshes
[2026-10-04 12:48:06] dbg: [driver:2] OpenTT3D: retired 542272 cold OpenGL mesh bytes; 536870588 resident bytes / 707 meshes
[2026-10-04 12:48:06] dbg: [driver:2] OpenTT3D: retired 763652 cold OpenGL mesh bytes; 536712720 resident bytes / 707 meshes
[2026-10-04 12:48:06] dbg: [driver:2] OpenTT3D: retired 1120368 cold OpenGL mesh bytes; 536195120 resident bytes / 705 meshes
[2026-10-04 12:48:06] dbg: [driver:2] OpenTT3D: retired 362988 cold OpenGL mesh bytes; 536842692 resident bytes / 705 meshes
[2026-10-04 12:48:06] dbg: [driver:2] OpenTT3D: retired 848824 cold OpenGL mesh bytes; 536634836 resident bytes / 705 meshes
[2026-10-04 12:48:06] dbg: [driver:2] OpenTT3D: retired 1655888 cold OpenGL mesh bytes; 535606236 resident bytes / 704 meshes
[2026-10-04 12:48:06] dbg: [driver:2] OpenTT3D: retired 1169688 cold OpenGL mesh bytes; 535834568 resident bytes / 705 meshes
[2026-10-04 12:48:07] dbg: [driver:2] OpenTT3D: retired 541304 cold OpenGL mesh bytes; 536527112 resident bytes / 706 meshes
[2026-10-04 12:48:07] dbg: [driver:2] OpenTT3D: retired 1239500 cold OpenGL mesh bytes; 535925020 resident bytes / 706 meshes
[2026-10-04 12:48:07] dbg: [driver:2] OpenTT3D: retired 772920 cold OpenGL mesh bytes; 536156932 resident bytes / 707 meshes
[2026-10-04 12:48:07] dbg: [driver:2] OpenTT3D: retired 535500 cold OpenGL mesh bytes; 536721060 resident bytes / 708 meshes
[2026-10-04 12:48:07] dbg: [driver:2] OpenTT3D: retired 612016 cold OpenGL mesh bytes; 536630328 resident bytes / 707 meshes
[2026-10-04 12:48:07] dbg: [driver:2] OpenTT3D: retired 387712 cold OpenGL mesh bytes; 536794552 resident bytes / 707 meshes
[2026-10-04 12:48:07] dbg: [driver:2] OpenTT3D: retired 3947796 cold OpenGL mesh bytes; 533320272 resident bytes / 706 meshes
[2026-10-04 12:48:08] dbg: [driver:2] OpenTT3D: retired 376576 cold OpenGL mesh bytes; 536823408 resident bytes / 712 meshes
[2026-10-04 12:48:08] dbg: [driver:2] OpenTT3D: retired 755624 cold OpenGL mesh bytes; 536712736 resident bytes / 710 meshes
[2026-10-04 12:48:08] dbg: [driver:2] OpenTT3D: retired 578080 cold OpenGL mesh bytes; 536776224 resident bytes / 709 meshes
[2026-10-04 12:48:08] dbg: [driver:2] OpenTT3D: retired 715856 cold OpenGL mesh bytes; 536699520 resident bytes / 707 meshes
[2026-10-04 12:48:08] dbg: [driver:2] OpenTT3D: retired 596772 cold OpenGL mesh bytes; 536653052 resident bytes / 705 meshes
[2026-10-04 12:48:08] dbg: [driver:2] OpenTT3D: retired 1544184 cold OpenGL mesh bytes; 535656156 resident bytes / 705 meshes
[2026-10-04 12:48:08] dbg: [driver:2] OpenTT3D: retired 1015904 cold OpenGL mesh bytes; 536262580 resident bytes / 707 meshes
[2026-10-04 12:48:09] dbg: [driver:2] OpenTT3D: retired 2088240 cold OpenGL mesh bytes; 536675364 resident bytes / 704 meshes
[2026-10-04 12:48:09] dbg: [driver:2] OpenTT3D: retired 543352 cold OpenGL mesh bytes; 536827448 resident bytes / 704 meshes
[2026-10-04 12:48:09] dbg: [driver:2] OpenTT3D: retired 1924836 cold OpenGL mesh bytes; 536574148 resident bytes / 700 meshes
[2026-10-04 12:48:09] dbg: [driver:2] OpenTT3D: retired 543688 cold OpenGL mesh bytes; 536833784 resident bytes / 700 meshes
[2026-10-04 12:48:09] dbg: [driver:2] OpenTT3D: retired 1364092 cold OpenGL mesh bytes; 536437328 resident bytes / 697 meshes
[2026-10-04 12:48:09] dbg: [driver:2] OpenTT3D: retired 1626044 cold OpenGL mesh bytes; 536185960 resident bytes / 695 meshes
[2026-10-04 12:48:10] dbg: [driver:2] OpenTT3D: retired 1337656 cold OpenGL mesh bytes; 535605312 resident bytes / 696 meshes
[2026-10-04 12:48:10] dbg: [driver:2] OpenTT3D: retired 787916 cold OpenGL mesh bytes; 536311344 resident bytes / 696 meshes
[2026-10-04 12:48:10] dbg: [driver:2] OpenTT3D: retired 3546708 cold OpenGL mesh bytes; 534700536 resident bytes / 696 meshes
[2026-10-04 12:48:10] dbg: [driver:2] OpenTT3D: retired 2758792 cold OpenGL mesh bytes; 534958732 resident bytes / 697 meshes
[2026-10-04 12:48:11] dbg: [driver:2] OpenTT3D: retired 2097080 cold OpenGL mesh bytes; 535642596 resident bytes / 698 meshes
[2026-10-04 12:48:11] dbg: [driver:2] OpenTT3D: retired 2835656 cold OpenGL mesh bytes; 534328240 resident bytes / 698 meshes
[2026-10-04 12:48:11] dbg: [driver:2] OpenTT3D: retired 1824788 cold OpenGL mesh bytes; 535177744 resident bytes / 699 meshes
[2026-10-04 12:48:11] dbg: [driver:2] OpenTT3D: retired 4304116 cold OpenGL mesh bytes; 535151744 resident bytes / 699 meshes
[2026-10-04 12:48:12] dbg: [driver:2] OpenTT3D: retired 2370752 cold OpenGL mesh bytes; 534690960 resident bytes / 700 meshes
[2026-10-04 12:48:12] dbg: [driver:2] OpenTT3D: retired 1175596 cold OpenGL mesh bytes; 536479908 resident bytes / 700 meshes
[2026-10-04 12:48:12] dbg: [driver:2] OpenTT3D: retired 5677592 cold OpenGL mesh bytes; 535717980 resident bytes / 697 meshes
[2026-10-04 12:48:12] dbg: [driver:2] OpenTT3D: retired 5254296 cold OpenGL mesh bytes; 536696900 resident bytes / 694 meshes
[2026-10-04 12:48:13] dbg: [driver:2] OpenTT3D: retired 1643444 cold OpenGL mesh bytes; 535461240 resident bytes / 694 meshes
[2026-10-04 12:48:13] dbg: [driver:2] OpenTT3D: retired 1642668 cold OpenGL mesh bytes; 535550616 resident bytes / 697 meshes
[2026-10-04 12:48:13] dbg: [driver:2] OpenTT3D: retired 1529524 cold OpenGL mesh bytes; 535624060 resident bytes / 700 meshes
[2026-10-04 12:48:14] dbg: [driver:2] OpenTT3D: retired 1419148 cold OpenGL mesh bytes; 535597424 resident bytes / 703 meshes
[2026-10-04 12:48:14] dbg: [driver:2] OpenTT3D: retired 1642668 cold OpenGL mesh bytes; 536542452 resident bytes / 706 meshes
[2026-10-04 12:48:14] dbg: [driver:2] OpenTT3D: retired 1871072 cold OpenGL mesh bytes; 535492568 resident bytes / 706 meshes
[2026-10-04 12:48:14] dbg: [driver:2] OpenTT3D: retired 2536832 cold OpenGL mesh bytes; 535768344 resident bytes / 708 meshes
[2026-10-04 12:48:15] dbg: [driver:2] OpenTT3D: retired 293728 cold OpenGL mesh bytes; 536715136 resident bytes / 711 meshes
[2026-10-04 12:48:15] dbg: [driver:2] OpenTT3D: retired 281976 cold OpenGL mesh bytes; 536631176 resident bytes / 711 meshes
[2026-10-04 12:48:15] dbg: [driver:2] OpenTT3D: retired 734688 cold OpenGL mesh bytes; 536672804 resident bytes / 711 meshes
[2026-10-04 12:48:15] dbg: [driver:2] OpenTT3D: retired 1007644 cold OpenGL mesh bytes; 536326576 resident bytes / 711 meshes
[2026-10-04 12:48:15] dbg: [driver:2] OpenTT3D: retired 900468 cold OpenGL mesh bytes; 536079004 resident bytes / 711 meshes
[2026-10-04 12:48:15] dbg: [driver:2] OpenTT3D: retired 1253348 cold OpenGL mesh bytes; 535671028 resident bytes / 713 meshes
[2026-10-04 12:48:15] dbg: [driver:2] OpenTT3D: retired 875408 cold OpenGL mesh bytes; 536163212 resident bytes / 714 meshes
[2026-10-04 12:48:15] dbg: [driver:2] OpenTT3D: retired 2196004 cold OpenGL mesh bytes; 535438116 resident bytes / 717 meshes
[2026-10-04 12:48:16] dbg: [driver:2] OpenTT3D: retired 2898044 cold OpenGL mesh bytes; 534186436 resident bytes / 720 meshes
[2026-10-04 12:48:16] dbg: [driver:2] OpenTT3D: retired 2197004 cold OpenGL mesh bytes; 535482060 resident bytes / 722 meshes
[2026-10-04 12:48:16] dbg: [driver:2] OpenTT3D: retired 3019980 cold OpenGL mesh bytes; 534398652 resident bytes / 722 meshes
[2026-10-04 12:48:17] dbg: [driver:2] OpenTT3D: retired 2112192 cold OpenGL mesh bytes; 535887904 resident bytes / 723 meshes
[2026-10-04 12:48:17] dbg: [driver:2] OpenTT3D: retired 2740264 cold OpenGL mesh bytes; 534658508 resident bytes / 723 meshes
[2026-10-04 12:48:17] dbg: [driver:2] OpenTT3D: retired 1192972 cold OpenGL mesh bytes; 535870936 resident bytes / 724 meshes
[2026-10-04 12:48:17] dbg: [driver:2] OpenTT3D: retired 1571804 cold OpenGL mesh bytes; 535511812 resident bytes / 726 meshes
[2026-10-04 12:48:18] dbg: [driver:2] OpenTT3D: retired 1282360 cold OpenGL mesh bytes; 535913852 resident bytes / 729 meshes
[2026-10-04 12:48:18] dbg: [driver:2] OpenTT3D: retired 1649568 cold OpenGL mesh bytes; 535238764 resident bytes / 729 meshes
[2026-10-04 12:48:18] dbg: [driver:2] OpenTT3D: retired 981400 cold OpenGL mesh bytes; 536163012 resident bytes / 729 meshes
[2026-10-04 12:48:18] dbg: [driver:2] OpenTT3D: retired 4039036 cold OpenGL mesh bytes; 535420024 resident bytes / 727 meshes
[2026-10-04 12:48:18] dbg: [driver:2] OpenTT3D: retired 7395096 cold OpenGL mesh bytes; 534545488 resident bytes / 726 meshes
[2026-10-04 12:48:19] dbg: [driver:2] OpenTT3D: retired 4469724 cold OpenGL mesh bytes; 535320584 resident bytes / 726 meshes
[2026-10-04 12:48:19] dbg: [driver:2] OpenTT3D: retired 6163812 cold OpenGL mesh bytes; 533548788 resident bytes / 725 meshes
[2026-10-04 12:48:19] dbg: [driver:2] OpenTT3D: retired 3562028 cold OpenGL mesh bytes; 533573052 resident bytes / 725 meshes
[2026-10-04 12:48:20] dbg: [driver:2] OpenTT3D: retired 3986792 cold OpenGL mesh bytes; 534129800 resident bytes / 725 meshes
[2026-10-04 12:48:20] dbg: [driver:2] OpenTT3D: retired 3089520 cold OpenGL mesh bytes; 534911364 resident bytes / 727 meshes
[2026-10-04 12:48:21] dbg: [driver:2] OpenTT3D: retired 4308932 cold OpenGL mesh bytes; 533514664 resident bytes / 727 meshes
[2026-10-04 12:48:21] dbg: [driver:2] OpenTT3D: retired 4057348 cold OpenGL mesh bytes; 536493948 resident bytes / 727 meshes
[2026-10-04 12:48:21] dbg: [driver:2] OpenTT3D: retired 5495900 cold OpenGL mesh bytes; 536019780 resident bytes / 725 meshes
[2026-10-04 12:48:22] dbg: [driver:2] OpenTT3D: retired 5604168 cold OpenGL mesh bytes; 536529980 resident bytes / 721 meshes
[2026-10-04 12:48:22] dbg: [driver:2] OpenTT3D: retired 2410848 cold OpenGL mesh bytes; 534512372 resident bytes / 721 meshes
[2026-10-04 12:48:22] dbg: [driver:2] OpenTT3D: retired 3101612 cold OpenGL mesh bytes; 535227660 resident bytes / 721 meshes
[2026-10-04 12:48:23] dbg: [driver:2] OpenTT3D: retired 984108 cold OpenGL mesh bytes; 536292892 resident bytes / 722 meshes
[2026-10-04 12:48:23] dbg: [driver:2] OpenTT3D: retired 2712048 cold OpenGL mesh bytes; 535928596 resident bytes / 721 meshes
[2026-10-04 12:48:23] dbg: [driver:2] OpenTT3D: retired 7138228 cold OpenGL mesh bytes; 536177384 resident bytes / 712 meshes
[2026-10-04 12:48:24] dbg: [driver:2] OpenTT3D: retired 2942952 cold OpenGL mesh bytes; 536542772 resident bytes / 709 meshes
[2026-10-04 12:48:24] dbg: [driver:2] OpenTT3D: retired 2418604 cold OpenGL mesh bytes; 534597280 resident bytes / 707 meshes
[2026-10-04 12:48:24] dbg: [driver:2] OpenTT3D: retired 2898052 cold OpenGL mesh bytes; 536405216 resident bytes / 711 meshes
[2026-10-04 12:48:25] dbg: [driver:2] OpenTT3D: retired 3379120 cold OpenGL mesh bytes; 536750224 resident bytes / 709 meshes
[2026-10-04 12:48:25] dbg: [driver:2] OpenTT3D: retired 6068860 cold OpenGL mesh bytes; 535862692 resident bytes / 701 meshes
[2026-10-04 12:48:26] dbg: [driver:2] OpenTT3D: retired 7963828 cold OpenGL mesh bytes; 536190784 resident bytes / 681 meshes
[2026-10-04 12:48:28] dbg: [driver:2] OpenTT3D: retired 4968260 cold OpenGL mesh bytes; 535954660 resident bytes / 676 meshes
[2026-10-04 12:48:29] dbg: [driver:2] OpenTT3D: retired 7118836 cold OpenGL mesh bytes; 536060304 resident bytes / 671 meshes
[2026-10-04 12:48:30] dbg: [driver:2] OpenTT3D: retired 468224 cold OpenGL mesh bytes; 536646912 resident bytes / 672 meshes
[2026-10-04 12:48:30] dbg: [driver:2] OpenTT3D: retired 1743496 cold OpenGL mesh bytes; 536353248 resident bytes / 671 meshes
[2026-10-04 12:48:30] dbg: [driver:2] OpenTT3D: retired 3321664 cold OpenGL mesh bytes; 536537904 resident bytes / 668 meshes
[2026-10-04 12:48:31] dbg: [driver:2] OpenTT3D: retired 1554620 cold OpenGL mesh bytes; 535402428 resident bytes / 668 meshes
[2026-10-04 12:48:31] dbg: [driver:2] OpenTT3D: retired 3442504 cold OpenGL mesh bytes; 535571940 resident bytes / 665 meshes
[2026-10-04 12:48:31] dbg: [driver:2] OpenTT3D: retired 832868 cold OpenGL mesh bytes; 536067916 resident bytes / 665 meshes
[2026-10-04 12:48:31] dbg: [driver:2] OpenTT3D: retired 1009088 cold OpenGL mesh bytes; 536822336 resident bytes / 666 meshes
[2026-10-04 12:48:31] dbg: [driver:2] OpenTT3D: retired 2311772 cold OpenGL mesh bytes; 535842312 resident bytes / 665 meshes
[2026-10-04 12:48:32] dbg: [driver:2] OpenTT3D: retired 1009892 cold OpenGL mesh bytes; 536611300 resident bytes / 665 meshes
[2026-10-04 12:48:32] dbg: [driver:2] OpenTT3D: retired 3605308 cold OpenGL mesh bytes; 536370204 resident bytes / 660 meshes
[2026-10-04 12:48:32] dbg: [driver:2] OpenTT3D: retired 2965560 cold OpenGL mesh bytes; 535776560 resident bytes / 657 meshes
[2026-10-04 12:48:32] dbg: [driver:2] OpenTT3D: retired 575776 cold OpenGL mesh bytes; 536806752 resident bytes / 658 meshes
[2026-10-04 12:48:33] dbg: [driver:2] OpenTT3D: retired 750052 cold OpenGL mesh bytes; 536857644 resident bytes / 658 meshes
[2026-10-04 12:48:33] dbg: [driver:2] OpenTT3D: retired 1280236 cold OpenGL mesh bytes; 536380988 resident bytes / 657 meshes
[2026-10-04 12:48:33] dbg: [driver:2] OpenTT3D: retired 1044836 cold OpenGL mesh bytes; 536487476 resident bytes / 656 meshes
[2026-10-04 12:48:33] dbg: [driver:2] OpenTT3D: retired 1297408 cold OpenGL mesh bytes; 536344652 resident bytes / 655 meshes
[2026-10-04 12:48:33] dbg: [driver:2] OpenTT3D: retired 1167600 cold OpenGL mesh bytes; 536329280 resident bytes / 654 meshes
[2026-10-04 12:48:33] dbg: [driver:2] OpenTT3D: retired 1294528 cold OpenGL mesh bytes; 536189976 resident bytes / 653 meshes
[2026-10-04 12:48:33] dbg: [driver:2] OpenTT3D: retired 1160240 cold OpenGL mesh bytes; 536208624 resident bytes / 657 meshes
[2026-10-04 12:48:33] dbg: [driver:2] OpenTT3D: retired 417428 cold OpenGL mesh bytes; 536573760 resident bytes / 657 meshes
[2026-10-04 12:48:34] dbg: [driver:2] OpenTT3D: retired 1222876 cold OpenGL mesh bytes; 536528896 resident bytes / 656 meshes
[2026-10-04 12:48:34] dbg: [driver:2] OpenTT3D: retired 1736788 cold OpenGL mesh bytes; 536209620 resident bytes / 654 meshes
[2026-10-04 12:48:34] dbg: [driver:2] OpenTT3D: retired 494276 cold OpenGL mesh bytes; 536552880 resident bytes / 655 meshes
[2026-10-04 12:48:34] dbg: [driver:2] OpenTT3D: retired 671084 cold OpenGL mesh bytes; 536269692 resident bytes / 655 meshes
[2026-10-04 12:48:34] dbg: [driver:2] OpenTT3D: retired 415636 cold OpenGL mesh bytes; 536838288 resident bytes / 655 meshes
[2026-10-04 12:48:34] dbg: [driver:2] OpenTT3D: retired 1519980 cold OpenGL mesh bytes; 536758952 resident bytes / 653 meshes
[2026-10-04 12:48:34] dbg: [driver:2] OpenTT3D: retired 1517524 cold OpenGL mesh bytes; 536751248 resident bytes / 651 meshes
[2026-10-04 12:48:34] dbg: [driver:2] OpenTT3D: retired 1490692 cold OpenGL mesh bytes; 536762888 resident bytes / 647 meshes
[2026-10-04 12:48:34] dbg: [driver:2] OpenTT3D: retired 1112800 cold OpenGL mesh bytes; 536174924 resident bytes / 646 meshes
[2026-10-04 12:48:35] dbg: [driver:2] OpenTT3D: retired 407924 cold OpenGL mesh bytes; 536574076 resident bytes / 647 meshes
[2026-10-04 12:48:35] dbg: [driver:2] OpenTT3D: retired 1511412 cold OpenGL mesh bytes; 536070624 resident bytes / 646 meshes
[2026-10-04 12:48:35] dbg: [driver:2] OpenTT3D: retired 1932896 cold OpenGL mesh bytes; 535758864 resident bytes / 646 meshes
[2026-10-04 12:48:35] dbg: [driver:2] OpenTT3D: retired 1373424 cold OpenGL mesh bytes; 536226952 resident bytes / 646 meshes
[2026-10-04 12:48:35] dbg: [driver:2] OpenTT3D: retired 1101000 cold OpenGL mesh bytes; 536859052 resident bytes / 646 meshes
[2026-10-04 12:48:35] dbg: [driver:2] OpenTT3D: retired 2011304 cold OpenGL mesh bytes; 535226204 resident bytes / 646 meshes
[2026-10-04 12:48:35] dbg: [driver:2] OpenTT3D: retired 2968164 cold OpenGL mesh bytes; 534092660 resident bytes / 649 meshes
[2026-10-04 12:48:36] dbg: [driver:2] OpenTT3D: retired 2267304 cold OpenGL mesh bytes; 535311232 resident bytes / 650 meshes
[2026-10-04 12:48:36] dbg: [driver:2] OpenTT3D: retired 1490044 cold OpenGL mesh bytes; 535656568 resident bytes / 653 meshes
[2026-10-04 12:48:36] dbg: [driver:2] OpenTT3D: retired 1419092 cold OpenGL mesh bytes; 536740500 resident bytes / 652 meshes
[2026-10-04 12:48:36] dbg: [driver:2] OpenTT3D: retired 727072 cold OpenGL mesh bytes; 536855664 resident bytes / 651 meshes
[2026-10-04 12:48:36] dbg: [driver:2] OpenTT3D: retired 939796 cold OpenGL mesh bytes; 536182768 resident bytes / 651 meshes
[2026-10-04 12:48:37] dbg: [driver:2] OpenTT3D: retired 662792 cold OpenGL mesh bytes; 536641976 resident bytes / 651 meshes
[2026-10-04 12:48:37] dbg: [driver:2] OpenTT3D: retired 1582480 cold OpenGL mesh bytes; 536730296 resident bytes / 649 meshes
[2026-10-04 12:48:37] dbg: [driver:2] OpenTT3D: retired 2272920 cold OpenGL mesh bytes; 536375288 resident bytes / 647 meshes
[2026-10-04 12:48:37] dbg: [driver:2] OpenTT3D: retired 1549648 cold OpenGL mesh bytes; 536695720 resident bytes / 646 meshes
[2026-10-04 12:48:37] dbg: [driver:2] OpenTT3D: retired 1084596 cold OpenGL mesh bytes; 536122972 resident bytes / 646 meshes
[2026-10-04 12:48:37] dbg: [driver:2] OpenTT3D: retired 1003808 cold OpenGL mesh bytes; 536048388 resident bytes / 648 meshes
[2026-10-04 12:48:37] dbg: [driver:2] OpenTT3D: retired 1286140 cold OpenGL mesh bytes; 536629320 resident bytes / 648 meshes
[2026-10-04 12:48:37] dbg: [driver:2] OpenTT3D: retired 1550200 cold OpenGL mesh bytes; 536343784 resident bytes / 647 meshes
[2026-10-04 12:48:38] dbg: [driver:2] OpenTT3D: retired 474644 cold OpenGL mesh bytes; 536477232 resident bytes / 647 meshes
[2026-10-04 12:48:38] dbg: [driver:2] OpenTT3D: retired 240352 cold OpenGL mesh bytes; 536832292 resident bytes / 648 meshes
[2026-10-04 12:48:38] dbg: [driver:2] OpenTT3D: retired 1454332 cold OpenGL mesh bytes; 536332272 resident bytes / 647 meshes
[2026-10-04 12:48:38] dbg: [driver:2] OpenTT3D: retired 9128272 cold OpenGL mesh bytes; 528603100 resident bytes / 646 meshes
[2026-10-04 12:48:39] dbg: [driver:2] OpenTT3D: retired 852600 cold OpenGL mesh bytes; 536232044 resident bytes / 653 meshes
[2026-10-04 12:48:39] dbg: [driver:2] OpenTT3D: retired 2111500 cold OpenGL mesh bytes; 535771744 resident bytes / 653 meshes
[2026-10-04 12:48:39] dbg: [driver:2] OpenTT3D: retired 1241548 cold OpenGL mesh bytes; 535772576 resident bytes / 655 meshes
[2026-10-04 12:48:39] dbg: [driver:2] OpenTT3D: retired 1316800 cold OpenGL mesh bytes; 536554600 resident bytes / 655 meshes
[2026-10-04 12:48:39] dbg: [driver:2] OpenTT3D: retired 1107940 cold OpenGL mesh bytes; 536856944 resident bytes / 654 meshes
[2026-10-04 12:48:40] dbg: [driver:2] OpenTT3D: retired 1711844 cold OpenGL mesh bytes; 535872756 resident bytes / 653 meshes
[2026-10-04 12:48:40] dbg: [driver:2] OpenTT3D: retired 1643284 cold OpenGL mesh bytes; 535862112 resident bytes / 655 meshes
[2026-10-04 12:48:40] dbg: [driver:2] OpenTT3D: retired 1420216 cold OpenGL mesh bytes; 536647480 resident bytes / 656 meshes
[2026-10-04 12:48:40] dbg: [driver:2] OpenTT3D: retired 1792220 cold OpenGL mesh bytes; 535618372 resident bytes / 655 meshes
[2026-10-04 12:48:40] dbg: [driver:2] OpenTT3D: retired 1530264 cold OpenGL mesh bytes; 536760320 resident bytes / 655 meshes
[2026-10-04 12:48:40] dbg: [driver:2] OpenTT3D: retired 2306056 cold OpenGL mesh bytes; 536100096 resident bytes / 650 meshes
[2026-10-04 12:48:41] dbg: [driver:2] OpenTT3D: retired 1613040 cold OpenGL mesh bytes; 536107232 resident bytes / 649 meshes
[2026-10-04 12:48:41] dbg: [driver:2] OpenTT3D: retired 848840 cold OpenGL mesh bytes; 536573336 resident bytes / 651 meshes
[2026-10-04 12:48:41] dbg: [driver:2] OpenTT3D: retired 818128 cold OpenGL mesh bytes; 536723232 resident bytes / 651 meshes
[2026-10-04 12:48:41] dbg: [driver:2] OpenTT3D: retired 1596304 cold OpenGL mesh bytes; 536403912 resident bytes / 650 meshes
[2026-10-04 12:48:41] dbg: [driver:2] OpenTT3D: retired 1508280 cold OpenGL mesh bytes; 536397952 resident bytes / 649 meshes
[2026-10-04 12:48:41] dbg: [driver:2] OpenTT3D: retired 1021448 cold OpenGL mesh bytes; 536686880 resident bytes / 648 meshes
[2026-10-04 12:48:41] dbg: [driver:2] OpenTT3D: retired 512800 cold OpenGL mesh bytes; 536626576 resident bytes / 648 meshes
[2026-10-04 12:48:41] dbg: [driver:2] OpenTT3D: retired 850952 cold OpenGL mesh bytes; 536389528 resident bytes / 649 meshes
[2026-10-04 12:48:42] dbg: [driver:2] OpenTT3D: retired 846840 cold OpenGL mesh bytes; 536077136 resident bytes / 649 meshes
[2026-10-04 12:48:42] dbg: [driver:2] OpenTT3D: retired 839420 cold OpenGL mesh bytes; 536198920 resident bytes / 649 meshes
[2026-10-04 12:48:42] dbg: [driver:2] OpenTT3D: retired 1392152 cold OpenGL mesh bytes; 536294360 resident bytes / 648 meshes
[2026-10-04 12:48:42] dbg: [driver:2] OpenTT3D: retired 1561024 cold OpenGL mesh bytes; 536203160 resident bytes / 647 meshes
[2026-10-04 12:48:42] dbg: [driver:2] OpenTT3D: retired 1020220 cold OpenGL mesh bytes; 536506940 resident bytes / 648 meshes
[2026-10-04 12:48:42] dbg: [driver:2] OpenTT3D: retired 785008 cold OpenGL mesh bytes; 536743236 resident bytes / 648 meshes
[2026-10-04 12:48:42] dbg: [driver:2] OpenTT3D: retired 1319008 cold OpenGL mesh bytes; 536771292 resident bytes / 647 meshes
[2026-10-04 12:48:42] dbg: [driver:2] OpenTT3D: retired 2194628 cold OpenGL mesh bytes; 536163304 resident bytes / 645 meshes
[2026-10-04 12:48:43] dbg: [driver:2] OpenTT3D: retired 1096636 cold OpenGL mesh bytes; 536448564 resident bytes / 644 meshes
[2026-10-04 12:48:43] dbg: [driver:2] OpenTT3D: retired 646168 cold OpenGL mesh bytes; 536272012 resident bytes / 644 meshes
[2026-10-04 12:48:43] dbg: [driver:2] OpenTT3D: retired 624944 cold OpenGL mesh bytes; 536280092 resident bytes / 645 meshes
[2026-10-04 12:48:43] dbg: [driver:2] OpenTT3D: retired 1492324 cold OpenGL mesh bytes; 536367444 resident bytes / 644 meshes
[2026-10-04 12:48:43] dbg: [driver:2] OpenTT3D: retired 1413824 cold OpenGL mesh bytes; 536523944 resident bytes / 642 meshes
[2026-10-04 12:48:43] dbg: [driver:2] OpenTT3D: retired 1217844 cold OpenGL mesh bytes; 536860236 resident bytes / 641 meshes
[2026-10-04 12:48:43] dbg: [driver:2] OpenTT3D: retired 1009664 cold OpenGL mesh bytes; 536310060 resident bytes / 641 meshes
[2026-10-04 12:48:44] dbg: [driver:2] OpenTT3D: retired 698064 cold OpenGL mesh bytes; 536179960 resident bytes / 646 meshes
[2026-10-04 12:48:44] dbg: [driver:2] OpenTT3D: retired 884704 cold OpenGL mesh bytes; 536006268 resident bytes / 649 meshes
[2026-10-04 12:48:44] dbg: [driver:2] OpenTT3D: retired 745576 cold OpenGL mesh bytes; 536855460 resident bytes / 650 meshes
[2026-10-04 12:48:44] dbg: [driver:2] OpenTT3D: retired 1333068 cold OpenGL mesh bytes; 536584852 resident bytes / 648 meshes
[2026-10-04 12:48:44] dbg: [driver:2] OpenTT3D: retired 298824 cold OpenGL mesh bytes; 536800544 resident bytes / 648 meshes
[2026-10-04 12:48:44] dbg: [driver:2] OpenTT3D: retired 323328 cold OpenGL mesh bytes; 536627832 resident bytes / 648 meshes
[2026-10-04 12:48:44] dbg: [driver:2] OpenTT3D: retired 960868 cold OpenGL mesh bytes; 536294396 resident bytes / 649 meshes
[2026-10-04 12:48:44] dbg: [driver:2] OpenTT3D: retired 793528 cold OpenGL mesh bytes; 536222908 resident bytes / 649 meshes
[2026-10-04 12:48:44] dbg: [driver:2] OpenTT3D: retired 1058572 cold OpenGL mesh bytes; 536189868 resident bytes / 649 meshes
[2026-10-04 12:48:45] dbg: [driver:2] OpenTT3D: retired 391888 cold OpenGL mesh bytes; 536848184 resident bytes / 649 meshes
[2026-10-04 12:48:45] dbg: [driver:2] OpenTT3D: retired 1304360 cold OpenGL mesh bytes; 536249952 resident bytes / 649 meshes
[2026-10-04 12:48:45] dbg: [driver:2] OpenTT3D: retired 262488 cold OpenGL mesh bytes; 536812328 resident bytes / 651 meshes
[2026-10-04 12:48:45] dbg: [driver:2] OpenTT3D: retired 1430104 cold OpenGL mesh bytes; 536356368 resident bytes / 650 meshes
[2026-10-04 12:48:45] dbg: [driver:2] OpenTT3D: retired 1200564 cold OpenGL mesh bytes; 536429780 resident bytes / 648 meshes
[2026-10-04 12:48:45] dbg: [driver:2] OpenTT3D: retired 818608 cold OpenGL mesh bytes; 536714708 resident bytes / 647 meshes
[2026-10-04 12:48:45] dbg: [driver:2] OpenTT3D: retired 560288 cold OpenGL mesh bytes; 536842204 resident bytes / 647 meshes
[2026-10-04 12:48:45] dbg: [driver:2] OpenTT3D: retired 1506616 cold OpenGL mesh bytes; 535801188 resident bytes / 646 meshes
[2026-10-04 12:48:46] dbg: [driver:2] OpenTT3D: retired 1237580 cold OpenGL mesh bytes; 536035496 resident bytes / 648 meshes
[2026-10-04 12:48:46] dbg: [driver:2] OpenTT3D: retired 868016 cold OpenGL mesh bytes; 536257304 resident bytes / 648 meshes
[2026-10-04 12:48:46] dbg: [driver:2] OpenTT3D: retired 1593096 cold OpenGL mesh bytes; 535641784 resident bytes / 647 meshes
[2026-10-04 12:48:46] dbg: [driver:2] OpenTT3D: retired 3471856 cold OpenGL mesh bytes; 533438684 resident bytes / 650 meshes
[2026-10-04 12:48:47] dbg: [driver:2] OpenTT3D: retired 3470576 cold OpenGL mesh bytes; 533789536 resident bytes / 659 meshes
[2026-10-04 12:48:47] dbg: [driver:2] OpenTT3D: retired 3457728 cold OpenGL mesh bytes; 534169912 resident bytes / 665 meshes
[2026-10-04 12:48:47] dbg: [driver:2] OpenTT3D: retired 3458220 cold OpenGL mesh bytes; 534499076 resident bytes / 670 meshes
[2026-10-04 12:48:48] dbg: [driver:2] OpenTT3D: retired 3461124 cold OpenGL mesh bytes; 533551744 resident bytes / 672 meshes
[2026-10-04 12:48:48] dbg: [driver:2] OpenTT3D: retired 3448956 cold OpenGL mesh bytes; 536089844 resident bytes / 674 meshes
[2026-10-04 12:48:48] dbg: [driver:2] OpenTT3D: retired 3454392 cold OpenGL mesh bytes; 536456780 resident bytes / 674 meshes
[2026-10-04 12:48:49] dbg: [driver:2] OpenTT3D: retired 3455672 cold OpenGL mesh bytes; 536363188 resident bytes / 674 meshes
[2026-10-04 12:48:49] dbg: [driver:2] OpenTT3D: retired 1723744 cold OpenGL mesh bytes; 535515084 resident bytes / 674 meshes
[2026-10-04 12:48:49] dbg: [driver:2] OpenTT3D: retired 1509960 cold OpenGL mesh bytes; 535828500 resident bytes / 676 meshes
[2026-10-04 12:48:49] dbg: [driver:2] OpenTT3D: retired 1468892 cold OpenGL mesh bytes; 535949996 resident bytes / 676 meshes
[2026-10-04 12:48:49] dbg: [driver:2] OpenTT3D: retired 1496064 cold OpenGL mesh bytes; 536628476 resident bytes / 676 meshes
[2026-10-04 12:48:49] dbg: [driver:2] OpenTT3D: retired 3230412 cold OpenGL mesh bytes; 535807212 resident bytes / 675 meshes
[2026-10-04 12:48:50] dbg: [driver:2] OpenTT3D: retired 1753572 cold OpenGL mesh bytes; 535163280 resident bytes / 675 meshes
[2026-10-04 12:48:50] dbg: [driver:2] OpenTT3D: retired 1856224 cold OpenGL mesh bytes; 536101772 resident bytes / 678 meshes
[2026-10-04 12:48:50] dbg: [driver:2] OpenTT3D: retired 1998172 cold OpenGL mesh bytes; 536020092 resident bytes / 677 meshes
[2026-10-04 12:48:50] dbg: [driver:2] OpenTT3D: retired 1374000 cold OpenGL mesh bytes; 536852824 resident bytes / 676 meshes
[2026-10-04 12:48:50] dbg: [driver:2] OpenTT3D: retired 1924736 cold OpenGL mesh bytes; 535967032 resident bytes / 676 meshes
[2026-10-04 12:48:51] dbg: [driver:2] OpenTT3D: retired 251284 cold OpenGL mesh bytes; 536625392 resident bytes / 677 meshes
[2026-10-04 12:48:51] dbg: [driver:2] OpenTT3D: retired 1074624 cold OpenGL mesh bytes; 536776016 resident bytes / 675 meshes
[2026-10-04 12:48:51] dbg: [driver:2] OpenTT3D: retired 3467016 cold OpenGL mesh bytes; 535228168 resident bytes / 671 meshes
[2026-10-04 12:48:51] dbg: [driver:2] OpenTT3D: retired 1064236 cold OpenGL mesh bytes; 536867460 resident bytes / 671 meshes
[2026-10-04 12:48:51] dbg: [driver:2] OpenTT3D: retired 3358532 cold OpenGL mesh bytes; 536541304 resident bytes / 669 meshes
[2026-10-04 12:48:51] dbg: [driver:2] OpenTT3D: retired 1209000 cold OpenGL mesh bytes; 536840100 resident bytes / 668 meshes
[2026-10-04 12:48:51] dbg: [driver:2] OpenTT3D: retired 503632 cold OpenGL mesh bytes; 536635204 resident bytes / 668 meshes
[2026-10-04 12:48:51] dbg: [driver:2] OpenTT3D: retired 327360 cold OpenGL mesh bytes; 536667044 resident bytes / 668 meshes
[2026-10-04 12:48:52] dbg: [driver:2] OpenTT3D: retired 2243420 cold OpenGL mesh bytes; 535217824 resident bytes / 666 meshes
[2026-10-04 12:48:52] dbg: [driver:2] OpenTT3D: retired 1858500 cold OpenGL mesh bytes; 536654392 resident bytes / 662 meshes
[2026-10-04 12:48:52] dbg: [driver:2] OpenTT3D: retired 2420920 cold OpenGL mesh bytes; 536488416 resident bytes / 655 meshes
[2026-10-04 12:48:52] dbg: [driver:2] OpenTT3D: retired 850440 cold OpenGL mesh bytes; 536640580 resident bytes / 654 meshes
[2026-10-04 12:48:52] dbg: [driver:2] OpenTT3D: retired 422268 cold OpenGL mesh bytes; 536477472 resident bytes / 654 meshes
[2026-10-04 12:48:52] dbg: [driver:2] OpenTT3D: retired 955604 cold OpenGL mesh bytes; 536525268 resident bytes / 654 meshes
[2026-10-04 12:48:52] dbg: [driver:2] OpenTT3D: retired 949512 cold OpenGL mesh bytes; 536699700 resident bytes / 653 meshes
[2026-10-04 12:48:52] dbg: [driver:2] OpenTT3D: retired 1687408 cold OpenGL mesh bytes; 536550604 resident bytes / 650 meshes
[2026-10-04 12:48:53] dbg: [driver:2] OpenTT3D: retired 1402000 cold OpenGL mesh bytes; 536790332 resident bytes / 648 meshes
[2026-10-04 12:48:53] dbg: [driver:2] OpenTT3D: retired 1067424 cold OpenGL mesh bytes; 536512432 resident bytes / 647 meshes
[2026-10-04 12:48:53] dbg: [driver:2] OpenTT3D: retired 506224 cold OpenGL mesh bytes; 536749496 resident bytes / 648 meshes
[2026-10-04 12:48:53] dbg: [driver:2] OpenTT3D: retired 1042288 cold OpenGL mesh bytes; 536739000 resident bytes / 647 meshes
[2026-10-04 12:48:53] dbg: [driver:2] OpenTT3D: retired 1749956 cold OpenGL mesh bytes; 536722308 resident bytes / 645 meshes
[2026-10-04 12:48:53] dbg: [driver:2] OpenTT3D: retired 2905888 cold OpenGL mesh bytes; 536192128 resident bytes / 641 meshes
[2026-10-04 12:48:53] dbg: [driver:2] OpenTT3D: retired 2427552 cold OpenGL mesh bytes; 536534400 resident bytes / 637 meshes
[2026-10-04 12:48:54] dbg: [driver:2] OpenTT3D: retired 1283244 cold OpenGL mesh bytes; 536589232 resident bytes / 636 meshes
[2026-10-04 12:48:54] dbg: [driver:2] OpenTT3D: retired 745500 cold OpenGL mesh bytes; 536470852 resident bytes / 637 meshes
[2026-10-04 12:48:54] dbg: [driver:2] OpenTT3D: retired 468296 cold OpenGL mesh bytes; 536772180 resident bytes / 637 meshes
[2026-10-04 12:48:54] dbg: [driver:2] OpenTT3D: retired 1464276 cold OpenGL mesh bytes; 536603160 resident bytes / 635 meshes
[2026-10-04 12:48:54] dbg: [driver:2] OpenTT3D: retired 1928852 cold OpenGL mesh bytes; 536428120 resident bytes / 632 meshes
[2026-10-04 12:48:54] dbg: [driver:2] OpenTT3D: retired 1749896 cold OpenGL mesh bytes; 536619400 resident bytes / 630 meshes
[2026-10-04 12:48:54] dbg: [driver:2] OpenTT3D: retired 1604592 cold OpenGL mesh bytes; 536145480 resident bytes / 629 meshes
[2026-10-04 12:48:54] dbg: [driver:2] OpenTT3D: retired 1651640 cold OpenGL mesh bytes; 536011840 resident bytes / 631 meshes
[2026-10-04 12:48:55] dbg: [driver:2] OpenTT3D: retired 1075196 cold OpenGL mesh bytes; 536343968 resident bytes / 630 meshes
[2026-10-04 12:48:55] dbg: [driver:2] OpenTT3D: retired 1805928 cold OpenGL mesh bytes; 536531528 resident bytes / 628 meshes
[2026-10-04 12:48:55] dbg: [driver:2] OpenTT3D: retired 2234440 cold OpenGL mesh bytes; 536540804 resident bytes / 626 meshes
[2026-10-04 12:48:55] dbg: [driver:2] OpenTT3D: retired 1107924 cold OpenGL mesh bytes; 536533960 resident bytes / 626 meshes
[2026-10-04 12:48:55] dbg: [driver:2] OpenTT3D: retired 514380 cold OpenGL mesh bytes; 536628412 resident bytes / 626 meshes
[2026-10-04 12:48:55] dbg: [driver:2] OpenTT3D: retired 639316 cold OpenGL mesh bytes; 536703704 resident bytes / 624 meshes
[2026-10-04 12:48:55] dbg: [driver:2] OpenTT3D: retired 1237648 cold OpenGL mesh bytes; 536652372 resident bytes / 624 meshes
[2026-10-04 12:48:55] dbg: [driver:2] OpenTT3D: retired 1973720 cold OpenGL mesh bytes; 536357976 resident bytes / 623 meshes
[2026-10-04 12:48:56] dbg: [driver:2] OpenTT3D: retired 2450332 cold OpenGL mesh bytes; 535861156 resident bytes / 622 meshes
[2026-10-04 12:48:56] dbg: [driver:2] OpenTT3D: retired 308224 cold OpenGL mesh bytes; 536815748 resident bytes / 623 meshes
[2026-10-04 12:48:56] dbg: [driver:2] OpenTT3D: retired 958592 cold OpenGL mesh bytes; 536666096 resident bytes / 622 meshes
[2026-10-04 12:48:56] dbg: [driver:2] OpenTT3D: retired 1426208 cold OpenGL mesh bytes; 536728176 resident bytes / 620 meshes
[2026-10-04 12:48:56] dbg: [driver:2] OpenTT3D: retired 2388800 cold OpenGL mesh bytes; 536723000 resident bytes / 616 meshes
[2026-10-04 12:48:56] dbg: [driver:2] OpenTT3D: retired 3310832 cold OpenGL mesh bytes; 536839408 resident bytes / 610 meshes
[2026-10-04 12:48:56] dbg: [driver:2] OpenTT3D: retired 3930368 cold OpenGL mesh bytes; 536632156 resident bytes / 602 meshes
[2026-10-04 12:48:57] dbg: [driver:2] OpenTT3D: retired 1661440 cold OpenGL mesh bytes; 536519448 resident bytes / 599 meshes
[2026-10-04 12:48:57] dbg: [driver:2] OpenTT3D: retired 414960 cold OpenGL mesh bytes; 536497984 resident bytes / 599 meshes
[2026-10-04 12:48:57] dbg: [driver:2] OpenTT3D: retired 831120 cold OpenGL mesh bytes; 536474944 resident bytes / 598 meshes
[2026-10-04 12:48:57] dbg: [driver:2] OpenTT3D: retired 1656560 cold OpenGL mesh bytes; 536467632 resident bytes / 595 meshes
[2026-10-04 12:48:57] dbg: [driver:2] OpenTT3D: retired 2885280 cold OpenGL mesh bytes; 536453480 resident bytes / 589 meshes
[2026-10-04 12:48:57] dbg: [driver:2] OpenTT3D: retired 3597496 cold OpenGL mesh bytes; 536758644 resident bytes / 581 meshes
[2026-10-04 12:48:58] dbg: [driver:2] OpenTT3D: retired 4717828 cold OpenGL mesh bytes; 536572972 resident bytes / 565 meshes
[2026-10-04 12:48:58] dbg: [driver:2] OpenTT3D: retired 1532640 cold OpenGL mesh bytes; 536790320 resident bytes / 562 meshes
[2026-10-04 12:48:58] dbg: [driver:2] OpenTT3D: retired 567824 cold OpenGL mesh bytes; 536591044 resident bytes / 561 meshes
[2026-10-04 12:48:58] dbg: [driver:2] OpenTT3D: retired 323820 cold OpenGL mesh bytes; 536865032 resident bytes / 560 meshes
[2026-10-04 12:48:58] dbg: [driver:2] OpenTT3D: retired 1229500 cold OpenGL mesh bytes; 536785396 resident bytes / 553 meshes
[2026-10-04 12:48:58] dbg: [driver:2] OpenTT3D: retired 1862132 cold OpenGL mesh bytes; 536715200 resident bytes / 543 meshes
[2026-10-04 12:48:58] dbg: [driver:2] OpenTT3D: retired 2455128 cold OpenGL mesh bytes; 536597780 resident bytes / 531 meshes
[2026-10-04 12:48:59] dbg: [driver:2] OpenTT3D: retired 2740800 cold OpenGL mesh bytes; 536508936 resident bytes / 520 meshes
[2026-10-04 12:48:59] dbg: [driver:2] OpenTT3D: retired 1079416 cold OpenGL mesh bytes; 536706040 resident bytes / 519 meshes
[2026-10-04 12:48:59] dbg: [driver:2] OpenTT3D: retired 545312 cold OpenGL mesh bytes; 536479760 resident bytes / 519 meshes
[2026-10-04 12:48:59] dbg: [driver:2] OpenTT3D: retired 1060480 cold OpenGL mesh bytes; 536418480 resident bytes / 519 meshes
[2026-10-04 12:48:59] dbg: [driver:2] OpenTT3D: retired 1088176 cold OpenGL mesh bytes; 536476336 resident bytes / 518 meshes
[2026-10-04 12:48:59] dbg: [driver:2] OpenTT3D: retired 1625568 cold OpenGL mesh bytes; 536485560 resident bytes / 516 meshes
[2026-10-04 12:48:59] dbg: [driver:2] OpenTT3D: retired 1840608 cold OpenGL mesh bytes; 536393280 resident bytes / 514 meshes
[2026-10-04 12:48:59] dbg: [driver:2] OpenTT3D: retired 1220392 cold OpenGL mesh bytes; 536292624 resident bytes / 513 meshes
[2026-10-04 12:49:00] dbg: [driver:2] OpenTT3D: retired 605096 cold OpenGL mesh bytes; 536562664 resident bytes / 514 meshes
[2026-10-04 12:49:00] dbg: [driver:2] OpenTT3D: retired 1151016 cold OpenGL mesh bytes; 536425408 resident bytes / 513 meshes
[2026-10-04 12:49:00] dbg: [driver:2] OpenTT3D: retired 1656448 cold OpenGL mesh bytes; 536472992 resident bytes / 511 meshes
[2026-10-04 12:49:00] dbg: [driver:2] OpenTT3D: retired 2404252 cold OpenGL mesh bytes; 536400224 resident bytes / 508 meshes
[2026-10-04 12:49:00] dbg: [driver:2] OpenTT3D: retired 1924920 cold OpenGL mesh bytes; 536806788 resident bytes / 506 meshes
[2026-10-04 12:49:00] dbg: [driver:2] OpenTT3D: retired 2245752 cold OpenGL mesh bytes; 536685020 resident bytes / 503 meshes
[2026-10-04 12:49:00] dbg: [driver:2] OpenTT3D: retired 585916 cold OpenGL mesh bytes; 536328300 resident bytes / 503 meshes
[2026-10-04 12:49:01] dbg: [driver:2] OpenTT3D: retired 528232 cold OpenGL mesh bytes; 536857976 resident bytes / 503 meshes
[2026-10-04 12:49:01] dbg: [driver:2] OpenTT3D: retired 1220184 cold OpenGL mesh bytes; 536837240 resident bytes / 502 meshes
[2026-10-04 12:49:01] dbg: [driver:2] OpenTT3D: retired 1881844 cold OpenGL mesh bytes; 536278684 resident bytes / 500 meshes
[2026-10-04 12:49:01] dbg: [driver:2] OpenTT3D: retired 919960 cold OpenGL mesh bytes; 536447336 resident bytes / 500 meshes
[2026-10-04 12:49:01] dbg: [driver:2] OpenTT3D: retired 919480 cold OpenGL mesh bytes; 536610316 resident bytes / 500 meshes
[2026-10-04 12:49:01] dbg: [driver:2] OpenTT3D: retired 918704 cold OpenGL mesh bytes; 536558876 resident bytes / 500 meshes
[2026-10-04 12:49:01] dbg: [driver:2] OpenTT3D: retired 845428 cold OpenGL mesh bytes; 536637224 resident bytes / 500 meshes
[2026-10-04 12:49:01] dbg: [driver:2] OpenTT3D: retired 849748 cold OpenGL mesh bytes; 536408096 resident bytes / 501 meshes
[2026-10-04 12:49:01] dbg: [driver:2] OpenTT3D: retired 845596 cold OpenGL mesh bytes; 536531812 resident bytes / 501 meshes
[2026-10-04 12:49:02] dbg: [driver:2] OpenTT3D: retired 1354476 cold OpenGL mesh bytes; 536751316 resident bytes / 500 meshes
[2026-10-04 12:49:02] dbg: [driver:2] OpenTT3D: retired 1563624 cold OpenGL mesh bytes; 536759112 resident bytes / 498 meshes
[2026-10-04 12:49:02] dbg: [driver:2] OpenTT3D: retired 1041248 cold OpenGL mesh bytes; 536852892 resident bytes / 497 meshes
[2026-10-04 12:49:02] dbg: [driver:2] OpenTT3D: retired 502704 cold OpenGL mesh bytes; 536497428 resident bytes / 497 meshes
[2026-10-04 12:49:02] dbg: [driver:2] OpenTT3D: retired 532512 cold OpenGL mesh bytes; 536587700 resident bytes / 498 meshes
[2026-10-04 12:49:02] dbg: [driver:2] OpenTT3D: retired 499112 cold OpenGL mesh bytes; 536800584 resident bytes / 498 meshes
[2026-10-04 12:49:02] dbg: [driver:2] OpenTT3D: retired 1615712 cold OpenGL mesh bytes; 536409136 resident bytes / 496 meshes
[2026-10-04 12:49:02] dbg: [driver:2] OpenTT3D: retired 1080760 cold OpenGL mesh bytes; 536489364 resident bytes / 495 meshes
[2026-10-04 12:49:02] dbg: [driver:2] OpenTT3D: retired 535048 cold OpenGL mesh bytes; 536775936 resident bytes / 495 meshes
[2026-10-04 12:49:02] dbg: [driver:2] OpenTT3D: retired 538528 cold OpenGL mesh bytes; 536637332 resident bytes / 495 meshes
[2026-10-04 12:49:03] dbg: [driver:2] OpenTT3D: retired 1070304 cold OpenGL mesh bytes; 536210884 resident bytes / 495 meshes
[2026-10-04 12:49:03] dbg: [driver:2] OpenTT3D: retired 385352 cold OpenGL mesh bytes; 536768304 resident bytes / 495 meshes
[2026-10-04 12:49:03] dbg: [driver:2] OpenTT3D: retired 1737480 cold OpenGL mesh bytes; 536619284 resident bytes / 493 meshes
[2026-10-04 12:49:03] dbg: [driver:2] OpenTT3D: retired 1512560 cold OpenGL mesh bytes; 536695184 resident bytes / 491 meshes
[2026-10-04 12:49:03] dbg: [driver:2] OpenTT3D: retired 1681968 cold OpenGL mesh bytes; 536523188 resident bytes / 489 meshes
[2026-10-04 12:49:03] dbg: [driver:2] OpenTT3D: retired 1208552 cold OpenGL mesh bytes; 536495432 resident bytes / 488 meshes
[2026-10-04 12:49:03] dbg: [driver:2] OpenTT3D: retired 599912 cold OpenGL mesh bytes; 536693528 resident bytes / 489 meshes
[2026-10-04 12:49:03] dbg: [driver:2] OpenTT3D: retired 1051616 cold OpenGL mesh bytes; 536597184 resident bytes / 488 meshes
[2026-10-04 12:49:04] dbg: [driver:2] OpenTT3D: retired 1481332 cold OpenGL mesh bytes; 536781180 resident bytes / 487 meshes
[2026-10-04 12:49:04] dbg: [driver:2] OpenTT3D: retired 1777824 cold OpenGL mesh bytes; 536645068 resident bytes / 485 meshes
[2026-10-04 12:49:04] dbg: [driver:2] OpenTT3D: retired 1642240 cold OpenGL mesh bytes; 536644540 resident bytes / 483 meshes
[2026-10-04 12:49:04] dbg: [driver:2] OpenTT3D: retired 410648 cold OpenGL mesh bytes; 536548812 resident bytes / 483 meshes
[2026-10-04 12:49:04] dbg: [driver:2] OpenTT3D: retired 688980 cold OpenGL mesh bytes; 536193048 resident bytes / 483 meshes
[2026-10-04 12:49:04] dbg: [driver:2] OpenTT3D: retired 1546736 cold OpenGL mesh bytes; 536436380 resident bytes / 482 meshes
[2026-10-04 12:49:04] dbg: [driver:2] OpenTT3D: retired 2145592 cold OpenGL mesh bytes; 536434896 resident bytes / 479 meshes
[2026-10-04 12:49:04] dbg: [driver:2] OpenTT3D: retired 1734120 cold OpenGL mesh bytes; 536844884 resident bytes / 477 meshes
[2026-10-04 12:49:05] dbg: [driver:2] OpenTT3D: retired 2475976 cold OpenGL mesh bytes; 536513016 resident bytes / 474 meshes
[2026-10-04 12:49:05] dbg: [driver:2] OpenTT3D: retired 1648712 cold OpenGL mesh bytes; 536564360 resident bytes / 472 meshes
[2026-10-04 12:49:05] dbg: [driver:2] OpenTT3D: retired 1107816 cold OpenGL mesh bytes; 536562712 resident bytes / 472 meshes
[2026-10-04 12:49:05] dbg: [driver:2] OpenTT3D: retired 1914112 cold OpenGL mesh bytes; 536039040 resident bytes / 472 meshes
[2026-10-04 12:49:05] dbg: [driver:2] OpenTT3D: retired 2366972 cold OpenGL mesh bytes; 535378156 resident bytes / 471 meshes
[2026-10-04 12:49:05] dbg: [driver:2] OpenTT3D: retired 803324 cold OpenGL mesh bytes; 536280920 resident bytes / 470 meshes
[2026-10-04 12:49:06] dbg: [driver:2] OpenTT3D: retired 967636 cold OpenGL mesh bytes; 536342084 resident bytes / 470 meshes
[2026-10-04 12:49:06] dbg: [driver:2] OpenTT3D: retired 1374676 cold OpenGL mesh bytes; 535498056 resident bytes / 470 meshes
[2026-10-04 12:49:06] dbg: [driver:2] OpenTT3D: retired 757008 cold OpenGL mesh bytes; 536446240 resident bytes / 470 meshes
[2026-10-04 12:49:06] dbg: [driver:2] OpenTT3D: retired 1493948 cold OpenGL mesh bytes; 536663484 resident bytes / 470 meshes
[2026-10-04 12:49:06] dbg: [driver:2] OpenTT3D: retired 3567360 cold OpenGL mesh bytes; 535524980 resident bytes / 468 meshes
[2026-10-04 12:49:06] dbg: [driver:2] OpenTT3D: retired 1385528 cold OpenGL mesh bytes; 536086732 resident bytes / 468 meshes
[2026-10-04 12:49:06] dbg: [driver:2] OpenTT3D: retired 1088744 cold OpenGL mesh bytes; 536464172 resident bytes / 468 meshes
[2026-10-04 12:49:07] dbg: [driver:2] OpenTT3D: retired 1692200 cold OpenGL mesh bytes; 535220572 resident bytes / 468 meshes
[2026-10-04 12:49:07] dbg: [driver:2] OpenTT3D: retired 1521300 cold OpenGL mesh bytes; 536189512 resident bytes / 470 meshes
[2026-10-04 12:49:07] dbg: [driver:2] OpenTT3D: retired 1423312 cold OpenGL mesh bytes; 536636448 resident bytes / 470 meshes
[2026-10-04 12:49:07] dbg: [driver:2] OpenTT3D: retired 5529096 cold OpenGL mesh bytes; 533132912 resident bytes / 468 meshes
[2026-10-04 12:49:07] dbg: [driver:2] OpenTT3D: retired 416592 cold OpenGL mesh bytes; 536600872 resident bytes / 472 meshes
[2026-10-04 12:49:08] dbg: [driver:2] OpenTT3D: retired 1493376 cold OpenGL mesh bytes; 536730580 resident bytes / 472 meshes
[2026-10-04 12:49:08] dbg: [driver:2] OpenTT3D: retired 2964544 cold OpenGL mesh bytes; 535185888 resident bytes / 472 meshes
[2026-10-04 12:49:08] dbg: [driver:2] OpenTT3D: retired 4915664 cold OpenGL mesh bytes; 532109912 resident bytes / 474 meshes
[2026-10-04 12:49:08] dbg: [driver:2] OpenTT3D: retired 6233216 cold OpenGL mesh bytes; 532559656 resident bytes / 477 meshes
[2026-10-04 12:49:09] dbg: [driver:2] OpenTT3D: retired 1620096 cold OpenGL mesh bytes; 536857380 resident bytes / 479 meshes
[2026-10-04 12:49:09] dbg: [driver:2] OpenTT3D: retired 2122700 cold OpenGL mesh bytes; 536738284 resident bytes / 475 meshes
[2026-10-04 12:49:09] dbg: [driver:2] OpenTT3D: retired 1392512 cold OpenGL mesh bytes; 536595340 resident bytes / 472 meshes
[2026-10-04 12:49:09] dbg: [driver:2] OpenTT3D: retired 469108 cold OpenGL mesh bytes; 536451156 resident bytes / 472 meshes
[2026-10-04 12:49:10] dbg: [driver:2] OpenTT3D: retired 420308 cold OpenGL mesh bytes; 536728424 resident bytes / 474 meshes
[2026-10-04 12:49:10] dbg: [driver:2] OpenTT3D: retired 1698280 cold OpenGL mesh bytes; 535329208 resident bytes / 474 meshes
[2026-10-04 12:49:10] dbg: [driver:2] OpenTT3D: retired 821188 cold OpenGL mesh bytes; 536066820 resident bytes / 477 meshes
[2026-10-04 12:49:10] dbg: [driver:2] OpenTT3D: retired 807388 cold OpenGL mesh bytes; 536759112 resident bytes / 477 meshes
[2026-10-04 12:49:10] dbg: [driver:2] OpenTT3D: retired 2005220 cold OpenGL mesh bytes; 536696392 resident bytes / 476 meshes
[2026-10-04 12:49:10] dbg: [driver:2] OpenTT3D: retired 2214852 cold OpenGL mesh bytes; 536789588 resident bytes / 471 meshes
[2026-10-04 12:49:10] dbg: [driver:2] OpenTT3D: retired 1314312 cold OpenGL mesh bytes; 536576200 resident bytes / 470 meshes
[2026-10-04 12:49:11] dbg: [driver:2] OpenTT3D: retired 161692 cold OpenGL mesh bytes; 536844656 resident bytes / 471 meshes
[2026-10-04 12:49:11] dbg: [driver:2] OpenTT3D: retired 610668 cold OpenGL mesh bytes; 536630720 resident bytes / 471 meshes
[2026-10-04 12:49:11] dbg: [driver:2] OpenTT3D: retired 768360 cold OpenGL mesh bytes; 536740448 resident bytes / 470 meshes
[2026-10-04 12:49:11] dbg: [driver:2] OpenTT3D: retired 1357160 cold OpenGL mesh bytes; 536466384 resident bytes / 467 meshes
[2026-10-04 12:49:11] dbg: [driver:2] OpenTT3D: retired 785992 cold OpenGL mesh bytes; 536716136 resident bytes / 467 meshes
[2026-10-04 12:49:11] dbg: [driver:2] OpenTT3D: retired 762704 cold OpenGL mesh bytes; 536716544 resident bytes / 467 meshes
[2026-10-04 12:49:11] dbg: [driver:2] OpenTT3D: retired 534072 cold OpenGL mesh bytes; 536568836 resident bytes / 466 meshes
[2026-10-04 12:49:11] dbg: [driver:2] OpenTT3D: retired 565328 cold OpenGL mesh bytes; 536731764 resident bytes / 466 meshes
[2026-10-04 12:49:11] dbg: [driver:2] OpenTT3D: retired 3276888 cold OpenGL mesh bytes; 534553536 resident bytes / 465 meshes
[2026-10-04 12:49:11] dbg: [driver:2] OpenTT3D: retired 1936572 cold OpenGL mesh bytes; 535328460 resident bytes / 466 meshes
[2026-10-04 12:49:12] dbg: [driver:2] OpenTT3D: retired 1792532 cold OpenGL mesh bytes; 535229600 resident bytes / 468 meshes
[2026-10-04 12:49:12] dbg: [driver:2] OpenTT3D: retired 1808912 cold OpenGL mesh bytes; 535421936 resident bytes / 469 meshes
[2026-10-04 12:49:12] dbg: [driver:2] OpenTT3D: retired 1510868 cold OpenGL mesh bytes; 535708244 resident bytes / 469 meshes
[2026-10-04 12:49:12] dbg: [driver:2] OpenTT3D: retired 1540996 cold OpenGL mesh bytes; 536236404 resident bytes / 469 meshes
[2026-10-04 12:49:12] dbg: [driver:2] OpenTT3D: retired 864404 cold OpenGL mesh bytes; 536624340 resident bytes / 469 meshes
[2026-10-04 12:49:12] dbg: [driver:2] OpenTT3D: retired 408072 cold OpenGL mesh bytes; 536541192 resident bytes / 469 meshes
[2026-10-04 12:49:13] dbg: [driver:2] OpenTT3D: retired 404680 cold OpenGL mesh bytes; 536613784 resident bytes / 471 meshes
[2026-10-04 12:49:13] dbg: [driver:2] OpenTT3D: retired 399928 cold OpenGL mesh bytes; 536579824 resident bytes / 471 meshes
[2026-10-04 12:49:13] dbg: [driver:2] OpenTT3D: retired 405368 cold OpenGL mesh bytes; 536538896 resident bytes / 471 meshes
[2026-10-04 12:49:13] dbg: [driver:2] OpenTT3D: retired 410040 cold OpenGL mesh bytes; 536538712 resident bytes / 473 meshes
[2026-10-04 12:49:13] dbg: [driver:2] OpenTT3D: retired 404016 cold OpenGL mesh bytes; 536601136 resident bytes / 473 meshes
[2026-10-04 12:49:13] dbg: [driver:2] OpenTT3D: retired 1439456 cold OpenGL mesh bytes; 536129848 resident bytes / 472 meshes
[2026-10-04 12:49:13] dbg: [driver:2] OpenTT3D: retired 1905648 cold OpenGL mesh bytes; 535486456 resident bytes / 472 meshes
[2026-10-04 12:49:13] dbg: [driver:2] OpenTT3D: retired 3296048 cold OpenGL mesh bytes; 534116968 resident bytes / 473 meshes
[2026-10-04 12:49:14] dbg: [driver:2] OpenTT3D: retired 6520560 cold OpenGL mesh bytes; 531392400 resident bytes / 477 meshes
[2026-10-04 12:49:14] dbg: [driver:2] OpenTT3D: retired 5244820 cold OpenGL mesh bytes; 531666064 resident bytes / 482 meshes
[2026-10-04 12:49:15] dbg: [driver:2] OpenTT3D: retired 4392016 cold OpenGL mesh bytes; 533014036 resident bytes / 484 meshes
[2026-10-04 12:49:15] dbg: [driver:2] OpenTT3D: retired 3586292 cold OpenGL mesh bytes; 533950072 resident bytes / 489 meshes
[2026-10-04 12:49:15] dbg: [driver:2] OpenTT3D: retired 3176508 cold OpenGL mesh bytes; 533746656 resident bytes / 492 meshes
[2026-10-04 12:49:16] dbg: [driver:2] OpenTT3D: retired 1367032 cold OpenGL mesh bytes; 535690664 resident bytes / 495 meshes
[2026-10-04 12:49:16] dbg: [driver:2] OpenTT3D: retired 1205776 cold OpenGL mesh bytes; 536100936 resident bytes / 496 meshes
[2026-10-04 12:49:16] dbg: [driver:2] OpenTT3D: retired 1298436 cold OpenGL mesh bytes; 535645068 resident bytes / 496 meshes
[2026-10-04 12:49:16] dbg: [driver:2] OpenTT3D: retired 1366872 cold OpenGL mesh bytes; 535916364 resident bytes / 497 meshes
[2026-10-04 12:49:17] dbg: [driver:2] OpenTT3D: retired 1620444 cold OpenGL mesh bytes; 535931704 resident bytes / 498 meshes
[2026-10-04 12:49:17] dbg: [driver:2] OpenTT3D: retired 1291788 cold OpenGL mesh bytes; 536291124 resident bytes / 499 meshes
[2026-10-04 12:49:17] dbg: [driver:2] OpenTT3D: retired 7036632 cold OpenGL mesh bytes; 530064076 resident bytes / 499 meshes
[2026-10-04 12:49:18] dbg: [driver:2] OpenTT3D: retired 5021732 cold OpenGL mesh bytes; 532417560 resident bytes / 508 meshes
[2026-10-04 12:49:18] dbg: [driver:2] OpenTT3D: retired 6114368 cold OpenGL mesh bytes; 531449560 resident bytes / 513 meshes
[2026-10-04 12:49:19] dbg: [driver:2] OpenTT3D: retired 393240 cold OpenGL mesh bytes; 536569776 resident bytes / 522 meshes
[2026-10-04 12:49:19] dbg: [driver:2] OpenTT3D: retired 1256516 cold OpenGL mesh bytes; 536038060 resident bytes / 522 meshes
[2026-10-04 12:49:19] dbg: [driver:2] OpenTT3D: retired 2560384 cold OpenGL mesh bytes; 534805684 resident bytes / 523 meshes
[2026-10-04 12:49:20] dbg: [driver:2] OpenTT3D: retired 2049340 cold OpenGL mesh bytes; 535216368 resident bytes / 525 meshes
[2026-10-04 12:49:20] dbg: [driver:2] OpenTT3D: retired 2347752 cold OpenGL mesh bytes; 534830288 resident bytes / 527 meshes
[2026-10-04 12:49:20] dbg: [driver:2] OpenTT3D: retired 7387016 cold OpenGL mesh bytes; 530176560 resident bytes / 530 meshes
[2026-10-04 12:49:21] dbg: [driver:2] OpenTT3D: retired 3308340 cold OpenGL mesh bytes; 533972716 resident bytes / 540 meshes
[2026-10-04 12:49:22] dbg: [driver:2] OpenTT3D: retired 473112 cold OpenGL mesh bytes; 536530556 resident bytes / 544 meshes
[2026-10-04 12:49:22] dbg: [driver:2] OpenTT3D: retired 318780 cold OpenGL mesh bytes; 536587764 resident bytes / 544 meshes
[2026-10-04 12:49:22] dbg: [driver:2] OpenTT3D: retired 705956 cold OpenGL mesh bytes; 536581728 resident bytes / 542 meshes
[2026-10-04 12:49:22] dbg: [driver:2] OpenTT3D: retired 3681252 cold OpenGL mesh bytes; 533626028 resident bytes / 540 meshes
[2026-10-04 12:49:22] dbg: [driver:2] OpenTT3D: retired 3724128 cold OpenGL mesh bytes; 533702832 resident bytes / 545 meshes
[2026-10-04 12:49:23] dbg: [driver:2] OpenTT3D: retired 5181328 cold OpenGL mesh bytes; 531954076 resident bytes / 549 meshes
[2026-10-04 12:49:23] dbg: [driver:2] OpenTT3D: retired 8291920 cold OpenGL mesh bytes; 529443416 resident bytes / 558 meshes
[2026-10-04 12:49:24] dbg: [driver:2] OpenTT3D: retired 4732136 cold OpenGL mesh bytes; 532386024 resident bytes / 564 meshes
[2026-10-04 12:49:25] dbg: [driver:2] OpenTT3D: retired 7224480 cold OpenGL mesh bytes; 529738224 resident bytes / 569 meshes
[2026-10-04 12:49:26] dbg: [driver:2] OpenTT3D: retired 2504664 cold OpenGL mesh bytes; 535822764 resident bytes / 578 meshes
[2026-10-04 12:49:26] dbg: [driver:1] OpenTT3D: 48840 authored voxel views match unmerged geometry, CPU instances, palette recolouring and transparent picking; exact palette relocation passed
[2026-10-04 12:49:26] dbg: [driver:2] OpenTT3D: retired 3506320 cold OpenGL mesh bytes; 535819608 resident bytes / 582 meshes
[2026-10-04 12:49:26] dbg: [driver:2] OpenTT3D: retired 4031160 cold OpenGL mesh bytes; 533954644 resident bytes / 582 meshes
[2026-10-04 12:49:26] dbg: [driver:2] OpenTT3D: retired 2101912 cold OpenGL mesh bytes; 536121064 resident bytes / 592 meshes
[2026-10-04 12:49:26] dbg: [driver:2] OpenTT3D: retired 2322188 cold OpenGL mesh bytes; 535555268 resident bytes / 594 meshes
[2026-10-04 12:49:27] dbg: [driver:2] OpenTT3D: retired 5143092 cold OpenGL mesh bytes; 535277160 resident bytes / 603 meshes
[2026-10-04 12:49:27] dbg: [driver:2] OpenTT3D: retired 2371916 cold OpenGL mesh bytes; 535439840 resident bytes / 607 meshes
[2026-10-04 12:49:27] dbg: [driver:2] OpenTT3D: retired 2406912 cold OpenGL mesh bytes; 536283248 resident bytes / 606 meshes
[2026-10-04 12:49:27] dbg: [driver:2] OpenTT3D: retired 3109488 cold OpenGL mesh bytes; 536413384 resident bytes / 605 meshes
[2026-10-04 12:49:27] dbg: [driver:2] OpenTT3D: retired 1152228 cold OpenGL mesh bytes; 536058992 resident bytes / 608 meshes
[2026-10-04 12:49:28] dbg: [driver:2] OpenTT3D: retired 2334112 cold OpenGL mesh bytes; 536815568 resident bytes / 603 meshes
[2026-10-04 12:49:28] dbg: [driver:2] OpenTT3D: retired 3991024 cold OpenGL mesh bytes; 536724948 resident bytes / 601 meshes
[2026-10-04 12:49:28] dbg: [driver:2] OpenTT3D: retired 4547192 cold OpenGL mesh bytes; 536078160 resident bytes / 598 meshes
[2026-10-04 12:49:28] dbg: [driver:2] OpenTT3D: retired 1502332 cold OpenGL mesh bytes; 535431284 resident bytes / 599 meshes
[2026-10-04 12:49:28] dbg: [driver:2] OpenTT3D: retired 524836 cold OpenGL mesh bytes; 536826432 resident bytes / 600 meshes
[2026-10-04 12:49:28] dbg: [driver:2] OpenTT3D: retired 5277684 cold OpenGL mesh bytes; 536761828 resident bytes / 597 meshes
[2026-10-04 12:49:29] dbg: [driver:2] OpenTT3D: retired 3946176 cold OpenGL mesh bytes; 536031536 resident bytes / 595 meshes
[2026-10-04 12:49:29] dbg: [driver:2] OpenTT3D: retired 3485876 cold OpenGL mesh bytes; 536447192 resident bytes / 594 meshes
[2026-10-04 12:49:29] dbg: [driver:2] OpenTT3D: retired 2968580 cold OpenGL mesh bytes; 536670496 resident bytes / 591 meshes
[2026-10-04 12:49:29] dbg: [driver:1] OpenTT3D: 320 joined multi-tile house views preserve exact cell references and independent tile picking
[2026-10-04 12:49:29] dbg: [driver:2] OpenTT3D: retired 1369824 cold OpenGL mesh bytes; 535532612 resident bytes / 591 meshes
[2026-10-04 12:49:29] dbg: [driver:2] OpenTT3D: retired 842236 cold OpenGL mesh bytes; 536254396 resident bytes / 595 meshes
[2026-10-04 12:49:29] dbg: [driver:2] OpenTT3D: retired 721348 cold OpenGL mesh bytes; 536484632 resident bytes / 595 meshes
[2026-10-04 12:49:29] dbg: [driver:2] OpenTT3D: retired 667552 cold OpenGL mesh bytes; 536296632 resident bytes / 595 meshes
[2026-10-04 12:49:29] dbg: [driver:2] OpenTT3D: retired 1670800 cold OpenGL mesh bytes; 535615496 resident bytes / 596 meshes
[2026-10-04 12:49:30] dbg: [driver:2] OpenTT3D: retired 1917912 cold OpenGL mesh bytes; 535104776 resident bytes / 599 meshes
[2026-10-04 12:49:30] dbg: [driver:2] OpenTT3D: retired 1870080 cold OpenGL mesh bytes; 535387764 resident bytes / 603 meshes
[2026-10-04 12:49:30] dbg: [driver:2] OpenTT3D: retired 511848 cold OpenGL mesh bytes; 536494928 resident bytes / 604 meshes
[2026-10-04 12:49:30] dbg: [driver:2] OpenTT3D: retired 929224 cold OpenGL mesh bytes; 536409764 resident bytes / 602 meshes
[2026-10-04 12:49:30] dbg: [driver:2] OpenTT3D: retired 774036 cold OpenGL mesh bytes; 536334960 resident bytes / 602 meshes
[2026-10-04 12:49:30] dbg: [driver:2] OpenTT3D: retired 1093036 cold OpenGL mesh bytes; 536267300 resident bytes / 602 meshes
[2026-10-04 12:49:30] dbg: [driver:2] OpenTT3D: retired 1264664 cold OpenGL mesh bytes; 536419524 resident bytes / 602 meshes
[2026-10-04 12:49:30] dbg: [driver:2] OpenTT3D: retired 608092 cold OpenGL mesh bytes; 536535688 resident bytes / 603 meshes
[2026-10-04 12:49:30] dbg: [driver:2] OpenTT3D: retired 220956 cold OpenGL mesh bytes; 536695228 resident bytes / 603 meshes
[2026-10-04 12:49:30] dbg: [driver:2] OpenTT3D: retired 374456 cold OpenGL mesh bytes; 536822172 resident bytes / 603 meshes
[2026-10-04 12:49:30] dbg: [driver:2] OpenTT3D: retired 954312 cold OpenGL mesh bytes; 536008764 resident bytes / 603 meshes
[2026-10-04 12:49:30] dbg: [driver:2] OpenTT3D: retired 1399100 cold OpenGL mesh bytes; 535501784 resident bytes / 605 meshes
[2026-10-04 12:49:30] dbg: [driver:2] OpenTT3D: retired 1461348 cold OpenGL mesh bytes; 535598764 resident bytes / 609 meshes
[2026-10-04 12:49:31] dbg: [driver:2] OpenTT3D: retired 1438860 cold OpenGL mesh bytes; 536523832 resident bytes / 613 meshes
[2026-10-04 12:49:31] dbg: [driver:2] OpenTT3D: retired 502124 cold OpenGL mesh bytes; 536827340 resident bytes / 613 meshes
[2026-10-04 12:49:31] dbg: [driver:2] OpenTT3D: retired 1742884 cold OpenGL mesh bytes; 535940704 resident bytes / 611 meshes
[2026-10-04 12:49:31] dbg: [driver:2] OpenTT3D: retired 1565776 cold OpenGL mesh bytes; 535492764 resident bytes / 612 meshes
[2026-10-04 12:49:31] dbg: [driver:2] OpenTT3D: retired 1770552 cold OpenGL mesh bytes; 535266628 resident bytes / 614 meshes
[2026-10-04 12:49:31] dbg: [driver:2] OpenTT3D: retired 1651200 cold OpenGL mesh bytes; 535393504 resident bytes / 620 meshes
[2026-10-04 12:49:31] dbg: [driver:2] OpenTT3D: retired 354216 cold OpenGL mesh bytes; 536782144 resident bytes / 621 meshes
[2026-10-04 12:49:31] dbg: [driver:2] OpenTT3D: retired 4397272 cold OpenGL mesh bytes; 536225208 resident bytes / 616 meshes
[2026-10-04 12:49:31] dbg: [driver:2] OpenTT3D: retired 727656 cold OpenGL mesh bytes; 536570684 resident bytes / 616 meshes
[2026-10-04 12:49:32] dbg: [driver:2] OpenTT3D: retired 285360 cold OpenGL mesh bytes; 536630876 resident bytes / 616 meshes
[2026-10-04 12:49:32] dbg: [driver:2] OpenTT3D: retired 200372 cold OpenGL mesh bytes; 536745496 resident bytes / 616 meshes
[2026-10-04 12:49:32] dbg: [driver:2] OpenTT3D: retired 410704 cold OpenGL mesh bytes; 536566368 resident bytes / 616 meshes
[2026-10-04 12:49:32] dbg: [driver:2] OpenTT3D: retired 736204 cold OpenGL mesh bytes; 536176196 resident bytes / 616 meshes
[2026-10-04 12:49:32] dbg: [driver:2] OpenTT3D: retired 996616 cold OpenGL mesh bytes; 536076644 resident bytes / 618 meshes
[2026-10-04 12:49:32] dbg: [driver:2] OpenTT3D: retired 1208968 cold OpenGL mesh bytes; 535760036 resident bytes / 620 meshes
[2026-10-04 12:49:32] dbg: [driver:2] OpenTT3D: retired 763112 cold OpenGL mesh bytes; 536143524 resident bytes / 623 meshes
[2026-10-04 12:49:32] dbg: [driver:2] OpenTT3D: retired 260132 cold OpenGL mesh bytes; 536870720 resident bytes / 626 meshes
[2026-10-04 12:49:32] dbg: [driver:2] OpenTT3D: retired 398848 cold OpenGL mesh bytes; 536744384 resident bytes / 626 meshes
[2026-10-04 12:49:32] dbg: [driver:2] OpenTT3D: retired 586752 cold OpenGL mesh bytes; 536431048 resident bytes / 626 meshes
[2026-10-04 12:49:32] dbg: [driver:2] OpenTT3D: retired 1426480 cold OpenGL mesh bytes; 536141416 resident bytes / 628 meshes
[2026-10-04 12:49:33] dbg: [driver:2] OpenTT3D: retired 1645832 cold OpenGL mesh bytes; 535519044 resident bytes / 630 meshes
[2026-10-04 12:49:33] dbg: [driver:1] OpenTT3D: 2712 voxel airport ground/body views preserve independent opaque ground, exact CPU colour and visible/transparent/hidden picking
[2026-10-04 12:49:33] dbg: [driver:1] OpenTT3D: 0 airport layer bindings retain their supplied source because the active climate has no matching authored volume
[2026-10-04 12:49:33] dbg: [driver:1] OpenTT3D: voxel mesh selection '' passed exact geometry, palettes and picking
[2026-10-04 12:49:33] dbg: [driver:1] OpenTT3D: scene-only voxel verification delegates complete vehicle pose matrices to explicit engine shards
[2026-10-04 12:49:33] dbg: [driver:2] OpenTT3D: retired 2076984 cold OpenGL mesh bytes; 536546768 resident bytes / 634 meshes
[2026-10-04 12:49:33] dbg: [driver:1] OpenTT3D: 148 office lift poses preserve all 37 upstream positions, facade clearance and exact instance/picking agreement
[2026-10-04 12:49:40] dbg: [driver:2] OpenTT3D: retired 203328 cold OpenGL mesh bytes; 536797888 resident bytes / 634 meshes
[2026-10-04 12:49:40] dbg: [driver:2] OpenTT3D: retired 654808 cold OpenGL mesh bytes; 536810632 resident bytes / 634 meshes
[2026-10-04 12:49:41] dbg: [driver:2] OpenTT3D: retired 2245008 cold OpenGL mesh bytes; 536236424 resident bytes / 633 meshes
[2026-10-04 12:49:41] dbg: [driver:2] OpenTT3D: retired 1502320 cold OpenGL mesh bytes; 536652016 resident bytes / 633 meshes
[2026-10-04 12:49:41] dbg: [driver:2] OpenTT3D: retired 1762872 cold OpenGL mesh bytes; 536759224 resident bytes / 632 meshes
[2026-10-04 12:49:41] dbg: [driver:2] OpenTT3D: retired 613904 cold OpenGL mesh bytes; 536657168 resident bytes / 631 meshes
[2026-10-04 12:49:41] dbg: [driver:2] OpenTT3D: retired 534448 cold OpenGL mesh bytes; 536602148 resident bytes / 632 meshes
[2026-10-04 12:49:41] dbg: [driver:2] OpenTT3D: retired 961204 cold OpenGL mesh bytes; 536154184 resident bytes / 632 meshes
[2026-10-04 12:49:41] dbg: [driver:2] OpenTT3D: retired 1487592 cold OpenGL mesh bytes; 535590760 resident bytes / 632 meshes
[2026-10-04 12:49:41] dbg: [driver:2] OpenTT3D: retired 1906544 cold OpenGL mesh bytes; 536440036 resident bytes / 632 meshes
[2026-10-04 12:49:41] dbg: [driver:2] OpenTT3D: retired 887280 cold OpenGL mesh bytes; 536282812 resident bytes / 631 meshes
[2026-10-04 12:49:41] dbg: [driver:2] OpenTT3D: retired 1021304 cold OpenGL mesh bytes; 536269884 resident bytes / 633 meshes
[2026-10-04 12:49:41] dbg: [driver:2] OpenTT3D: retired 1347064 cold OpenGL mesh bytes; 535705384 resident bytes / 633 meshes
[2026-10-04 12:49:41] dbg: [driver:2] OpenTT3D: retired 1586640 cold OpenGL mesh bytes; 535296756 resident bytes / 633 meshes
[2026-10-04 12:49:41] dbg: [driver:2] OpenTT3D: retired 1381896 cold OpenGL mesh bytes; 535945308 resident bytes / 634 meshes
[2026-10-04 12:49:41] dbg: [driver:2] OpenTT3D: retired 1102640 cold OpenGL mesh bytes; 536779380 resident bytes / 634 meshes
[2026-10-04 12:49:42] dbg: [driver:2] OpenTT3D: retired 1579676 cold OpenGL mesh bytes; 536546768 resident bytes / 633 meshes
[2026-10-04 12:49:42] dbg: [driver:2] OpenTT3D: retired 1570324 cold OpenGL mesh bytes; 536563084 resident bytes / 633 meshes
[2026-10-04 12:49:42] dbg: [driver:2] OpenTT3D: retired 1554136 cold OpenGL mesh bytes; 536390844 resident bytes / 633 meshes
[2026-10-04 12:49:42] dbg: [driver:2] OpenTT3D: retired 459488 cold OpenGL mesh bytes; 536640244 resident bytes / 634 meshes
[2026-10-04 12:49:42] dbg: [driver:2] OpenTT3D: retired 196472 cold OpenGL mesh bytes; 536837524 resident bytes / 634 meshes
[2026-10-04 12:49:42] dbg: [driver:2] OpenTT3D: retired 665216 cold OpenGL mesh bytes; 536734356 resident bytes / 627 meshes
[2026-10-04 12:49:42] dbg: [driver:2] OpenTT3D: retired 1459344 cold OpenGL mesh bytes; 536292640 resident bytes / 626 meshes
[2026-10-04 12:49:42] dbg: [driver:2] OpenTT3D: retired 1273976 cold OpenGL mesh bytes; 536588988 resident bytes / 626 meshes
[2026-10-04 12:49:42] dbg: [driver:2] OpenTT3D: retired 1791320 cold OpenGL mesh bytes; 536351804 resident bytes / 625 meshes
[2026-10-04 12:49:42] dbg: [driver:2] OpenTT3D: retired 465600 cold OpenGL mesh bytes; 536542164 resident bytes / 626 meshes
[2026-10-04 12:49:42] dbg: [driver:2] OpenTT3D: retired 159440 cold OpenGL mesh bytes; 536770620 resident bytes / 626 meshes
[2026-10-04 12:49:42] dbg: [driver:2] OpenTT3D: retired 1312448 cold OpenGL mesh bytes; 536442404 resident bytes / 625 meshes
[2026-10-04 12:49:42] dbg: [driver:2] OpenTT3D: retired 1089824 cold OpenGL mesh bytes; 536793224 resident bytes / 625 meshes
[2026-10-04 12:49:42] dbg: [driver:2] OpenTT3D: retired 1664908 cold OpenGL mesh bytes; 536638136 resident bytes / 624 meshes
[2026-10-04 12:49:42] dbg: [driver:2] OpenTT3D: retired 1273032 cold OpenGL mesh bytes; 536867436 resident bytes / 619 meshes
[2026-10-04 12:49:42] dbg: [driver:2] OpenTT3D: retired 868776 cold OpenGL mesh bytes; 536523496 resident bytes / 617 meshes
[2026-10-04 12:49:42] dbg: [driver:2] OpenTT3D: retired 1013760 cold OpenGL mesh bytes; 536316812 resident bytes / 618 meshes
[2026-10-04 12:49:43] dbg: [driver:2] OpenTT3D: retired 1704032 cold OpenGL mesh bytes; 535620740 resident bytes / 618 meshes
[2026-10-04 12:49:43] dbg: [driver:2] OpenTT3D: retired 2331484 cold OpenGL mesh bytes; 534910392 resident bytes / 618 meshes
[2026-10-04 12:49:43] dbg: [driver:2] OpenTT3D: retired 2331484 cold OpenGL mesh bytes; 536153520 resident bytes / 619 meshes
[2026-10-04 12:49:43] dbg: [driver:2] OpenTT3D: retired 2123984 cold OpenGL mesh bytes; 534770260 resident bytes / 621 meshes
[2026-10-04 12:49:43] dbg: [driver:2] OpenTT3D: retired 1287104 cold OpenGL mesh bytes; 535931380 resident bytes / 622 meshes
[2026-10-04 12:49:43] dbg: [driver:2] OpenTT3D: retired 1199448 cold OpenGL mesh bytes; 536101756 resident bytes / 622 meshes
[2026-10-04 12:49:43] dbg: [driver:2] OpenTT3D: retired 1323288 cold OpenGL mesh bytes; 535620704 resident bytes / 622 meshes
[2026-10-04 12:49:43] dbg: [driver:2] OpenTT3D: retired 1088612 cold OpenGL mesh bytes; 535784592 resident bytes / 624 meshes
[2026-10-04 12:49:43] dbg: [driver:2] OpenTT3D: retired 1082460 cold OpenGL mesh bytes; 536128612 resident bytes / 624 meshes
[2026-10-04 12:49:43] dbg: [driver:2] OpenTT3D: retired 1791040 cold OpenGL mesh bytes; 535983404 resident bytes / 623 meshes
[2026-10-04 12:49:43] dbg: [driver:2] OpenTT3D: retired 1589932 cold OpenGL mesh bytes; 536013648 resident bytes / 621 meshes
[2026-10-04 12:49:44] dbg: [driver:2] OpenTT3D: retired 1573980 cold OpenGL mesh bytes; 535367572 resident bytes / 623 meshes
[2026-10-04 12:49:44] dbg: [driver:2] OpenTT3D: retired 1571420 cold OpenGL mesh bytes; 536400340 resident bytes / 625 meshes
[2026-10-04 12:49:44] dbg: [driver:2] OpenTT3D: retired 1135028 cold OpenGL mesh bytes; 536675596 resident bytes / 625 meshes
[2026-10-04 12:49:44] dbg: [driver:2] OpenTT3D: retired 770024 cold OpenGL mesh bytes; 536633228 resident bytes / 623 meshes
[2026-10-04 12:49:44] dbg: [driver:2] OpenTT3D: retired 711996 cold OpenGL mesh bytes; 536206592 resident bytes / 623 meshes
[2026-10-04 12:49:44] dbg: [driver:2] OpenTT3D: retired 1224264 cold OpenGL mesh bytes; 535702064 resident bytes / 624 meshes
[2026-10-04 12:49:44] dbg: [driver:2] OpenTT3D: retired 1160988 cold OpenGL mesh bytes; 536408148 resident bytes / 625 meshes
[2026-10-04 12:49:44] dbg: [driver:2] OpenTT3D: retired 821620 cold OpenGL mesh bytes; 536851192 resident bytes / 625 meshes
[2026-10-04 12:49:44] dbg: [driver:2] OpenTT3D: retired 590952 cold OpenGL mesh bytes; 536868332 resident bytes / 624 meshes
[2026-10-04 12:49:44] dbg: [driver:2] OpenTT3D: retired 452828 cold OpenGL mesh bytes; 536636460 resident bytes / 624 meshes
[2026-10-04 12:49:44] dbg: [driver:2] OpenTT3D: retired 942772 cold OpenGL mesh bytes; 536348496 resident bytes / 624 meshes
[2026-10-04 12:49:44] dbg: [driver:2] OpenTT3D: retired 1588460 cold OpenGL mesh bytes; 535728060 resident bytes / 624 meshes
[2026-10-04 12:49:44] dbg: [driver:2] OpenTT3D: retired 1588460 cold OpenGL mesh bytes; 535416584 resident bytes / 624 meshes
[2026-10-04 12:49:44] dbg: [driver:2] OpenTT3D: retired 1509972 cold OpenGL mesh bytes; 535408932 resident bytes / 624 meshes
[2026-10-04 12:49:44] dbg: [driver:2] OpenTT3D: retired 1180796 cold OpenGL mesh bytes; 535991008 resident bytes / 625 meshes
[2026-10-04 12:49:45] dbg: [driver:2] OpenTT3D: retired 798008 cold OpenGL mesh bytes; 536341352 resident bytes / 626 meshes
[2026-10-04 12:49:45] dbg: [driver:2] OpenTT3D: retired 955272 cold OpenGL mesh bytes; 536347284 resident bytes / 626 meshes
[2026-10-04 12:49:45] dbg: [driver:2] OpenTT3D: retired 1665328 cold OpenGL mesh bytes; 536169548 resident bytes / 626 meshes
[2026-10-04 12:49:45] dbg: [driver:2] OpenTT3D: retired 1641712 cold OpenGL mesh bytes; 535997660 resident bytes / 626 meshes
[2026-10-04 12:49:45] dbg: [driver:2] OpenTT3D: retired 1641712 cold OpenGL mesh bytes; 535363596 resident bytes / 628 meshes
[2026-10-04 12:49:45] dbg: [driver:2] OpenTT3D: retired 1197448 cold OpenGL mesh bytes; 536519560 resident bytes / 627 meshes
[2026-10-04 12:49:45] dbg: [driver:2] OpenTT3D: retired 1240756 cold OpenGL mesh bytes; 536740152 resident bytes / 627 meshes
[2026-10-04 12:49:45] dbg: [driver:2] OpenTT3D: retired 2144108 cold OpenGL mesh bytes; 536034904 resident bytes / 627 meshes
[2026-10-04 12:49:45] dbg: [driver:2] OpenTT3D: retired 2144108 cold OpenGL mesh bytes; 535165764 resident bytes / 629 meshes
[2026-10-04 12:49:45] dbg: [driver:2] OpenTT3D: retired 2144108 cold OpenGL mesh bytes; 535557472 resident bytes / 630 meshes
[2026-10-04 12:49:45] dbg: [driver:2] OpenTT3D: retired 1700056 cold OpenGL mesh bytes; 535627968 resident bytes / 630 meshes
[2026-10-04 12:49:45] dbg: [driver:2] OpenTT3D: retired 1106168 cold OpenGL mesh bytes; 536173000 resident bytes / 629 meshes
[2026-10-04 12:49:46] dbg: [driver:2] OpenTT3D: retired 1390440 cold OpenGL mesh bytes; 535862884 resident bytes / 632 meshes
[2026-10-04 12:49:46] dbg: [driver:2] OpenTT3D: retired 1706088 cold OpenGL mesh bytes; 535889616 resident bytes / 633 meshes
[2026-10-04 12:49:46] dbg: [driver:2] OpenTT3D: retired 1706088 cold OpenGL mesh bytes; 535392496 resident bytes / 633 meshes
[2026-10-04 12:49:46] dbg: [driver:2] OpenTT3D: retired 1028800 cold OpenGL mesh bytes; 536050652 resident bytes / 636 meshes
[2026-10-04 12:49:46] dbg: [driver:2] OpenTT3D: retired 530648 cold OpenGL mesh bytes; 536494148 resident bytes / 636 meshes
[2026-10-04 12:49:46] dbg: [driver:2] OpenTT3D: retired 1705192 cold OpenGL mesh bytes; 536062932 resident bytes / 635 meshes
[2026-10-04 12:49:46] dbg: [driver:2] OpenTT3D: retired 1711192 cold OpenGL mesh bytes; 535455276 resident bytes / 635 meshes
[2026-10-04 12:49:46] dbg: [driver:2] OpenTT3D: retired 2428856 cold OpenGL mesh bytes; 534752284 resident bytes / 638 meshes
[2026-10-04 12:49:46] dbg: [driver:2] OpenTT3D: retired 1947280 cold OpenGL mesh bytes; 535771812 resident bytes / 640 meshes
[2026-10-04 12:49:50] dbg: [driver:2] OpenTT3D: retired 1466184 cold OpenGL mesh bytes; 535447680 resident bytes / 642 meshes
[2026-10-04 12:49:51] dbg: [driver:2] OpenTT3D: retired 448600 cold OpenGL mesh bytes; 536450268 resident bytes / 652 meshes
[2026-10-04 12:49:52] dbg: [driver:2] OpenTT3D: retired 838728 cold OpenGL mesh bytes; 536334144 resident bytes / 654 meshes
[2026-10-04 12:49:52] dbg: [driver:2] OpenTT3D: retired 817224 cold OpenGL mesh bytes; 536530680 resident bytes / 654 meshes
[2026-10-04 12:49:53] dbg: [driver:2] OpenTT3D: retired 1634352 cold OpenGL mesh bytes; 536600360 resident bytes / 653 meshes
[2026-10-04 12:49:54] dbg: [driver:2] OpenTT3D: retired 2485056 cold OpenGL mesh bytes; 536446788 resident bytes / 651 meshes
[2026-10-04 12:49:55] dbg: [driver:2] OpenTT3D: retired 2495264 cold OpenGL mesh bytes; 536283008 resident bytes / 649 meshes
[2026-10-04 12:49:55] dbg: [driver:2] OpenTT3D: retired 1636792 cold OpenGL mesh bytes; 536770200 resident bytes / 648 meshes
[2026-10-04 12:49:56] dbg: [driver:2] OpenTT3D: retired 792144 cold OpenGL mesh bytes; 536207252 resident bytes / 648 meshes
[2026-10-04 12:49:58] dbg: [driver:2] OpenTT3D: retired 842632 cold OpenGL mesh bytes; 536699400 resident bytes / 650 meshes
[2026-10-04 12:49:58] dbg: [driver:2] OpenTT3D: retired 1618160 cold OpenGL mesh bytes; 536305504 resident bytes / 649 meshes
[2026-10-04 12:49:59] dbg: [driver:2] OpenTT3D: retired 833608 cold OpenGL mesh bytes; 536632884 resident bytes / 649 meshes
[2026-10-04 12:50:00] dbg: [driver:2] OpenTT3D: retired 812104 cold OpenGL mesh bytes; 536642400 resident bytes / 649 meshes
[2026-10-04 12:50:00] dbg: [driver:2] OpenTT3D: retired 813016 cold OpenGL mesh bytes; 536229308 resident bytes / 649 meshes
[2026-10-04 12:50:01] dbg: [driver:2] OpenTT3D: retired 811096 cold OpenGL mesh bytes; 536216220 resident bytes / 650 meshes
[2026-10-04 12:50:02] dbg: [driver:2] OpenTT3D: retired 811096 cold OpenGL mesh bytes; 536360396 resident bytes / 650 meshes
[2026-10-04 12:50:02] dbg: [driver:2] OpenTT3D: retired 1211384 cold OpenGL mesh bytes; 536814340 resident bytes / 649 meshes
[2026-10-04 12:50:03] dbg: [driver:2] OpenTT3D: retired 2082912 cold OpenGL mesh bytes; 536373140 resident bytes / 647 meshes
[2026-10-04 12:50:03] dbg: [driver:2] OpenTT3D: retired 1741712 cold OpenGL mesh bytes; 536273140 resident bytes / 646 meshes
[2026-10-04 12:50:04] dbg: [driver:2] OpenTT3D: retired 869392 cold OpenGL mesh bytes; 536776576 resident bytes / 647 meshes
[2026-10-04 12:50:04] dbg: [driver:2] OpenTT3D: retired 1728288 cold OpenGL mesh bytes; 536247736 resident bytes / 646 meshes
[2026-10-04 12:50:04] dbg: [driver:2] OpenTT3D: retired 806976 cold OpenGL mesh bytes; 536764048 resident bytes / 646 meshes
[2026-10-04 12:50:05] dbg: [driver:2] OpenTT3D: retired 1469928 cold OpenGL mesh bytes; 536382732 resident bytes / 644 meshes
[2026-10-04 12:50:05] dbg: [driver:2] OpenTT3D: retired 1001452 cold OpenGL mesh bytes; 536463740 resident bytes / 643 meshes
[2026-10-04 12:50:05] dbg: [driver:2] OpenTT3D: retired 498892 cold OpenGL mesh bytes; 536832112 resident bytes / 643 meshes
[2026-10-04 12:50:05] dbg: [driver:2] OpenTT3D: retired 997008 cold OpenGL mesh bytes; 536758880 resident bytes / 642 meshes
[2026-10-04 12:50:05] dbg: [driver:2] OpenTT3D: retired 770736 cold OpenGL mesh bytes; 536526872 resident bytes / 642 meshes
[2026-10-04 12:50:05] dbg: [driver:2] OpenTT3D: retired 1500240 cold OpenGL mesh bytes; 536193096 resident bytes / 641 meshes
[2026-10-04 12:50:06] dbg: [driver:2] OpenTT3D: retired 1328008 cold OpenGL mesh bytes; 536576280 resident bytes / 640 meshes
[2026-10-04 12:50:06] dbg: [driver:2] OpenTT3D: retired 2460024 cold OpenGL mesh bytes; 536545112 resident bytes / 637 meshes
[2026-10-04 12:50:07] dbg: [driver:2] OpenTT3D: retired 1961672 cold OpenGL mesh bytes; 536530720 resident bytes / 635 meshes
[2026-10-04 12:50:08] dbg: [driver:2] OpenTT3D: retired 1262472 cold OpenGL mesh bytes; 536734432 resident bytes / 634 meshes
[2026-10-04 12:50:09] dbg: [driver:2] OpenTT3D: retired 730656 cold OpenGL mesh bytes; 536452376 resident bytes / 634 meshes
[2026-10-04 12:50:09] dbg: [driver:2] OpenTT3D: retired 740160 cold OpenGL mesh bytes; 536356072 resident bytes / 635 meshes
[2026-10-04 12:50:10] dbg: [driver:2] OpenTT3D: retired 702600 cold OpenGL mesh bytes; 536596244 resident bytes / 635 meshes
[2026-10-04 12:50:10] dbg: [driver:2] OpenTT3D: retired 1908344 cold OpenGL mesh bytes; 536276360 resident bytes / 633 meshes
[2026-10-04 12:50:11] dbg: [driver:2] OpenTT3D: retired 1004940 cold OpenGL mesh bytes; 536859880 resident bytes / 633 meshes
[2026-10-04 12:50:12] dbg: [driver:2] OpenTT3D: retired 1548224 cold OpenGL mesh bytes; 536821628 resident bytes / 632 meshes
[2026-10-04 12:50:12] dbg: [driver:2] OpenTT3D: retired 1940388 cold OpenGL mesh bytes; 536062036 resident bytes / 629 meshes
[2026-10-04 12:50:13] dbg: [driver:2] OpenTT3D: retired 817476 cold OpenGL mesh bytes; 536127088 resident bytes / 630 meshes
[2026-10-04 12:50:14] dbg: [driver:2] OpenTT3D: retired 633036 cold OpenGL mesh bytes; 536734808 resident bytes / 630 meshes
[2026-10-04 12:50:14] dbg: [driver:2] OpenTT3D: retired 2656348 cold OpenGL mesh bytes; 536222568 resident bytes / 626 meshes
[2026-10-04 12:50:15] dbg: [driver:2] OpenTT3D: retired 1787700 cold OpenGL mesh bytes; 536578976 resident bytes / 624 meshes
[2026-10-04 12:50:16] dbg: [driver:2] OpenTT3D: retired 2738784 cold OpenGL mesh bytes; 535984300 resident bytes / 621 meshes
[2026-10-04 12:50:17] dbg: [driver:2] OpenTT3D: retired 1605508 cold OpenGL mesh bytes; 536078848 resident bytes / 620 meshes
[2026-10-04 12:50:18] dbg: [driver:2] OpenTT3D: retired 1509880 cold OpenGL mesh bytes; 536158900 resident bytes / 621 meshes
[2026-10-04 12:50:19] dbg: [driver:2] OpenTT3D: retired 1005960 cold OpenGL mesh bytes; 536726920 resident bytes / 620 meshes
[2026-10-04 12:50:20] dbg: [driver:2] OpenTT3D: retired 1641972 cold OpenGL mesh bytes; 536656368 resident bytes / 618 meshes
[2026-10-04 12:50:21] dbg: [driver:2] OpenTT3D: retired 1076872 cold OpenGL mesh bytes; 536714524 resident bytes / 617 meshes
[2026-10-04 12:50:22] dbg: [driver:2] OpenTT3D: retired 669600 cold OpenGL mesh bytes; 536406604 resident bytes / 618 meshes
[2026-10-04 12:50:22] dbg: [driver:2] OpenTT3D: retired 1704040 cold OpenGL mesh bytes; 535594292 resident bytes / 616 meshes
[2026-10-04 12:50:23] dbg: [driver:2] OpenTT3D: retired 1334224 cold OpenGL mesh bytes; 535650508 resident bytes / 616 meshes
[2026-10-04 12:50:24] dbg: [driver:2] OpenTT3D: retired 1329984 cold OpenGL mesh bytes; 536026612 resident bytes / 616 meshes
[2026-10-04 12:50:25] dbg: [driver:2] OpenTT3D: retired 1331984 cold OpenGL mesh bytes; 536400716 resident bytes / 616 meshes
[2026-10-04 12:50:26] dbg: [driver:2] OpenTT3D: retired 1240032 cold OpenGL mesh bytes; 536189484 resident bytes / 616 meshes
[2026-10-04 12:50:28] dbg: [driver:1] OpenTT3D: 24528 voxel tree lifecycle/palette/scale views preserve exact bindings, CPU geometry and transparent tile picking
[2026-10-04 12:51:10] dbg: [driver:1] OpenTT3D: 20832 distant voxel tree views retain exact original triangles, coincident parent/child instance order and picking at ordinary/large origins (430872 visible pixels)
[2026-10-04 12:51:10] dbg: [driver:1] OpenTT3D: 5 edited voxel visibility streams preserve 1025-instance insertion, removal, ordering and live palette/picking records
[2026-10-04 12:51:10] dbg: [driver:2] OpenTT3D: retired 1243016 cold OpenGL mesh bytes; 535717468 resident bytes / 617 meshes
[2026-10-04 12:51:10] dbg: [driver:2] OpenTT3D: retired 597672 cold OpenGL mesh bytes; 536367268 resident bytes / 618 meshes
[2026-10-04 12:51:10] dbg: [driver:2] OpenTT3D: retired 597832 cold OpenGL mesh bytes; 536547096 resident bytes / 618 meshes
[2026-10-04 12:51:10] dbg: [driver:2] OpenTT3D: retired 558808 cold OpenGL mesh bytes; 536760828 resident bytes / 618 meshes
[2026-10-04 12:51:10] dbg: [driver:2] OpenTT3D: retired 557368 cold OpenGL mesh bytes; 536829092 resident bytes / 618 meshes
[2026-10-04 12:51:10] dbg: [driver:2] OpenTT3D: retired 1133392 cold OpenGL mesh bytes; 536400212 resident bytes / 618 meshes
[2026-10-04 12:51:10] dbg: [driver:2] OpenTT3D: retired 1133688 cold OpenGL mesh bytes; 536209300 resident bytes / 618 meshes
[2026-10-04 12:51:10] dbg: [driver:2] OpenTT3D: retired 596632 cold OpenGL mesh bytes; 536388160 resident bytes / 619 meshes
[2026-10-04 12:51:10] dbg: [driver:2] OpenTT3D: retired 596792 cold OpenGL mesh bytes; 536581248 resident bytes / 619 meshes
[2026-10-04 12:51:10] dbg: [driver:2] OpenTT3D: retired 560520 cold OpenGL mesh bytes; 536377992 resident bytes / 619 meshes
[2026-10-04 12:51:10] dbg: [driver:2] OpenTT3D: retired 559320 cold OpenGL mesh bytes; 536835408 resident bytes / 619 meshes
[2026-10-04 12:51:10] dbg: [driver:2] OpenTT3D: retired 2399032 cold OpenGL mesh bytes; 536361112 resident bytes / 615 meshes
[2026-10-04 12:51:11] dbg: [driver:2] OpenTT3D: retired 396032 cold OpenGL mesh bytes; 536869272 resident bytes / 615 meshes
[2026-10-04 12:51:11] dbg: [driver:2] OpenTT3D: retired 2615928 cold OpenGL mesh bytes; 535347324 resident bytes / 614 meshes
[2026-10-04 12:51:11] dbg: [driver:2] OpenTT3D: retired 2058372 cold OpenGL mesh bytes; 535812340 resident bytes / 615 meshes
[2026-10-04 12:51:11] dbg: [driver:2] OpenTT3D: retired 204552 cold OpenGL mesh bytes; 536696416 resident bytes / 615 meshes
[2026-10-04 12:51:11] dbg: [driver:2] OpenTT3D: retired 1698380 cold OpenGL mesh bytes; 536372712 resident bytes / 614 meshes
[2026-10-04 12:51:11] dbg: [driver:2] OpenTT3D: retired 1600232 cold OpenGL mesh bytes; 535579792 resident bytes / 615 meshes
[2026-10-04 12:51:11] dbg: [driver:2] OpenTT3D: retired 1135708 cold OpenGL mesh bytes; 536115620 resident bytes / 615 meshes
[2026-10-04 12:51:11] dbg: [driver:2] OpenTT3D: retired 1030488 cold OpenGL mesh bytes; 535882048 resident bytes / 616 meshes
[2026-10-04 12:51:11] dbg: [driver:2] OpenTT3D: retired 732616 cold OpenGL mesh bytes; 536643380 resident bytes / 615 meshes
[2026-10-04 12:51:11] dbg: [driver:2] OpenTT3D: retired 889416 cold OpenGL mesh bytes; 536445412 resident bytes / 613 meshes
[2026-10-04 12:51:11] dbg: [driver:2] OpenTT3D: retired 1837772 cold OpenGL mesh bytes; 536521752 resident bytes / 609 meshes
[2026-10-04 12:51:11] dbg: [driver:2] OpenTT3D: retired 1353716 cold OpenGL mesh bytes; 536513700 resident bytes / 607 meshes
[2026-10-04 12:51:11] dbg: [driver:2] OpenTT3D: retired 3112776 cold OpenGL mesh bytes; 536563552 resident bytes / 599 meshes
[2026-10-04 12:51:11] dbg: [driver:2] OpenTT3D: retired 6213732 cold OpenGL mesh bytes; 535385516 resident bytes / 592 meshes
[2026-10-04 12:51:11] dbg: [driver:2] OpenTT3D: retired 5260908 cold OpenGL mesh bytes; 536329216 resident bytes / 587 meshes
[2026-10-04 12:51:11] dbg: [driver:2] OpenTT3D: retired 2003740 cold OpenGL mesh bytes; 534944340 resident bytes / 587 meshes
[2026-10-04 12:51:11] dbg: [driver:2] OpenTT3D: retired 1896664 cold OpenGL mesh bytes; 535806232 resident bytes / 589 meshes
[2026-10-04 12:51:11] dbg: [driver:2] OpenTT3D: retired 175568 cold OpenGL mesh bytes; 536824988 resident bytes / 590 meshes
[2026-10-04 12:51:11] dbg: [driver:2] OpenTT3D: retired 1734900 cold OpenGL mesh bytes; 536590052 resident bytes / 589 meshes
[2026-10-04 12:51:11] dbg: [driver:2] OpenTT3D: retired 1520556 cold OpenGL mesh bytes; 535803972 resident bytes / 590 meshes
[2026-10-04 12:51:11] dbg: [driver:2] OpenTT3D: retired 2232540 cold OpenGL mesh bytes; 535331756 resident bytes / 590 meshes
[2026-10-04 12:51:11] dbg: [driver:2] OpenTT3D: retired 2125364 cold OpenGL mesh bytes; 535523184 resident bytes / 590 meshes
[2026-10-04 12:51:11] dbg: [driver:2] OpenTT3D: retired 447560 cold OpenGL mesh bytes; 536846720 resident bytes / 592 meshes
[2026-10-04 12:51:12] dbg: [driver:2] OpenTT3D: retired 407896 cold OpenGL mesh bytes; 536490768 resident bytes / 592 meshes
[2026-10-04 12:51:12] dbg: [driver:2] OpenTT3D: retired 935876 cold OpenGL mesh bytes; 536192980 resident bytes / 593 meshes
[2026-10-04 12:51:12] dbg: [driver:2] OpenTT3D: retired 3932700 cold OpenGL mesh bytes; 534202056 resident bytes / 594 meshes
[2026-10-04 12:51:12] dbg: [driver:2] OpenTT3D: retired 2777800 cold OpenGL mesh bytes; 535245612 resident bytes / 596 meshes
[2026-10-04 12:51:12] dbg: [driver:2] OpenTT3D: retired 1337656 cold OpenGL mesh bytes; 535700176 resident bytes / 597 meshes
[2026-10-04 12:51:12] dbg: [driver:2] OpenTT3D: retired 1302524 cold OpenGL mesh bytes; 535817868 resident bytes / 597 meshes
[2026-10-04 12:51:12] dbg: [driver:2] OpenTT3D: retired 2758792 cold OpenGL mesh bytes; 534246548 resident bytes / 600 meshes
[2026-10-04 12:51:12] dbg: [driver:2] OpenTT3D: retired 1142740 cold OpenGL mesh bytes; 536217060 resident bytes / 606 meshes
[2026-10-04 12:51:12] dbg: [driver:2] OpenTT3D: retired 2403968 cold OpenGL mesh bytes; 534651168 resident bytes / 607 meshes
[2026-10-04 12:51:12] dbg: [driver:2] OpenTT3D: retired 787916 cold OpenGL mesh bytes; 536219112 resident bytes / 609 meshes
[2026-10-04 12:51:12] dbg: [driver:2] OpenTT3D: retired 1072696 cold OpenGL mesh bytes; 536494304 resident bytes / 608 meshes
[2026-10-04 12:51:13] dbg: [driver:2] OpenTT3D: retired 493472 cold OpenGL mesh bytes; 536820052 resident bytes / 609 meshes
[2026-10-04 12:51:13] dbg: [driver:2] OpenTT3D: retired 951584 cold OpenGL mesh bytes; 536479384 resident bytes / 608 meshes
[2026-10-04 12:51:13] dbg: [driver:2] OpenTT3D: retired 479552 cold OpenGL mesh bytes; 536785376 resident bytes / 609 meshes
[2026-10-04 12:51:13] dbg: [driver:2] OpenTT3D: retired 487392 cold OpenGL mesh bytes; 536557492 resident bytes / 609 meshes
[2026-10-04 12:51:13] dbg: [driver:2] OpenTT3D: retired 987744 cold OpenGL mesh bytes; 536519240 resident bytes / 608 meshes
[2026-10-04 12:51:13] dbg: [driver:2] OpenTT3D: retired 2368880 cold OpenGL mesh bytes; 536423716 resident bytes / 604 meshes
[2026-10-04 12:51:13] dbg: [driver:2] OpenTT3D: retired 1114980 cold OpenGL mesh bytes; 536393912 resident bytes / 605 meshes
[2026-10-04 12:51:13] dbg: [driver:2] OpenTT3D: retired 844060 cold OpenGL mesh bytes; 536614088 resident bytes / 605 meshes
[2026-10-04 12:51:13] dbg: [driver:2] OpenTT3D: retired 1724608 cold OpenGL mesh bytes; 536068120 resident bytes / 605 meshes
[2026-10-04 12:51:13] dbg: [driver:2] OpenTT3D: retired 1416888 cold OpenGL mesh bytes; 536322996 resident bytes / 605 meshes
[2026-10-04 12:51:13] dbg: [driver:2] OpenTT3D: retired 440592 cold OpenGL mesh bytes; 536454060 resident bytes / 606 meshes
[2026-10-04 12:51:13] dbg: [driver:2] OpenTT3D: retired 283664 cold OpenGL mesh bytes; 536833388 resident bytes / 607 meshes
[2026-10-04 12:51:13] dbg: [driver:2] OpenTT3D: retired 672244 cold OpenGL mesh bytes; 536647108 resident bytes / 606 meshes
[2026-10-04 12:51:13] dbg: [driver:2] OpenTT3D: retired 1737168 cold OpenGL mesh bytes; 535642516 resident bytes / 605 meshes
[2026-10-04 12:51:13] dbg: [driver:2] OpenTT3D: retired 805632 cold OpenGL mesh bytes; 536307412 resident bytes / 606 meshes
[2026-10-04 12:51:13] dbg: [driver:2] OpenTT3D: retired 856248 cold OpenGL mesh bytes; 536445808 resident bytes / 608 meshes
[2026-10-04 12:51:13] dbg: [driver:2] OpenTT3D: retired 377284 cold OpenGL mesh bytes; 536777520 resident bytes / 610 meshes
[2026-10-04 12:51:13] dbg: [driver:2] OpenTT3D: retired 740552 cold OpenGL mesh bytes; 536169800 resident bytes / 610 meshes
[2026-10-04 12:51:13] dbg: [driver:2] OpenTT3D: retired 140904 cold OpenGL mesh bytes; 536771648 resident bytes / 611 meshes
[2026-10-04 12:51:13] dbg: [driver:2] OpenTT3D: retired 512512 cold OpenGL mesh bytes; 536420828 resident bytes / 611 meshes
[2026-10-04 12:51:13] dbg: [driver:2] OpenTT3D: retired 516832 cold OpenGL mesh bytes; 536514664 resident bytes / 611 meshes
[2026-10-04 12:51:13] dbg: [driver:2] OpenTT3D: retired 515072 cold OpenGL mesh bytes; 536775908 resident bytes / 611 meshes
[2026-10-04 12:51:13] dbg: [driver:2] OpenTT3D: retired 515072 cold OpenGL mesh bytes; 536410904 resident bytes / 611 meshes
[2026-10-04 12:51:13] dbg: [driver:2] OpenTT3D: retired 482432 cold OpenGL mesh bytes; 536433120 resident bytes / 612 meshes
[2026-10-04 12:51:13] dbg: [driver:2] OpenTT3D: retired 476832 cold OpenGL mesh bytes; 536478264 resident bytes / 616 meshes
[2026-10-04 12:51:13] dbg: [driver:2] OpenTT3D: retired 1742856 cold OpenGL mesh bytes; 536433688 resident bytes / 615 meshes
[2026-10-04 12:51:13] dbg: [driver:2] OpenTT3D: retired 3840336 cold OpenGL mesh bytes; 534291632 resident bytes / 615 meshes
[2026-10-04 12:51:14] dbg: [driver:2] OpenTT3D: retired 1073132 cold OpenGL mesh bytes; 536752184 resident bytes / 619 meshes
[2026-10-04 12:51:14] dbg: [driver:2] OpenTT3D: retired 281808 cold OpenGL mesh bytes; 536823928 resident bytes / 618 meshes
[2026-10-04 12:51:14] dbg: [driver:2] OpenTT3D: retired 1507976 cold OpenGL mesh bytes; 536535696 resident bytes / 614 meshes
[2026-10-04 12:51:14] dbg: [driver:2] OpenTT3D: retired 1443872 cold OpenGL mesh bytes; 536814508 resident bytes / 610 meshes
[2026-10-04 12:51:14] dbg: [driver:2] OpenTT3D: retired 345552 cold OpenGL mesh bytes; 536837008 resident bytes / 610 meshes
[2026-10-04 12:51:14] dbg: [driver:2] OpenTT3D: retired 896584 cold OpenGL mesh bytes; 536842504 resident bytes / 608 meshes
[2026-10-04 12:51:14] dbg: [driver:2] OpenTT3D: retired 1443632 cold OpenGL mesh bytes; 536793608 resident bytes / 604 meshes
[2026-10-04 12:51:14] dbg: [driver:2] OpenTT3D: retired 346032 cold OpenGL mesh bytes; 536806992 resident bytes / 604 meshes
[2026-10-04 12:51:14] dbg: [driver:2] OpenTT3D: retired 1123936 cold OpenGL mesh bytes; 536652396 resident bytes / 601 meshes
[2026-10-04 12:51:14] dbg: [driver:2] OpenTT3D: retired 915024 cold OpenGL mesh bytes; 536579304 resident bytes / 599 meshes
[2026-10-04 12:51:14] dbg: [driver:2] OpenTT3D: retired 156880 cold OpenGL mesh bytes; 536775600 resident bytes / 599 meshes
[2026-10-04 12:51:14] dbg: [driver:2] OpenTT3D: retired 555224 cold OpenGL mesh bytes; 536623348 resident bytes / 598 meshes
[2026-10-04 12:51:14] dbg: [driver:2] OpenTT3D: retired 272512 cold OpenGL mesh bytes; 536846904 resident bytes / 598 meshes
[2026-10-04 12:51:14] dbg: [driver:2] OpenTT3D: retired 295180 cold OpenGL mesh bytes; 536814212 resident bytes / 598 meshes
[2026-10-04 12:51:14] dbg: [driver:2] OpenTT3D: retired 704624 cold OpenGL mesh bytes; 536852116 resident bytes / 597 meshes
[2026-10-04 12:51:14] dbg: [driver:2] OpenTT3D: retired 1338416 cold OpenGL mesh bytes; 536818060 resident bytes / 594 meshes
[2026-10-04 12:51:14] dbg: [driver:2] OpenTT3D: retired 470400 cold OpenGL mesh bytes; 536739548 resident bytes / 593 meshes
[2026-10-04 12:51:14] dbg: [driver:2] OpenTT3D: retired 590144 cold OpenGL mesh bytes; 536649376 resident bytes / 593 meshes
[2026-10-04 12:51:14] dbg: [driver:2] OpenTT3D: retired 563304 cold OpenGL mesh bytes; 536773648 resident bytes / 592 meshes
[2026-10-04 12:51:14] dbg: [driver:2] OpenTT3D: retired 643064 cold OpenGL mesh bytes; 536831176 resident bytes / 589 meshes
[2026-10-04 12:51:14] dbg: [driver:2] OpenTT3D: retired 2667584 cold OpenGL mesh bytes; 534957120 resident bytes / 586 meshes
[2026-10-04 12:51:14] dbg: [driver:2] OpenTT3D: retired 239264 cold OpenGL mesh bytes; 536737296 resident bytes / 586 meshes
[2026-10-04 12:51:14] dbg: [driver:2] OpenTT3D: retired 500488 cold OpenGL mesh bytes; 536591136 resident bytes / 586 meshes
[2026-10-04 12:51:14] dbg: [driver:2] OpenTT3D: retired 782564 cold OpenGL mesh bytes; 536116668 resident bytes / 586 meshes
[2026-10-04 12:51:14] dbg: [driver:2] OpenTT3D: retired 1178012 cold OpenGL mesh bytes; 535963224 resident bytes / 587 meshes
[2026-10-04 12:51:14] dbg: [driver:2] OpenTT3D: retired 1417512 cold OpenGL mesh bytes; 535543788 resident bytes / 587 meshes
[2026-10-04 12:51:14] dbg: [driver:2] OpenTT3D: retired 837536 cold OpenGL mesh bytes; 536673812 resident bytes / 587 meshes
[2026-10-04 12:51:14] dbg: [driver:2] OpenTT3D: retired 1372128 cold OpenGL mesh bytes; 536234644 resident bytes / 586 meshes
[2026-10-04 12:51:15] dbg: [driver:2] OpenTT3D: retired 1440644 cold OpenGL mesh bytes; 535537036 resident bytes / 586 meshes
[2026-10-04 12:51:15] dbg: [driver:2] OpenTT3D: retired 1509820 cold OpenGL mesh bytes; 535689160 resident bytes / 587 meshes
[2026-10-04 12:51:15] dbg: [driver:2] OpenTT3D: retired 1502332 cold OpenGL mesh bytes; 535873124 resident bytes / 588 meshes
[2026-10-04 12:51:15] dbg: [driver:2] OpenTT3D: retired 654336 cold OpenGL mesh bytes; 536815076 resident bytes / 587 meshes
[2026-10-04 12:51:15] dbg: [driver:2] OpenTT3D: retired 1685536 cold OpenGL mesh bytes; 536538996 resident bytes / 586 meshes
[2026-10-04 12:51:15] dbg: [driver:2] OpenTT3D: retired 1621136 cold OpenGL mesh bytes; 535736132 resident bytes / 586 meshes
[2026-10-04 12:51:15] dbg: [driver:2] OpenTT3D: retired 1841512 cold OpenGL mesh bytes; 535525700 resident bytes / 586 meshes
[2026-10-04 12:51:15] dbg: [driver:2] OpenTT3D: retired 1733100 cold OpenGL mesh bytes; 535926688 resident bytes / 587 meshes
[2026-10-04 12:51:15] dbg: [driver:2] OpenTT3D: retired 505728 cold OpenGL mesh bytes; 536810652 resident bytes / 587 meshes
[2026-10-04 12:51:15] dbg: [driver:2] OpenTT3D: retired 1707348 cold OpenGL mesh bytes; 536776132 resident bytes / 585 meshes
[2026-10-04 12:51:15] dbg: [driver:2] OpenTT3D: retired 2755820 cold OpenGL mesh bytes; 535693140 resident bytes / 584 meshes
[2026-10-04 12:51:15] dbg: [driver:2] OpenTT3D: retired 730056 cold OpenGL mesh bytes; 536192228 resident bytes / 584 meshes
[2026-10-04 12:51:15] dbg: [driver:2] OpenTT3D: retired 990900 cold OpenGL mesh bytes; 536447296 resident bytes / 582 meshes
[2026-10-04 12:51:15] dbg: [driver:2] OpenTT3D: retired 844480 cold OpenGL mesh bytes; 536470832 resident bytes / 582 meshes
[2026-10-04 12:51:15] dbg: [driver:2] OpenTT3D: retired 1133200 cold OpenGL mesh bytes; 536567080 resident bytes / 582 meshes
[2026-10-04 12:51:15] dbg: [driver:2] OpenTT3D: retired 1369824 cold OpenGL mesh bytes; 535593288 resident bytes / 582 meshes
[2026-10-04 12:51:15] dbg: [driver:2] OpenTT3D: retired 842236 cold OpenGL mesh bytes; 536220472 resident bytes / 583 meshes
[2026-10-04 12:51:15] dbg: [driver:2] OpenTT3D: retired 721348 cold OpenGL mesh bytes; 536604292 resident bytes / 584 meshes
[2026-10-04 12:51:15] dbg: [driver:2] OpenTT3D: retired 667552 cold OpenGL mesh bytes; 536500388 resident bytes / 584 meshes
[2026-10-04 12:51:15] dbg: [driver:2] OpenTT3D: retired 1670800 cold OpenGL mesh bytes; 536324312 resident bytes / 584 meshes
[2026-10-04 12:51:15] dbg: [driver:2] OpenTT3D: retired 1917912 cold OpenGL mesh bytes; 536388580 resident bytes / 584 meshes
[2026-10-04 12:51:16] dbg: [driver:2] OpenTT3D: retired 1870080 cold OpenGL mesh bytes; 535252348 resident bytes / 585 meshes
[2026-10-04 12:51:16] dbg: [driver:2] OpenTT3D: retired 1441072 cold OpenGL mesh bytes; 536824232 resident bytes / 585 meshes
[2026-10-04 12:51:16] dbg: [driver:2] OpenTT3D: retired 774036 cold OpenGL mesh bytes; 536300748 resident bytes / 585 meshes
[2026-10-04 12:51:16] dbg: [driver:2] OpenTT3D: retired 1093036 cold OpenGL mesh bytes; 536429044 resident bytes / 586 meshes
[2026-10-04 12:51:16] dbg: [driver:2] OpenTT3D: retired 1264664 cold OpenGL mesh bytes; 535827172 resident bytes / 587 meshes
[2026-10-04 12:51:16] dbg: [driver:2] OpenTT3D: retired 1203504 cold OpenGL mesh bytes; 536769240 resident bytes / 586 meshes
[2026-10-04 12:51:16] dbg: [driver:2] OpenTT3D: retired 2353412 cold OpenGL mesh bytes; 535714264 resident bytes / 585 meshes
[2026-10-04 12:51:16] dbg: [driver:2] OpenTT3D: retired 1461348 cold OpenGL mesh bytes; 535619948 resident bytes / 585 meshes
[2026-10-04 12:51:16] dbg: [driver:2] OpenTT3D: retired 1438860 cold OpenGL mesh bytes; 535801532 resident bytes / 585 meshes
[2026-10-04 12:51:16] dbg: [driver:2] OpenTT3D: retired 502124 cold OpenGL mesh bytes; 536591196 resident bytes / 585 meshes
[2026-10-04 12:51:16] dbg: [driver:2] OpenTT3D: retired 1742884 cold OpenGL mesh bytes; 536215184 resident bytes / 583 meshes
[2026-10-04 12:51:16] dbg: [driver:2] OpenTT3D: retired 4987528 cold OpenGL mesh bytes; 536249388 resident bytes / 581 meshes
[2026-10-04 12:51:16] dbg: [driver:2] OpenTT3D: retired 5764504 cold OpenGL mesh bytes; 536599252 resident bytes / 573 meshes
[2026-10-04 12:51:16] dbg: [driver:2] OpenTT3D: retired 6988188 cold OpenGL mesh bytes; 536647696 resident bytes / 564 meshes
[2026-10-04 12:51:16] dbg: [driver:2] OpenTT3D: retired 1645832 cold OpenGL mesh bytes; 535661648 resident bytes / 565 meshes
[2026-10-04 12:51:17] dbg: [driver:2] OpenTT3D: retired 1620176 cold OpenGL mesh bytes; 535272392 resident bytes / 566 meshes
[2026-10-04 12:51:17] dbg: [driver:2] OpenTT3D: retired 2282968 cold OpenGL mesh bytes; 536388928 resident bytes / 564 meshes
[2026-10-04 12:51:17] dbg: [driver:2] OpenTT3D: retired 8139324 cold OpenGL mesh bytes; 536803124 resident bytes / 556 meshes
[2026-10-04 12:51:17] dbg: [driver:2] OpenTT3D: retired 9795416 cold OpenGL mesh bytes; 536573036 resident bytes / 545 meshes
[2026-10-04 12:51:17] dbg: [driver:2] OpenTT3D: retired 1017628 cold OpenGL mesh bytes; 536328476 resident bytes / 545 meshes
[2026-10-04 12:51:17] dbg: [driver:2] OpenTT3D: retired 1570324 cold OpenGL mesh bytes; 535748592 resident bytes / 545 meshes
[2026-10-04 12:51:17] dbg: [driver:2] OpenTT3D: retired 1554136 cold OpenGL mesh bytes; 535523300 resident bytes / 545 meshes
[2026-10-04 12:51:17] dbg: [driver:2] OpenTT3D: retired 459488 cold OpenGL mesh bytes; 536842692 resident bytes / 546 meshes
[2026-10-04 12:51:17] dbg: [driver:2] OpenTT3D: retired 1943148 cold OpenGL mesh bytes; 536231292 resident bytes / 536 meshes
[2026-10-04 12:51:17] dbg: [driver:2] OpenTT3D: retired 1924032 cold OpenGL mesh bytes; 536679176 resident bytes / 533 meshes
[2026-10-04 12:51:17] dbg: [driver:2] OpenTT3D: retired 3228768 cold OpenGL mesh bytes; 536814620 resident bytes / 530 meshes
[2026-10-04 12:51:17] dbg: [driver:2] OpenTT3D: retired 3779112 cold OpenGL mesh bytes; 536298260 resident bytes / 525 meshes
[2026-10-04 12:51:17] dbg: [driver:2] OpenTT3D: retired 3728808 cold OpenGL mesh bytes; 536293580 resident bytes / 520 meshes
[2026-10-04 12:51:17] dbg: [driver:2] OpenTT3D: retired 4811696 cold OpenGL mesh bytes; 536663212 resident bytes / 508 meshes
[2026-10-04 12:51:18] dbg: [driver:2] OpenTT3D: retired 8577452 cold OpenGL mesh bytes; 536377680 resident bytes / 494 meshes
[2026-10-04 12:51:18] dbg: [driver:2] OpenTT3D: retired 4485292 cold OpenGL mesh bytes; 536624524 resident bytes / 490 meshes
[2026-10-04 12:51:18] dbg: [driver:2] OpenTT3D: retired 9230808 cold OpenGL mesh bytes; 534618196 resident bytes / 488 meshes
[2026-10-04 12:51:18] dbg: [driver:2] OpenTT3D: retired 3362080 cold OpenGL mesh bytes; 533544140 resident bytes / 489 meshes
[2026-10-04 12:51:18] dbg: [driver:2] OpenTT3D: retired 1313408 cold OpenGL mesh bytes; 536705648 resident bytes / 490 meshes
[2026-10-04 12:51:18] dbg: [driver:2] OpenTT3D: retired 1385608 cold OpenGL mesh bytes; 536869496 resident bytes / 489 meshes
[2026-10-04 12:51:18] dbg: [driver:2] OpenTT3D: retired 3764932 cold OpenGL mesh bytes; 534785520 resident bytes / 488 meshes
[2026-10-04 12:51:18] dbg: [driver:2] OpenTT3D: retired 2409148 cold OpenGL mesh bytes; 535986168 resident bytes / 489 meshes
[2026-10-04 12:51:18] dbg: [driver:2] OpenTT3D: retired 1813720 cold OpenGL mesh bytes; 536599900 resident bytes / 487 meshes
[2026-10-04 12:51:18] dbg: [driver:2] OpenTT3D: retired 2090636 cold OpenGL mesh bytes; 536505208 resident bytes / 486 meshes
[2026-10-04 12:51:18] dbg: [driver:2] OpenTT3D: retired 1916492 cold OpenGL mesh bytes; 536824864 resident bytes / 486 meshes
[2026-10-04 12:51:18] dbg: [driver:2] OpenTT3D: retired 28114732 cold OpenGL mesh bytes; 535963820 resident bytes / 465 meshes
[2026-10-04 12:51:19] dbg: [driver:2] OpenTT3D: retired 30751824 cold OpenGL mesh bytes; 535973780 resident bytes / 439 meshes
[2026-10-04 12:51:20] dbg: [driver:2] OpenTT3D: retired 36411180 cold OpenGL mesh bytes; 535176528 resident bytes / 420 meshes
[2026-10-04 12:51:20] dbg: [driver:2] OpenTT3D: retired 2337708 cold OpenGL mesh bytes; 535604004 resident bytes / 420 meshes
[2026-10-04 12:51:21] dbg: [driver:2] OpenTT3D: retired 21275476 cold OpenGL mesh bytes; 536155152 resident bytes / 405 meshes
[2026-10-04 12:51:21] dbg: [driver:2] OpenTT3D: retired 5980912 cold OpenGL mesh bytes; 536231712 resident bytes / 400 meshes
[2026-10-04 12:51:21] dbg: [driver:2] OpenTT3D: retired 1791040 cold OpenGL mesh bytes; 536788424 resident bytes / 399 meshes
[2026-10-04 12:51:21] dbg: [driver:2] OpenTT3D: retired 7352380 cold OpenGL mesh bytes; 536823060 resident bytes / 390 meshes
[2026-10-04 12:51:22] dbg: [driver:2] OpenTT3D: retired 3606796 cold OpenGL mesh bytes; 536524604 resident bytes / 387 meshes
[2026-10-04 12:51:22] dbg: [driver:2] OpenTT3D: retired 1586628 cold OpenGL mesh bytes; 536448844 resident bytes / 385 meshes
[2026-10-04 12:51:22] dbg: [driver:2] OpenTT3D: retired 1588460 cold OpenGL mesh bytes; 536401380 resident bytes / 385 meshes
[2026-10-04 12:51:22] dbg: [driver:2] OpenTT3D: retired 1588460 cold OpenGL mesh bytes; 535677324 resident bytes / 385 meshes
[2026-10-04 12:51:22] dbg: [driver:2] OpenTT3D: retired 1509972 cold OpenGL mesh bytes; 536214904 resident bytes / 387 meshes
[2026-10-04 12:51:22] dbg: [driver:2] OpenTT3D: retired 1180796 cold OpenGL mesh bytes; 536053324 resident bytes / 387 meshes
[2026-10-04 12:51:22] dbg: [driver:2] OpenTT3D: retired 798008 cold OpenGL mesh bytes; 536339912 resident bytes / 386 meshes
[2026-10-04 12:51:23] dbg: [driver:2] OpenTT3D: retired 955272 cold OpenGL mesh bytes; 535939712 resident bytes / 386 meshes
[2026-10-04 12:51:24] dbg: [driver:2] OpenTT3D: retired 1665328 cold OpenGL mesh bytes; 535446776 resident bytes / 388 meshes
[2026-10-04 12:51:24] dbg: [driver:2] OpenTT3D: retired 1641712 cold OpenGL mesh bytes; 535545536 resident bytes / 392 meshes
[2026-10-04 12:51:24] dbg: [driver:2] OpenTT3D: retired 1641712 cold OpenGL mesh bytes; 535876728 resident bytes / 394 meshes
[2026-10-04 12:51:24] dbg: [driver:2] OpenTT3D: retired 648136 cold OpenGL mesh bytes; 536851184 resident bytes / 394 meshes
[2026-10-04 12:51:24] dbg: [driver:2] OpenTT3D: retired 549312 cold OpenGL mesh bytes; 536805504 resident bytes / 394 meshes
[2026-10-04 12:51:25] dbg: [driver:2] OpenTT3D: retired 1240756 cold OpenGL mesh bytes; 536217644 resident bytes / 394 meshes
[2026-10-04 12:51:25] dbg: [driver:2] OpenTT3D: retired 2144108 cold OpenGL mesh bytes; 534734952 resident bytes / 394 meshes
[2026-10-04 12:51:25] dbg: [driver:2] OpenTT3D: retired 2144108 cold OpenGL mesh bytes; 534742256 resident bytes / 397 meshes
[2026-10-04 12:51:25] dbg: [driver:2] OpenTT3D: retired 2144108 cold OpenGL mesh bytes; 534792052 resident bytes / 400 meshes
[2026-10-04 12:51:25] dbg: [driver:2] OpenTT3D: retired 1700056 cold OpenGL mesh bytes; 535401764 resident bytes / 403 meshes
[2026-10-04 12:51:26] dbg: [driver:2] OpenTT3D: retired 214440 cold OpenGL mesh bytes; 536818192 resident bytes / 405 meshes
[2026-10-04 12:51:26] dbg: [driver:2] OpenTT3D: retired 891728 cold OpenGL mesh bytes; 536851604 resident bytes / 405 meshes
[2026-10-04 12:51:26] dbg: [driver:2] OpenTT3D: retired 1390440 cold OpenGL mesh bytes; 536388224 resident bytes / 405 meshes
[2026-10-04 12:51:26] dbg: [driver:2] OpenTT3D: retired 1706088 cold OpenGL mesh bytes; 535342224 resident bytes / 405 meshes
[2026-10-04 12:51:26] dbg: [driver:2] OpenTT3D: retired 1706088 cold OpenGL mesh bytes; 535446392 resident bytes / 407 meshes
[2026-10-04 12:51:26] dbg: [driver:2] OpenTT3D: retired 1028800 cold OpenGL mesh bytes; 536286324 resident bytes / 409 meshes
[2026-10-04 12:51:26] dbg: [driver:2] OpenTT3D: retired 530648 cold OpenGL mesh bytes; 536340428 resident bytes / 409 meshes
[2026-10-04 12:51:26] dbg: [driver:2] OpenTT3D: retired 538728 cold OpenGL mesh bytes; 536649108 resident bytes / 410 meshes
[2026-10-04 12:51:26] dbg: [driver:2] OpenTT3D: retired 1166464 cold OpenGL mesh bytes; 536082184 resident bytes / 410 meshes
[2026-10-04 12:51:26] dbg: [driver:2] OpenTT3D: retired 1711192 cold OpenGL mesh bytes; 535338760 resident bytes / 412 meshes
[2026-10-04 12:51:26] dbg: [driver:2] OpenTT3D: retired 2428856 cold OpenGL mesh bytes; 535026056 resident bytes / 414 meshes
[2026-10-04 12:51:27] dbg: [driver:2] OpenTT3D: retired 1947280 cold OpenGL mesh bytes; 535112876 resident bytes / 419 meshes
[2026-10-04 12:51:27] dbg: [driver:2] OpenTT3D: retired 1466184 cold OpenGL mesh bytes; 535712632 resident bytes / 424 meshes
[2026-10-04 12:51:27] dbg: [driver:2] OpenTT3D: retired 448600 cold OpenGL mesh bytes; 536774352 resident bytes / 428 meshes
[2026-10-04 12:51:27] dbg: [driver:2] OpenTT3D: retired 1147324 cold OpenGL mesh bytes; 536103392 resident bytes / 427 meshes
[2026-10-04 12:51:27] dbg: [driver:2] OpenTT3D: retired 1342916 cold OpenGL mesh bytes; 536040124 resident bytes / 429 meshes
[2026-10-04 12:51:27] dbg: [driver:2] OpenTT3D: retired 1870248 cold OpenGL mesh bytes; 535074280 resident bytes / 431 meshes
[2026-10-04 12:51:27] dbg: [driver:2] OpenTT3D: retired 2025560 cold OpenGL mesh bytes; 535653144 resident bytes / 433 meshes
[2026-10-04 12:51:27] dbg: [driver:2] OpenTT3D: retired 1442416 cold OpenGL mesh bytes; 535648136 resident bytes / 433 meshes
[2026-10-04 12:51:27] dbg: [driver:2] OpenTT3D: retired 360364 cold OpenGL mesh bytes; 536642760 resident bytes / 434 meshes
[2026-10-04 12:51:27] dbg: [driver:2] OpenTT3D: retired 861632 cold OpenGL mesh bytes; 536477132 resident bytes / 433 meshes
[2026-10-04 12:51:27] dbg: [driver:2] OpenTT3D: retired 1220140 cold OpenGL mesh bytes; 536222900 resident bytes / 433 meshes
[2026-10-04 12:51:27] dbg: [driver:2] OpenTT3D: retired 1623084 cold OpenGL mesh bytes; 535497436 resident bytes / 433 meshes
[2026-10-04 12:51:27] dbg: [driver:2] OpenTT3D: retired 1419852 cold OpenGL mesh bytes; 536501112 resident bytes / 434 meshes
[2026-10-04 12:51:27] dbg: [driver:2] OpenTT3D: retired 1410220 cold OpenGL mesh bytes; 536395660 resident bytes / 433 meshes
[2026-10-04 12:51:28] dbg: [driver:2] OpenTT3D: retired 429468 cold OpenGL mesh bytes; 536822988 resident bytes / 433 meshes
[2026-10-04 12:51:28] dbg: [driver:2] OpenTT3D: retired 2388224 cold OpenGL mesh bytes; 535571296 resident bytes / 432 meshes
[2026-10-04 12:51:28] dbg: [driver:2] OpenTT3D: retired 1952808 cold OpenGL mesh bytes; 535587340 resident bytes / 433 meshes
[2026-10-04 12:51:28] dbg: [driver:2] OpenTT3D: retired 2341928 cold OpenGL mesh bytes; 534887908 resident bytes / 434 meshes
[2026-10-04 12:51:28] dbg: [driver:2] OpenTT3D: retired 1483592 cold OpenGL mesh bytes; 535910444 resident bytes / 436 meshes
[2026-10-04 12:51:28] dbg: [driver:2] OpenTT3D: retired 708948 cold OpenGL mesh bytes; 536709776 resident bytes / 436 meshes
[2026-10-04 12:51:28] dbg: [driver:2] OpenTT3D: retired 737256 cold OpenGL mesh bytes; 536729664 resident bytes / 436 meshes
[2026-10-04 12:51:28] dbg: [driver:2] OpenTT3D: retired 1258904 cold OpenGL mesh bytes; 535975488 resident bytes / 436 meshes
[2026-10-04 12:51:28] dbg: [driver:2] OpenTT3D: retired 1729120 cold OpenGL mesh bytes; 535275888 resident bytes / 437 meshes
[2026-10-04 12:51:28] dbg: [driver:2] OpenTT3D: retired 2003604 cold OpenGL mesh bytes; 534958544 resident bytes / 438 meshes
[2026-10-04 12:51:28] dbg: [driver:2] OpenTT3D: retired 1249568 cold OpenGL mesh bytes; 535940240 resident bytes / 440 meshes
[2026-10-04 12:51:28] dbg: [driver:2] OpenTT3D: retired 324924 cold OpenGL mesh bytes; 536648084 resident bytes / 441 meshes
[2026-10-04 12:51:28] dbg: [driver:2] OpenTT3D: retired 697576 cold OpenGL mesh bytes; 536637144 resident bytes / 438 meshes
[2026-10-04 12:51:28] dbg: [driver:2] OpenTT3D: retired 965792 cold OpenGL mesh bytes; 536545032 resident bytes / 435 meshes
[2026-10-04 12:51:28] dbg: [driver:2] OpenTT3D: retired 892072 cold OpenGL mesh bytes; 536261352 resident bytes / 435 meshes
[2026-10-04 12:51:28] dbg: [driver:2] OpenTT3D: retired 1499680 cold OpenGL mesh bytes; 535472288 resident bytes / 435 meshes
[2026-10-04 12:51:28] dbg: [driver:2] OpenTT3D: retired 1942500 cold OpenGL mesh bytes; 535045788 resident bytes / 436 meshes
[2026-10-04 12:51:28] dbg: [driver:2] OpenTT3D: retired 2308048 cold OpenGL mesh bytes; 534651844 resident bytes / 438 meshes
[2026-10-04 12:51:28] dbg: [driver:2] OpenTT3D: retired 1100924 cold OpenGL mesh bytes; 535819272 resident bytes / 441 meshes
[2026-10-04 12:51:28] dbg: [driver:2] OpenTT3D: retired 430148 cold OpenGL mesh bytes; 536796324 resident bytes / 442 meshes
[2026-10-04 12:51:28] dbg: [driver:2] OpenTT3D: retired 1274820 cold OpenGL mesh bytes; 536037812 resident bytes / 441 meshes
[2026-10-04 12:51:28] dbg: [driver:2] OpenTT3D: retired 1083096 cold OpenGL mesh bytes; 536172560 resident bytes / 442 meshes
[2026-10-04 12:51:28] dbg: [driver:2] OpenTT3D: retired 1035744 cold OpenGL mesh bytes; 536466448 resident bytes / 443 meshes
[2026-10-04 12:51:29] dbg: [driver:2] OpenTT3D: retired 763112 cold OpenGL mesh bytes; 536588040 resident bytes / 443 meshes
[2026-10-04 12:51:29] dbg: [driver:2] OpenTT3D: retired 1114620 cold OpenGL mesh bytes; 536483084 resident bytes / 441 meshes
[2026-10-04 12:51:29] dbg: [driver:2] OpenTT3D: retired 1098660 cold OpenGL mesh bytes; 535801004 resident bytes / 441 meshes
[2026-10-04 12:51:29] dbg: [driver:2] OpenTT3D: retired 1409668 cold OpenGL mesh bytes; 535715648 resident bytes / 442 meshes
[2026-10-04 12:51:29] dbg: [driver:2] OpenTT3D: retired 1301828 cold OpenGL mesh bytes; 535737372 resident bytes / 445 meshes
[2026-10-04 12:51:29] dbg: [driver:2] OpenTT3D: retired 861712 cold OpenGL mesh bytes; 536783684 resident bytes / 446 meshes
[2026-10-04 12:51:30] dbg: [driver:2] OpenTT3D: retired 4630384 cold OpenGL mesh bytes; 535625156 resident bytes / 442 meshes
[2026-10-04 12:51:30] dbg: [driver:2] OpenTT3D: retired 3321496 cold OpenGL mesh bytes; 535774236 resident bytes / 441 meshes
[2026-10-04 12:51:30] dbg: [driver:2] OpenTT3D: retired 2408900 cold OpenGL mesh bytes; 536823064 resident bytes / 432 meshes
[2026-10-04 12:51:30] dbg: [driver:2] OpenTT3D: source texture 4724 mip family request 2 decode 2.179 ms, preparation 2.322 ms
[2026-10-04 12:51:30] dbg: [driver:2] OpenTT3D: retired 4156984 cold OpenGL mesh bytes; 536124300 resident bytes / 429 meshes
[2026-10-04 12:51:31] dbg: [driver:2] OpenTT3D: retired 3795992 cold OpenGL mesh bytes; 535789432 resident bytes / 425 meshes
[2026-10-04 12:51:31] dbg: [driver:2] OpenTT3D: retired 2524488 cold OpenGL mesh bytes; 536713900 resident bytes / 424 meshes
[2026-10-04 12:51:31] dbg: [driver:2] OpenTT3D: retired 4970200 cold OpenGL mesh bytes; 535198092 resident bytes / 420 meshes
[2026-10-04 12:51:31] dbg: [driver:2] OpenTT3D: retired 2322244 cold OpenGL mesh bytes; 536331520 resident bytes / 420 meshes
[2026-10-04 12:51:31] dbg: [driver:2] OpenTT3D: retired 1441540 cold OpenGL mesh bytes; 536280900 resident bytes / 420 meshes
[2026-10-04 12:51:32] dbg: [driver:2] OpenTT3D: retired 3323244 cold OpenGL mesh bytes; 536222272 resident bytes / 416 meshes
[2026-10-04 12:51:32] dbg: [driver:2] OpenTT3D: retired 2079364 cold OpenGL mesh bytes; 536079480 resident bytes / 415 meshes
[2026-10-04 12:51:32] dbg: [driver:2] OpenTT3D: retired 1367456 cold OpenGL mesh bytes; 536504556 resident bytes / 414 meshes
[2026-10-04 12:51:32] dbg: [driver:2] OpenTT3D: retired 1487824 cold OpenGL mesh bytes; 536825644 resident bytes / 412 meshes
[2026-10-04 12:51:32] dbg: [driver:1] OpenTT3D: 8296 voxel industry construction/animation views preserve source selection, exact CPU geometry and transparent tile picking
[2026-10-04 12:51:32] dbg: [driver:1] OpenTT3D: 4960 of these views verify explicit voxel industry ground/stockpile layers
[2026-10-04 12:51:32] dbg: [driver:1] OpenTT3D: 88 industry layer bindings retain their supplied source because the active climate has no matching authored volume
[2026-10-04 12:51:32] dbg: [driver:2] OpenTT3D: retired 777660 cold OpenGL mesh bytes; 536298112 resident bytes / 412 meshes
[2026-10-04 12:51:32] dbg: [driver:2] OpenTT3D: retired 772540 cold OpenGL mesh bytes; 536333476 resident bytes / 413 meshes
[2026-10-04 12:51:32] dbg: [driver:2] OpenTT3D: retired 625632 cold OpenGL mesh bytes; 536266340 resident bytes / 413 meshes
[2026-10-04 12:51:32] dbg: [driver:2] OpenTT3D: retired 704512 cold OpenGL mesh bytes; 536214836 resident bytes / 414 meshes
[2026-10-04 12:51:32] dbg: [driver:1] OpenTT3D: 48 voxel power-station spark poses preserve exact child geometry, parent ownership and transparent picking
[2026-10-04 12:51:32] dbg: [driver:1] OpenTT3D: tiled GPU rendering matches the full framebuffer
[2026-10-04 12:51:32] dbg: [driver:1] OpenTT3D: GPU depth, object picking and transparency verification passed
[2026-10-04 12:51:32] dbg: [driver:1] OpenTT3D: GPU model instances match expanded geometry and object IDs
[2026-10-04 12:51:32] dbg: [driver:1] OpenTT3D: 8 large-world subpixel-focus GPU views match local-coordinate colour and picking exactly
[2026-10-04 12:51:32] dbg: [driver:2] OpenTT3D: retired 9645208 cold OpenGL mesh bytes; 536115400 resident bytes / 407 meshes
[2026-10-04 12:51:32] dbg: [driver:1] OpenTT3D: GPU multi-mesh storage, large uploads and reuse preserve colour and picking
[2026-10-04 12:51:33] dbg: [driver:1] OpenTT3D: 8 transient mesh payloads preserve exact instancing and address reuse without persistent cache growth
[2026-10-04 12:51:33] dbg: [driver:2] OpenTT3D: retired 536115400 cold OpenGL mesh bytes; 0 resident bytes / 0 meshes
[2026-10-04 12:51:33] dbg: [driver:2] OpenTT3D: retired 9545440 cold OpenGL mesh bytes; 0 resident bytes / 0 meshes
[2026-10-04 12:51:33] dbg: [driver:2] OpenTT3D: retired 9545440 cold OpenGL mesh bytes; 0 resident bytes / 0 meshes
[2026-10-04 12:51:33] dbg: [driver:2] OpenTT3D: retired 9545440 cold OpenGL mesh bytes; 0 resident bytes / 0 meshes
[2026-10-04 12:51:33] dbg: [driver:1] OpenTT3D: 4 cold mesh retirement/reupload views preserve exact geometry, colour, transparency and picking
[2026-10-04 12:51:33] dbg: [driver:1] OpenTT3D: mixed-opacity shared-mesh batches preserve exact unpartitioned colour order and picking across the 0.99 boundary
[2026-10-04 12:51:33] dbg: [driver:1] OpenTT3D: full 24-bit map indices and independent vehicle picking IDs passed
[2026-10-04 12:51:33] dbg: [driver:1] OpenTT3D: atlas relocation preserves textured terrain pixels and picking
[2026-10-04 12:51:33] dbg: [driver:1] OpenTT3D: fragment-repeated component material charts preserve CPU/GPU colour and picking
[2026-10-04 12:51:33] dbg: [driver:1] OpenTT3D: explicit vehicle UVs and non-pickable shadow materials passed
[2026-10-04 12:51:33] dbg: [driver:1] OpenTT3D: unlimited-distance GPU colour/depth/picking and infinite horizon ocean passed
[2026-10-04 12:51:33] dbg: [driver:1] OpenTT3D: GPU-resident viewport resize, single-pixel picking and retirement passed
[2026-10-04 12:51:33] dbg: [driver:1] OpenTT3D: captured OpenGL presentation with 3 GPU viewport regions
[2026-10-04 12:51:33] dbg: [driver:1] OpenTT3D: captured OpenGL presentation with 3 GPU viewport regions
[2026-10-04 12:51:33] dbg: [driver:1] OpenTT3D: OpenGL resident composition matches 154300 exact CPU RGBA pixels across clipped/overlapping viewports, UI masks and resized targets
[2026-10-04 12:51:33] dbg: [driver:1] OpenTT3D: 12 OpenGL frame-slot palette snapshots preserve changing and returning animation colours without game-palette writes
[2026-10-04 12:51:33] dbg: [driver:1] OpenTT3D: OpenGL frame-slot instance uploads retain bounded storage and fresh offsets across 1/513/2049/17/4097/1 records
[2026-10-04 12:51:33] dbg: [driver:1] OpenTT3D: 48 loading/income text anchors follow orbit, dolly, Cab and secondary viewports; registry reuse passed
[2026-10-04 12:51:33] dbg: [driver:1] OpenTT3D: 192 terrain zoom/drag anchor checks passed across all rotations
[2026-10-04 12:51:33] dbg: [driver:1] OpenTT3D: extended zoom and persistent continuous orbit checks passed
[2026-10-04 12:51:33] dbg: [driver:1] OpenTT3D: clicked-point yaw/tilt, release persistence and tilted screenshots passed
[2026-10-04 12:51:33] dbg: [driver:1] OpenTT3D: fixed FOV, legacy-zoom independence and street-level recovery after orbit passed
[2026-10-04 12:51:33] dbg: [driver:1] OpenTT3D: 0 live vehicle-follow and screenshot camera checks passed
[2026-10-04 12:51:33] dbg: [driver:1] OpenTT3D: first-person terrain capture, picking and labels beyond 4096 world units passed
[2026-10-04 12:51:33] dbg: [driver:1] OpenTT3D: 4 CPU voxel retirement/rebuild views preserve scene pins, stable GPU keys, exact colour, transparency and picking
[2026-10-04 12:51:33] dbg: [driver:1] OpenTT3D: 0 voxel effect views preserve original sprite/climate selection, altitude, opacity, fixed orientation and unclickable ownership
[2026-10-04 12:51:33] dbg: [driver:1] OpenTT3D: 0 unauthored effect sources preserve their original fallback in climate 0
[2026-10-04 12:51:33] dbg: [driver:1] OpenTT3D: 3 incomplete/custom/unavailable original object families retain every source ground/body layer in climate 0
[2026-10-04 12:51:33] dbg: [driver:1] OpenTT3D: 128 original HQ ground views preserve independent opaque source ownership, all16 company palettes and intentional body absences
[2026-10-04 12:51:33] dbg: [driver:1] OpenTT3D: 40 independent HQ owner LOD views preserve exact occupied/air boundaries, automatic factors1/2/4/8/16, source transforms, opacity and tile picking
[2026-10-04 12:51:33] dbg: [driver:1] OpenTT3D: 40 independent HQ owner LOD rebuild views preserve copied-scene pins, stable mesh identities and exact vertex words/RGBA/picking
[2026-10-04 12:51:33] dbg: [driver:1] OpenTT3D: 0 supported river diagnostic LOD views preserve exact source air boundaries, factors1/2/4/8/16, unscaled columns, original paint and diagnostic picking
[2026-10-04 12:51:33] dbg: [driver:1] OpenTT3D: 0 supported river LOD rebuild views retain copied-scene pins, stable identities and exact vertex words/RGBA/picking
[2026-10-04 12:51:33] dbg: [driver:1] OpenTT3D: 24 joined original HQ views preserve four source anchors, ground/body visibility and independent tile picking
[2026-10-04 12:51:33] dbg: [driver:1] OpenTT3D: 0 original object views preserve source layout/climate, anchors, all16 company palettes and transparent picking
[2026-10-04 12:51:33] dbg: [driver:1] OpenTT3D: 0 house variant/construction bindings select their explicit geometry and original palettes
[2026-10-04 12:51:33] dbg: [driver:1] OpenTT3D: 0 voxel house-ground bindings preserve source palettes, empty body stages and opaque floor ownership
[2026-10-04 12:51:45] dbg: [driver:1] OpenTT3D: 2784 authored voxel views match unmerged geometry, CPU instances, palette recolouring and transparent picking; exact palette relocation passed
[2026-10-04 12:51:46] dbg: [driver:1] OpenTT3D: 0 joined multi-tile house views preserve exact cell references and independent tile picking
[2026-10-04 12:51:46] dbg: [driver:1] OpenTT3D: 0 voxel airport ground/body views preserve independent opaque ground, exact CPU colour and visible/transparent/hidden picking
[2026-10-04 12:51:46] dbg: [driver:1] OpenTT3D: 0 airport layer bindings retain their supplied source because the active climate has no matching authored volume
[2026-10-04 12:51:46] dbg: [driver:1] OpenTT3D: voxel mesh selection 'hq_' passed exact geometry, palettes and picking
[2026-10-04 12:51:48] dbg: [driver:1] OpenTT3D: train engine 26 binding 0 passed 192 pitched support-plane poses with exact colour and picking
[2026-10-04 12:51:54] dbg: [driver:1] OpenTT3D: voxel train engine 26 passed 2720 joined collector poses with fixed roof mounts, independent wire heights, company/crash palettes and original picking ownership
[2026-10-04 12:51:54] dbg: [driver:1] OpenTT3D: train engine 26 passed 32 pitched collector poses with attached mounts and independent wire contacts
[2026-10-04 12:51:56] dbg: [driver:1] OpenTT3D: train engine 26 binding 1 passed 192 pitched support-plane poses with exact colour and picking
[2026-10-04 12:51:56] dbg: [driver:1] OpenTT3D: 1088 voxel vehicle poses preserve all 16 company palettes and the original crash recolour, cargo bindings, continuous heading and exact source-colour/instance/picking agreement
[2026-10-04 12:51:56] dbg: [driver:1] OpenTT3D: 2 declared vehicle climate/cargo bindings passed without changing game climate
[2026-10-04 12:51:56] dbg: [driver:1] OpenTT3D: voxel vehicle engine 26 pose matrix passed
[2026-10-04 12:52:00] dbg: [driver:1] OpenTT3D: 1088 voxel vehicle poses preserve all 16 company palettes and the original crash recolour, cargo bindings, continuous heading and exact source-colour/instance/picking agreement
[2026-10-04 12:52:00] dbg: [driver:1] OpenTT3D: 2 declared vehicle climate/cargo bindings passed without changing game climate
[2026-10-04 12:52:00] dbg: [driver:1] OpenTT3D: voxel vehicle engine 160 pose matrix passed
[2026-10-04 12:52:06] dbg: [driver:1] OpenTT3D: 1088 voxel vehicle poses preserve all 16 company palettes and the original crash recolour, cargo bindings, continuous heading and exact source-colour/instance/picking agreement
[2026-10-04 12:52:06] dbg: [driver:1] OpenTT3D: 2 declared vehicle climate/cargo bindings passed without changing game climate
[2026-10-04 12:52:06] dbg: [driver:1] OpenTT3D: voxel vehicle engine 204 pose matrix passed
[2026-10-04 12:52:09] dbg: [driver:1] OpenTT3D: 1088 voxel vehicle poses preserve all 16 company palettes and the original crash recolour, cargo bindings, continuous heading and exact source-colour/instance/picking agreement
[2026-10-04 12:52:09] dbg: [driver:1] OpenTT3D: 2 declared vehicle climate/cargo bindings passed without changing game climate
[2026-10-04 12:52:09] dbg: [driver:1] OpenTT3D: voxel vehicle engine 248 pose matrix passed
[2026-10-04 12:52:11] dbg: [driver:1] OpenTT3D: voxel helicopter engine 253 passed 128 joined rotor poses with original attachment, fixed-world animation, company/crash palettes and unclickable ownership
[2026-10-04 12:52:12] dbg: [driver:1] OpenTT3D: 1088 voxel vehicle poses preserve all 16 company palettes and the original crash recolour, cargo bindings, continuous heading and exact source-colour/instance/picking agreement
[2026-10-04 12:52:12] dbg: [driver:1] OpenTT3D: 2 declared vehicle climate/cargo bindings passed without changing game climate
[2026-10-04 12:52:12] dbg: [driver:1] OpenTT3D: voxel vehicle engine 253 pose matrix passed
[2026-10-04 12:52:12] dbg: [driver:1] OpenTT3D: loaded 62 profiles from opentt3d-trees.json
[2026-10-04 12:52:12] dbg: [driver:2] OpenTT3D: source texture 1608 mip family request 3 decode 1.648 ms, preparation 0.006 ms
[2026-10-04 12:52:12] dbg: [driver:1] OpenTT3D: live voxel house 24 construction stage 3 captured at 47,54
[2026-10-04 12:52:12] dbg: [driver:1] OpenTT3D: live voxel house 24 construction stage 3 variant 1 captured
[2026-10-04 12:52:12] dbg: [driver:1] OpenTT3D: live voxel house ground 20 construction stage 3 captured at 46,55
[2026-10-04 12:52:12] dbg: [driver:1] OpenTT3D: live voxel house ground 20 construction stage 3 variant 1 captured
[2026-10-04 12:52:12] dbg: [driver:1] OpenTT3D: live voxel house 20 construction stage 3 captured at 46,55
[2026-10-04 12:52:12] dbg: [driver:1] OpenTT3D: live voxel house 20 construction stage 3 variant 1 captured
[2026-10-04 12:52:12] dbg: [driver:1] OpenTT3D: live voxel house ground 22 construction stage 3 captured at 47,55
[2026-10-04 12:52:12] dbg: [driver:1] OpenTT3D: live voxel house ground 22 construction stage 3 variant 2 captured
[2026-10-04 12:52:12] dbg: [driver:1] OpenTT3D: live voxel house 22 construction stage 3 captured at 47,55
[2026-10-04 12:52:12] dbg: [driver:1] OpenTT3D: live voxel house 22 construction stage 3 variant 2 captured
[2026-10-04 12:52:12] dbg: [driver:2] OpenTT3D: source texture 1463 mip family request 2 decode 0.391 ms, preparation 0.690 ms
[2026-10-04 12:52:12] dbg: [driver:2] OpenTT3D: source texture 1456 mip family request 2 decode 0.300 ms, preparation 2.294 ms
[2026-10-04 12:52:12] dbg: [driver:2] OpenTT3D: source texture 1469 mip family request 2 decode 0.374 ms, preparation 0.714 ms
[2026-10-04 12:52:12] dbg: [driver:1] OpenTT3D: 6 ground-detail tiles rendered with raised crops, hay, rocks or turf
[2026-10-04 12:52:12] dbg: [driver:1] OpenTT3D: live projected tree 1674 stage 3 captured at 48,52
[2026-10-04 12:52:12] dbg: [driver:1] OpenTT3D: live voxel house ground 21 construction stage 3 captured at 46,56
[2026-10-04 12:52:12] dbg: [driver:1] OpenTT3D: live voxel house ground 21 construction stage 3 variant 3 captured
[2026-10-04 12:52:12] dbg: [driver:1] OpenTT3D: live voxel house 21 construction stage 3 captured at 46,56
[2026-10-04 12:52:12] dbg: [driver:1] OpenTT3D: live voxel house 21 construction stage 3 variant 3 captured
[2026-10-04 12:52:12] dbg: [driver:1] OpenTT3D: live voxel house ground 23 construction stage 3 captured at 47,56
[2026-10-04 12:52:12] dbg: [driver:1] OpenTT3D: live voxel house ground 23 construction stage 3 variant 2 captured
[2026-10-04 12:52:12] dbg: [driver:1] OpenTT3D: live voxel house 23 construction stage 3 captured at 47,56
[2026-10-04 12:52:12] dbg: [driver:1] OpenTT3D: live voxel house 23 construction stage 3 variant 2 captured
[2026-10-04 12:52:12] dbg: [driver:1] OpenTT3D: live voxel house 6 construction stage 3 captured at 45,57
[2026-10-04 12:52:12] dbg: [driver:1] OpenTT3D: live voxel house 6 construction stage 3 variant 1 captured
[2026-10-04 12:52:13] dbg: [driver:1] OpenTT3D: live voxel house 14 construction stage 3 captured at 47,57
[2026-10-04 12:52:13] dbg: [driver:1] OpenTT3D: live voxel house 14 construction stage 3 variant 3 captured
[2026-10-04 12:52:13] dbg: [driver:1] OpenTT3D: live voxel house 24 construction stage 3 captured at 45,58
[2026-10-04 12:52:13] dbg: [driver:1] OpenTT3D: live voxel house 24 construction stage 3 variant 2 captured
[2026-10-04 12:52:13] dbg: [driver:1] OpenTT3D: live voxel house 27 construction stage 3 captured at 47,58
[2026-10-04 12:52:13] dbg: [driver:1] OpenTT3D: live voxel house 27 construction stage 3 variant 0 captured
[2026-10-04 12:52:13] dbg: [driver:1] OpenTT3D: live voxel house 6 construction stage 3 captured at 45,60
[2026-10-04 12:52:13] dbg: [driver:1] OpenTT3D: live voxel house 6 construction stage 3 variant 3 captured
[2026-10-04 12:52:13] dbg: [driver:1] OpenTT3D: live voxel house 11 construction stage 3 captured at 47,60
[2026-10-04 12:52:13] dbg: [driver:1] OpenTT3D: live voxel house 11 construction stage 3 variant 1 captured
[2026-10-04 12:52:13] dbg: [driver:1] OpenTT3D: live voxel house 16 construction stage 3 captured at 48,60
[2026-10-04 12:52:13] dbg: [driver:1] OpenTT3D: live voxel house 16 construction stage 3 variant 1 captured
[2026-10-04 12:52:13] dbg: [driver:1] OpenTT3D: 5 slope foundations rendered with complete retaining walls
[2026-10-04 12:52:13] dbg: [driver:1] OpenTT3D: live voxel house 26 construction stage 3 captured at 50,56
[2026-10-04 12:52:13] dbg: [driver:1] OpenTT3D: live voxel house 26 construction stage 3 variant 0 captured
[2026-10-04 12:52:13] dbg: [driver:1] OpenTT3D: live voxel house 16 construction stage 0 captured at 49,57
[2026-10-04 12:52:13] dbg: [driver:1] OpenTT3D: live voxel house 16 construction stage 0 variant 2 captured
[2026-10-04 12:52:13] dbg: [driver:1] OpenTT3D: live voxel house 3 construction stage 3 captured at 51,59
[2026-10-04 12:52:13] dbg: [driver:1] OpenTT3D: live voxel house 3 construction stage 3 variant 2 captured
[2026-10-04 12:52:13] dbg: [driver:1] OpenTT3D: live projected tree 1590 stage 4 captured at 51,50
[2026-10-04 12:52:13] dbg: [driver:1] OpenTT3D: live projected tree 1590 stage 3 captured at 51,50
[2026-10-04 12:52:13] dbg: [driver:1] OpenTT3D: live projected tree 1576 stage 3 captured at 51,50
[2026-10-04 12:52:13] dbg: [driver:1] OpenTT3D: live projected tree 1674 stage 2 captured at 48,52
[2026-10-04 12:52:13] dbg: [driver:1] OpenTT3D: 64 roof/wall pixels select their owning tile across four rotations, with independent vehicle picking
[2026-10-04 12:52:13] dbg: [driver:1] OpenTT3D: live projected tree 1618 stage 3 captured at 58,12
[2026-10-04 12:52:13] dbg: [driver:1] OpenTT3D: live projected tree 1632 stage 3 captured at 7,13
[2026-10-04 12:52:13] dbg: [driver:1] OpenTT3D: live projected tree 1653 stage 3 captured at 7,13
[2026-10-04 12:52:13] dbg: [driver:1] OpenTT3D: live projected tree 1653 stage 1 captured at 7,13
[2026-10-04 12:52:13] dbg: [driver:1] OpenTT3D: live projected tree 1590 stage 6 captured at 54,13
[2026-10-04 12:52:13] dbg: [driver:1] OpenTT3D: live projected tree 1639 stage 5 captured at 56,13
[2026-10-04 12:52:13] dbg: [driver:1] OpenTT3D: live projected tree 1625 stage 3 captured at 56,13
[2026-10-04 12:52:13] dbg: [driver:1] OpenTT3D: live voxel object 1 size 0 part 0 body climate 0 source 2602 captured at 58,13 with original body ownership
[2026-10-04 12:52:13] dbg: [driver:1] OpenTT3D: live projected tree 1604 stage 3 captured at 60,13
[2026-10-04 12:52:13] dbg: [driver:1] OpenTT3D: live projected tree 1597 stage 4 captured at 60,13
[2026-10-04 12:52:13] dbg: [driver:1] OpenTT3D: live projected tree 1660 stage 3 captured at 73,13
[2026-10-04 12:52:13] dbg: [driver:1] OpenTT3D: live projected tree 1695 stage 6 captured at 73,13
[2026-10-04 12:52:13] dbg: [driver:1] OpenTT3D: live projected tree 1611 stage 3 captured at 82,13
[2026-10-04 12:52:13] dbg: [driver:1] OpenTT3D: live projected tree 1597 stage 3 captured at 82,13
[2026-10-04 12:52:13] dbg: [driver:1] OpenTT3D: live projected tree 1604 stage 5 captured at 82,13
[2026-10-04 12:52:13] dbg: [driver:1] OpenTT3D: live projected tree 1646 stage 5 captured at 13,14
[2026-10-04 12:52:13] dbg: [driver:1] OpenTT3D: live projected tree 1590 stage 5 captured at 50,14
[2026-10-04 12:52:13] dbg: [driver:1] OpenTT3D: live projected tree 1604 stage 6 captured at 53,14
[2026-10-04 12:52:13] dbg: [driver:1] OpenTT3D: live projected tree 1674 stage 1 captured at 54,14
[2026-10-04 12:52:13] dbg: [driver:1] OpenTT3D: live projected tree 1688 stage 3 captured at 54,14
[2026-10-04 12:52:13] dbg: [driver:1] OpenTT3D: live projected tree 1702 stage 3 captured at 56,14
[2026-10-04 12:52:13] dbg: [driver:1] OpenTT3D: live projected tree 1681 stage 2 captured at 56,14
[2026-10-04 12:52:13] dbg: [driver:1] OpenTT3D: live projected tree 1590 stage 0 captured at 57,14
[2026-10-04 12:52:13] dbg: [driver:1] OpenTT3D: live projected tree 1639 stage 3 captured at 58,14
[2026-10-04 12:52:13] dbg: [driver:1] OpenTT3D: live projected tree 1660 stage 6 captured at 64,14
[2026-10-04 12:52:13] dbg: [driver:1] OpenTT3D: live projected tree 1611 stage 2 captured at 86,14
[2026-10-04 12:52:13] dbg: [driver:1] OpenTT3D: live projected tree 1583 stage 6 captured at 11,15
[2026-10-04 12:52:13] dbg: [driver:1] OpenTT3D: live projected tree 1646 stage 0 captured at 50,15
[2026-10-04 12:52:13] dbg: [driver:1] OpenTT3D: live projected tree 1632 stage 5 captured at 53,15
[2026-10-04 12:52:13] dbg: [driver:1] OpenTT3D: live projected tree 1597 stage 2 captured at 55,15
[2026-10-04 12:52:13] dbg: [driver:1] OpenTT3D: live projected tree 1653 stage 6 captured at 76,15
[2026-10-04 12:52:13] dbg: [driver:1] OpenTT3D: live projected tree 1604 stage 1 captured at 3,16
[2026-10-04 12:52:13] dbg: [driver:1] OpenTT3D: live projected tree 1583 stage 3 captured at 19,16
[2026-10-04 12:52:13] dbg: [driver:1] OpenTT3D: live projected tree 1583 stage 1 captured at 19,16
[2026-10-04 12:52:13] dbg: [driver:1] OpenTT3D: live projected tree 1667 stage 4 captured at 24,16
[2026-10-04 12:52:13] dbg: [driver:1] OpenTT3D: live projected tree 1688 stage 1 captured at 51,16
[2026-10-04 12:52:13] dbg: [driver:1] OpenTT3D: live projected tree 1632 stage 1 captured at 53,16
[2026-10-04 12:52:13] dbg: [driver:1] OpenTT3D: live projected tree 1667 stage 6 captured at 86,16
[2026-10-04 12:52:13] dbg: [driver:1] OpenTT3D: live projected tree 1688 stage 5 captured at 100,16
[2026-10-04 12:52:13] dbg: [driver:1] OpenTT3D: live projected tree 1590 stage 2 captured at 3,17
[2026-10-04 12:52:13] dbg: [driver:1] OpenTT3D: live projected tree 1695 stage 3 captured at 5,17
[2026-10-04 12:52:13] dbg: [driver:1] OpenTT3D: live projected tree 1667 stage 3 captured at 5,17
[2026-10-04 12:52:13] dbg: [driver:1] OpenTT3D: live projected tree 1681 stage 3 captured at 11,17
[2026-10-04 12:52:13] dbg: [driver:1] OpenTT3D: live projected tree 1667 stage 5 captured at 22,17
[2026-10-04 12:52:13] dbg: [driver:1] OpenTT3D: live projected tree 1646 stage 3 captured at 49,17
[2026-10-04 12:52:13] dbg: [driver:1] OpenTT3D: live projected tree 1597 stage 6 captured at 50,17
[2026-10-04 12:52:13] dbg: [driver:1] OpenTT3D: live projected tree 1653 stage 5 captured at 52,17
[2026-10-04 12:52:13] dbg: [driver:1] OpenTT3D: live projected tree 1639 stage 4 captured at 94,17
[2026-10-04 12:52:13] dbg: [driver:1] OpenTT3D: live projected tree 1611 stage 4 captured at 9,18
[2026-10-04 12:52:13] dbg: [driver:1] OpenTT3D: live projected tree 1618 stage 6 captured at 51,18
[2026-10-04 12:52:13] dbg: [driver:1] OpenTT3D: live projected tree 1702 stage 1 captured at 63,18
[2026-10-04 12:52:13] dbg: [driver:1] OpenTT3D: live projected tree 1688 stage 0 captured at 76,18
[2026-10-04 12:52:13] dbg: [driver:1] OpenTT3D: live projected tree 1632 stage 2 captured at 78,18
[2026-10-04 12:52:13] dbg: [driver:1] OpenTT3D: live projected tree 1688 stage 2 captured at 80,18
[2026-10-04 12:52:13] dbg: [driver:1] OpenTT3D: live projected tree 1660 stage 4 captured at 91,18
[2026-10-04 12:52:13] dbg: [driver:1] OpenTT3D: live projected tree 1611 stage 6 captured at 102,18
[2026-10-04 12:52:13] dbg: [driver:1] OpenTT3D: live projected tree 1625 stage 4 captured at 21,19
[2026-10-04 12:52:13] dbg: [driver:1] OpenTT3D: live projected tree 1618 stage 1 captured at 1,20
[2026-10-04 12:52:13] dbg: [driver:1] OpenTT3D: live projected tree 1681 stage 0 captured at 13,20
[2026-10-04 12:52:13] dbg: [driver:1] OpenTT3D: live projected tree 1590 stage 1 captured at 15,20
[2026-10-04 12:52:13] dbg: [driver:1] OpenTT3D: live projected tree 1618 stage 4 captured at 31,20
[2026-10-04 12:52:13] dbg: [driver:1] OpenTT3D: live projected tree 1674 stage 5 captured at 67,20
[2026-10-04 12:52:13] dbg: [driver:1] OpenTT3D: live projected tree 1604 stage 2 captured at 95,20
[2026-10-04 12:52:13] dbg: [driver:1] OpenTT3D: live projected tree 1702 stage 0 captured at 29,21
[2026-10-04 12:52:13] dbg: [driver:1] OpenTT3D: live projected tree 1597 stage 1 captured at 37,21
[2026-10-04 12:52:13] dbg: [driver:1] OpenTT3D: live projected tree 1597 stage 5 captured at 3,22
[2026-10-04 12:52:13] dbg: [driver:1] OpenTT3D: live projected tree 1632 stage 6 captured at 56,22
[2026-10-04 12:52:13] dbg: [driver:1] OpenTT3D: live projected tree 1688 stage 6 captured at 61,22
[2026-10-04 12:52:13] dbg: [driver:1] OpenTT3D: live projected tree 1618 stage 5 captured at 75,22
[2026-10-04 12:52:13] dbg: [driver:1] OpenTT3D: live projected tree 1681 stage 6 captured at 34,23
[2026-10-04 12:52:13] dbg: [driver:1] OpenTT3D: live projected tree 1653 stage 2 captured at 78,23
[2026-10-04 12:52:13] dbg: [driver:1] OpenTT3D: live projected tree 1660 stage 5 captured at 74,24
[2026-10-04 12:52:13] dbg: [driver:1] OpenTT3D: live projected tree 1576 stage 2 captured at 5,25
[2026-10-04 12:52:13] dbg: [driver:1] OpenTT3D: live projected tree 1583 stage 0 captured at 29,25
[2026-10-04 12:52:13] dbg: [driver:1] OpenTT3D: live projected tree 1583 stage 4 captured at 45,25
[2026-10-04 12:52:13] dbg: [driver:1] OpenTT3D: live projected tree 1625 stage 0 captured at 46,26
[2026-10-04 12:52:13] dbg: [driver:1] OpenTT3D: live projected tree 1702 stage 6 captured at 61,26
[2026-10-04 12:52:13] dbg: [driver:1] OpenTT3D: live projected tree 1625 stage 1 captured at 39,27
[2026-10-04 12:52:13] dbg: [driver:1] OpenTT3D: live projected tree 1660 stage 2 captured at 70,28
[2026-10-04 12:52:13] dbg: [driver:1] OpenTT3D: live projected tree 1688 stage 4 captured at 92,28
[2026-10-04 12:52:13] dbg: [driver:1] OpenTT3D: live projected tree 1646 stage 4 captured at 105,29
[2026-10-04 12:52:13] dbg: [driver:1] OpenTT3D: live projected tree 1632 stage 4 captured at 11,30
[2026-10-04 12:52:13] dbg: [driver:1] OpenTT3D: live projected tree 1646 stage 1 captured at 22,30
[2026-10-04 12:52:13] dbg: [driver:1] OpenTT3D: live projected tree 1695 stage 2 captured at 56,30
[2026-10-04 12:52:13] dbg: [driver:1] OpenTT3D: live projected tree 1625 stage 2 captured at 66,30
[2026-10-04 12:52:13] dbg: [driver:1] OpenTT3D: live projected tree 1674 stage 6 captured at 30,31
[2026-10-04 12:52:13] dbg: [driver:1] OpenTT3D: live projected tree 1576 stage 4 captured at 90,32
[2026-10-04 12:52:13] dbg: [driver:1] OpenTT3D: live projected tree 1639 stage 0 captured at 11,33
[2026-10-04 12:52:13] dbg: [driver:1] OpenTT3D: live projected tree 1604 stage 4 captured at 27,33
[2026-10-04 12:52:13] dbg: [driver:1] OpenTT3D: live projected tree 1667 stage 1 captured at 90,33
[2026-10-04 12:52:13] dbg: [driver:1] OpenTT3D: live projected tree 1576 stage 6 captured at 60,34
[2026-10-04 12:52:13] dbg: [driver:1] OpenTT3D: live projected tree 1597 stage 0 captured at 82,34
[2026-10-04 12:52:13] dbg: [driver:1] OpenTT3D: live projected tree 1674 stage 4 captured at 58,35
[2026-10-04 12:52:13] dbg: [driver:1] OpenTT3D: live projected tree 1702 stage 5 captured at 75,35
[2026-10-04 12:52:13] dbg: [driver:1] OpenTT3D: live projected tree 1681 stage 1 captured at 19,36
[2026-10-04 12:52:13] dbg: [driver:1] OpenTT3D: live projected tree 1702 stage 2 captured at 4,38
[2026-10-04 12:52:13] dbg: [driver:1] OpenTT3D: live projected tree 1618 stage 2 captured at 6,38
[2026-10-04 12:52:13] dbg: [driver:1] OpenTT3D: live projected tree 1611 stage 0 captured at 8,39
[2026-10-04 12:52:13] dbg: [driver:1] OpenTT3D: live projected tree 1639 stage 6 captured at 13,39
[2026-10-04 12:52:13] dbg: [driver:1] OpenTT3D: live projected tree 1646 stage 6 captured at 9,40
[2026-10-04 12:52:13] dbg: [driver:1] OpenTT3D: live projected tree 1583 stage 2 captured at 13,40
[2026-10-04 12:52:13] dbg: [driver:1] OpenTT3D: live projected tree 1576 stage 0 captured at 81,40
[2026-10-04 12:52:13] dbg: [driver:1] OpenTT3D: live projected tree 1639 stage 1 captured at 8,41
[2026-10-04 12:52:13] dbg: [driver:1] OpenTT3D: live projected tree 1611 stage 1 captured at 14,41
[2026-10-04 12:52:13] dbg: [driver:1] OpenTT3D: live projected tree 1702 stage 4 captured at 63,41
[2026-10-04 12:52:13] dbg: [driver:1] OpenTT3D: live projected tree 1653 stage 0 captured at 80,41
[2026-10-04 12:52:13] dbg: [driver:1] OpenTT3D: live projected tree 1660 stage 1 captured at 9,42
[2026-10-04 12:52:13] dbg: [driver:1] OpenTT3D: live projected tree 1681 stage 4 captured at 55,43
[2026-10-04 12:52:13] dbg: [driver:1] OpenTT3D: live projected tree 1667 stage 0 captured at 89,43
[2026-10-04 12:52:13] dbg: [driver:1] OpenTT3D: live projected tree 1660 stage 0 captured at 1,46
[2026-10-04 12:52:13] dbg: [driver:1] OpenTT3D: live projected tree 1625 stage 5 captured at 82,51
[2026-10-04 12:52:13] dbg: [driver:1] OpenTT3D: live projected tree 1625 stage 6 captured at 101,52
[2026-10-04 12:52:13] dbg: [driver:1] OpenTT3D: live projected tree 1604 stage 0 captured at 112,52
[2026-10-04 12:52:13] dbg: [driver:1] OpenTT3D: live projected tree 1667 stage 2 captured at 2,53
[2026-10-04 12:52:13] dbg: [driver:1] OpenTT3D: live projected tree 1674 stage 0 captured at 75,55
[2026-10-04 12:52:13] dbg: [driver:1] OpenTT3D: live projected tree 1632 stage 0 captured at 3,57
[2026-10-04 12:52:13] dbg: [driver:1] OpenTT3D: live projected tree 1576 stage 1 captured at 64,57
[2026-10-04 12:52:13] dbg: [driver:1] OpenTT3D: live voxel house 6 construction stage 1 captured at 52,58
[2026-10-04 12:52:13] dbg: [driver:1] OpenTT3D: live voxel house 6 construction stage 1 variant 1 captured
[2026-10-04 12:52:13] dbg: [driver:1] OpenTT3D: live voxel house 27 construction stage 2 captured at 49,59
[2026-10-04 12:52:13] dbg: [driver:1] OpenTT3D: live voxel house 27 construction stage 2 variant 0 captured
[2026-10-04 12:52:13] dbg: [driver:1] OpenTT3D: live voxel house 24 construction stage 3 captured at 50,59
[2026-10-04 12:52:13] dbg: [driver:1] OpenTT3D: live voxel house 24 construction stage 3 variant 3 captured
[2026-10-04 12:52:13] dbg: [driver:1] OpenTT3D: live voxel house 25 construction stage 3 captured at 52,59
[2026-10-04 12:52:13] dbg: [driver:1] OpenTT3D: live voxel house 25 construction stage 3 variant 0 captured
[2026-10-04 12:52:13] dbg: [driver:1] OpenTT3D: live projected tree 1583 stage 5 captured at 72,59
[2026-10-04 12:52:13] dbg: [driver:1] OpenTT3D: live projected tree 1639 stage 2 captured at 77,59
[2026-10-04 12:52:13] dbg: [driver:1] OpenTT3D: live voxel house 29 construction stage 3 captured at 49,60
[2026-10-04 12:52:13] dbg: [driver:1] OpenTT3D: live voxel house 29 construction stage 3 variant 2 captured
[2026-10-04 12:52:13] dbg: [driver:1] OpenTT3D: live projected tree 1695 stage 1 captured at 66,60
[2026-10-04 12:52:13] dbg: [driver:1] OpenTT3D: live projected tree 1646 stage 2 captured at 72,60
[2026-10-04 12:52:13] dbg: [driver:1] OpenTT3D: live projected tree 1611 stage 5 captured at 113,60
[2026-10-04 12:52:13] dbg: [driver:1] OpenTT3D: live projected tree 1681 stage 5 captured at 9,61
[2026-10-04 12:52:13] dbg: [driver:1] OpenTT3D: live voxel object 0 size 0 part 0 body climate 0 source 2601 captured at 83,61 with original body ownership
[2026-10-04 12:52:13] dbg: [driver:1] OpenTT3D: live projected tree 1576 stage 5 captured at 78,62
[2026-10-04 12:52:13] dbg: [driver:1] OpenTT3D: live projected tree 1653 stage 4 captured at 80,63
[2026-10-04 12:52:13] dbg: [driver:1] OpenTT3D: live projected tree 1618 stage 0 captured at 69,64
[2026-10-04 12:52:13] dbg: [driver:1] OpenTT3D: live projected tree 1695 stage 4 captured at 120,76
[2026-10-04 12:52:13] dbg: [driver:1] OpenTT3D: live voxel object 0 size 0 part 0 body climate 0 source 2601 captured at 79,95 with original body ownership
[2026-10-04 12:52:13] dbg: [driver:1] OpenTT3D: live voxel object 0 size 0 part 0 body climate 0 source 2601 captured at 111,95 with original body ownership
[2026-10-04 12:52:13] dbg: [driver:1] OpenTT3D: whole-world atlas relocation preserves 307200 exact RGBA/picking pixels across repack, clear and forced row relocation
[2026-10-04 12:52:13] dbg: [driver:1] OpenTT3D: captured OpenGL presentation with 1 GPU viewport regions
