[2026-10-03 23:10:38] dbg: [driver:1] Successfully loaded blitter '40bpp-anim'
[2026-10-03 23:10:38] dbg: [driver:1] OpenTT3D: Cocoa process 14057
[mvk-info] MoltenVK version 1.4.2, supporting Vulkan version 1.4.357.
	The following 154 Vulkan extensions are supported:
	VK_KHR_16bit_storage v1
	VK_KHR_8bit_storage v1
	VK_KHR_bind_memory2 v1
	VK_KHR_buffer_device_address v1
	VK_KHR_calibrated_timestamps v1
	VK_KHR_copy_commands2 v1
	VK_KHR_create_renderpass2 v1
	VK_KHR_dedicated_allocation v3
	VK_KHR_deferred_host_operations v4
	VK_KHR_depth_stencil_resolve v1
	VK_KHR_descriptor_update_template v1
	VK_KHR_device_group v4
	VK_KHR_device_group_creation v1
	VK_KHR_driver_properties v1
	VK_KHR_dynamic_rendering v1
	VK_KHR_dynamic_rendering_local_read v1
	VK_KHR_external_fence v1
	VK_KHR_external_fence_capabilities v1
	VK_KHR_external_memory v1
	VK_KHR_external_memory_capabilities v1
	VK_KHR_external_semaphore v1
	VK_KHR_external_semaphore_capabilities v1
	VK_KHR_format_feature_flags2 v2
	VK_KHR_fragment_shader_barycentric v1
	VK_KHR_get_memory_requirements2 v1
	VK_KHR_get_physical_device_properties2 v2
	VK_KHR_get_surface_capabilities2 v1
	VK_KHR_global_priority v1
	VK_KHR_image_format_list v1
	VK_KHR_imageless_framebuffer v1
	VK_KHR_incremental_present v2
	VK_KHR_index_type_uint8 v1
	VK_KHR_line_rasterization v1
	VK_KHR_load_store_op_none v1
	VK_KHR_maintenance1 v2
	VK_KHR_maintenance2 v1
	VK_KHR_maintenance3 v1
	VK_KHR_maintenance4 v2
	VK_KHR_maintenance5 v1
	VK_KHR_maintenance6 v1
	VK_KHR_maintenance7 v1
	VK_KHR_maintenance8 v1
	VK_KHR_maintenance9 v1
	VK_KHR_map_memory2 v1
	VK_KHR_multiview v1
	VK_KHR_portability_subset v1
	VK_KHR_present_id v1
	VK_KHR_present_id2 v1
	VK_KHR_present_wait v1
	VK_KHR_present_wait2 v1
	VK_KHR_push_descriptor v2
	VK_KHR_relaxed_block_layout v1
	VK_KHR_robustness2 v1
	VK_KHR_sampler_mirror_clamp_to_edge v3
	VK_KHR_sampler_ycbcr_conversion v14
	VK_KHR_separate_depth_stencil_layouts v1
	VK_KHR_shader_draw_parameters v1
	VK_KHR_shader_expect_assume v1
	VK_KHR_shader_float_controls v4
	VK_KHR_shader_float_controls2 v1
	VK_KHR_shader_float16_int8 v1
	VK_KHR_shader_fma v1
	VK_KHR_shader_integer_dot_product v1
	VK_KHR_shader_maximal_reconvergence v1
	VK_KHR_shader_non_semantic_info v1
	VK_KHR_shader_quad_control v1
	VK_KHR_shader_relaxed_extended_instruction v1
	VK_KHR_shader_subgroup_extended_types v1
	VK_KHR_shader_subgroup_rotate v2
	VK_KHR_shader_subgroup_uniform_control_flow v1
	VK_KHR_shader_terminate_invocation v1
	VK_KHR_spirv_1_4 v1
	VK_KHR_storage_buffer_storage_class v1
	VK_KHR_surface v25
	VK_KHR_surface_maintenance1 v1
	VK_KHR_surface_protected_capabilities v1
	VK_KHR_swapchain v70
	VK_KHR_swapchain_maintenance1 v1
	VK_KHR_swapchain_mutable_format v1
	VK_KHR_synchronization2 v1
	VK_KHR_timeline_semaphore v2
	VK_KHR_uniform_buffer_standard_layout v1
	VK_KHR_variable_pointers v1
	VK_KHR_vertex_attribute_divisor v1
	VK_KHR_vulkan_memory_model v3
	VK_KHR_zero_initialize_workgroup_memory v1
	VK_EXT_4444_formats v1
	VK_EXT_buffer_device_address v2
	VK_EXT_calibrated_timestamps v2
	VK_EXT_debug_marker v4
	VK_EXT_debug_report v10
	VK_EXT_debug_utils v2
	VK_EXT_depth_clip_control v1
	VK_EXT_descriptor_indexing v2
	VK_EXT_extended_dynamic_state v1
	VK_EXT_extended_dynamic_state2 v1
	VK_EXT_extended_dynamic_state3 v2
	VK_EXT_external_memory_host v1
	VK_EXT_external_memory_metal v1
	VK_EXT_fragment_shader_interlock v1
	VK_EXT_global_priority v2
	VK_EXT_global_priority_query v1
	VK_EXT_hdr_metadata v3
	VK_EXT_headless_surface v1
	VK_EXT_host_image_copy v1
	VK_EXT_host_query_reset v1
	VK_EXT_image_2d_view_of_3d v1
	VK_EXT_image_robustness v1
	VK_EXT_index_type_uint8 v1
	VK_EXT_inline_uniform_block v1
	VK_EXT_layer_settings v2
	VK_EXT_legacy_dithering v2
	VK_EXT_line_rasterization v1
	VK_EXT_load_store_op_none v1
	VK_EXT_memory_budget v1
	VK_EXT_metal_objects v2
	VK_EXT_metal_surface v1
	VK_EXT_non_seamless_cube_map v1
	VK_EXT_pipeline_creation_cache_control v3
	VK_EXT_pipeline_creation_feedback v1
	VK_EXT_pipeline_robustness v1
	VK_EXT_post_depth_coverage v1
	VK_EXT_primitive_topology_list_restart v1
	VK_EXT_private_data v1
	VK_EXT_provoking_vertex v1
	VK_EXT_robustness2 v1
	VK_EXT_sample_locations v1
	VK_EXT_sampler_filter_minmax v2
	VK_EXT_scalar_block_layout v1
	VK_EXT_separate_stencil_usage v1
	VK_EXT_shader_atomic_float v1
	VK_EXT_shader_demote_to_helper_invocation v1
	VK_EXT_shader_stencil_export v1
	VK_EXT_shader_subgroup_ballot v1
	VK_EXT_shader_subgroup_vote v1
	VK_EXT_shader_viewport_index_layer v1
	VK_EXT_subgroup_size_control v2
	VK_EXT_surface_maintenance1 v1
	VK_EXT_swapchain_colorspace v5
	VK_EXT_swapchain_maintenance1 v1
	VK_EXT_texel_buffer_alignment v1
	VK_EXT_texture_compression_astc_hdr v1
	VK_EXT_tooling_info v1
	VK_EXT_vertex_attribute_divisor v3
	VK_AMD_gpu_shader_half_float v2
	VK_AMD_negative_viewport_height v1
	VK_AMD_shader_image_load_store_lod v1
	VK_AMD_shader_trinary_minmax v1
	VK_GOOGLE_display_timing v1
	VK_IMG_format_pvrtc v1
	VK_INTEL_shader_integer_functions2 v1
	VK_MVK_macos_surface v3
	VK_MVK_moltenvk v37
	VK_NV_fragment_shader_barycentric v1
[mvk-info] GPU device:
	model: Apple M3 Pro
	type: Integrated
	vendorID: 0x106b
	deviceID: 0x1a060209
	pipelineCacheUUID: DB660224-1A06-0209-0000-000100000000
	GPU memory available: 13639 MB
	GPU memory used: 0 MB
	Metal Shading Language 4.0
	supports the following GPU Features:
		GPU Family Metal 4
		GPU Family Apple 9
		GPU Family Mac 1
		GPU Family Mac 2
		Read-Write Texture Tier 2
[mvk-info] Created VkInstance for Vulkan version 1.1.357, as requested by app, with the following 2 Vulkan extensions enabled:
	VK_KHR_surface v25
	VK_EXT_metal_surface v1
[mvk-info] Vulkan semaphores using MTLEvent.
[mvk-info] Descriptor sets binding resources using Metal3 argument buffers.
[mvk-info] Created VkDevice to run on GPU Apple M3 Pro with the following 2 Vulkan extensions enabled:
	VK_KHR_portability_subset v1
	VK_KHR_swapchain v70
[mvk-warn] VK_ERROR_FEATURE_NOT_PRESENT: Blending is enabled for attachment with format VK_FORMAT_R32_UINT, which does not support it.
[mvk-warn] VK_ERROR_FEATURE_NOT_PRESENT: Blending is enabled for attachment with format VK_FORMAT_R32_UINT, which does not support it.
[mvk-warn] VK_ERROR_FEATURE_NOT_PRESENT: Blending is enabled for attachment with format VK_FORMAT_R32_UINT, which does not support it.
[mvk-warn] VK_ERROR_FEATURE_NOT_PRESENT: Blending is enabled for attachment with format VK_FORMAT_R32_UINT, which does not support it.
[2026-10-03 23:10:38] dbg: [driver:1] OpenTT3D: Vulkan instanced renderer initialized on Apple M3 Pro
[mvk-info] Created 3 swapchain images with size (1280, 960) and contents scale 2.0 in layer (null) (0xbb11eb390) on screen Built-in Retina Display.
[2026-10-03 23:10:38] dbg: [driver:1] Successfully loaded video driver 'cocoa-vulkan'
[2026-10-03 23:10:38] dbg: [driver:1] Successfully loaded sound driver 'null'
[2026-10-03 23:10:38] dbg: [driver:1] Successfully loaded music driver 'null'
[2026-10-03 23:10:38] dbg: [driver:1] OpenTT3D: background Cocoa window active=false, key=false, visible=false, policy=2
[2026-10-03 23:10:38] dbg: [driver:1] using thread for game-loop
[2026-10-03 23:10:38] dbg: [driver:1] OpenTT3D: loaded 62 profiles from opentt3d-trees.json
[2026-10-03 23:10:38] dbg: [driver:1] OpenTT3D: retained river selector tile 54,26 feature 5 base 8451 offset 0->0 sprite 8451 absent false
[2026-10-03 23:10:38] dbg: [driver:1] OpenTT3D: retained river selector tile 54,26 feature 6 base 9041 offset 0->0 sprite 9041 absent false
[2026-10-03 23:10:38] dbg: [driver:1] OpenTT3D: retained river selector tile 54,26 feature 6 base 9041 offset 2->2 sprite 9043 absent false
[2026-10-03 23:10:38] dbg: [driver:1] OpenTT3D: retained river selector tile 54,27 feature 5 base 8441 offset 4->4 sprite 8445 absent false
[2026-10-03 23:10:38] dbg: [driver:1] OpenTT3D: retained live water source tile 54,27 role ground sprite 8445 at original height 8
[2026-10-03 23:10:38] dbg: [driver:1] OpenTT3D: retained river selector tile 54,27 feature 6 base 9041 offset 48->48 sprite 9089 absent false
[2026-10-03 23:10:38] dbg: [driver:1] OpenTT3D: retained live water source tile 54,27 role ground sprite 9089 at original height 8
[2026-10-03 23:10:38] dbg: [driver:1] OpenTT3D: retained river selector tile 54,27 feature 6 base 9041 offset 50->50 sprite 9091 absent false
[2026-10-03 23:10:38] dbg: [driver:1] OpenTT3D: retained live water source tile 54,27 role ground sprite 9091 at original height 8
[2026-10-03 23:10:38] dbg: [driver:1] OpenTT3D: retained river selector tile 53,28 feature 5 base 8471 offset 0->0 sprite 8471 absent false
[2026-10-03 23:10:38] dbg: [driver:1] OpenTT3D: retained river selector tile 53,28 feature 6 base 9041 offset 0->0 sprite 9041 absent false
[2026-10-03 23:10:38] dbg: [driver:1] OpenTT3D: retained river selector tile 53,28 feature 6 base 9041 offset 3->3 sprite 9044 absent false
[2026-10-03 23:10:38] dbg: [driver:1] OpenTT3D: retained river selector tile 53,28 feature 6 base 9041 offset 9->9 sprite 9050 absent false
[2026-10-03 23:10:38] dbg: [driver:1] OpenTT3D: retained river selector tile 53,28 feature 6 base 9041 offset 7->7 sprite 9048 absent false
[2026-10-03 23:10:38] dbg: [driver:1] OpenTT3D: retained river selector tile 54,28 feature 5 base 8431 offset 0->0 sprite 8431 absent false
[2026-10-03 23:10:38] dbg: [driver:1] OpenTT3D: retained river selector tile 54,28 feature 6 base 9041 offset 1->1 sprite 9042 absent false
[2026-10-03 23:10:38] dbg: [driver:1] OpenTT3D: retained river selector tile 54,28 feature 6 base 9041 offset 2->2 sprite 9043 absent false
[2026-10-03 23:10:38] dbg: [driver:1] OpenTT3D: retained river selector tile 54,28 feature 6 base 9041 offset 5->5 sprite 9046 absent false
[2026-10-03 23:10:38] dbg: [driver:1] OpenTT3D: retained river selector tile 54,28 feature 6 base 9041 offset 11->11 sprite 9052 absent false
[2026-10-03 23:10:38] dbg: [driver:1] OpenTT3D: retained river selector tile 52,29 feature 5 base 8431 offset 0->0 sprite 8431 absent false
[2026-10-03 23:10:38] dbg: [driver:1] OpenTT3D: retained river selector tile 52,29 feature 6 base 9041 offset 0->0 sprite 9041 absent false
[2026-10-03 23:10:38] dbg: [driver:1] OpenTT3D: retained river selector tile 52,29 feature 6 base 9041 offset 3->3 sprite 9044 absent false
[2026-10-03 23:10:38] dbg: [driver:1] OpenTT3D: retained river selector tile 52,29 feature 6 base 9041 offset 9->9 sprite 9050 absent false
[2026-10-03 23:10:38] dbg: [driver:1] OpenTT3D: retained river selector tile 52,29 feature 6 base 9041 offset 7->7 sprite 9048 absent false
[2026-10-03 23:10:38] dbg: [driver:1] OpenTT3D: retained river selector tile 53,29 feature 5 base 8421 offset 0->0 sprite 8421 absent false
[2026-10-03 23:10:38] dbg: [driver:1] OpenTT3D: retained river selector tile 53,29 feature 6 base 9041 offset 1->1 sprite 9042 absent false
[2026-10-03 23:10:38] dbg: [driver:1] OpenTT3D: retained river selector tile 53,29 feature 6 base 9041 offset 2->2 sprite 9043 absent false
[2026-10-03 23:10:38] dbg: [driver:1] OpenTT3D: retained river selector tile 53,29 feature 6 base 9041 offset 5->5 sprite 9046 absent false
[2026-10-03 23:10:38] dbg: [driver:1] OpenTT3D: retained river selector tile 53,29 feature 6 base 9041 offset 11->11 sprite 9052 absent false
[2026-10-03 23:10:38] dbg: [driver:1] OpenTT3D: retained river selector tile 52,30 feature 5 base 8426 offset 0->0 sprite 8426 absent false
[2026-10-03 23:10:38] dbg: [driver:1] OpenTT3D: retained river selector tile 52,30 feature 6 base 9041 offset 0->0 sprite 9041 absent false
[2026-10-03 23:10:38] dbg: [driver:1] OpenTT3D: retained river selector tile 52,30 feature 6 base 9041 offset 2->2 sprite 9043 absent false
[2026-10-03 23:10:38] dbg: [driver:1] OpenTT3D: retained river selector tile 52,31 feature 5 base 8486 offset 0->0 sprite 8486 absent false
[2026-10-03 23:10:38] dbg: [driver:1] OpenTT3D: retained river selector tile 52,31 feature 6 base 9041 offset 0->0 sprite 9041 absent false
[2026-10-03 23:10:38] dbg: [driver:1] OpenTT3D: retained river selector tile 52,31 feature 6 base 9041 offset 2->2 sprite 9043 absent false
[2026-10-03 23:10:38] dbg: [driver:1] OpenTT3D: retained river selector tile 52,32 feature 5 base 8486 offset 0->0 sprite 8486 absent false
[2026-10-03 23:10:38] dbg: [driver:1] OpenTT3D: retained river selector tile 52,32 feature 6 base 9041 offset 0->0 sprite 9041 absent false
[2026-10-03 23:10:38] dbg: [driver:1] OpenTT3D: retained river selector tile 52,32 feature 6 base 9041 offset 2->2 sprite 9043 absent false
[2026-10-03 23:10:38] dbg: [driver:1] OpenTT3D: retained river selector tile 52,33 feature 5 base 8456 offset 0->0 sprite 8456 absent false
[2026-10-03 23:10:38] dbg: [driver:1] OpenTT3D: retained river selector tile 52,33 feature 6 base 9041 offset 0->0 sprite 9041 absent false
[2026-10-03 23:10:38] dbg: [driver:1] OpenTT3D: retained river selector tile 52,33 feature 6 base 9041 offset 2->2 sprite 9043 absent false
[2026-10-03 23:10:38] dbg: [driver:1] OpenTT3D: retained river selector tile 52,34 feature 5 base 8451 offset 0->0 sprite 8451 absent false
[2026-10-03 23:10:38] dbg: [driver:1] OpenTT3D: retained river selector tile 52,34 feature 6 base 9041 offset 0->0 sprite 9041 absent false
[2026-10-03 23:10:38] dbg: [driver:1] OpenTT3D: retained river selector tile 52,34 feature 6 base 9041 offset 2->2 sprite 9043 absent false
[2026-10-03 23:10:38] dbg: [driver:1] OpenTT3D: retained river selector tile 49,35 feature 5 base 8496 offset 0->0 sprite 8496 absent false
[2026-10-03 23:10:38] dbg: [driver:1] OpenTT3D: retained river selector tile 49,35 feature 6 base 9041 offset 0->0 sprite 9041 absent false
[2026-10-03 23:10:38] dbg: [driver:1] OpenTT3D: retained river selector tile 49,35 feature 6 base 9041 offset 3->3 sprite 9044 absent false
[2026-10-03 23:10:38] dbg: [driver:1] OpenTT3D: retained river selector tile 49,35 feature 6 base 9041 offset 9->9 sprite 9050 absent false
[2026-10-03 23:10:38] dbg: [driver:1] OpenTT3D: retained river selector tile 49,35 feature 6 base 9041 offset 7->7 sprite 9048 absent false
[2026-10-03 23:10:38] dbg: [driver:1] OpenTT3D: retained river selector tile 50,35 feature 5 base 8466 offset 0->0 sprite 8466 absent false
[2026-10-03 23:10:38] dbg: [driver:1] OpenTT3D: retained river selector tile 50,35 feature 6 base 9041 offset 1->1 sprite 9042 absent false
[2026-10-03 23:10:38] dbg: [driver:1] OpenTT3D: retained river selector tile 50,35 feature 6 base 9041 offset 3->3 sprite 9044 absent false
[2026-10-03 23:10:38] dbg: [driver:1] OpenTT3D: retained river selector tile 51,35 feature 5 base 8466 offset 0->0 sprite 8466 absent false
[2026-10-03 23:10:38] dbg: [driver:1] OpenTT3D: retained river selector tile 51,35 feature 6 base 9041 offset 1->1 sprite 9042 absent false
[2026-10-03 23:10:38] dbg: [driver:1] OpenTT3D: retained river selector tile 51,35 feature 6 base 9041 offset 3->3 sprite 9044 absent false
[2026-10-03 23:10:38] dbg: [driver:1] OpenTT3D: retained river selector tile 52,35 feature 5 base 8446 offset 0->0 sprite 8446 absent false
[2026-10-03 23:10:38] dbg: [driver:1] OpenTT3D: retained river selector tile 52,35 feature 6 base 9041 offset 1->1 sprite 9042 absent false
[2026-10-03 23:10:38] dbg: [driver:1] OpenTT3D: retained river selector tile 52,35 feature 6 base 9041 offset 2->2 sprite 9043 absent false
[2026-10-03 23:10:38] dbg: [driver:1] OpenTT3D: retained river selector tile 52,35 feature 6 base 9041 offset 5->5 sprite 9046 absent false
[2026-10-03 23:10:38] dbg: [driver:1] OpenTT3D: retained river selector tile 52,35 feature 6 base 9041 offset 11->11 sprite 9052 absent false
[2026-10-03 23:10:38] dbg: [driver:1] OpenTT3D: retained river selector tile 49,36 feature 5 base 8431 offset 0->0 sprite 8431 absent false
[2026-10-03 23:10:38] dbg: [driver:1] OpenTT3D: retained river selector tile 49,36 feature 6 base 9041 offset 0->0 sprite 9041 absent false
[2026-10-03 23:10:38] dbg: [driver:1] OpenTT3D: retained river selector tile 49,36 feature 6 base 9041 offset 2->2 sprite 9043 absent false
[2026-10-03 23:10:38] dbg: [driver:1] OpenTT3D: retained river selector tile 47,37 feature 5 base 8471 offset 0->0 sprite 8471 absent false
[2026-10-03 23:10:38] dbg: [driver:1] OpenTT3D: retained river selector tile 47,37 feature 6 base 9041 offset 0->0 sprite 9041 absent false
[2026-10-03 23:10:38] dbg: [driver:1] OpenTT3D: retained river selector tile 47,37 feature 6 base 9041 offset 3->3 sprite 9044 absent false
[2026-10-03 23:10:38] dbg: [driver:1] OpenTT3D: retained river selector tile 47,37 feature 6 base 9041 offset 9->9 sprite 9050 absent false
[2026-10-03 23:10:38] dbg: [driver:1] OpenTT3D: retained river selector tile 47,37 feature 6 base 9041 offset 7->7 sprite 9048 absent false
[2026-10-03 23:10:38] dbg: [driver:1] OpenTT3D: retained river selector tile 48,37 feature 5 base 8481 offset 0->0 sprite 8481 absent false
[2026-10-03 23:10:38] dbg: [driver:1] OpenTT3D: retained river selector tile 48,37 feature 6 base 9041 offset 1->1 sprite 9042 absent false
[2026-10-03 23:10:38] dbg: [driver:1] OpenTT3D: retained river selector tile 48,37 feature 6 base 9041 offset 3->3 sprite 9044 absent false
[2026-10-03 23:10:38] dbg: [driver:1] OpenTT3D: retained river selector tile 49,37 feature 5 base 8466 offset 0->0 sprite 8466 absent false
[2026-10-03 23:10:38] dbg: [driver:1] OpenTT3D: retained river selector tile 49,37 feature 6 base 9041 offset 1->1 sprite 9042 absent false
[2026-10-03 23:10:38] dbg: [driver:1] OpenTT3D: retained river selector tile 49,37 feature 6 base 9041 offset 2->2 sprite 9043 absent false
[2026-10-03 23:10:38] dbg: [driver:1] OpenTT3D: retained river selector tile 49,37 feature 6 base 9041 offset 5->5 sprite 9046 absent false
[2026-10-03 23:10:38] dbg: [driver:1] OpenTT3D: retained river selector tile 49,37 feature 6 base 9041 offset 11->11 sprite 9052 absent false
[2026-10-03 23:10:38] dbg: [driver:1] OpenTT3D: retained river selector tile 47,38 feature 5 base 8461 offset 0->0 sprite 8461 absent false
[2026-10-03 23:10:38] dbg: [driver:1] OpenTT3D: retained river selector tile 47,38 feature 6 base 9041 offset 0->0 sprite 9041 absent false
[2026-10-03 23:10:38] dbg: [driver:1] OpenTT3D: retained river selector tile 47,38 feature 6 base 9041 offset 2->2 sprite 9043 absent false
[2026-10-03 23:10:38] dbg: [driver:1] OpenTT3D: retained river selector tile 45,39 feature 5 base 8456 offset 0->0 sprite 8456 absent false
[2026-10-03 23:10:38] dbg: [driver:1] OpenTT3D: retained river selector tile 45,39 feature 6 base 9041 offset 0->0 sprite 9041 absent false
[2026-10-03 23:10:38] dbg: [driver:1] OpenTT3D: retained river selector tile 45,39 feature 6 base 9041 offset 3->3 sprite 9044 absent false
[2026-10-03 23:10:38] dbg: [driver:1] OpenTT3D: retained river selector tile 45,39 feature 6 base 9041 offset 7->7 sprite 9048 absent false
[2026-10-03 23:10:38] dbg: [driver:1] OpenTT3D: retained river selector tile 46,39 feature 5 base 8431 offset 0->0 sprite 8431 absent false
[2026-10-03 23:10:38] dbg: [driver:1] OpenTT3D: retained river selector tile 46,39 feature 6 base 9041 offset 3->3 sprite 9044 absent false
[2026-10-03 23:10:38] dbg: [driver:1] OpenTT3D: retained river selector tile 47,39 feature 5 base 8476 offset 0->0 sprite 8476 absent false
[2026-10-03 23:10:38] dbg: [driver:1] OpenTT3D: retained river selector tile 47,39 feature 6 base 9041 offset 10->10 sprite 9051 absent false
[2026-10-03 23:10:38] dbg: [driver:1] OpenTT3D: retained river selector tile 47,39 feature 6 base 9041 offset 11->11 sprite 9052 absent false
[2026-10-03 23:10:38] dbg: [driver:1] OpenTT3D: retained river selector tile 48,39 feature 5 base 8456 offset 0->0 sprite 8456 absent false
[2026-10-03 23:10:38] dbg: [driver:1] OpenTT3D: retained river selector tile 48,39 feature 6 base 9041 offset 2->2 sprite 9043 absent false
[2026-10-03 23:10:38] dbg: [driver:1] OpenTT3D: retained river selector tile 48,39 feature 6 base 9041 offset 3->3 sprite 9044 absent false
[2026-10-03 23:10:38] dbg: [driver:1] OpenTT3D: retained river selector tile 48,39 feature 6 base 9041 offset 6->6 sprite 9047 absent false
[2026-10-03 23:10:38] dbg: [driver:1] OpenTT3D: retained river selector tile 45,40 feature 5 base 8456 offset 0->0 sprite 8456 absent false
[2026-10-03 23:10:38] dbg: [driver:1] OpenTT3D: retained river selector tile 45,40 feature 6 base 9041 offset 0->0 sprite 9041 absent false
[2026-10-03 23:10:38] dbg: [driver:1] OpenTT3D: retained river selector tile 46,40 feature 5 base 8456 offset 0->0 sprite 8456 absent false
[2026-10-03 23:10:38] dbg: [driver:1] OpenTT3D: retained river selector tile 46,40 feature 6 base 9041 offset 9->9 sprite 9050 absent false
[2026-10-03 23:10:38] dbg: [driver:1] OpenTT3D: retained river selector tile 47,40 feature 5 base 8496 offset 0->0 sprite 8496 absent false
[2026-10-03 23:10:38] dbg: [driver:1] OpenTT3D: retained river selector tile 47,40 feature 6 base 9041 offset 1->1 sprite 9042 absent false
[2026-10-03 23:10:38] dbg: [driver:1] OpenTT3D: retained river selector tile 48,40 feature 5 base 8431 offset 0->0 sprite 8431 absent false
[2026-10-03 23:10:38] dbg: [driver:1] OpenTT3D: retained river selector tile 48,40 feature 6 base 9041 offset 1->1 sprite 9042 absent false
[2026-10-03 23:10:38] dbg: [driver:1] OpenTT3D: retained river selector tile 48,40 feature 6 base 9041 offset 2->2 sprite 9043 absent false
[2026-10-03 23:10:38] dbg: [driver:1] OpenTT3D: retained river selector tile 48,40 feature 6 base 9041 offset 5->5 sprite 9046 absent false
[2026-10-03 23:10:38] dbg: [driver:1] OpenTT3D: retained river selector tile 44,41 feature 5 base 8466 offset 3->3 sprite 8469 absent false
[2026-10-03 23:10:38] dbg: [driver:1] OpenTT3D: retained live water source tile 44,41 role ground sprite 8469 at original height 0
[2026-10-03 23:10:38] dbg: [driver:1] OpenTT3D: retained river selector tile 44,41 feature 6 base 8981 offset 39->39 sprite 9020 absent false
[2026-10-03 23:10:38] dbg: [driver:1] OpenTT3D: retained live water source tile 44,41 role ground sprite 9020 at original height 0
[2026-10-03 23:10:38] dbg: [driver:1] OpenTT3D: retained river selector tile 45,41 feature 5 base 8431 offset 0->0 sprite 8431 absent false
[2026-10-03 23:10:38] dbg: [driver:1] OpenTT3D: retained river selector tile 45,41 feature 6 base 9041 offset 11->11 sprite 9052 absent false
[2026-10-03 23:10:38] dbg: [driver:1] OpenTT3D: retained river selector tile 46,41 feature 5 base 8446 offset 0->0 sprite 8446 absent false
[2026-10-03 23:10:38] dbg: [driver:1] OpenTT3D: retained river selector tile 46,41 feature 6 base 9041 offset 2->2 sprite 9043 absent false
[2026-10-03 23:10:38] dbg: [driver:1] OpenTT3D: retained river selector tile 44,42 feature 5 base 8491 offset 3->3 sprite 8494 absent false
[2026-10-03 23:10:38] dbg: [driver:1] OpenTT3D: retained live water source tile 44,42 role ground sprite 8494 at original height 0
[2026-10-03 23:10:38] dbg: [driver:1] OpenTT3D: retained river selector tile 44,42 feature 6 base 8981 offset 37->37 sprite 9018 absent false
[2026-10-03 23:10:38] dbg: [driver:1] OpenTT3D: retained live water source tile 44,42 role ground sprite 9018 at original height 0
[2026-10-03 23:10:38] dbg: [driver:1] OpenTT3D: retained river selector tile 45,42 feature 5 base 8496 offset 0->0 sprite 8496 absent false
[2026-10-03 23:10:38] dbg: [driver:1] OpenTT3D: retained river selector tile 45,42 feature 6 base 9041 offset 1->1 sprite 9042 absent false
[2026-10-03 23:10:38] dbg: [driver:1] OpenTT3D: retained river selector tile 46,42 feature 5 base 8436 offset 0->0 sprite 8436 absent false
[2026-10-03 23:10:38] dbg: [driver:1] OpenTT3D: retained river selector tile 46,42 feature 6 base 9041 offset 1->1 sprite 9042 absent false
[2026-10-03 23:10:38] dbg: [driver:1] OpenTT3D: retained river selector tile 46,42 feature 6 base 9041 offset 2->2 sprite 9043 absent false
[2026-10-03 23:10:38] dbg: [driver:1] OpenTT3D: retained river selector tile 46,42 feature 6 base 9041 offset 5->5 sprite 9046 absent false
[2026-10-03 23:10:50] dbg: [driver:1] OpenTT3D: loaded 1831 authored voxel models, 17420235 occupied cells, 12070638 exposed cell faces merged to 2656043 conforming rectangles / 20271120 triangles
[2026-10-03 23:10:50] dbg: [driver:1] OpenTT3D: retained lossless voxel sources use 36385568 bytes instead of 1727438004 dense cell bytes, with one shared palette
[2026-10-03 23:10:50] dbg: [driver:1] OpenTT3D: CPU voxel surfaces retain 1066079056 bytes under a scene-pinned soft budget, including 185267056 exact restoration bytes
[2026-10-03 23:10:51] dbg: [driver:1] OpenTT3D: live voxel house ground 97 construction stage 3 captured at 47,54
[2026-10-03 23:10:51] dbg: [driver:1] OpenTT3D: live voxel house ground 97 construction stage 3 variant 1 captured
[2026-10-03 23:10:51] dbg: [driver:1] OpenTT3D: live voxel house 97 construction stage 3 captured at 47,54
[2026-10-03 23:10:51] dbg: [driver:1] OpenTT3D: live voxel house 97 construction stage 3 variant 1 captured
[2026-10-03 23:10:51] dbg: [driver:1] OpenTT3D: live voxel house ground 91 construction stage 3 captured at 47,55
[2026-10-03 23:10:51] dbg: [driver:1] OpenTT3D: live voxel house ground 91 construction stage 3 variant 2 captured
[2026-10-03 23:10:51] dbg: [driver:1] OpenTT3D: live voxel house 91 construction stage 3 captured at 47,55
[2026-10-03 23:10:51] dbg: [driver:1] OpenTT3D: live voxel house 91 construction stage 3 variant 2 captured
[2026-10-03 23:10:51] dbg: [driver:1] OpenTT3D: live voxel house 92 construction stage 3 captured at 49,55
[2026-10-03 23:10:51] dbg: [driver:1] OpenTT3D: live voxel house 92 construction stage 3 variant 1 captured
[2026-10-03 23:10:51] dbg: [driver:1] OpenTT3D: 6 unmodelled reference sprites in this view (release coverage is incomplete)
[2026-10-03 23:10:51] dbg: [driver:1] OpenTT3D: live voxel house ground 95 construction stage 3 captured at 47,56
[2026-10-03 23:10:51] dbg: [driver:1] OpenTT3D: live voxel house ground 95 construction stage 3 variant 2 captured
[2026-10-03 23:10:51] dbg: [driver:1] OpenTT3D: live voxel house 95 construction stage 3 captured at 47,56
[2026-10-03 23:10:51] dbg: [driver:1] OpenTT3D: live voxel house 95 construction stage 3 variant 2 captured
[2026-10-03 23:10:51] dbg: [driver:1] OpenTT3D: live voxel house ground 94 construction stage 3 captured at 45,57
[2026-10-03 23:10:51] dbg: [driver:1] OpenTT3D: live voxel house ground 94 construction stage 3 variant 1 captured
[2026-10-03 23:10:51] dbg: [driver:1] OpenTT3D: live voxel house 94 construction stage 3 captured at 45,57
[2026-10-03 23:10:51] dbg: [driver:1] OpenTT3D: live voxel house 94 construction stage 3 variant 1 captured
[2026-10-03 23:10:51] dbg: [driver:1] OpenTT3D: live voxel house ground 102 construction stage 2 captured at 47,57
[2026-10-03 23:10:51] dbg: [driver:1] OpenTT3D: live voxel house ground 102 construction stage 2 variant 3 captured
[2026-10-03 23:10:51] dbg: [driver:1] OpenTT3D: live voxel house 102 construction stage 2 captured at 47,57
[2026-10-03 23:10:51] dbg: [driver:1] OpenTT3D: live voxel house 102 construction stage 2 variant 3 captured
[2026-10-03 23:10:51] dbg: [driver:1] OpenTT3D: live voxel house ground 99 construction stage 3 captured at 45,58
[2026-10-03 23:10:51] dbg: [driver:1] OpenTT3D: live voxel house ground 99 construction stage 3 variant 2 captured
[2026-10-03 23:10:51] dbg: [driver:1] OpenTT3D: live voxel house 99 construction stage 3 captured at 45,58
[2026-10-03 23:10:51] dbg: [driver:1] OpenTT3D: live voxel house 99 construction stage 3 variant 2 captured
[2026-10-03 23:10:51] dbg: [driver:1] OpenTT3D: live voxel house ground 101 construction stage 3 captured at 47,58
[2026-10-03 23:10:51] dbg: [driver:1] OpenTT3D: live voxel house ground 101 construction stage 3 variant 0 captured
[2026-10-03 23:10:51] dbg: [driver:1] OpenTT3D: live voxel house 101 construction stage 3 captured at 47,58
[2026-10-03 23:10:51] dbg: [driver:1] OpenTT3D: live voxel house 101 construction stage 3 variant 0 captured
[2026-10-03 23:10:51] dbg: [driver:1] OpenTT3D: live voxel house ground 100 construction stage 3 captured at 45,59
[2026-10-03 23:10:51] dbg: [driver:1] OpenTT3D: live voxel house ground 100 construction stage 3 variant 3 captured
[2026-10-03 23:10:51] dbg: [driver:1] OpenTT3D: live voxel house 100 construction stage 3 captured at 45,59
[2026-10-03 23:10:51] dbg: [driver:1] OpenTT3D: live voxel house 100 construction stage 3 variant 3 captured
[2026-10-03 23:10:51] dbg: [driver:1] OpenTT3D: live voxel house ground 94 construction stage 2 captured at 45,60
[2026-10-03 23:10:51] dbg: [driver:1] OpenTT3D: live voxel house ground 94 construction stage 2 variant 3 captured
[2026-10-03 23:10:51] dbg: [driver:1] OpenTT3D: live voxel house 94 construction stage 2 captured at 45,60
[2026-10-03 23:10:51] dbg: [driver:1] OpenTT3D: live voxel house 94 construction stage 2 variant 3 captured
[2026-10-03 23:10:51] dbg: [driver:1] OpenTT3D: live voxel house ground 107 construction stage 3 captured at 47,60
[2026-10-03 23:10:51] dbg: [driver:1] OpenTT3D: live voxel house ground 107 construction stage 3 variant 1 captured
[2026-10-03 23:10:51] dbg: [driver:1] OpenTT3D: live voxel house 107 construction stage 3 captured at 47,60
[2026-10-03 23:10:51] dbg: [driver:1] OpenTT3D: live voxel house 107 construction stage 3 variant 1 captured
[2026-10-03 23:10:51] dbg: [driver:1] OpenTT3D: live voxel house ground 98 construction stage 3 captured at 48,60
[2026-10-03 23:10:51] dbg: [driver:1] OpenTT3D: live voxel house ground 98 construction stage 3 variant 1 captured
[2026-10-03 23:10:51] dbg: [driver:1] OpenTT3D: live voxel house 98 construction stage 3 captured at 48,60
[2026-10-03 23:10:51] dbg: [driver:1] OpenTT3D: live voxel house 98 construction stage 3 variant 1 captured
[2026-10-03 23:10:51] dbg: [driver:1] OpenTT3D: live voxel house ground 105 construction stage 3 captured at 47,61
[2026-10-03 23:10:51] dbg: [driver:1] OpenTT3D: live voxel house ground 105 construction stage 3 variant 2 captured
[2026-10-03 23:10:51] dbg: [driver:1] OpenTT3D: live voxel house 105 construction stage 3 captured at 47,61
[2026-10-03 23:10:51] dbg: [driver:1] OpenTT3D: live voxel house 105 construction stage 3 variant 2 captured
[2026-10-03 23:10:51] dbg: [driver:1] OpenTT3D: retained river selector tile 58,79 feature 5 base 8496 offset 0->0 sprite 8496 absent false
[2026-10-03 23:10:51] dbg: [driver:1] OpenTT3D: retained river selector tile 58,79 feature 6 base 9041 offset 0->0 sprite 9041 absent false
[2026-10-03 23:10:51] dbg: [driver:1] OpenTT3D: retained river selector tile 58,79 feature 6 base 9041 offset 3->3 sprite 9044 absent false
[2026-10-03 23:10:51] dbg: [driver:1] OpenTT3D: retained river selector tile 58,79 feature 6 base 9041 offset 9->9 sprite 9050 absent false
[2026-10-03 23:10:51] dbg: [driver:1] OpenTT3D: retained river selector tile 58,79 feature 6 base 9041 offset 7->7 sprite 9048 absent false
[2026-10-03 23:10:51] dbg: [driver:1] OpenTT3D: retained river selector tile 59,79 feature 5 base 8476 offset 0->0 sprite 8476 absent false
[2026-10-03 23:10:51] dbg: [driver:1] OpenTT3D: retained river selector tile 59,79 feature 6 base 9041 offset 1->1 sprite 9042 absent false
[2026-10-03 23:10:51] dbg: [driver:1] OpenTT3D: retained river selector tile 59,79 feature 6 base 9041 offset 3->3 sprite 9044 absent false
[2026-10-03 23:10:51] dbg: [driver:1] OpenTT3D: retained river selector tile 57,80 feature 5 base 8486 offset 0->0 sprite 8486 absent false
[2026-10-03 23:10:51] dbg: [driver:1] OpenTT3D: retained river selector tile 57,80 feature 6 base 9041 offset 0->0 sprite 9041 absent false
[2026-10-03 23:10:51] dbg: [driver:1] OpenTT3D: retained river selector tile 57,80 feature 6 base 9041 offset 3->3 sprite 9044 absent false
[2026-10-03 23:10:51] dbg: [driver:1] OpenTT3D: retained river selector tile 57,80 feature 6 base 9041 offset 9->9 sprite 9050 absent false
[2026-10-03 23:10:51] dbg: [driver:1] OpenTT3D: retained river selector tile 57,80 feature 6 base 9041 offset 7->7 sprite 9048 absent false
[2026-10-03 23:10:51] dbg: [driver:1] OpenTT3D: retained river selector tile 58,80 feature 5 base 8446 offset 0->0 sprite 8446 absent false
[2026-10-03 23:10:51] dbg: [driver:1] OpenTT3D: retained river selector tile 58,80 feature 6 base 9041 offset 1->1 sprite 9042 absent false
[2026-10-03 23:10:51] dbg: [driver:1] OpenTT3D: retained river selector tile 58,80 feature 6 base 9041 offset 2->2 sprite 9043 absent false
[2026-10-03 23:10:51] dbg: [driver:1] OpenTT3D: retained river selector tile 58,80 feature 6 base 9041 offset 5->5 sprite 9046 absent false
[2026-10-03 23:10:51] dbg: [driver:1] OpenTT3D: retained river selector tile 58,80 feature 6 base 9041 offset 11->11 sprite 9052 absent false
[2026-10-03 23:10:51] dbg: [driver:1] OpenTT3D: retained river selector tile 57,81 feature 5 base 8431 offset 0->0 sprite 8431 absent false
[2026-10-03 23:10:51] dbg: [driver:1] OpenTT3D: retained river selector tile 57,81 feature 6 base 9041 offset 0->0 sprite 9041 absent false
[2026-10-03 23:10:51] dbg: [driver:1] OpenTT3D: retained river selector tile 57,81 feature 6 base 9041 offset 2->2 sprite 9043 absent false
[2026-10-03 23:10:51] dbg: [driver:1] OpenTT3D: retained river selector tile 54,82 feature 5 base 8491 offset 0->0 sprite 8491 absent false
[2026-10-03 23:10:51] dbg: [driver:1] OpenTT3D: retained river selector tile 54,82 feature 6 base 9041 offset 0->0 sprite 9041 absent false
[2026-10-03 23:10:51] dbg: [driver:1] OpenTT3D: retained river selector tile 54,82 feature 6 base 9041 offset 3->3 sprite 9044 absent false
[2026-10-03 23:10:51] dbg: [driver:1] OpenTT3D: retained river selector tile 54,82 feature 6 base 9041 offset 7->7 sprite 9048 absent false
[2026-10-03 23:10:51] dbg: [driver:1] OpenTT3D: retained river selector tile 55,82 feature 5 base 8481 offset 0->0 sprite 8481 absent false
[2026-10-03 23:10:51] dbg: [driver:1] OpenTT3D: retained river selector tile 55,82 feature 6 base 9041 offset 3->3 sprite 9044 absent false
[2026-10-03 23:10:51] dbg: [driver:1] OpenTT3D: retained river selector tile 55,82 feature 6 base 9041 offset 9->9 sprite 9050 absent false
[2026-10-03 23:10:51] dbg: [driver:1] OpenTT3D: retained river selector tile 56,82 feature 5 base 8441 offset 0->0 sprite 8441 absent false
[2026-10-03 23:10:51] dbg: [driver:1] OpenTT3D: retained river selector tile 56,82 feature 6 base 9041 offset 1->1 sprite 9042 absent false
[2026-10-03 23:10:51] dbg: [driver:1] OpenTT3D: retained river selector tile 56,82 feature 6 base 9041 offset 3->3 sprite 9044 absent false
[2026-10-03 23:10:51] dbg: [driver:1] OpenTT3D: retained river selector tile 57,82 feature 5 base 8426 offset 0->0 sprite 8426 absent false
[2026-10-03 23:10:51] dbg: [driver:1] OpenTT3D: retained river selector tile 57,82 feature 6 base 9041 offset 1->1 sprite 9042 absent false
[2026-10-03 23:10:51] dbg: [driver:1] OpenTT3D: retained river selector tile 57,82 feature 6 base 9041 offset 2->2 sprite 9043 absent false
[2026-10-03 23:10:51] dbg: [driver:1] OpenTT3D: retained river selector tile 57,82 feature 6 base 9041 offset 5->5 sprite 9046 absent false
[2026-10-03 23:10:51] dbg: [driver:1] OpenTT3D: retained river selector tile 57,82 feature 6 base 9041 offset 11->11 sprite 9052 absent false
[2026-10-03 23:10:51] dbg: [driver:1] OpenTT3D: retained river selector tile 53,83 feature 5 base 8446 offset 0->0 sprite 8446 absent false
[2026-10-03 23:10:51] dbg: [driver:1] OpenTT3D: retained river selector tile 53,83 feature 6 base 9041 offset 0->0 sprite 9041 absent false
[2026-10-03 23:10:51] dbg: [driver:1] OpenTT3D: retained river selector tile 53,83 feature 6 base 9041 offset 3->3 sprite 9044 absent false
[2026-10-03 23:10:51] dbg: [driver:1] OpenTT3D: retained river selector tile 53,83 feature 6 base 9041 offset 7->7 sprite 9048 absent false
[2026-10-03 23:10:51] dbg: [driver:1] OpenTT3D: retained river selector tile 54,83 feature 5 base 8446 offset 0->0 sprite 8446 absent false
[2026-10-03 23:10:51] dbg: [driver:1] OpenTT3D: retained river selector tile 54,83 feature 6 base 9041 offset 11->11 sprite 9052 absent false
[2026-10-03 23:10:51] dbg: [driver:1] OpenTT3D: retained river selector tile 55,83 feature 5 base 8476 offset 0->0 sprite 8476 absent false
[2026-10-03 23:10:51] dbg: [driver:1] OpenTT3D: retained river selector tile 55,83 feature 6 base 9041 offset 2->2 sprite 9043 absent false
[2026-10-03 23:10:51] dbg: [driver:1] OpenTT3D: retained river selector tile 44,84 feature 5 base 8436 offset 0->0 sprite 8436 absent false
[2026-10-03 23:10:51] dbg: [driver:1] OpenTT3D: retained river selector tile 44,84 feature 6 base 9041 offset 0->0 sprite 9041 absent false
[2026-10-03 23:10:51] dbg: [driver:1] OpenTT3D: retained river selector tile 44,84 feature 6 base 9041 offset 3->3 sprite 9044 absent false
[2026-10-03 23:10:51] dbg: [driver:1] OpenTT3D: retained river selector tile 44,84 feature 6 base 9041 offset 7->7 sprite 9048 absent false
[2026-10-03 23:10:51] dbg: [driver:1] OpenTT3D: retained river selector tile 45,84 feature 5 base 8431 offset 0->0 sprite 8431 absent false
[2026-10-03 23:10:51] dbg: [driver:1] OpenTT3D: retained river selector tile 45,84 feature 6 base 9041 offset 3->3 sprite 9044 absent false
[2026-10-03 23:10:51] dbg: [driver:1] OpenTT3D: retained river selector tile 46,84 feature 5 base 8496 offset 0->0 sprite 8496 absent false
[2026-10-03 23:10:51] dbg: [driver:1] OpenTT3D: retained river selector tile 46,84 feature 6 base 9041 offset 3->3 sprite 9044 absent false
[2026-10-03 23:10:51] dbg: [driver:1] OpenTT3D: retained river selector tile 47,84 feature 5 base 8486 offset 0->0 sprite 8486 absent false
[2026-10-03 23:10:51] dbg: [driver:1] OpenTT3D: retained river selector tile 47,84 feature 6 base 9041 offset 3->3 sprite 9044 absent false
[2026-10-03 23:10:51] dbg: [driver:1] OpenTT3D: retained river selector tile 48,84 feature 5 base 8476 offset 0->0 sprite 8476 absent false
[2026-10-03 23:10:51] dbg: [driver:1] OpenTT3D: retained river selector tile 48,84 feature 6 base 9041 offset 3->3 sprite 9044 absent false
[2026-10-03 23:10:51] dbg: [driver:1] OpenTT3D: retained river selector tile 49,84 feature 5 base 8456 offset 0->0 sprite 8456 absent false
[2026-10-03 23:10:51] dbg: [driver:1] OpenTT3D: retained river selector tile 49,84 feature 6 base 9041 offset 2->2 sprite 9043 absent false
[2026-10-03 23:10:51] dbg: [driver:1] OpenTT3D: retained river selector tile 49,84 feature 6 base 9041 offset 3->3 sprite 9044 absent false
[2026-10-03 23:10:51] dbg: [driver:1] OpenTT3D: retained river selector tile 49,84 feature 6 base 9041 offset 6->6 sprite 9047 absent false
[2026-10-03 23:10:51] dbg: [driver:1] OpenTT3D: retained river selector tile 53,84 feature 5 base 8476 offset 0->0 sprite 8476 absent false
[2026-10-03 23:10:51] dbg: [driver:1] OpenTT3D: retained river selector tile 53,84 feature 6 base 9041 offset 0->0 sprite 9041 absent false
[2026-10-03 23:10:51] dbg: [driver:1] OpenTT3D: retained river selector tile 54,84 feature 5 base 8471 offset 0->0 sprite 8471 absent false
[2026-10-03 23:10:51] dbg: [driver:1] OpenTT3D: retained river selector tile 54,84 feature 6 base 9041 offset 9->9 sprite 9050 absent false
[2026-10-03 23:10:51] dbg: [driver:1] OpenTT3D: retained river selector tile 55,84 feature 5 base 8446 offset 0->0 sprite 8446 absent false
[2026-10-03 23:10:51] dbg: [driver:1] OpenTT3D: retained river selector tile 55,84 feature 6 base 9041 offset 1->1 sprite 9042 absent false
[2026-10-03 23:10:51] dbg: [driver:1] OpenTT3D: retained river selector tile 55,84 feature 6 base 9041 offset 2->2 sprite 9043 absent false
[2026-10-03 23:10:51] dbg: [driver:1] OpenTT3D: retained river selector tile 55,84 feature 6 base 9041 offset 5->5 sprite 9046 absent false
[2026-10-03 23:10:51] dbg: [driver:1] OpenTT3D: retained river selector tile 42,85 feature 5 base 8441 offset 3->3 sprite 8444 absent false
[2026-10-03 23:10:51] dbg: [driver:1] OpenTT3D: retained live water source tile 42,85 role ground sprite 8444 at original height 0
[2026-10-03 23:10:51] dbg: [driver:1] OpenTT3D: retained river selector tile 42,85 feature 6 base 8981 offset 39->39 sprite 9020 absent false
[2026-10-03 23:10:51] dbg: [driver:1] OpenTT3D: retained live water source tile 42,85 role ground sprite 9020 at original height 0
[2026-10-03 23:10:51] dbg: [driver:1] OpenTT3D: retained river selector tile 43,85 feature 5 base 8491 offset 0->0 sprite 8491 absent false
[2026-10-03 23:10:51] dbg: [driver:1] OpenTT3D: retained river selector tile 43,85 feature 6 base 9041 offset 3->3 sprite 9044 absent false
[2026-10-03 23:10:51] dbg: [driver:1] OpenTT3D: retained river selector tile 44,85 feature 5 base 8491 offset 0->0 sprite 8491 absent false
[2026-10-03 23:10:51] dbg: [driver:1] OpenTT3D: retained river selector tile 44,85 feature 6 base 9041 offset 11->11 sprite 9052 absent false
[2026-10-03 23:10:51] dbg: [driver:1] OpenTT3D: retained river selector tile 45,85 feature 5 base 8451 offset 0->0 sprite 8451 absent false
[2026-10-03 23:10:51] dbg: [driver:1] OpenTT3D: retained river selector tile 45,85 feature 6 base 9041 offset 9->9 sprite 9050 absent false
[2026-10-03 23:10:51] dbg: [driver:1] OpenTT3D: retained river selector tile 46,85 feature 5 base 8441 offset 0->0 sprite 8441 absent false
[2026-10-03 23:10:51] dbg: [driver:1] OpenTT3D: retained river selector tile 46,85 feature 6 base 9041 offset 1->1 sprite 9042 absent false
[2026-10-03 23:10:51] dbg: [driver:1] OpenTT3D: retained river selector tile 47,85 feature 5 base 8426 offset 0->0 sprite 8426 absent false
[2026-10-03 23:10:51] dbg: [driver:1] OpenTT3D: retained river selector tile 47,85 feature 6 base 9041 offset 1->1 sprite 9042 absent false
[2026-10-03 23:10:51] dbg: [driver:1] OpenTT3D: retained river selector tile 48,85 feature 5 base 8431 offset 0->0 sprite 8431 absent false
[2026-10-03 23:10:51] dbg: [driver:1] OpenTT3D: retained river selector tile 48,85 feature 6 base 9041 offset 8->8 sprite 9049 absent false
[2026-10-03 23:10:51] dbg: [driver:1] OpenTT3D: retained river selector tile 49,85 feature 5 base 8496 offset 0->0 sprite 8496 absent false
[2026-10-03 23:10:51] dbg: [driver:1] OpenTT3D: retained river selector tile 49,85 feature 6 base 9041 offset 10->10 sprite 9051 absent false
[2026-10-03 23:10:51] dbg: [driver:1] OpenTT3D: retained river selector tile 50,85 feature 5 base 8446 offset 0->0 sprite 8446 absent false
[2026-10-03 23:10:51] dbg: [driver:1] OpenTT3D: retained river selector tile 50,85 feature 6 base 9041 offset 3->3 sprite 9044 absent false
[2026-10-03 23:10:51] dbg: [driver:1] OpenTT3D: retained river selector tile 51,85 feature 5 base 8486 offset 0->0 sprite 8486 absent false
[2026-10-03 23:10:51] dbg: [driver:1] OpenTT3D: retained river selector tile 51,85 feature 6 base 9041 offset 3->3 sprite 9044 absent false
[2026-10-03 23:10:51] dbg: [driver:1] OpenTT3D: retained river selector tile 52,85 feature 5 base 8446 offset 0->0 sprite 8446 absent false
[2026-10-03 23:10:51] dbg: [driver:1] OpenTT3D: retained river selector tile 52,85 feature 6 base 9041 offset 3->3 sprite 9044 absent false
[2026-10-03 23:10:51] dbg: [driver:1] OpenTT3D: retained river selector tile 53,85 feature 5 base 8491 offset 0->0 sprite 8491 absent false
[2026-10-03 23:10:51] dbg: [driver:1] OpenTT3D: retained river selector tile 53,85 feature 6 base 9041 offset 11->11 sprite 9052 absent false
[2026-10-03 23:10:51] dbg: [driver:1] OpenTT3D: retained river selector tile 54,85 feature 5 base 8486 offset 0->0 sprite 8486 absent false
[2026-10-03 23:10:51] dbg: [driver:1] OpenTT3D: retained river selector tile 54,85 feature 6 base 9041 offset 2->2 sprite 9043 absent false
[2026-10-03 23:10:51] dbg: [driver:1] OpenTT3D: retained river selector tile 42,86 feature 5 base 8486 offset 3->3 sprite 8489 absent false
[2026-10-03 23:10:51] dbg: [driver:1] OpenTT3D: retained live water source tile 42,86 role ground sprite 8489 at original height 0
[2026-10-03 23:10:51] dbg: [driver:1] OpenTT3D: retained river selector tile 42,86 feature 6 base 8981 offset 37->37 sprite 9018 absent false
[2026-10-03 23:10:51] dbg: [driver:1] OpenTT3D: retained live water source tile 42,86 role ground sprite 9018 at original height 0
[2026-10-03 23:10:51] dbg: [driver:1] OpenTT3D: retained river selector tile 43,86 feature 5 base 8431 offset 0->0 sprite 8431 absent false
[2026-10-03 23:10:51] dbg: [driver:1] OpenTT3D: retained river selector tile 43,86 feature 6 base 9041 offset 1->1 sprite 9042 absent false
[2026-10-03 23:10:51] dbg: [driver:1] OpenTT3D: retained river selector tile 44,86 feature 5 base 8471 offset 0->0 sprite 8471 absent false
[2026-10-03 23:10:51] dbg: [driver:1] OpenTT3D: retained river selector tile 44,86 feature 6 base 9041 offset 1->1 sprite 9042 absent false
[2026-10-03 23:10:51] dbg: [driver:1] OpenTT3D: retained river selector tile 45,86 feature 5 base 8471 offset 0->0 sprite 8471 absent false
[2026-10-03 23:10:51] dbg: [driver:1] OpenTT3D: retained river selector tile 45,86 feature 6 base 9041 offset 1->1 sprite 9042 absent false
[2026-10-03 23:10:51] dbg: [driver:1] OpenTT3D: retained river selector tile 45,86 feature 6 base 9041 offset 2->2 sprite 9043 absent false
[2026-10-03 23:10:51] dbg: [driver:1] OpenTT3D: retained river selector tile 45,86 feature 6 base 9041 offset 5->5 sprite 9046 absent false
[2026-10-03 23:10:51] dbg: [driver:1] OpenTT3D: retained river selector tile 48,86 feature 5 base 8496 offset 0->0 sprite 8496 absent false
[2026-10-03 23:10:51] dbg: [driver:1] OpenTT3D: retained river selector tile 48,86 feature 6 base 9041 offset 0->0 sprite 9041 absent false
[2026-10-03 23:10:51] dbg: [driver:1] OpenTT3D: retained river selector tile 48,86 feature 6 base 9041 offset 1->1 sprite 9042 absent false
[2026-10-03 23:10:51] dbg: [driver:1] OpenTT3D: retained river selector tile 48,86 feature 6 base 9041 offset 4->4 sprite 9045 absent false
[2026-10-03 23:10:51] dbg: [driver:1] OpenTT3D: retained river selector tile 49,86 feature 5 base 8456 offset 0->0 sprite 8456 absent false
[2026-10-03 23:10:51] dbg: [driver:1] OpenTT3D: retained river selector tile 49,86 feature 6 base 9041 offset 1->1 sprite 9042 absent false
[2026-10-03 23:10:51] dbg: [driver:1] OpenTT3D: retained river selector tile 50,86 feature 5 base 8446 offset 0->0 sprite 8446 absent false
[2026-10-03 23:10:51] dbg: [driver:1] OpenTT3D: retained river selector tile 50,86 feature 6 base 9041 offset 1->1 sprite 9042 absent false
[2026-10-03 23:10:51] dbg: [driver:1] OpenTT3D: retained river selector tile 51,86 feature 5 base 8461 offset 0->0 sprite 8461 absent false
[2026-10-03 23:10:51] dbg: [driver:1] OpenTT3D: retained river selector tile 51,86 feature 6 base 9041 offset 1->1 sprite 9042 absent false
[2026-10-03 23:10:51] dbg: [driver:1] OpenTT3D: retained river selector tile 52,86 feature 5 base 8451 offset 0->0 sprite 8451 absent false
[2026-10-03 23:10:51] dbg: [driver:1] OpenTT3D: retained river selector tile 52,86 feature 6 base 9041 offset 1->1 sprite 9042 absent false
[2026-10-03 23:10:51] dbg: [driver:1] OpenTT3D: retained river selector tile 53,86 feature 5 base 8426 offset 0->0 sprite 8426 absent false
[2026-10-03 23:10:51] dbg: [driver:1] OpenTT3D: retained river selector tile 53,86 feature 6 base 9041 offset 1->1 sprite 9042 absent false
[2026-10-03 23:10:51] dbg: [driver:1] OpenTT3D: retained river selector tile 54,86 feature 5 base 8441 offset 0->0 sprite 8441 absent false
[2026-10-03 23:10:51] dbg: [driver:1] OpenTT3D: retained river selector tile 54,86 feature 6 base 9041 offset 1->1 sprite 9042 absent false
[2026-10-03 23:10:51] dbg: [driver:1] OpenTT3D: retained river selector tile 54,86 feature 6 base 9041 offset 2->2 sprite 9043 absent false
[2026-10-03 23:10:51] dbg: [driver:1] OpenTT3D: retained river selector tile 54,86 feature 6 base 9041 offset 5->5 sprite 9046 absent false
[2026-10-03 23:10:51] dbg: [driver:1] OpenTT3D: 5 slope foundations rendered with complete retaining walls
[2026-10-03 23:10:51] dbg: [driver:1] OpenTT3D: retained river selector tile 80,46 feature 5 base 8431 offset 0->0 sprite 8431 absent false
[2026-10-03 23:10:51] dbg: [driver:1] OpenTT3D: retained river selector tile 80,46 feature 6 base 9041 offset 0->0 sprite 9041 absent false
[2026-10-03 23:10:51] dbg: [driver:1] OpenTT3D: retained river selector tile 80,46 feature 6 base 9041 offset 3->3 sprite 9044 absent false
[2026-10-03 23:10:51] dbg: [driver:1] OpenTT3D: retained river selector tile 80,46 feature 6 base 9041 offset 7->7 sprite 9048 absent false
[2026-10-03 23:10:51] dbg: [driver:1] OpenTT3D: retained river selector tile 81,46 feature 5 base 8481 offset 0->0 sprite 8481 absent false
[2026-10-03 23:10:51] dbg: [driver:1] OpenTT3D: retained river selector tile 81,46 feature 6 base 9041 offset 3->3 sprite 9044 absent false
[2026-10-03 23:10:51] dbg: [driver:1] OpenTT3D: retained river selector tile 76,47 feature 5 base 8491 offset 0->0 sprite 8491 absent false
[2026-10-03 23:10:51] dbg: [driver:1] OpenTT3D: retained river selector tile 76,47 feature 6 base 9041 offset 0->0 sprite 9041 absent false
[2026-10-03 23:10:51] dbg: [driver:1] OpenTT3D: retained river selector tile 76,47 feature 6 base 9041 offset 3->3 sprite 9044 absent false
[2026-10-03 23:10:51] dbg: [driver:1] OpenTT3D: retained river selector tile 76,47 feature 6 base 9041 offset 9->9 sprite 9050 absent false
[2026-10-03 23:10:51] dbg: [driver:1] OpenTT3D: retained river selector tile 76,47 feature 6 base 9041 offset 7->7 sprite 9048 absent false
[2026-10-03 23:10:51] dbg: [driver:1] OpenTT3D: retained river selector tile 77,47 feature 5 base 8431 offset 0->0 sprite 8431 absent false
[2026-10-03 23:10:51] dbg: [driver:1] OpenTT3D: retained river selector tile 77,47 feature 6 base 9041 offset 1->1 sprite 9042 absent false
[2026-10-03 23:10:51] dbg: [driver:1] OpenTT3D: retained river selector tile 77,47 feature 6 base 9041 offset 3->3 sprite 9044 absent false
[2026-10-03 23:10:51] dbg: [driver:1] OpenTT3D: retained river selector tile 78,47 feature 5 base 8461 offset 0->0 sprite 8461 absent false
[2026-10-03 23:10:51] dbg: [driver:1] OpenTT3D: retained river selector tile 78,47 feature 6 base 9041 offset 3->3 sprite 9044 absent false
[2026-10-03 23:10:51] dbg: [driver:1] OpenTT3D: retained river selector tile 78,47 feature 6 base 9041 offset 8->8 sprite 9049 absent false
[2026-10-03 23:10:51] dbg: [driver:1] OpenTT3D: retained river selector tile 79,47 feature 5 base 8421 offset 0->0 sprite 8421 absent false
[2026-10-03 23:10:51] dbg: [driver:1] OpenTT3D: retained river selector tile 79,47 feature 6 base 9041 offset 3->3 sprite 9044 absent false
[2026-10-03 23:10:51] dbg: [driver:1] OpenTT3D: retained river selector tile 80,47 feature 5 base 8421 offset 0->0 sprite 8421 absent false
[2026-10-03 23:10:51] dbg: [driver:1] OpenTT3D: retained river selector tile 80,47 feature 6 base 9041 offset 11->11 sprite 9052 absent false
[2026-10-03 23:10:51] dbg: [driver:1] OpenTT3D: retained river selector tile 81,47 feature 5 base 8496 offset 0->0 sprite 8496 absent false
[2026-10-03 23:10:51] dbg: [driver:1] OpenTT3D: retained river selector tile 81,47 feature 6 base 9041 offset 9->9 sprite 9050 absent false
[2026-10-03 23:10:51] dbg: [driver:1] OpenTT3D: retained river selector tile 76,48 feature 5 base 8421 offset 1->1 sprite 8422 absent false
[2026-10-03 23:10:51] dbg: [driver:1] OpenTT3D: retained live water source tile 76,48 role ground sprite 8422 at original height 8
[2026-10-03 23:10:51] dbg: [driver:1] OpenTT3D: retained river selector tile 76,48 feature 6 base 9041 offset 12->12 sprite 9053 absent false
[2026-10-03 23:10:51] dbg: [driver:1] OpenTT3D: retained live water source tile 76,48 role ground sprite 9053 at original height 8
[2026-10-03 23:10:51] dbg: [driver:1] OpenTT3D: retained river selector tile 76,48 feature 6 base 9041 offset 14->14 sprite 9055 absent false
[2026-10-03 23:10:51] dbg: [driver:1] OpenTT3D: retained live water source tile 76,48 role ground sprite 9055 at original height 8
[2026-10-03 23:10:51] dbg: [driver:1] OpenTT3D: retained river selector tile 78,48 feature 5 base 8451 offset 0->0 sprite 8451 absent false
[2026-10-03 23:10:51] dbg: [driver:1] OpenTT3D: retained river selector tile 78,48 feature 6 base 9041 offset 0->0 sprite 9041 absent false
[2026-10-03 23:10:51] dbg: [driver:1] OpenTT3D: retained river selector tile 78,48 feature 6 base 9041 offset 1->1 sprite 9042 absent false
[2026-10-03 23:10:51] dbg: [driver:1] OpenTT3D: retained river selector tile 78,48 feature 6 base 9041 offset 4->4 sprite 9045 absent false
[2026-10-03 23:10:51] dbg: [driver:1] OpenTT3D: retained river selector tile 79,48 feature 5 base 8431 offset 0->0 sprite 8431 absent false
[2026-10-03 23:10:51] dbg: [driver:1] OpenTT3D: retained river selector tile 79,48 feature 6 base 9041 offset 1->1 sprite 9042 absent false
[2026-10-03 23:10:51] dbg: [driver:1] OpenTT3D: retained river selector tile 80,48 feature 5 base 8451 offset 0->0 sprite 8451 absent false
[2026-10-03 23:10:51] dbg: [driver:1] OpenTT3D: retained river selector tile 80,48 feature 6 base 9041 offset 1->1 sprite 9042 absent false
[2026-10-03 23:10:51] dbg: [driver:1] OpenTT3D: retained river selector tile 81,48 feature 5 base 8486 offset 0->0 sprite 8486 absent false
[2026-10-03 23:10:51] dbg: [driver:1] OpenTT3D: retained river selector tile 81,48 feature 6 base 9041 offset 1->1 sprite 9042 absent false
[2026-10-03 23:10:51] dbg: [driver:1] OpenTT3D: retained river selector tile 81,48 feature 6 base 9041 offset 2->2 sprite 9043 absent false
[2026-10-03 23:10:51] dbg: [driver:1] OpenTT3D: retained river selector tile 81,48 feature 6 base 9041 offset 5->5 sprite 9046 absent false
[2026-10-03 23:10:51] dbg: [driver:1] OpenTT3D: retained river selector tile 75,49 feature 5 base 8461 offset 0->0 sprite 8461 absent false
[2026-10-03 23:10:51] dbg: [driver:1] OpenTT3D: retained river selector tile 75,49 feature 6 base 9041 offset 0->0 sprite 9041 absent false
[2026-10-03 23:10:51] dbg: [driver:1] OpenTT3D: retained river selector tile 75,49 feature 6 base 9041 offset 3->3 sprite 9044 absent false
[2026-10-03 23:10:51] dbg: [driver:1] OpenTT3D: retained river selector tile 75,49 feature 6 base 9041 offset 9->9 sprite 9050 absent false
[2026-10-03 23:10:51] dbg: [driver:1] OpenTT3D: retained river selector tile 75,49 feature 6 base 9041 offset 7->7 sprite 9048 absent false
[2026-10-03 23:10:51] dbg: [driver:1] OpenTT3D: retained river selector tile 76,49 feature 5 base 8471 offset 0->0 sprite 8471 absent false
[2026-10-03 23:10:51] dbg: [driver:1] OpenTT3D: retained river selector tile 76,49 feature 6 base 9041 offset 1->1 sprite 9042 absent false
[2026-10-03 23:10:51] dbg: [driver:1] OpenTT3D: retained river selector tile 76,49 feature 6 base 9041 offset 2->2 sprite 9043 absent false
[2026-10-03 23:10:51] dbg: [driver:1] OpenTT3D: retained river selector tile 76,49 feature 6 base 9041 offset 5->5 sprite 9046 absent false
[2026-10-03 23:10:51] dbg: [driver:1] OpenTT3D: retained river selector tile 76,49 feature 6 base 9041 offset 11->11 sprite 9052 absent false
[2026-10-03 23:10:51] dbg: [driver:1] OpenTT3D: retained river selector tile 70,50 feature 5 base 8456 offset 0->0 sprite 8456 absent false
[2026-10-03 23:10:51] dbg: [driver:1] OpenTT3D: retained river selector tile 70,50 feature 6 base 9041 offset 0->0 sprite 9041 absent false
[2026-10-03 23:10:51] dbg: [driver:1] OpenTT3D: retained river selector tile 70,50 feature 6 base 9041 offset 3->3 sprite 9044 absent false
[2026-10-03 23:10:51] dbg: [driver:1] OpenTT3D: retained river selector tile 70,50 feature 6 base 9041 offset 9->9 sprite 9050 absent false
[2026-10-03 23:10:51] dbg: [driver:1] OpenTT3D: retained river selector tile 70,50 feature 6 base 9041 offset 7->7 sprite 9048 absent false
[2026-10-03 23:10:51] dbg: [driver:1] OpenTT3D: retained river selector tile 71,50 feature 5 base 8491 offset 0->0 sprite 8491 absent false
[2026-10-03 23:10:51] dbg: [driver:1] OpenTT3D: retained river selector tile 71,50 feature 6 base 9041 offset 1->1 sprite 9042 absent false
[2026-10-03 23:10:51] dbg: [driver:1] OpenTT3D: retained river selector tile 71,50 feature 6 base 9041 offset 3->3 sprite 9044 absent false
[2026-10-03 23:10:51] dbg: [driver:1] OpenTT3D: retained river selector tile 72,50 feature 5 base 8446 offset 2->2 sprite 8448 absent false
[2026-10-03 23:10:51] dbg: [driver:1] OpenTT3D: retained live water source tile 72,50 role ground sprite 8448 at original height 16
[2026-10-03 23:10:51] dbg: [driver:1] OpenTT3D: retained river selector tile 72,50 feature 6 base 9041 offset 25->25 sprite 9066 absent false
[2026-10-03 23:10:51] dbg: [driver:1] OpenTT3D: retained live water source tile 72,50 role ground sprite 9066 at original height 16
[2026-10-03 23:10:51] dbg: [driver:1] OpenTT3D: retained river selector tile 72,50 feature 6 base 9041 offset 27->27 sprite 9068 absent false
[2026-10-03 23:10:51] dbg: [driver:1] OpenTT3D: retained live water source tile 72,50 role ground sprite 9068 at original height 16
[2026-10-03 23:10:51] dbg: [driver:1] OpenTT3D: retained river selector tile 73,50 feature 5 base 8441 offset 0->0 sprite 8441 absent false
[2026-10-03 23:10:51] dbg: [driver:1] OpenTT3D: retained river selector tile 73,50 feature 6 base 9041 offset 1->1 sprite 9042 absent false
[2026-10-03 23:10:51] dbg: [driver:1] OpenTT3D: retained river selector tile 73,50 feature 6 base 9041 offset 3->3 sprite 9044 absent false
[2026-10-03 23:10:51] dbg: [driver:1] OpenTT3D: retained river selector tile 74,50 feature 5 base 8471 offset 0->0 sprite 8471 absent false
[2026-10-03 23:10:51] dbg: [driver:1] OpenTT3D: retained river selector tile 74,50 feature 6 base 9041 offset 1->1 sprite 9042 absent false
[2026-10-03 23:10:51] dbg: [driver:1] OpenTT3D: retained river selector tile 74,50 feature 6 base 9041 offset 3->3 sprite 9044 absent false
[2026-10-03 23:10:51] dbg: [driver:1] OpenTT3D: retained river selector tile 75,50 feature 5 base 8436 offset 0->0 sprite 8436 absent false
[2026-10-03 23:10:51] dbg: [driver:1] OpenTT3D: retained river selector tile 75,50 feature 6 base 9041 offset 1->1 sprite 9042 absent false
[2026-10-03 23:10:51] dbg: [driver:1] OpenTT3D: retained river selector tile 75,50 feature 6 base 9041 offset 2->2 sprite 9043 absent false
[2026-10-03 23:10:51] dbg: [driver:1] OpenTT3D: retained river selector tile 75,50 feature 6 base 9041 offset 5->5 sprite 9046 absent false
[2026-10-03 23:10:51] dbg: [driver:1] OpenTT3D: retained river selector tile 75,50 feature 6 base 9041 offset 11->11 sprite 9052 absent false
[2026-10-03 23:10:51] dbg: [driver:1] OpenTT3D: retained river selector tile 69,51 feature 5 base 8466 offset 0->0 sprite 8466 absent false
[2026-10-03 23:10:51] dbg: [driver:1] OpenTT3D: retained river selector tile 69,51 feature 6 base 9041 offset 0->0 sprite 9041 absent false
[2026-10-03 23:10:51] dbg: [driver:1] OpenTT3D: retained river selector tile 69,51 feature 6 base 9041 offset 3->3 sprite 9044 absent false
[2026-10-03 23:10:51] dbg: [driver:1] OpenTT3D: retained river selector tile 69,51 feature 6 base 9041 offset 9->9 sprite 9050 absent false
[2026-10-03 23:10:51] dbg: [driver:1] OpenTT3D: retained river selector tile 69,51 feature 6 base 9041 offset 7->7 sprite 9048 absent false
[2026-10-03 23:10:51] dbg: [driver:1] OpenTT3D: retained river selector tile 70,51 feature 5 base 8451 offset 0->0 sprite 8451 absent false
[2026-10-03 23:10:51] dbg: [driver:1] OpenTT3D: retained river selector tile 70,51 feature 6 base 9041 offset 1->1 sprite 9042 absent false
[2026-10-03 23:10:51] dbg: [driver:1] OpenTT3D: retained river selector tile 70,51 feature 6 base 9041 offset 2->2 sprite 9043 absent false
[2026-10-03 23:10:51] dbg: [driver:1] OpenTT3D: retained river selector tile 70,51 feature 6 base 9041 offset 5->5 sprite 9046 absent false
[2026-10-03 23:10:51] dbg: [driver:1] OpenTT3D: retained river selector tile 70,51 feature 6 base 9041 offset 11->11 sprite 9052 absent false
[2026-10-03 23:10:51] dbg: [driver:1] OpenTT3D: retained river selector tile 69,52 feature 5 base 8476 offset 0->0 sprite 8476 absent false
[2026-10-03 23:10:51] dbg: [driver:1] OpenTT3D: retained river selector tile 69,52 feature 6 base 9041 offset 0->0 sprite 9041 absent false
[2026-10-03 23:10:51] dbg: [driver:1] OpenTT3D: retained river selector tile 69,52 feature 6 base 9041 offset 2->2 sprite 9043 absent false
[2026-10-03 23:10:51] dbg: [driver:1] OpenTT3D: retained river selector tile 69,53 feature 5 base 8496 offset 0->0 sprite 8496 absent false
[2026-10-03 23:10:51] dbg: [driver:1] OpenTT3D: retained river selector tile 69,53 feature 6 base 9041 offset 0->0 sprite 9041 absent false
[2026-10-03 23:10:51] dbg: [driver:1] OpenTT3D: retained river selector tile 69,53 feature 6 base 9041 offset 2->2 sprite 9043 absent false
[2026-10-03 23:10:51] dbg: [driver:1] OpenTT3D: retained river selector tile 69,54 feature 5 base 8456 offset 0->0 sprite 8456 absent false
[2026-10-03 23:10:51] dbg: [driver:1] OpenTT3D: retained river selector tile 69,54 feature 6 base 9041 offset 0->0 sprite 9041 absent false
[2026-10-03 23:10:51] dbg: [driver:1] OpenTT3D: retained river selector tile 69,54 feature 6 base 9041 offset 2->2 sprite 9043 absent false
[2026-10-03 23:10:51] dbg: [driver:1] OpenTT3D: live voxel house ground 92 construction stage 3 captured at 49,55
[2026-10-03 23:10:51] dbg: [driver:1] OpenTT3D: live voxel house ground 92 construction stage 3 variant 1 captured
[2026-10-03 23:10:51] dbg: [driver:1] OpenTT3D: retained river selector tile 68,55 feature 5 base 8456 offset 0->0 sprite 8456 absent false
[2026-10-03 23:10:51] dbg: [driver:1] OpenTT3D: retained river selector tile 68,55 feature 6 base 9041 offset 0->0 sprite 9041 absent false
[2026-10-03 23:10:51] dbg: [driver:1] OpenTT3D: retained river selector tile 68,55 feature 6 base 9041 offset 3->3 sprite 9044 absent false
[2026-10-03 23:10:51] dbg: [driver:1] OpenTT3D: retained river selector tile 68,55 feature 6 base 9041 offset 9->9 sprite 9050 absent false
[2026-10-03 23:10:51] dbg: [driver:1] OpenTT3D: retained river selector tile 68,55 feature 6 base 9041 offset 7->7 sprite 9048 absent false
[2026-10-03 23:10:51] dbg: [driver:1] OpenTT3D: retained river selector tile 69,55 feature 5 base 8481 offset 0->0 sprite 8481 absent false
[2026-10-03 23:10:51] dbg: [driver:1] OpenTT3D: retained river selector tile 69,55 feature 6 base 9041 offset 1->1 sprite 9042 absent false
[2026-10-03 23:10:51] dbg: [driver:1] OpenTT3D: retained river selector tile 69,55 feature 6 base 9041 offset 2->2 sprite 9043 absent false
[2026-10-03 23:10:51] dbg: [driver:1] OpenTT3D: retained river selector tile 69,55 feature 6 base 9041 offset 5->5 sprite 9046 absent false
[2026-10-03 23:10:51] dbg: [driver:1] OpenTT3D: retained river selector tile 69,55 feature 6 base 9041 offset 11->11 sprite 9052 absent false
[2026-10-03 23:10:51] dbg: [driver:1] OpenTT3D: live voxel house ground 102 construction stage 3 captured at 50,56
[2026-10-03 23:10:51] dbg: [driver:1] OpenTT3D: live voxel house ground 102 construction stage 3 variant 0 captured
[2026-10-03 23:10:51] dbg: [driver:1] OpenTT3D: live voxel house 102 construction stage 3 captured at 50,56
[2026-10-03 23:10:51] dbg: [driver:1] OpenTT3D: live voxel house 102 construction stage 3 variant 0 captured
[2026-10-03 23:10:51] dbg: [driver:1] OpenTT3D: retained river selector tile 68,56 feature 5 base 8441 offset 1->1 sprite 8442 absent false
[2026-10-03 23:10:51] dbg: [driver:1] OpenTT3D: retained live water source tile 68,56 role ground sprite 8442 at original height 24
[2026-10-03 23:10:51] dbg: [driver:1] OpenTT3D: retained river selector tile 68,56 feature 6 base 9041 offset 12->12 sprite 9053 absent false
[2026-10-03 23:10:51] dbg: [driver:1] OpenTT3D: retained live water source tile 68,56 role ground sprite 9053 at original height 24
[2026-10-03 23:10:51] dbg: [driver:1] OpenTT3D: retained river selector tile 68,56 feature 6 base 9041 offset 14->14 sprite 9055 absent false
[2026-10-03 23:10:51] dbg: [driver:1] OpenTT3D: retained live water source tile 68,56 role ground sprite 9055 at original height 24
[2026-10-03 23:10:51] dbg: [driver:1] OpenTT3D: live voxel house ground 106 construction stage 2 captured at 49,57
[2026-10-03 23:10:51] dbg: [driver:1] OpenTT3D: live voxel house ground 106 construction stage 2 variant 2 captured
[2026-10-03 23:10:51] dbg: [driver:1] OpenTT3D: live voxel house 106 construction stage 2 captured at 49,57
[2026-10-03 23:10:51] dbg: [driver:1] OpenTT3D: live voxel house 106 construction stage 2 variant 2 captured
[2026-10-03 23:10:51] dbg: [driver:1] OpenTT3D: retained river selector tile 66,57 feature 5 base 8436 offset 0->0 sprite 8436 absent false
[2026-10-03 23:10:51] dbg: [driver:1] OpenTT3D: retained river selector tile 66,57 feature 6 base 9041 offset 0->0 sprite 9041 absent false
[2026-10-03 23:10:51] dbg: [driver:1] OpenTT3D: retained river selector tile 66,57 feature 6 base 9041 offset 1->1 sprite 9042 absent false
[2026-10-03 23:10:51] dbg: [driver:1] OpenTT3D: retained river selector tile 66,57 feature 6 base 9041 offset 3->3 sprite 9044 absent false
[2026-10-03 23:10:51] dbg: [driver:1] OpenTT3D: retained river selector tile 66,57 feature 6 base 9041 offset 4->4 sprite 9045 absent false
[2026-10-03 23:10:51] dbg: [driver:1] OpenTT3D: retained river selector tile 66,57 feature 6 base 9041 offset 7->7 sprite 9048 absent false
[2026-10-03 23:10:51] dbg: [driver:1] OpenTT3D: retained river selector tile 67,57 feature 5 base 8476 offset 0->0 sprite 8476 absent false
[2026-10-03 23:10:51] dbg: [driver:1] OpenTT3D: retained river selector tile 67,57 feature 6 base 9041 offset 1->1 sprite 9042 absent false
[2026-10-03 23:10:51] dbg: [driver:1] OpenTT3D: retained river selector tile 67,57 feature 6 base 9041 offset 3->3 sprite 9044 absent false
[2026-10-03 23:10:51] dbg: [driver:1] OpenTT3D: retained river selector tile 68,57 feature 5 base 8456 offset 0->0 sprite 8456 absent false
[2026-10-03 23:10:51] dbg: [driver:1] OpenTT3D: retained river selector tile 68,57 feature 6 base 9041 offset 1->1 sprite 9042 absent false
[2026-10-03 23:10:51] dbg: [driver:1] OpenTT3D: retained river selector tile 68,57 feature 6 base 9041 offset 2->2 sprite 9043 absent false
[2026-10-03 23:10:51] dbg: [driver:1] OpenTT3D: retained river selector tile 68,57 feature 6 base 9041 offset 5->5 sprite 9046 absent false
[2026-10-03 23:10:51] dbg: [driver:1] OpenTT3D: retained river selector tile 68,57 feature 6 base 9041 offset 11->11 sprite 9052 absent false
[2026-10-03 23:10:51] dbg: [driver:1] OpenTT3D: live voxel house ground 96 construction stage 3 captured at 50,59
[2026-10-03 23:10:51] dbg: [driver:1] OpenTT3D: live voxel house ground 96 construction stage 3 variant 3 captured
[2026-10-03 23:10:51] dbg: [driver:1] OpenTT3D: live voxel house 96 construction stage 3 captured at 50,59
[2026-10-03 23:10:51] dbg: [driver:1] OpenTT3D: live voxel house 96 construction stage 3 variant 3 captured
[2026-10-03 23:10:51] dbg: [driver:1] OpenTT3D: live voxel house ground 94 construction stage 3 captured at 51,59
[2026-10-03 23:10:51] dbg: [driver:1] OpenTT3D: live voxel house ground 94 construction stage 3 variant 2 captured
[2026-10-03 23:10:51] dbg: [driver:1] OpenTT3D: live voxel house 94 construction stage 3 captured at 51,59
[2026-10-03 23:10:51] dbg: [driver:1] OpenTT3D: live voxel house 94 construction stage 3 variant 2 captured
[2026-10-03 23:10:51] dbg: [driver:1] OpenTT3D: retained river selector tile 63,70 feature 5 base 8436 offset 0->0 sprite 8436 absent false
[2026-10-03 23:10:51] dbg: [driver:1] OpenTT3D: retained river selector tile 63,70 feature 6 base 9041 offset 0->0 sprite 9041 absent false
[2026-10-03 23:10:51] dbg: [driver:1] OpenTT3D: retained river selector tile 63,70 feature 6 base 9041 offset 2->2 sprite 9043 absent false
[2026-10-03 23:10:51] dbg: [driver:1] OpenTT3D: retained river selector tile 63,70 feature 6 base 9041 offset 3->3 sprite 9044 absent false
[2026-10-03 23:10:51] dbg: [driver:1] OpenTT3D: retained river selector tile 63,70 feature 6 base 9041 offset 6->6 sprite 9047 absent false
[2026-10-03 23:10:51] dbg: [driver:1] OpenTT3D: retained river selector tile 63,70 feature 6 base 9041 offset 7->7 sprite 9048 absent false
[2026-10-03 23:10:51] dbg: [driver:1] OpenTT3D: retained river selector tile 63,71 feature 5 base 8466 offset 0->0 sprite 8466 absent false
[2026-10-03 23:10:51] dbg: [driver:1] OpenTT3D: retained river selector tile 63,71 feature 6 base 9041 offset 0->0 sprite 9041 absent false
[2026-10-03 23:10:51] dbg: [driver:1] OpenTT3D: retained river selector tile 63,71 feature 6 base 9041 offset 2->2 sprite 9043 absent false
[2026-10-03 23:10:51] dbg: [driver:1] OpenTT3D: retained river selector tile 63,72 feature 5 base 8486 offset 4->4 sprite 8490 absent false
[2026-10-03 23:10:51] dbg: [driver:1] OpenTT3D: retained live water source tile 63,72 role ground sprite 8490 at original height 16
[2026-10-03 23:10:51] dbg: [driver:1] OpenTT3D: retained river selector tile 63,72 feature 6 base 9041 offset 48->48 sprite 9089 absent false
[2026-10-03 23:10:51] dbg: [driver:1] OpenTT3D: retained live water source tile 63,72 role ground sprite 9089 at original height 16
[2026-10-03 23:10:51] dbg: [driver:1] OpenTT3D: retained river selector tile 63,72 feature 6 base 9041 offset 50->50 sprite 9091 absent false
[2026-10-03 23:10:51] dbg: [driver:1] OpenTT3D: retained live water source tile 63,72 role ground sprite 9091 at original height 16
[2026-10-03 23:10:51] dbg: [driver:1] OpenTT3D: retained river selector tile 63,73 feature 5 base 8446 offset 0->0 sprite 8446 absent false
[2026-10-03 23:10:51] dbg: [driver:1] OpenTT3D: retained river selector tile 63,73 feature 6 base 9041 offset 0->0 sprite 9041 absent false
[2026-10-03 23:10:51] dbg: [driver:1] OpenTT3D: retained river selector tile 63,73 feature 6 base 9041 offset 2->2 sprite 9043 absent false
[2026-10-03 23:10:51] dbg: [driver:1] OpenTT3D: retained river selector tile 63,74 feature 5 base 8451 offset 4->4 sprite 8455 absent false
[2026-10-03 23:10:51] dbg: [driver:1] OpenTT3D: retained live water source tile 63,74 role ground sprite 8455 at original height 8
[2026-10-03 23:10:51] dbg: [driver:1] OpenTT3D: retained river selector tile 63,74 feature 6 base 9041 offset 48->48 sprite 9089 absent false
[2026-10-03 23:10:51] dbg: [driver:1] OpenTT3D: retained live water source tile 63,74 role ground sprite 9089 at original height 8
[2026-10-03 23:10:51] dbg: [driver:1] OpenTT3D: retained river selector tile 63,74 feature 6 base 9041 offset 50->50 sprite 9091 absent false
[2026-10-03 23:10:51] dbg: [driver:1] OpenTT3D: retained live water source tile 63,74 role ground sprite 9091 at original height 8
[2026-10-03 23:10:51] dbg: [driver:1] OpenTT3D: retained river selector tile 62,75 feature 5 base 8426 offset 0->0 sprite 8426 absent false
[2026-10-03 23:10:51] dbg: [driver:1] OpenTT3D: retained river selector tile 62,75 feature 6 base 9041 offset 0->0 sprite 9041 absent false
[2026-10-03 23:10:51] dbg: [driver:1] OpenTT3D: retained river selector tile 62,75 feature 6 base 9041 offset 3->3 sprite 9044 absent false
[2026-10-03 23:10:51] dbg: [driver:1] OpenTT3D: retained river selector tile 62,75 feature 6 base 9041 offset 7->7 sprite 9048 absent false
[2026-10-03 23:10:51] dbg: [driver:1] OpenTT3D: retained river selector tile 63,75 feature 5 base 8466 offset 0->0 sprite 8466 absent false
[2026-10-03 23:10:51] dbg: [driver:1] OpenTT3D: retained river selector tile 63,75 feature 6 base 9041 offset 2->2 sprite 9043 absent false
[2026-10-03 23:10:51] dbg: [driver:1] OpenTT3D: retained river selector tile 63,75 feature 6 base 9041 offset 11->11 sprite 9052 absent false
[2026-10-03 23:10:51] dbg: [driver:1] OpenTT3D: retained river selector tile 60,76 feature 5 base 8486 offset 0->0 sprite 8486 absent false
[2026-10-03 23:10:51] dbg: [driver:1] OpenTT3D: retained river selector tile 60,76 feature 6 base 9041 offset 0->0 sprite 9041 absent false
[2026-10-03 23:10:51] dbg: [driver:1] OpenTT3D: retained river selector tile 60,76 feature 6 base 9041 offset 3->3 sprite 9044 absent false
[2026-10-03 23:10:51] dbg: [driver:1] OpenTT3D: retained river selector tile 60,76 feature 6 base 9041 offset 9->9 sprite 9050 absent false
[2026-10-03 23:10:51] dbg: [driver:1] OpenTT3D: retained river selector tile 60,76 feature 6 base 9041 offset 7->7 sprite 9048 absent false
[2026-10-03 23:10:51] dbg: [driver:1] OpenTT3D: retained river selector tile 61,76 feature 5 base 8426 offset 0->0 sprite 8426 absent false
[2026-10-03 23:10:51] dbg: [driver:1] OpenTT3D: retained river selector tile 61,76 feature 6 base 9041 offset 1->1 sprite 9042 absent false
[2026-10-03 23:10:51] dbg: [driver:1] OpenTT3D: retained river selector tile 61,76 feature 6 base 9041 offset 3->3 sprite 9044 absent false
[2026-10-03 23:10:51] dbg: [driver:1] OpenTT3D: retained river selector tile 62,76 feature 5 base 8461 offset 0->0 sprite 8461 absent false
[2026-10-03 23:10:51] dbg: [driver:1] OpenTT3D: retained river selector tile 62,76 feature 6 base 9041 offset 1->1 sprite 9042 absent false
[2026-10-03 23:10:51] dbg: [driver:1] OpenTT3D: retained river selector tile 62,76 feature 6 base 9041 offset 11->11 sprite 9052 absent false
[2026-10-03 23:10:51] dbg: [driver:1] OpenTT3D: retained river selector tile 63,76 feature 5 base 8441 offset 0->0 sprite 8441 absent false
[2026-10-03 23:10:51] dbg: [driver:1] OpenTT3D: retained river selector tile 63,76 feature 6 base 9041 offset 1->1 sprite 9042 absent false
[2026-10-03 23:10:51] dbg: [driver:1] OpenTT3D: retained river selector tile 63,76 feature 6 base 9041 offset 10->10 sprite 9051 absent false
[2026-10-03 23:10:51] dbg: [driver:1] OpenTT3D: retained river selector tile 64,76 feature 5 base 8436 offset 0->0 sprite 8436 absent false
[2026-10-03 23:10:51] dbg: [driver:1] OpenTT3D: retained river selector tile 64,76 feature 6 base 9041 offset 1->1 sprite 9042 absent false
[2026-10-03 23:10:51] dbg: [driver:1] OpenTT3D: retained river selector tile 64,76 feature 6 base 9041 offset 3->3 sprite 9044 absent false
[2026-10-03 23:10:51] dbg: [driver:1] OpenTT3D: retained river selector tile 65,76 feature 5 base 8481 offset 0->0 sprite 8481 absent false
[2026-10-03 23:10:51] dbg: [driver:1] OpenTT3D: retained river selector tile 65,76 feature 6 base 9041 offset 1->1 sprite 9042 absent false
[2026-10-03 23:10:51] dbg: [driver:1] OpenTT3D: retained river selector tile 65,76 feature 6 base 9041 offset 3->3 sprite 9044 absent false
[2026-10-03 23:10:51] dbg: [driver:1] OpenTT3D: retained river selector tile 66,76 feature 5 base 8421 offset 0->0 sprite 8421 absent false
[2026-10-03 23:10:51] dbg: [driver:1] OpenTT3D: retained river selector tile 66,76 feature 6 base 9041 offset 1->1 sprite 9042 absent false
[2026-10-03 23:10:51] dbg: [driver:1] OpenTT3D: retained river selector tile 66,76 feature 6 base 9041 offset 3->3 sprite 9044 absent false
[2026-10-03 23:10:51] dbg: [driver:1] OpenTT3D: retained river selector tile 67,76 feature 5 base 8476 offset 0->0 sprite 8476 absent false
[2026-10-03 23:10:51] dbg: [driver:1] OpenTT3D: retained river selector tile 67,76 feature 6 base 9041 offset 1->1 sprite 9042 absent false
[2026-10-03 23:10:51] dbg: [driver:1] OpenTT3D: retained river selector tile 67,76 feature 6 base 9041 offset 3->3 sprite 9044 absent false
[2026-10-03 23:10:51] dbg: [driver:1] OpenTT3D: retained river selector tile 68,76 feature 5 base 8441 offset 0->0 sprite 8441 absent false
[2026-10-03 23:10:51] dbg: [driver:1] OpenTT3D: retained river selector tile 68,76 feature 6 base 9041 offset 2->2 sprite 9043 absent false
[2026-10-03 23:10:51] dbg: [driver:1] OpenTT3D: retained river selector tile 68,76 feature 6 base 9041 offset 3->3 sprite 9044 absent false
[2026-10-03 23:10:51] dbg: [driver:1] OpenTT3D: retained river selector tile 68,76 feature 6 base 9041 offset 8->8 sprite 9049 absent false
[2026-10-03 23:10:51] dbg: [driver:1] OpenTT3D: retained river selector tile 68,76 feature 6 base 9041 offset 6->6 sprite 9047 absent false
[2026-10-03 23:10:51] dbg: [driver:1] OpenTT3D: retained river selector tile 60,77 feature 5 base 8476 offset 0->0 sprite 8476 absent false
[2026-10-03 23:10:51] dbg: [driver:1] OpenTT3D: retained river selector tile 60,77 feature 6 base 9041 offset 0->0 sprite 9041 absent false
[2026-10-03 23:10:51] dbg: [driver:1] OpenTT3D: retained river selector tile 60,77 feature 6 base 9041 offset 2->2 sprite 9043 absent false
[2026-10-03 23:10:51] dbg: [driver:1] OpenTT3D: retained river selector tile 68,77 feature 5 base 8446 offset 0->0 sprite 8446 absent false
[2026-10-03 23:10:51] dbg: [driver:1] OpenTT3D: retained river selector tile 68,77 feature 6 base 9041 offset 0->0 sprite 9041 absent false
[2026-10-03 23:10:51] dbg: [driver:1] OpenTT3D: retained river selector tile 68,77 feature 6 base 9041 offset 1->1 sprite 9042 absent false
[2026-10-03 23:10:51] dbg: [driver:1] OpenTT3D: retained river selector tile 68,77 feature 6 base 9041 offset 4->4 sprite 9045 absent false
[2026-10-03 23:10:51] dbg: [driver:1] OpenTT3D: retained river selector tile 68,77 feature 6 base 9041 offset 10->10 sprite 9051 absent false
[2026-10-03 23:10:51] dbg: [driver:1] OpenTT3D: retained river selector tile 69,77 feature 5 base 8451 offset 0->0 sprite 8451 absent false
[2026-10-03 23:10:51] dbg: [driver:1] OpenTT3D: retained river selector tile 69,77 feature 6 base 9041 offset 1->1 sprite 9042 absent false
[2026-10-03 23:10:51] dbg: [driver:1] OpenTT3D: retained river selector tile 69,77 feature 6 base 9041 offset 3->3 sprite 9044 absent false
[2026-10-03 23:10:51] dbg: [driver:1] OpenTT3D: retained river selector tile 70,77 feature 5 base 8486 offset 0->0 sprite 8486 absent false
[2026-10-03 23:10:51] dbg: [driver:1] OpenTT3D: retained river selector tile 70,77 feature 6 base 9041 offset 1->1 sprite 9042 absent false
[2026-10-03 23:10:51] dbg: [driver:1] OpenTT3D: retained river selector tile 70,77 feature 6 base 9041 offset 3->3 sprite 9044 absent false
[2026-10-03 23:10:51] dbg: [driver:1] OpenTT3D: retained river selector tile 71,77 feature 5 base 8451 offset 0->0 sprite 8451 absent false
[2026-10-03 23:10:51] dbg: [driver:1] OpenTT3D: retained river selector tile 71,77 feature 6 base 9041 offset 1->1 sprite 9042 absent false
[2026-10-03 23:10:51] dbg: [driver:1] OpenTT3D: retained river selector tile 71,77 feature 6 base 9041 offset 3->3 sprite 9044 absent false
[2026-10-03 23:10:51] dbg: [driver:1] OpenTT3D: retained river selector tile 72,77 feature 5 base 8496 offset 0->0 sprite 8496 absent false
[2026-10-03 23:10:51] dbg: [driver:1] OpenTT3D: retained river selector tile 72,77 feature 6 base 9041 offset 2->2 sprite 9043 absent false
[2026-10-03 23:10:51] dbg: [driver:1] OpenTT3D: retained river selector tile 72,77 feature 6 base 9041 offset 3->3 sprite 9044 absent false
[2026-10-03 23:10:51] dbg: [driver:1] OpenTT3D: retained river selector tile 72,77 feature 6 base 9041 offset 8->8 sprite 9049 absent false
[2026-10-03 23:10:51] dbg: [driver:1] OpenTT3D: retained river selector tile 72,77 feature 6 base 9041 offset 6->6 sprite 9047 absent false
[2026-10-03 23:10:51] dbg: [driver:1] OpenTT3D: retained river selector tile 60,78 feature 5 base 8461 offset 0->0 sprite 8461 absent false
[2026-10-03 23:10:51] dbg: [driver:1] OpenTT3D: retained river selector tile 60,78 feature 6 base 9041 offset 0->0 sprite 9041 absent false
[2026-10-03 23:10:51] dbg: [driver:1] OpenTT3D: retained river selector tile 60,78 feature 6 base 9041 offset 2->2 sprite 9043 absent false
[2026-10-03 23:10:51] dbg: [driver:1] OpenTT3D: retained river selector tile 72,78 feature 5 base 8436 offset 0->0 sprite 8436 absent false
[2026-10-03 23:10:51] dbg: [driver:1] OpenTT3D: retained river selector tile 72,78 feature 6 base 9041 offset 0->0 sprite 9041 absent false
[2026-10-03 23:10:51] dbg: [driver:1] OpenTT3D: retained river selector tile 72,78 feature 6 base 9041 offset 1->1 sprite 9042 absent false
[2026-10-03 23:10:51] dbg: [driver:1] OpenTT3D: retained river selector tile 72,78 feature 6 base 9041 offset 4->4 sprite 9045 absent false
[2026-10-03 23:10:51] dbg: [driver:1] OpenTT3D: retained river selector tile 72,78 feature 6 base 9041 offset 10->10 sprite 9051 absent false
[2026-10-03 23:10:51] dbg: [driver:1] OpenTT3D: retained river selector tile 73,78 feature 5 base 8446 offset 0->0 sprite 8446 absent false
[2026-10-03 23:10:51] dbg: [driver:1] OpenTT3D: retained river selector tile 73,78 feature 6 base 9041 offset 2->2 sprite 9043 absent false
[2026-10-03 23:10:51] dbg: [driver:1] OpenTT3D: retained river selector tile 73,78 feature 6 base 9041 offset 3->3 sprite 9044 absent false
[2026-10-03 23:10:51] dbg: [driver:1] OpenTT3D: retained river selector tile 73,78 feature 6 base 9041 offset 8->8 sprite 9049 absent false
[2026-10-03 23:10:51] dbg: [driver:1] OpenTT3D: retained river selector tile 73,78 feature 6 base 9041 offset 6->6 sprite 9047 absent false
[2026-10-03 23:10:51] dbg: [driver:1] OpenTT3D: retained river selector tile 76,78 feature 5 base 8436 offset 0->0 sprite 8436 absent false
[2026-10-03 23:10:51] dbg: [driver:1] OpenTT3D: retained river selector tile 76,78 feature 6 base 9041 offset 0->0 sprite 9041 absent false
[2026-10-03 23:10:51] dbg: [driver:1] OpenTT3D: retained river selector tile 76,78 feature 6 base 9041 offset 3->3 sprite 9044 absent false
[2026-10-03 23:10:51] dbg: [driver:1] OpenTT3D: retained river selector tile 76,78 feature 6 base 9041 offset 9->9 sprite 9050 absent false
[2026-10-03 23:10:51] dbg: [driver:1] OpenTT3D: retained river selector tile 76,78 feature 6 base 9041 offset 7->7 sprite 9048 absent false
[2026-10-03 23:10:51] dbg: [driver:1] OpenTT3D: retained river selector tile 77,78 feature 5 base 8426 offset 0->0 sprite 8426 absent false
[2026-10-03 23:10:51] dbg: [driver:1] OpenTT3D: retained river selector tile 77,78 feature 6 base 9041 offset 1->1 sprite 9042 absent false
[2026-10-03 23:10:51] dbg: [driver:1] OpenTT3D: retained river selector tile 77,78 feature 6 base 9041 offset 3->3 sprite 9044 absent false
[2026-10-03 23:10:51] dbg: [driver:1] OpenTT3D: retained river selector tile 78,78 feature 5 base 8426 offset 0->0 sprite 8426 absent false
[2026-10-03 23:10:51] dbg: [driver:1] OpenTT3D: retained river selector tile 78,78 feature 6 base 9041 offset 1->1 sprite 9042 absent false
[2026-10-03 23:10:51] dbg: [driver:1] OpenTT3D: retained river selector tile 78,78 feature 6 base 9041 offset 3->3 sprite 9044 absent false
[2026-10-03 23:10:51] dbg: [driver:1] OpenTT3D: retained river selector tile 79,78 feature 5 base 8436 offset 0->0 sprite 8436 absent false
[2026-10-03 23:10:51] dbg: [driver:1] OpenTT3D: retained river selector tile 79,78 feature 6 base 9041 offset 1->1 sprite 9042 absent false
[2026-10-03 23:10:51] dbg: [driver:1] OpenTT3D: retained river selector tile 79,78 feature 6 base 9041 offset 3->3 sprite 9044 absent false
[2026-10-03 23:10:51] dbg: [driver:1] OpenTT3D: retained river selector tile 80,78 feature 5 base 8436 offset 0->0 sprite 8436 absent false
[2026-10-03 23:10:51] dbg: [driver:1] OpenTT3D: retained river selector tile 80,78 feature 6 base 9041 offset 1->1 sprite 9042 absent false
[2026-10-03 23:10:51] dbg: [driver:1] OpenTT3D: retained river selector tile 80,78 feature 6 base 9041 offset 3->3 sprite 9044 absent false
[2026-10-03 23:10:51] dbg: [driver:1] OpenTT3D: retained river selector tile 81,78 feature 5 base 8446 offset 0->0 sprite 8446 absent false
[2026-10-03 23:10:51] dbg: [driver:1] OpenTT3D: retained river selector tile 81,78 feature 6 base 9041 offset 1->1 sprite 9042 absent false
[2026-10-03 23:10:51] dbg: [driver:1] OpenTT3D: retained river selector tile 81,78 feature 6 base 9041 offset 3->3 sprite 9044 absent false
[2026-10-03 23:10:51] dbg: [driver:1] OpenTT3D: retained river selector tile 60,79 feature 5 base 8431 offset 0->0 sprite 8431 absent false
[2026-10-03 23:10:51] dbg: [driver:1] OpenTT3D: retained river selector tile 60,79 feature 6 base 9041 offset 1->1 sprite 9042 absent false
[2026-10-03 23:10:51] dbg: [driver:1] OpenTT3D: retained river selector tile 60,79 feature 6 base 9041 offset 2->2 sprite 9043 absent false
[2026-10-03 23:10:51] dbg: [driver:1] OpenTT3D: retained river selector tile 60,79 feature 6 base 9041 offset 5->5 sprite 9046 absent false
[2026-10-03 23:10:51] dbg: [driver:1] OpenTT3D: retained river selector tile 60,79 feature 6 base 9041 offset 11->11 sprite 9052 absent false
[2026-10-03 23:10:51] dbg: [driver:1] OpenTT3D: retained river selector tile 73,79 feature 5 base 8481 offset 0->0 sprite 8481 absent false
[2026-10-03 23:10:51] dbg: [driver:1] OpenTT3D: retained river selector tile 73,79 feature 6 base 9041 offset 0->0 sprite 9041 absent false
[2026-10-03 23:10:51] dbg: [driver:1] OpenTT3D: retained river selector tile 73,79 feature 6 base 9041 offset 1->1 sprite 9042 absent false
[2026-10-03 23:10:51] dbg: [driver:1] OpenTT3D: retained river selector tile 73,79 feature 6 base 9041 offset 4->4 sprite 9045 absent false
[2026-10-03 23:10:51] dbg: [driver:1] OpenTT3D: retained river selector tile 73,79 feature 6 base 9041 offset 10->10 sprite 9051 absent false
[2026-10-03 23:10:51] dbg: [driver:1] OpenTT3D: retained river selector tile 74,79 feature 5 base 8441 offset 0->0 sprite 8441 absent false
[2026-10-03 23:10:51] dbg: [driver:1] OpenTT3D: retained river selector tile 74,79 feature 6 base 9041 offset 1->1 sprite 9042 absent false
[2026-10-03 23:10:51] dbg: [driver:1] OpenTT3D: retained river selector tile 74,79 feature 6 base 9041 offset 3->3 sprite 9044 absent false
[2026-10-03 23:10:51] dbg: [driver:1] OpenTT3D: retained river selector tile 75,79 feature 5 base 8456 offset 0->0 sprite 8456 absent false
[2026-10-03 23:10:51] dbg: [driver:1] OpenTT3D: retained river selector tile 75,79 feature 6 base 9041 offset 1->1 sprite 9042 absent false
[2026-10-03 23:10:51] dbg: [driver:1] OpenTT3D: retained river selector tile 75,79 feature 6 base 9041 offset 3->3 sprite 9044 absent false
[2026-10-03 23:10:51] dbg: [driver:1] OpenTT3D: retained river selector tile 76,79 feature 5 base 8421 offset 0->0 sprite 8421 absent false
[2026-10-03 23:10:51] dbg: [driver:1] OpenTT3D: retained river selector tile 76,79 feature 6 base 9041 offset 1->1 sprite 9042 absent false
[2026-10-03 23:10:51] dbg: [driver:1] OpenTT3D: retained river selector tile 76,79 feature 6 base 9041 offset 2->2 sprite 9043 absent false
[2026-10-03 23:10:51] dbg: [driver:1] OpenTT3D: retained river selector tile 76,79 feature 6 base 9041 offset 5->5 sprite 9046 absent false
[2026-10-03 23:10:51] dbg: [driver:1] OpenTT3D: retained river selector tile 76,79 feature 6 base 9041 offset 11->11 sprite 9052 absent false
[2026-10-03 23:10:51] dbg: [driver:1] OpenTT3D: 3 ground-detail tiles rendered with raised crops, hay, rocks or turf
[2026-10-03 23:10:51] dbg: [driver:1] OpenTT3D: retained river selector tile 54,25 feature 5 base 8441 offset 0->0 sprite 8441 absent false
[2026-10-03 23:10:52] dbg: [driver:1] OpenTT3D: retained river selector tile 54,25 feature 6 base 9041 offset 0->0 sprite 9041 absent false
[2026-10-03 23:10:52] dbg: [driver:1] OpenTT3D: retained river selector tile 54,25 feature 6 base 9041 offset 2->2 sprite 9043 absent false
[2026-10-03 23:10:52] dbg: [driver:1] OpenTT3D: retained river selector tile 54,25 feature 6 base 9041 offset 3->3 sprite 9044 absent false
[2026-10-03 23:10:52] dbg: [driver:1] OpenTT3D: retained river selector tile 54,25 feature 6 base 9041 offset 6->6 sprite 9047 absent false
[2026-10-03 23:10:52] dbg: [driver:1] OpenTT3D: retained river selector tile 54,25 feature 6 base 9041 offset 7->7 sprite 9048 absent false
[2026-10-03 23:10:52] dbg: [driver:1] OpenTT3D: 64 roof/wall pixels select their owning tile across four rotations, with independent vehicle picking
[2026-10-03 23:10:52] dbg: [driver:1] OpenTT3D: live projected tree 1975 stage 3 captured at 14,12
[2026-10-03 23:10:52] dbg: [driver:1] OpenTT3D: live projected tree 1975 stage 6 captured at 14,12
[2026-10-03 23:10:52] dbg: [driver:1] OpenTT3D: live projected tree 1989 stage 3 captured at 12,13
[2026-10-03 23:10:52] dbg: [driver:1] OpenTT3D: live projected tree 1982 stage 1 captured at 15,13
[2026-10-03 23:10:52] dbg: [driver:1] OpenTT3D: live projected tree 1996 stage 0 captured at 16,13
[2026-10-03 23:10:52] dbg: [driver:1] OpenTT3D: live projected tree 1996 stage 3 captured at 16,13
[2026-10-03 23:10:52] dbg: [driver:1] OpenTT3D: live projected tree 1954 stage 6 captured at 74,13
[2026-10-03 23:10:52] dbg: [driver:1] OpenTT3D: live projected tree 1968 stage 3 captured at 14,14
[2026-10-03 23:10:52] dbg: [driver:1] OpenTT3D: live projected tree 1996 stage 5 captured at 71,14
[2026-10-03 23:10:52] dbg: [driver:1] OpenTT3D: live projected tree 1968 stage 6 captured at 72,15
[2026-10-03 23:10:52] dbg: [driver:1] OpenTT3D: retained river selector tile 87,15 feature 5 base 8451 offset 1->1 sprite 8452 absent false
[2026-10-03 23:10:52] dbg: [driver:1] OpenTT3D: retained live water source tile 87,15 role ground sprite 8452 at original height 0
[2026-10-03 23:10:52] dbg: [driver:1] OpenTT3D: retained river selector tile 87,15 feature 6 base 8981 offset 12->12 sprite 8993 absent false
[2026-10-03 23:10:52] dbg: [driver:1] OpenTT3D: retained live water source tile 87,15 role ground sprite 8993 at original height 0
[2026-10-03 23:10:52] dbg: [driver:1] OpenTT3D: retained river selector tile 88,15 feature 5 base 8476 offset 1->1 sprite 8477 absent false
[2026-10-03 23:10:52] dbg: [driver:1] OpenTT3D: retained live water source tile 88,15 role ground sprite 8477 at original height 0
[2026-10-03 23:10:52] dbg: [driver:1] OpenTT3D: retained river selector tile 89,15 feature 5 base 8451 offset 1->1 sprite 8452 absent false
[2026-10-03 23:10:52] dbg: [driver:1] OpenTT3D: retained live water source tile 89,15 role ground sprite 8452 at original height 0
[2026-10-03 23:10:52] dbg: [driver:1] OpenTT3D: retained river selector tile 89,15 feature 6 base 8981 offset 14->14 sprite 8995 absent false
[2026-10-03 23:10:52] dbg: [driver:1] OpenTT3D: retained live water source tile 89,15 role ground sprite 8995 at original height 0
[2026-10-03 23:10:52] dbg: [driver:1] OpenTT3D: live projected tree 1982 stage 3 captured at 90,15
[2026-10-03 23:10:52] dbg: [driver:1] OpenTT3D: retained river selector tile 87,16 feature 5 base 8461 offset 0->0 sprite 8461 absent false
[2026-10-03 23:10:52] dbg: [driver:1] OpenTT3D: retained river selector tile 87,16 feature 6 base 9041 offset 0->0 sprite 9041 absent false
[2026-10-03 23:10:52] dbg: [driver:1] OpenTT3D: retained river selector tile 88,16 feature 5 base 8491 offset 0->0 sprite 8491 absent false
[2026-10-03 23:10:52] dbg: [driver:1] OpenTT3D: retained river selector tile 89,16 feature 5 base 8496 offset 0->0 sprite 8496 absent false
[2026-10-03 23:10:52] dbg: [driver:1] OpenTT3D: retained river selector tile 89,16 feature 6 base 9041 offset 2->2 sprite 9043 absent false
[2026-10-03 23:10:52] dbg: [driver:1] OpenTT3D: live projected tree 1989 stage 1 captured at 36,17
[2026-10-03 23:10:52] dbg: [driver:1] OpenTT3D: retained river selector tile 87,17 feature 5 base 8426 offset 0->0 sprite 8426 absent false
[2026-10-03 23:10:52] dbg: [driver:1] OpenTT3D: retained river selector tile 87,17 feature 6 base 9041 offset 0->0 sprite 9041 absent false
[2026-10-03 23:10:52] dbg: [driver:1] OpenTT3D: retained river selector tile 88,17 feature 5 base 8421 offset 0->0 sprite 8421 absent false
[2026-10-03 23:10:52] dbg: [driver:1] OpenTT3D: retained river selector tile 89,17 feature 5 base 8476 offset 0->0 sprite 8476 absent false
[2026-10-03 23:10:52] dbg: [driver:1] OpenTT3D: retained river selector tile 89,17 feature 6 base 9041 offset 2->2 sprite 9043 absent false
[2026-10-03 23:10:52] dbg: [driver:1] OpenTT3D: live projected tree 1968 stage 2 captured at 20,18
[2026-10-03 23:10:52] dbg: [driver:1] OpenTT3D: live projected tree 1975 stage 5 captured at 27,18
[2026-10-03 23:10:52] dbg: [driver:1] OpenTT3D: live projected tree 1947 stage 6 captured at 44,18
[2026-10-03 23:10:52] dbg: [driver:1] OpenTT3D: live projected tree 1982 stage 2 captured at 48,18
[2026-10-03 23:10:52] dbg: [driver:1] OpenTT3D: retained river selector tile 86,18 feature 5 base 8441 offset 0->0 sprite 8441 absent false
[2026-10-03 23:10:52] dbg: [driver:1] OpenTT3D: retained river selector tile 86,18 feature 6 base 9041 offset 0->0 sprite 9041 absent false
[2026-10-03 23:10:52] dbg: [driver:1] OpenTT3D: retained river selector tile 86,18 feature 6 base 9041 offset 3->3 sprite 9044 absent false
[2026-10-03 23:10:52] dbg: [driver:1] OpenTT3D: retained river selector tile 86,18 feature 6 base 9041 offset 7->7 sprite 9048 absent false
[2026-10-03 23:10:52] dbg: [driver:1] OpenTT3D: retained river selector tile 87,18 feature 5 base 8476 offset 0->0 sprite 8476 absent false
[2026-10-03 23:10:52] dbg: [driver:1] OpenTT3D: retained river selector tile 87,18 feature 6 base 9041 offset 11->11 sprite 9052 absent false
[2026-10-03 23:10:52] dbg: [driver:1] OpenTT3D: retained river selector tile 88,18 feature 5 base 8441 offset 0->0 sprite 8441 absent false
[2026-10-03 23:10:52] dbg: [driver:1] OpenTT3D: retained river selector tile 89,18 feature 5 base 8496 offset 0->0 sprite 8496 absent false
[2026-10-03 23:10:52] dbg: [driver:1] OpenTT3D: retained river selector tile 89,18 feature 6 base 9041 offset 2->2 sprite 9043 absent false
[2026-10-03 23:10:52] dbg: [driver:1] OpenTT3D: live projected tree 2003 stage 3 captured at 106,18
[2026-10-03 23:10:52] dbg: [driver:1] OpenTT3D: live projected tree 1947 stage 3 captured at 38,19
[2026-10-03 23:10:52] dbg: [driver:1] OpenTT3D: live projected tree 1968 stage 0 captured at 39,19
[2026-10-03 23:10:52] dbg: [driver:1] OpenTT3D: retained river selector tile 86,19 feature 5 base 8421 offset 0->0 sprite 8421 absent false
[2026-10-03 23:10:52] dbg: [driver:1] OpenTT3D: retained river selector tile 86,19 feature 6 base 9041 offset 0->0 sprite 9041 absent false
[2026-10-03 23:10:52] dbg: [driver:1] OpenTT3D: retained river selector tile 87,19 feature 5 base 8491 offset 0->0 sprite 8491 absent false
[2026-10-03 23:10:52] dbg: [driver:1] OpenTT3D: retained river selector tile 88,19 feature 5 base 8451 offset 0->0 sprite 8451 absent false
[2026-10-03 23:10:52] dbg: [driver:1] OpenTT3D: retained river selector tile 89,19 feature 5 base 8466 offset 0->0 sprite 8466 absent false
[2026-10-03 23:10:52] dbg: [driver:1] OpenTT3D: retained river selector tile 89,19 feature 6 base 9041 offset 2->2 sprite 9043 absent false
[2026-10-03 23:10:52] dbg: [driver:1] OpenTT3D: live projected tree 1954 stage 3 captured at 97,19
[2026-10-03 23:10:52] dbg: [driver:1] OpenTT3D: live projected tree 1989 stage 6 captured at 6,20
[2026-10-03 23:10:52] dbg: [driver:1] OpenTT3D: live projected tree 1975 stage 0 captured at 48,20
[2026-10-03 23:10:52] dbg: [driver:1] OpenTT3D: retained river selector tile 86,20 feature 5 base 8496 offset 0->0 sprite 8496 absent false
[2026-10-03 23:10:52] dbg: [driver:1] OpenTT3D: retained river selector tile 86,20 feature 6 base 9041 offset 0->0 sprite 9041 absent false
[2026-10-03 23:10:52] dbg: [driver:1] OpenTT3D: retained river selector tile 87,20 feature 5 base 8466 offset 0->0 sprite 8466 absent false
[2026-10-03 23:10:52] dbg: [driver:1] OpenTT3D: retained river selector tile 88,20 feature 5 base 8461 offset 0->0 sprite 8461 absent false
[2026-10-03 23:10:52] dbg: [driver:1] OpenTT3D: retained river selector tile 88,20 feature 6 base 9041 offset 9->9 sprite 9050 absent false
[2026-10-03 23:10:52] dbg: [driver:1] OpenTT3D: retained river selector tile 89,20 feature 5 base 8466 offset 0->0 sprite 8466 absent false
[2026-10-03 23:10:52] dbg: [driver:1] OpenTT3D: retained river selector tile 89,20 feature 6 base 9041 offset 1->1 sprite 9042 absent false
[2026-10-03 23:10:52] dbg: [driver:1] OpenTT3D: retained river selector tile 89,20 feature 6 base 9041 offset 2->2 sprite 9043 absent false
[2026-10-03 23:10:52] dbg: [driver:1] OpenTT3D: retained river selector tile 89,20 feature 6 base 9041 offset 5->5 sprite 9046 absent false
[2026-10-03 23:10:52] dbg: [driver:1] OpenTT3D: live projected tree 1968 stage 1 captured at 53,21
[2026-10-03 23:10:52] dbg: [driver:1] OpenTT3D: retained river selector tile 86,21 feature 5 base 8436 offset 0->0 sprite 8436 absent false
[2026-10-03 23:10:52] dbg: [driver:1] OpenTT3D: retained river selector tile 86,21 feature 6 base 9041 offset 0->0 sprite 9041 absent false
[2026-10-03 23:10:52] dbg: [driver:1] OpenTT3D: retained river selector tile 87,21 feature 5 base 8421 offset 0->0 sprite 8421 absent false
[2026-10-03 23:10:52] dbg: [driver:1] OpenTT3D: retained river selector tile 88,21 feature 5 base 8456 offset 0->0 sprite 8456 absent false
[2026-10-03 23:10:52] dbg: [driver:1] OpenTT3D: retained river selector tile 88,21 feature 6 base 9041 offset 2->2 sprite 9043 absent false
[2026-10-03 23:10:52] dbg: [driver:1] OpenTT3D: live projected tree 1982 stage 5 captured at 91,21
[2026-10-03 23:10:52] dbg: [driver:1] OpenTT3D: live projected tree 1947 stage 2 captured at 100,21
[2026-10-03 23:10:52] dbg: [driver:1] OpenTT3D: live projected tree 2003 stage 1 captured at 16,22
[2026-10-03 23:10:52] dbg: [driver:1] OpenTT3D: live projected tree 1954 stage 5 captured at 33,22
[2026-10-03 23:10:52] dbg: [driver:1] OpenTT3D: live projected tree 1961 stage 3 captured at 69,22
[2026-10-03 23:10:52] dbg: [driver:1] OpenTT3D: live projected tree 1961 stage 5 captured at 69,22
[2026-10-03 23:10:52] dbg: [driver:1] OpenTT3D: retained river selector tile 86,22 feature 5 base 8491 offset 0->0 sprite 8491 absent false
[2026-10-03 23:10:52] dbg: [driver:1] OpenTT3D: retained river selector tile 86,22 feature 6 base 9041 offset 0->0 sprite 9041 absent false
[2026-10-03 23:10:52] dbg: [driver:1] OpenTT3D: retained river selector tile 87,22 feature 5 base 8496 offset 0->0 sprite 8496 absent false
[2026-10-03 23:10:52] dbg: [driver:1] OpenTT3D: retained river selector tile 88,22 feature 5 base 8421 offset 0->0 sprite 8421 absent false
[2026-10-03 23:10:52] dbg: [driver:1] OpenTT3D: retained river selector tile 88,22 feature 6 base 9041 offset 2->2 sprite 9043 absent false
[2026-10-03 23:10:52] dbg: [driver:1] OpenTT3D: live projected tree 1975 stage 4 captured at 18,23
[2026-10-03 23:10:52] dbg: [driver:1] OpenTT3D: live projected tree 2003 stage 6 captured at 85,23
[2026-10-03 23:10:52] dbg: [driver:1] OpenTT3D: retained river selector tile 86,23 feature 5 base 8451 offset 0->0 sprite 8451 absent false
[2026-10-03 23:10:52] dbg: [driver:1] OpenTT3D: retained river selector tile 86,23 feature 6 base 9041 offset 0->0 sprite 9041 absent false
[2026-10-03 23:10:52] dbg: [driver:1] OpenTT3D: retained river selector tile 87,23 feature 5 base 8441 offset 0->0 sprite 8441 absent false
[2026-10-03 23:10:52] dbg: [driver:1] OpenTT3D: retained river selector tile 88,23 feature 5 base 8476 offset 0->0 sprite 8476 absent false
[2026-10-03 23:10:52] dbg: [driver:1] OpenTT3D: retained river selector tile 88,23 feature 6 base 9041 offset 10->10 sprite 9051 absent false
[2026-10-03 23:10:52] dbg: [driver:1] OpenTT3D: retained river selector tile 89,23 feature 5 base 8436 offset 0->0 sprite 8436 absent false
[2026-10-03 23:10:52] dbg: [driver:1] OpenTT3D: retained river selector tile 89,23 feature 6 base 9041 offset 2->2 sprite 9043 absent false
[2026-10-03 23:10:52] dbg: [driver:1] OpenTT3D: retained river selector tile 89,23 feature 6 base 9041 offset 3->3 sprite 9044 absent false
[2026-10-03 23:10:52] dbg: [driver:1] OpenTT3D: retained river selector tile 89,23 feature 6 base 9041 offset 6->6 sprite 9047 absent false
[2026-10-03 23:10:52] dbg: [driver:1] OpenTT3D: live projected tree 1961 stage 2 captured at 40,24
[2026-10-03 23:10:52] dbg: [driver:1] OpenTT3D: live projected tree 1954 stage 0 captured at 68,24
[2026-10-03 23:10:52] dbg: [driver:1] OpenTT3D: retained river selector tile 86,24 feature 5 base 8431 offset 0->0 sprite 8431 absent false
[2026-10-03 23:10:52] dbg: [driver:1] OpenTT3D: retained river selector tile 86,24 feature 6 base 9041 offset 0->0 sprite 9041 absent false
[2026-10-03 23:10:52] dbg: [driver:1] OpenTT3D: retained river selector tile 87,24 feature 5 base 8466 offset 0->0 sprite 8466 absent false
[2026-10-03 23:10:52] dbg: [driver:1] OpenTT3D: retained river selector tile 88,24 feature 5 base 8496 offset 0->0 sprite 8496 absent false
[2026-10-03 23:10:52] dbg: [driver:1] OpenTT3D: retained river selector tile 89,24 feature 5 base 8486 offset 0->0 sprite 8486 absent false
[2026-10-03 23:10:52] dbg: [driver:1] OpenTT3D: retained river selector tile 89,24 feature 6 base 9041 offset 10->10 sprite 9051 absent false
[2026-10-03 23:10:52] dbg: [driver:1] OpenTT3D: retained river selector tile 90,24 feature 5 base 8421 offset 0->0 sprite 8421 absent false
[2026-10-03 23:10:52] dbg: [driver:1] OpenTT3D: retained river selector tile 90,24 feature 6 base 9041 offset 2->2 sprite 9043 absent false
[2026-10-03 23:10:52] dbg: [driver:1] OpenTT3D: retained river selector tile 90,24 feature 6 base 9041 offset 3->3 sprite 9044 absent false
[2026-10-03 23:10:52] dbg: [driver:1] OpenTT3D: retained river selector tile 90,24 feature 6 base 9041 offset 6->6 sprite 9047 absent false
[2026-10-03 23:10:52] dbg: [driver:1] OpenTT3D: live projected tree 1989 stage 0 captured at 40,25
[2026-10-03 23:10:52] dbg: [driver:1] OpenTT3D: live projected tree 1996 stage 1 captured at 49,25
[2026-10-03 23:10:52] dbg: [driver:1] OpenTT3D: live projected tree 1961 stage 4 captured at 82,25
[2026-10-03 23:10:52] dbg: [driver:1] OpenTT3D: live projected tree 1975 stage 2 captured at 83,25
[2026-10-03 23:10:52] dbg: [driver:1] OpenTT3D: retained river selector tile 86,25 feature 5 base 8426 offset 0->0 sprite 8426 absent false
[2026-10-03 23:10:52] dbg: [driver:1] OpenTT3D: retained river selector tile 86,25 feature 6 base 9041 offset 0->0 sprite 9041 absent false
[2026-10-03 23:10:52] dbg: [driver:1] OpenTT3D: retained river selector tile 86,25 feature 6 base 9041 offset 1->1 sprite 9042 absent false
[2026-10-03 23:10:52] dbg: [driver:1] OpenTT3D: retained river selector tile 86,25 feature 6 base 9041 offset 4->4 sprite 9045 absent false
[2026-10-03 23:10:52] dbg: [driver:1] OpenTT3D: retained river selector tile 87,25 feature 5 base 8456 offset 0->0 sprite 8456 absent false
[2026-10-03 23:10:52] dbg: [driver:1] OpenTT3D: retained river selector tile 87,25 feature 6 base 9041 offset 8->8 sprite 9049 absent false
[2026-10-03 23:10:52] dbg: [driver:1] OpenTT3D: retained river selector tile 88,25 feature 5 base 8446 offset 0->0 sprite 8446 absent false
[2026-10-03 23:10:52] dbg: [driver:1] OpenTT3D: retained river selector tile 89,25 feature 5 base 8436 offset 0->0 sprite 8436 absent false
[2026-10-03 23:10:52] dbg: [driver:1] OpenTT3D: retained river selector tile 90,25 feature 5 base 8421 offset 0->0 sprite 8421 absent false
[2026-10-03 23:10:52] dbg: [driver:1] OpenTT3D: retained river selector tile 90,25 feature 6 base 9041 offset 2->2 sprite 9043 absent false
[2026-10-03 23:10:52] dbg: [driver:1] OpenTT3D: live projected tree 1961 stage 1 captured at 45,26
[2026-10-03 23:10:52] dbg: [driver:1] OpenTT3D: live projected tree 1954 stage 4 captured at 50,26
[2026-10-03 23:10:52] dbg: [driver:1] OpenTT3D: retained river selector tile 87,26 feature 5 base 8456 offset 0->0 sprite 8456 absent false
[2026-10-03 23:10:52] dbg: [driver:1] OpenTT3D: retained river selector tile 87,26 feature 6 base 9041 offset 0->0 sprite 9041 absent false
[2026-10-03 23:10:52] dbg: [driver:1] OpenTT3D: retained river selector tile 87,26 feature 6 base 9041 offset 1->1 sprite 9042 absent false
[2026-10-03 23:10:52] dbg: [driver:1] OpenTT3D: retained river selector tile 87,26 feature 6 base 9041 offset 4->4 sprite 9045 absent false
[2026-10-03 23:10:52] dbg: [driver:1] OpenTT3D: retained river selector tile 88,26 feature 5 base 8466 offset 0->0 sprite 8466 absent false
[2026-10-03 23:10:52] dbg: [driver:1] OpenTT3D: retained river selector tile 88,26 feature 6 base 9041 offset 8->8 sprite 9049 absent false
[2026-10-03 23:10:52] dbg: [driver:1] OpenTT3D: retained river selector tile 89,26 feature 5 base 8426 offset 0->0 sprite 8426 absent false
[2026-10-03 23:10:52] dbg: [driver:1] OpenTT3D: retained river selector tile 90,26 feature 5 base 8426 offset 0->0 sprite 8426 absent false
[2026-10-03 23:10:52] dbg: [driver:1] OpenTT3D: retained river selector tile 90,26 feature 6 base 9041 offset 2->2 sprite 9043 absent false
[2026-10-03 23:10:52] dbg: [driver:1] OpenTT3D: live projected tree 2003 stage 0 captured at 98,26
[2026-10-03 23:10:52] dbg: [driver:1] OpenTT3D: retained river selector tile 88,27 feature 5 base 8496 offset 0->0 sprite 8496 absent false
[2026-10-03 23:10:52] dbg: [driver:1] OpenTT3D: retained river selector tile 88,27 feature 6 base 9041 offset 0->0 sprite 9041 absent false
[2026-10-03 23:10:52] dbg: [driver:1] OpenTT3D: retained river selector tile 89,27 feature 5 base 8446 offset 0->0 sprite 8446 absent false
[2026-10-03 23:10:52] dbg: [driver:1] OpenTT3D: retained river selector tile 90,27 feature 5 base 8491 offset 0->0 sprite 8491 absent false
[2026-10-03 23:10:52] dbg: [driver:1] OpenTT3D: retained river selector tile 90,27 feature 6 base 9041 offset 2->2 sprite 9043 absent false
[2026-10-03 23:10:52] dbg: [driver:1] OpenTT3D: live projected tree 1989 stage 4 captured at 93,27
[2026-10-03 23:10:52] dbg: [driver:1] OpenTT3D: retained river selector tile 87,28 feature 5 base 8496 offset 0->0 sprite 8496 absent false
[2026-10-03 23:10:52] dbg: [driver:1] OpenTT3D: retained river selector tile 87,28 feature 6 base 9041 offset 0->0 sprite 9041 absent false
[2026-10-03 23:10:52] dbg: [driver:1] OpenTT3D: retained river selector tile 87,28 feature 6 base 9041 offset 3->3 sprite 9044 absent false
[2026-10-03 23:10:52] dbg: [driver:1] OpenTT3D: retained river selector tile 87,28 feature 6 base 9041 offset 7->7 sprite 9048 absent false
[2026-10-03 23:10:52] dbg: [driver:1] OpenTT3D: retained river selector tile 88,28 feature 5 base 8421 offset 0->0 sprite 8421 absent false
[2026-10-03 23:10:52] dbg: [driver:1] OpenTT3D: retained river selector tile 88,28 feature 6 base 9041 offset 11->11 sprite 9052 absent false
[2026-10-03 23:10:52] dbg: [driver:1] OpenTT3D: retained river selector tile 89,28 feature 5 base 8466 offset 0->0 sprite 8466 absent false
[2026-10-03 23:10:52] dbg: [driver:1] OpenTT3D: retained river selector tile 90,28 feature 5 base 8486 offset 0->0 sprite 8486 absent false
[2026-10-03 23:10:52] dbg: [driver:1] OpenTT3D: retained river selector tile 90,28 feature 6 base 9041 offset 2->2 sprite 9043 absent false
[2026-10-03 23:10:52] dbg: [driver:1] OpenTT3D: live projected tree 1996 stage 6 captured at 94,28
[2026-10-03 23:10:52] dbg: [driver:1] OpenTT3D: live projected tree 1961 stage 6 captured at 101,28
[2026-10-03 23:10:52] dbg: [driver:1] OpenTT3D: retained river selector tile 87,29 feature 5 base 8451 offset 0->0 sprite 8451 absent false
[2026-10-03 23:10:52] dbg: [driver:1] OpenTT3D: retained river selector tile 87,29 feature 6 base 9041 offset 0->0 sprite 9041 absent false
[2026-10-03 23:10:52] dbg: [driver:1] OpenTT3D: retained river selector tile 88,29 feature 5 base 8466 offset 0->0 sprite 8466 absent false
[2026-10-03 23:10:52] dbg: [driver:1] OpenTT3D: retained river selector tile 89,29 feature 5 base 8481 offset 0->0 sprite 8481 absent false
[2026-10-03 23:10:52] dbg: [driver:1] OpenTT3D: retained river selector tile 90,29 feature 5 base 8486 offset 0->0 sprite 8486 absent false
[2026-10-03 23:10:52] dbg: [driver:1] OpenTT3D: retained river selector tile 90,29 feature 6 base 9041 offset 2->2 sprite 9043 absent false
[2026-10-03 23:10:52] dbg: [driver:1] OpenTT3D: live projected tree 2003 stage 2 captured at 109,29
[2026-10-03 23:10:52] dbg: [driver:1] OpenTT3D: retained river selector tile 87,30 feature 5 base 8476 offset 0->0 sprite 8476 absent false
[2026-10-03 23:10:52] dbg: [driver:1] OpenTT3D: retained river selector tile 87,30 feature 6 base 9041 offset 0->0 sprite 9041 absent false
[2026-10-03 23:10:52] dbg: [driver:1] OpenTT3D: retained river selector tile 88,30 feature 5 base 8491 offset 0->0 sprite 8491 absent false
[2026-10-03 23:10:52] dbg: [driver:1] OpenTT3D: retained river selector tile 89,30 feature 5 base 8421 offset 0->0 sprite 8421 absent false
[2026-10-03 23:10:52] dbg: [driver:1] OpenTT3D: retained river selector tile 89,30 feature 6 base 9041 offset 9->9 sprite 9050 absent false
[2026-10-03 23:10:52] dbg: [driver:1] OpenTT3D: retained river selector tile 90,30 feature 5 base 8421 offset 0->0 sprite 8421 absent false
[2026-10-03 23:10:52] dbg: [driver:1] OpenTT3D: retained river selector tile 90,30 feature 6 base 9041 offset 1->1 sprite 9042 absent false
[2026-10-03 23:10:52] dbg: [driver:1] OpenTT3D: retained river selector tile 90,30 feature 6 base 9041 offset 2->2 sprite 9043 absent false
[2026-10-03 23:10:52] dbg: [driver:1] OpenTT3D: retained river selector tile 90,30 feature 6 base 9041 offset 5->5 sprite 9046 absent false
[2026-10-03 23:10:52] dbg: [driver:1] OpenTT3D: live projected tree 1982 stage 4 captured at 120,30
[2026-10-03 23:10:52] dbg: [driver:1] OpenTT3D: live projected tree 1968 stage 4 captured at 31,31
[2026-10-03 23:10:52] dbg: [driver:1] OpenTT3D: live projected tree 1947 stage 4 captured at 66,31
[2026-10-03 23:10:52] dbg: [driver:1] OpenTT3D: retained river selector tile 87,31 feature 5 base 8476 offset 0->0 sprite 8476 absent false
[2026-10-03 23:10:52] dbg: [driver:1] OpenTT3D: retained river selector tile 87,31 feature 6 base 9041 offset 0->0 sprite 9041 absent false
[2026-10-03 23:10:52] dbg: [driver:1] OpenTT3D: retained river selector tile 88,31 feature 5 base 8461 offset 0->0 sprite 8461 absent false
[2026-10-03 23:10:52] dbg: [driver:1] OpenTT3D: retained river selector tile 89,31 feature 5 base 8451 offset 0->0 sprite 8451 absent false
[2026-10-03 23:10:52] dbg: [driver:1] OpenTT3D: retained river selector tile 89,31 feature 6 base 9041 offset 2->2 sprite 9043 absent false
[2026-10-03 23:10:52] dbg: [driver:1] OpenTT3D: live projected tree 1982 stage 0 captured at 94,31
[2026-10-03 23:10:52] dbg: [driver:1] OpenTT3D: live projected tree 1947 stage 0 captured at 109,31
[2026-10-03 23:10:52] dbg: [driver:1] OpenTT3D: live projected tree 2003 stage 4 captured at 19,32
[2026-10-03 23:10:52] dbg: [driver:1] OpenTT3D: live projected tree 1954 stage 2 captured at 23,32
[2026-10-03 23:10:52] dbg: [driver:1] OpenTT3D: retained river selector tile 87,32 feature 5 base 8451 offset 0->0 sprite 8451 absent false
[2026-10-03 23:10:52] dbg: [driver:1] OpenTT3D: retained river selector tile 87,32 feature 6 base 9041 offset 0->0 sprite 9041 absent false
[2026-10-03 23:10:52] dbg: [driver:1] OpenTT3D: retained river selector tile 88,32 feature 5 base 8491 offset 0->0 sprite 8491 absent false
[2026-10-03 23:10:52] dbg: [driver:1] OpenTT3D: retained river selector tile 89,32 feature 5 base 8451 offset 0->0 sprite 8451 absent false
[2026-10-03 23:10:52] dbg: [driver:1] OpenTT3D: retained river selector tile 89,32 feature 6 base 9041 offset 2->2 sprite 9043 absent false
[2026-10-03 23:10:52] dbg: [driver:1] OpenTT3D: retained river selector tile 87,33 feature 5 base 8456 offset 0->0 sprite 8456 absent false
[2026-10-03 23:10:52] dbg: [driver:1] OpenTT3D: retained river selector tile 87,33 feature 6 base 9041 offset 0->0 sprite 9041 absent false
[2026-10-03 23:10:52] dbg: [driver:1] OpenTT3D: retained river selector tile 88,33 feature 5 base 8496 offset 0->0 sprite 8496 absent false
[2026-10-03 23:10:52] dbg: [driver:1] OpenTT3D: retained river selector tile 89,33 feature 5 base 8491 offset 0->0 sprite 8491 absent false
[2026-10-03 23:10:52] dbg: [driver:1] OpenTT3D: retained river selector tile 89,33 feature 6 base 9041 offset 2->2 sprite 9043 absent false
[2026-10-03 23:10:52] dbg: [driver:1] OpenTT3D: retained river selector tile 87,34 feature 5 base 8426 offset 0->0 sprite 8426 absent false
[2026-10-03 23:10:52] dbg: [driver:1] OpenTT3D: retained river selector tile 87,34 feature 6 base 9041 offset 0->0 sprite 9041 absent false
[2026-10-03 23:10:52] dbg: [driver:1] OpenTT3D: retained river selector tile 88,34 feature 5 base 8446 offset 0->0 sprite 8446 absent false
[2026-10-03 23:10:52] dbg: [driver:1] OpenTT3D: retained river selector tile 89,34 feature 5 base 8426 offset 0->0 sprite 8426 absent false
[2026-10-03 23:10:52] dbg: [driver:1] OpenTT3D: retained river selector tile 89,34 feature 6 base 9041 offset 2->2 sprite 9043 absent false
[2026-10-03 23:10:52] dbg: [driver:1] OpenTT3D: live projected tree 1989 stage 5 captured at 118,34
[2026-10-03 23:10:52] dbg: [driver:1] OpenTT3D: retained river selector tile 87,35 feature 5 base 8491 offset 0->0 sprite 8491 absent false
[2026-10-03 23:10:52] dbg: [driver:1] OpenTT3D: retained river selector tile 87,35 feature 6 base 9041 offset 0->0 sprite 9041 absent false
[2026-10-03 23:10:52] dbg: [driver:1] OpenTT3D: retained river selector tile 88,35 feature 5 base 8431 offset 0->0 sprite 8431 absent false
[2026-10-03 23:10:52] dbg: [driver:1] OpenTT3D: retained river selector tile 89,35 feature 5 base 8476 offset 0->0 sprite 8476 absent false
[2026-10-03 23:10:52] dbg: [driver:1] OpenTT3D: retained river selector tile 89,35 feature 6 base 9041 offset 2->2 sprite 9043 absent false
[2026-10-03 23:10:52] dbg: [driver:1] OpenTT3D: live projected tree 1961 stage 0 captured at 84,36
[2026-10-03 23:10:52] dbg: [driver:1] OpenTT3D: retained river selector tile 87,36 feature 5 base 8446 offset 0->0 sprite 8446 absent false
[2026-10-03 23:10:52] dbg: [driver:1] OpenTT3D: retained river selector tile 87,36 feature 6 base 9041 offset 0->0 sprite 9041 absent false
[2026-10-03 23:10:52] dbg: [driver:1] OpenTT3D: retained river selector tile 88,36 feature 5 base 8451 offset 0->0 sprite 8451 absent false
[2026-10-03 23:10:52] dbg: [driver:1] OpenTT3D: retained river selector tile 89,36 feature 5 base 8486 offset 0->0 sprite 8486 absent false
[2026-10-03 23:10:52] dbg: [driver:1] OpenTT3D: retained river selector tile 89,36 feature 6 base 9041 offset 2->2 sprite 9043 absent false
[2026-10-03 23:10:52] dbg: [driver:1] OpenTT3D: retained river selector tile 87,37 feature 5 base 8471 offset 0->0 sprite 8471 absent false
[2026-10-03 23:10:52] dbg: [driver:1] OpenTT3D: retained river selector tile 87,37 feature 6 base 9041 offset 0->0 sprite 9041 absent false
[2026-10-03 23:10:52] dbg: [driver:1] OpenTT3D: retained river selector tile 88,37 feature 5 base 8466 offset 0->0 sprite 8466 absent false
[2026-10-03 23:10:52] dbg: [driver:1] OpenTT3D: retained river selector tile 89,37 feature 5 base 8466 offset 0->0 sprite 8466 absent false
[2026-10-03 23:10:52] dbg: [driver:1] OpenTT3D: retained river selector tile 89,37 feature 6 base 9041 offset 2->2 sprite 9043 absent false
[2026-10-03 23:10:52] dbg: [driver:1] OpenTT3D: live projected tree 1982 stage 6 captured at 48,38
[2026-10-03 23:10:52] dbg: [driver:1] OpenTT3D: live projected tree 2003 stage 5 captured at 76,38
[2026-10-03 23:10:52] dbg: [driver:1] OpenTT3D: retained river selector tile 87,38 feature 5 base 8446 offset 0->0 sprite 8446 absent false
[2026-10-03 23:10:52] dbg: [driver:1] OpenTT3D: retained river selector tile 87,38 feature 6 base 9041 offset 0->0 sprite 9041 absent false
[2026-10-03 23:10:52] dbg: [driver:1] OpenTT3D: retained river selector tile 88,38 feature 5 base 8456 offset 0->0 sprite 8456 absent false
[2026-10-03 23:10:52] dbg: [driver:1] OpenTT3D: retained river selector tile 89,38 feature 5 base 8471 offset 0->0 sprite 8471 absent false
[2026-10-03 23:10:52] dbg: [driver:1] OpenTT3D: retained river selector tile 89,38 feature 6 base 9041 offset 2->2 sprite 9043 absent false
[2026-10-03 23:10:52] dbg: [driver:1] OpenTT3D: live projected tree 1968 stage 5 captured at 126,38
[2026-10-03 23:10:52] dbg: [driver:1] OpenTT3D: live projected tree 1947 stage 1 captured at 15,39
[2026-10-03 23:10:52] dbg: [driver:1] OpenTT3D: retained river selector tile 87,39 feature 5 base 8471 offset 0->0 sprite 8471 absent false
[2026-10-03 23:10:52] dbg: [driver:1] OpenTT3D: retained river selector tile 87,39 feature 6 base 9041 offset 0->0 sprite 9041 absent false
[2026-10-03 23:10:52] dbg: [driver:1] OpenTT3D: retained river selector tile 88,39 feature 5 base 8421 offset 0->0 sprite 8421 absent false
[2026-10-03 23:10:52] dbg: [driver:1] OpenTT3D: retained river selector tile 88,39 feature 6 base 9041 offset 9->9 sprite 9050 absent false
[2026-10-03 23:10:52] dbg: [driver:1] OpenTT3D: retained river selector tile 89,39 feature 5 base 8456 offset 0->0 sprite 8456 absent false
[2026-10-03 23:10:52] dbg: [driver:1] OpenTT3D: retained river selector tile 89,39 feature 6 base 9041 offset 1->1 sprite 9042 absent false
[2026-10-03 23:10:52] dbg: [driver:1] OpenTT3D: retained river selector tile 89,39 feature 6 base 9041 offset 2->2 sprite 9043 absent false
[2026-10-03 23:10:52] dbg: [driver:1] OpenTT3D: retained river selector tile 89,39 feature 6 base 9041 offset 5->5 sprite 9046 absent false
[2026-10-03 23:10:52] dbg: [driver:1] OpenTT3D: live projected tree 1996 stage 2 captured at 111,39
[2026-10-03 23:10:52] dbg: [driver:1] OpenTT3D: retained river selector tile 87,40 feature 5 base 8496 offset 0->0 sprite 8496 absent false
[2026-10-03 23:10:52] dbg: [driver:1] OpenTT3D: retained river selector tile 87,40 feature 6 base 9041 offset 0->0 sprite 9041 absent false
[2026-10-03 23:10:52] dbg: [driver:1] OpenTT3D: retained river selector tile 88,40 feature 5 base 8481 offset 0->0 sprite 8481 absent false
[2026-10-03 23:10:52] dbg: [driver:1] OpenTT3D: retained river selector tile 88,40 feature 6 base 9041 offset 2->2 sprite 9043 absent false
[2026-10-03 23:10:52] dbg: [driver:1] OpenTT3D: retained river selector tile 86,41 feature 5 base 8446 offset 0->0 sprite 8446 absent false
[2026-10-03 23:10:52] dbg: [driver:1] OpenTT3D: retained river selector tile 86,41 feature 6 base 9041 offset 0->0 sprite 9041 absent false
[2026-10-03 23:10:52] dbg: [driver:1] OpenTT3D: retained river selector tile 86,41 feature 6 base 9041 offset 3->3 sprite 9044 absent false
[2026-10-03 23:10:52] dbg: [driver:1] OpenTT3D: retained river selector tile 86,41 feature 6 base 9041 offset 7->7 sprite 9048 absent false
[2026-10-03 23:10:52] dbg: [driver:1] OpenTT3D: retained river selector tile 87,41 feature 5 base 8431 offset 0->0 sprite 8431 absent false
[2026-10-03 23:10:52] dbg: [driver:1] OpenTT3D: retained river selector tile 87,41 feature 6 base 9041 offset 11->11 sprite 9052 absent false
[2026-10-03 23:10:52] dbg: [driver:1] OpenTT3D: retained river selector tile 88,41 feature 5 base 8486 offset 0->0 sprite 8486 absent false
[2026-10-03 23:10:52] dbg: [driver:1] OpenTT3D: retained river selector tile 88,41 feature 6 base 9041 offset 2->2 sprite 9043 absent false
[2026-10-03 23:10:52] dbg: [driver:1] OpenTT3D: retained river selector tile 86,42 feature 5 base 8456 offset 0->0 sprite 8456 absent false
[2026-10-03 23:10:52] dbg: [driver:1] OpenTT3D: retained river selector tile 86,42 feature 6 base 9041 offset 0->0 sprite 9041 absent false
[2026-10-03 23:10:52] dbg: [driver:1] OpenTT3D: retained river selector tile 87,42 feature 5 base 8456 offset 0->0 sprite 8456 absent false
[2026-10-03 23:10:52] dbg: [driver:1] OpenTT3D: retained river selector tile 87,42 feature 6 base 9041 offset 9->9 sprite 9050 absent false
[2026-10-03 23:10:52] dbg: [driver:1] OpenTT3D: retained river selector tile 88,42 feature 5 base 8481 offset 0->0 sprite 8481 absent false
[2026-10-03 23:10:52] dbg: [driver:1] OpenTT3D: retained river selector tile 88,42 feature 6 base 9041 offset 1->1 sprite 9042 absent false
[2026-10-03 23:10:52] dbg: [driver:1] OpenTT3D: retained river selector tile 88,42 feature 6 base 9041 offset 2->2 sprite 9043 absent false
[2026-10-03 23:10:52] dbg: [driver:1] OpenTT3D: retained river selector tile 88,42 feature 6 base 9041 offset 5->5 sprite 9046 absent false
[2026-10-03 23:10:52] dbg: [driver:1] OpenTT3D: retained river selector tile 86,43 feature 5 base 8486 offset 0->0 sprite 8486 absent false
[2026-10-03 23:10:52] dbg: [driver:1] OpenTT3D: retained river selector tile 86,43 feature 6 base 9041 offset 0->0 sprite 9041 absent false
[2026-10-03 23:10:52] dbg: [driver:1] OpenTT3D: retained river selector tile 87,43 feature 5 base 8456 offset 0->0 sprite 8456 absent false
[2026-10-03 23:10:52] dbg: [driver:1] OpenTT3D: retained river selector tile 87,43 feature 6 base 9041 offset 2->2 sprite 9043 absent false
[2026-10-03 23:10:52] dbg: [driver:1] OpenTT3D: retained river selector tile 85,44 feature 5 base 8461 offset 0->0 sprite 8461 absent false
[2026-10-03 23:10:52] dbg: [driver:1] OpenTT3D: retained river selector tile 85,44 feature 6 base 9041 offset 0->0 sprite 9041 absent false
[2026-10-03 23:10:52] dbg: [driver:1] OpenTT3D: retained river selector tile 85,44 feature 6 base 9041 offset 3->3 sprite 9044 absent false
[2026-10-03 23:10:52] dbg: [driver:1] OpenTT3D: retained river selector tile 85,44 feature 6 base 9041 offset 7->7 sprite 9048 absent false
[2026-10-03 23:10:52] dbg: [driver:1] OpenTT3D: retained river selector tile 86,44 feature 5 base 8426 offset 0->0 sprite 8426 absent false
[2026-10-03 23:10:52] dbg: [driver:1] OpenTT3D: retained river selector tile 86,44 feature 6 base 9041 offset 11->11 sprite 9052 absent false
[2026-10-03 23:10:52] dbg: [driver:1] OpenTT3D: retained river selector tile 87,44 feature 5 base 8491 offset 0->0 sprite 8491 absent false
[2026-10-03 23:10:52] dbg: [driver:1] OpenTT3D: retained river selector tile 87,44 feature 6 base 9041 offset 2->2 sprite 9043 absent false
[2026-10-03 23:10:52] dbg: [driver:1] OpenTT3D: live projected tree 1954 stage 1 captured at 9,45
[2026-10-03 23:10:52] dbg: [driver:1] OpenTT3D: retained river selector tile 84,45 feature 5 base 8451 offset 0->0 sprite 8451 absent false
[2026-10-03 23:10:52] dbg: [driver:1] OpenTT3D: retained river selector tile 84,45 feature 6 base 9041 offset 0->0 sprite 9041 absent false
[2026-10-03 23:10:52] dbg: [driver:1] OpenTT3D: retained river selector tile 84,45 feature 6 base 9041 offset 3->3 sprite 9044 absent false
[2026-10-03 23:10:52] dbg: [driver:1] OpenTT3D: retained river selector tile 84,45 feature 6 base 9041 offset 7->7 sprite 9048 absent false
[2026-10-03 23:10:52] dbg: [driver:1] OpenTT3D: retained river selector tile 85,45 feature 5 base 8461 offset 0->0 sprite 8461 absent false
[2026-10-03 23:10:52] dbg: [driver:1] OpenTT3D: retained river selector tile 85,45 feature 6 base 9041 offset 11->11 sprite 9052 absent false
[2026-10-03 23:10:52] dbg: [driver:1] OpenTT3D: retained river selector tile 86,45 feature 5 base 8436 offset 0->0 sprite 8436 absent false
[2026-10-03 23:10:52] dbg: [driver:1] OpenTT3D: retained river selector tile 86,45 feature 6 base 9041 offset 9->9 sprite 9050 absent false
[2026-10-03 23:10:52] dbg: [driver:1] OpenTT3D: retained river selector tile 87,45 feature 5 base 8486 offset 0->0 sprite 8486 absent false
[2026-10-03 23:10:52] dbg: [driver:1] OpenTT3D: retained river selector tile 87,45 feature 6 base 9041 offset 1->1 sprite 9042 absent false
[2026-10-03 23:10:52] dbg: [driver:1] OpenTT3D: retained river selector tile 87,45 feature 6 base 9041 offset 2->2 sprite 9043 absent false
[2026-10-03 23:10:52] dbg: [driver:1] OpenTT3D: retained river selector tile 87,45 feature 6 base 9041 offset 5->5 sprite 9046 absent false
[2026-10-03 23:10:52] dbg: [driver:1] OpenTT3D: retained river selector tile 82,46 feature 5 base 8496 offset 0->0 sprite 8496 absent false
[2026-10-03 23:10:52] dbg: [driver:1] OpenTT3D: retained river selector tile 82,46 feature 6 base 9041 offset 3->3 sprite 9044 absent false
[2026-10-03 23:10:52] dbg: [driver:1] OpenTT3D: retained river selector tile 83,46 feature 5 base 8436 offset 0->0 sprite 8436 absent false
[2026-10-03 23:10:52] dbg: [driver:1] OpenTT3D: retained river selector tile 83,46 feature 6 base 9041 offset 3->3 sprite 9044 absent false
[2026-10-03 23:10:52] dbg: [driver:1] OpenTT3D: retained river selector tile 84,46 feature 5 base 8481 offset 0->0 sprite 8481 absent false
[2026-10-03 23:10:52] dbg: [driver:1] OpenTT3D: retained river selector tile 84,46 feature 6 base 9041 offset 11->11 sprite 9052 absent false
[2026-10-03 23:10:52] dbg: [driver:1] OpenTT3D: retained river selector tile 85,46 feature 5 base 8471 offset 0->0 sprite 8471 absent false
[2026-10-03 23:10:52] dbg: [driver:1] OpenTT3D: retained river selector tile 85,46 feature 6 base 9041 offset 9->9 sprite 9050 absent false
[2026-10-03 23:10:52] dbg: [driver:1] OpenTT3D: retained river selector tile 86,46 feature 5 base 8446 offset 0->0 sprite 8446 absent false
[2026-10-03 23:10:52] dbg: [driver:1] OpenTT3D: retained river selector tile 86,46 feature 6 base 9041 offset 1->1 sprite 9042 absent false
[2026-10-03 23:10:52] dbg: [driver:1] OpenTT3D: retained river selector tile 86,46 feature 6 base 9041 offset 2->2 sprite 9043 absent false
[2026-10-03 23:10:52] dbg: [driver:1] OpenTT3D: retained river selector tile 86,46 feature 6 base 9041 offset 5->5 sprite 9046 absent false
[2026-10-03 23:10:52] dbg: [driver:1] OpenTT3D: retained river selector tile 82,47 feature 5 base 8461 offset 0->0 sprite 8461 absent false
[2026-10-03 23:10:52] dbg: [driver:1] OpenTT3D: retained river selector tile 82,47 feature 6 base 9041 offset 1->1 sprite 9042 absent false
[2026-10-03 23:10:52] dbg: [driver:1] OpenTT3D: retained river selector tile 83,47 feature 5 base 8441 offset 0->0 sprite 8441 absent false
[2026-10-03 23:10:52] dbg: [driver:1] OpenTT3D: retained river selector tile 83,47 feature 6 base 9041 offset 1->1 sprite 9042 absent false
[2026-10-03 23:10:52] dbg: [driver:1] OpenTT3D: retained river selector tile 84,47 feature 5 base 8461 offset 0->0 sprite 8461 absent false
[2026-10-03 23:10:52] dbg: [driver:1] OpenTT3D: retained river selector tile 84,47 feature 6 base 9041 offset 1->1 sprite 9042 absent false
[2026-10-03 23:10:52] dbg: [driver:1] OpenTT3D: retained river selector tile 85,47 feature 5 base 8481 offset 0->0 sprite 8481 absent false
[2026-10-03 23:10:52] dbg: [driver:1] OpenTT3D: retained river selector tile 85,47 feature 6 base 9041 offset 1->1 sprite 9042 absent false
[2026-10-03 23:10:52] dbg: [driver:1] OpenTT3D: retained river selector tile 85,47 feature 6 base 9041 offset 2->2 sprite 9043 absent false
[2026-10-03 23:10:52] dbg: [driver:1] OpenTT3D: retained river selector tile 85,47 feature 6 base 9041 offset 5->5 sprite 9046 absent false
[2026-10-03 23:10:52] dbg: [driver:1] OpenTT3D: live projected tree 1989 stage 2 captured at 64,50
[2026-10-03 23:10:52] dbg: [driver:1] OpenTT3D: live projected tree 1947 stage 5 captured at 9,53
[2026-10-03 23:10:52] dbg: [driver:1] OpenTT3D: live projected tree 1975 stage 1 captured at 4,56
[2026-10-03 23:10:52] dbg: [driver:1] OpenTT3D: live voxel house ground 94 construction stage 3 captured at 52,56
[2026-10-03 23:10:52] dbg: [driver:1] OpenTT3D: live voxel house ground 94 construction stage 3 variant 3 captured
[2026-10-03 23:10:52] dbg: [driver:1] OpenTT3D: live voxel house 94 construction stage 3 captured at 52,56
[2026-10-03 23:10:52] dbg: [driver:1] OpenTT3D: live voxel house 94 construction stage 3 variant 3 captured
[2026-10-03 23:10:52] dbg: [driver:1] OpenTT3D: live voxel house ground 108 construction stage 3 captured at 52,58
[2026-10-03 23:10:52] dbg: [driver:1] OpenTT3D: live voxel house ground 108 construction stage 3 variant 1 captured
[2026-10-03 23:10:52] dbg: [driver:1] OpenTT3D: live voxel house 108 construction stage 3 captured at 52,58
[2026-10-03 23:10:52] dbg: [driver:1] OpenTT3D: live voxel house 108 construction stage 3 variant 1 captured
[2026-10-03 23:10:52] dbg: [driver:1] OpenTT3D: live voxel house ground 104 construction stage 2 captured at 49,59
[2026-10-03 23:10:52] dbg: [driver:1] OpenTT3D: live voxel house ground 104 construction stage 2 variant 0 captured
[2026-10-03 23:10:52] dbg: [driver:1] OpenTT3D: live voxel house 104 construction stage 2 captured at 49,59
[2026-10-03 23:10:52] dbg: [driver:1] OpenTT3D: live voxel house 104 construction stage 2 variant 0 captured
[2026-10-03 23:10:52] dbg: [driver:1] OpenTT3D: live voxel house ground 109 construction stage 3 captured at 52,59
[2026-10-03 23:10:52] dbg: [driver:1] OpenTT3D: live voxel house ground 109 construction stage 3 variant 0 captured
[2026-10-03 23:10:52] dbg: [driver:1] OpenTT3D: live voxel house 109 construction stage 3 captured at 52,59
[2026-10-03 23:10:52] dbg: [driver:1] OpenTT3D: live voxel house 109 construction stage 3 variant 0 captured
[2026-10-03 23:10:52] dbg: [driver:1] OpenTT3D: live projected tree 1996 stage 4 captured at 59,64
[2026-10-03 23:10:52] dbg: [driver:1] OpenTT3D: retained river selector tile 85,70 feature 5 base 8421 offset 0->0 sprite 8421 absent false
[2026-10-03 23:10:52] dbg: [driver:1] OpenTT3D: retained river selector tile 85,70 feature 6 base 9041 offset 0->0 sprite 9041 absent false
[2026-10-03 23:10:52] dbg: [driver:1] OpenTT3D: retained river selector tile 85,70 feature 6 base 9041 offset 2->2 sprite 9043 absent false
[2026-10-03 23:10:52] dbg: [driver:1] OpenTT3D: retained river selector tile 85,70 feature 6 base 9041 offset 3->3 sprite 9044 absent false
[2026-10-03 23:10:52] dbg: [driver:1] OpenTT3D: retained river selector tile 85,70 feature 6 base 9041 offset 6->6 sprite 9047 absent false
[2026-10-03 23:10:52] dbg: [driver:1] OpenTT3D: retained river selector tile 85,70 feature 6 base 9041 offset 7->7 sprite 9048 absent false
[2026-10-03 23:10:52] dbg: [driver:1] OpenTT3D: retained river selector tile 84,71 feature 5 base 8466 offset 0->0 sprite 8466 absent false
[2026-10-03 23:10:53] dbg: [driver:1] OpenTT3D: retained river selector tile 84,71 feature 6 base 9041 offset 0->0 sprite 9041 absent false
[2026-10-03 23:10:53] dbg: [driver:1] OpenTT3D: retained river selector tile 84,71 feature 6 base 9041 offset 3->3 sprite 9044 absent false
[2026-10-03 23:10:53] dbg: [driver:1] OpenTT3D: retained river selector tile 84,71 feature 6 base 9041 offset 9->9 sprite 9050 absent false
[2026-10-03 23:10:53] dbg: [driver:1] OpenTT3D: retained river selector tile 84,71 feature 6 base 9041 offset 7->7 sprite 9048 absent false
[2026-10-03 23:10:53] dbg: [driver:1] OpenTT3D: retained river selector tile 85,71 feature 5 base 8491 offset 0->0 sprite 8491 absent false
[2026-10-03 23:10:53] dbg: [driver:1] OpenTT3D: retained river selector tile 85,71 feature 6 base 9041 offset 1->1 sprite 9042 absent false
[2026-10-03 23:10:53] dbg: [driver:1] OpenTT3D: retained river selector tile 85,71 feature 6 base 9041 offset 2->2 sprite 9043 absent false
[2026-10-03 23:10:53] dbg: [driver:1] OpenTT3D: retained river selector tile 85,71 feature 6 base 9041 offset 5->5 sprite 9046 absent false
[2026-10-03 23:10:53] dbg: [driver:1] OpenTT3D: retained river selector tile 85,71 feature 6 base 9041 offset 11->11 sprite 9052 absent false
[2026-10-03 23:10:53] dbg: [driver:1] OpenTT3D: retained river selector tile 84,72 feature 5 base 8431 offset 0->0 sprite 8431 absent false
[2026-10-03 23:10:53] dbg: [driver:1] OpenTT3D: retained river selector tile 84,72 feature 6 base 9041 offset 0->0 sprite 9041 absent false
[2026-10-03 23:10:53] dbg: [driver:1] OpenTT3D: retained river selector tile 84,72 feature 6 base 9041 offset 2->2 sprite 9043 absent false
[2026-10-03 23:10:53] dbg: [driver:1] OpenTT3D: retained river selector tile 84,73 feature 5 base 8431 offset 4->4 sprite 8435 absent false
[2026-10-03 23:10:53] dbg: [driver:1] OpenTT3D: retained live water source tile 84,73 role ground sprite 8435 at original height 16
[2026-10-03 23:10:53] dbg: [driver:1] OpenTT3D: retained river selector tile 84,73 feature 6 base 9041 offset 48->48 sprite 9089 absent false
[2026-10-03 23:10:53] dbg: [driver:1] OpenTT3D: retained live water source tile 84,73 role ground sprite 9089 at original height 16
[2026-10-03 23:10:53] dbg: [driver:1] OpenTT3D: retained river selector tile 84,73 feature 6 base 9041 offset 50->50 sprite 9091 absent false
[2026-10-03 23:10:53] dbg: [driver:1] OpenTT3D: retained live water source tile 84,73 role ground sprite 9091 at original height 16
[2026-10-03 23:10:53] dbg: [driver:1] OpenTT3D: retained river selector tile 84,74 feature 5 base 8461 offset 0->0 sprite 8461 absent false
[2026-10-03 23:10:53] dbg: [driver:1] OpenTT3D: retained river selector tile 84,74 feature 6 base 9041 offset 0->0 sprite 9041 absent false
[2026-10-03 23:10:53] dbg: [driver:1] OpenTT3D: retained river selector tile 84,74 feature 6 base 9041 offset 2->2 sprite 9043 absent false
[2026-10-03 23:10:53] dbg: [driver:1] OpenTT3D: retained river selector tile 84,75 feature 5 base 8496 offset 4->4 sprite 8500 absent false
[2026-10-03 23:10:53] dbg: [driver:1] OpenTT3D: retained live water source tile 84,75 role ground sprite 8500 at original height 8
[2026-10-03 23:10:53] dbg: [driver:1] OpenTT3D: retained river selector tile 84,75 feature 6 base 9041 offset 48->48 sprite 9089 absent false
[2026-10-03 23:10:53] dbg: [driver:1] OpenTT3D: retained live water source tile 84,75 role ground sprite 9089 at original height 8
[2026-10-03 23:10:53] dbg: [driver:1] OpenTT3D: retained river selector tile 84,75 feature 6 base 9041 offset 50->50 sprite 9091 absent false
[2026-10-03 23:10:53] dbg: [driver:1] OpenTT3D: retained live water source tile 84,75 role ground sprite 9091 at original height 8
[2026-10-03 23:10:53] dbg: [driver:1] OpenTT3D: retained river selector tile 84,76 feature 5 base 8451 offset 0->0 sprite 8451 absent false
[2026-10-03 23:10:53] dbg: [driver:1] OpenTT3D: retained river selector tile 84,76 feature 6 base 9041 offset 0->0 sprite 9041 absent false
[2026-10-03 23:10:53] dbg: [driver:1] OpenTT3D: retained river selector tile 84,76 feature 6 base 9041 offset 2->2 sprite 9043 absent false
[2026-10-03 23:10:53] dbg: [driver:1] OpenTT3D: retained river selector tile 84,77 feature 5 base 8426 offset 0->0 sprite 8426 absent false
[2026-10-03 23:10:53] dbg: [driver:1] OpenTT3D: retained river selector tile 84,77 feature 6 base 9041 offset 0->0 sprite 9041 absent false
[2026-10-03 23:10:53] dbg: [driver:1] OpenTT3D: retained river selector tile 84,77 feature 6 base 9041 offset 2->2 sprite 9043 absent false
[2026-10-03 23:10:53] dbg: [driver:1] OpenTT3D: retained river selector tile 82,78 feature 5 base 8431 offset 0->0 sprite 8431 absent false
[2026-10-03 23:10:53] dbg: [driver:1] OpenTT3D: retained river selector tile 82,78 feature 6 base 9041 offset 1->1 sprite 9042 absent false
[2026-10-03 23:10:53] dbg: [driver:1] OpenTT3D: retained river selector tile 82,78 feature 6 base 9041 offset 3->3 sprite 9044 absent false
[2026-10-03 23:10:53] dbg: [driver:1] OpenTT3D: retained river selector tile 83,78 feature 5 base 8461 offset 0->0 sprite 8461 absent false
[2026-10-03 23:10:53] dbg: [driver:1] OpenTT3D: retained river selector tile 83,78 feature 6 base 9041 offset 1->1 sprite 9042 absent false
[2026-10-03 23:10:53] dbg: [driver:1] OpenTT3D: retained river selector tile 83,78 feature 6 base 9041 offset 3->3 sprite 9044 absent false
[2026-10-03 23:10:53] dbg: [driver:1] OpenTT3D: retained river selector tile 84,78 feature 5 base 8486 offset 0->0 sprite 8486 absent false
[2026-10-03 23:10:53] dbg: [driver:1] OpenTT3D: retained river selector tile 84,78 feature 6 base 9041 offset 1->1 sprite 9042 absent false
[2026-10-03 23:10:53] dbg: [driver:1] OpenTT3D: retained river selector tile 84,78 feature 6 base 9041 offset 2->2 sprite 9043 absent false
[2026-10-03 23:10:53] dbg: [driver:1] OpenTT3D: retained river selector tile 84,78 feature 6 base 9041 offset 5->5 sprite 9046 absent false
[2026-10-03 23:10:53] dbg: [driver:1] OpenTT3D: retained river selector tile 84,78 feature 6 base 9041 offset 11->11 sprite 9052 absent false
[2026-10-03 23:10:53] dbg: [driver:1] OpenTT3D: retained river selector tile 16,95 feature 5 base 8481 offset 0->0 sprite 8481 absent false
[2026-10-03 23:10:53] dbg: [driver:1] OpenTT3D: retained river selector tile 16,95 feature 6 base 9041 offset 0->0 sprite 9041 absent false
[2026-10-03 23:10:53] dbg: [driver:1] OpenTT3D: retained river selector tile 16,95 feature 6 base 9041 offset 3->3 sprite 9044 absent false
[2026-10-03 23:10:53] dbg: [driver:1] OpenTT3D: retained river selector tile 16,95 feature 6 base 9041 offset 9->9 sprite 9050 absent false
[2026-10-03 23:10:53] dbg: [driver:1] OpenTT3D: retained river selector tile 16,95 feature 6 base 9041 offset 7->7 sprite 9048 absent false
[2026-10-03 23:10:53] dbg: [driver:1] OpenTT3D: retained river selector tile 17,95 feature 5 base 8461 offset 0->0 sprite 8461 absent false
[2026-10-03 23:10:53] dbg: [driver:1] OpenTT3D: retained river selector tile 17,95 feature 6 base 9041 offset 1->1 sprite 9042 absent false
[2026-10-03 23:10:53] dbg: [driver:1] OpenTT3D: retained river selector tile 17,95 feature 6 base 9041 offset 3->3 sprite 9044 absent false
[2026-10-03 23:10:53] dbg: [driver:1] OpenTT3D: retained river selector tile 18,95 feature 5 base 8476 offset 0->0 sprite 8476 absent false
[2026-10-03 23:10:53] dbg: [driver:1] OpenTT3D: retained river selector tile 18,95 feature 6 base 9041 offset 1->1 sprite 9042 absent false
[2026-10-03 23:10:53] dbg: [driver:1] OpenTT3D: retained river selector tile 18,95 feature 6 base 9041 offset 3->3 sprite 9044 absent false
[2026-10-03 23:10:53] dbg: [driver:1] OpenTT3D: retained river selector tile 19,95 feature 5 base 8496 offset 2->2 sprite 8498 absent false
[2026-10-03 23:10:53] dbg: [driver:1] OpenTT3D: retained live water source tile 19,95 role ground sprite 8498 at original height 0
[2026-10-03 23:10:53] dbg: [driver:1] OpenTT3D: retained river selector tile 19,95 feature 6 base 8981 offset 25->25 sprite 9006 absent false
[2026-10-03 23:10:53] dbg: [driver:1] OpenTT3D: retained live water source tile 19,95 role ground sprite 9006 at original height 0
[2026-10-03 23:10:53] dbg: [driver:1] OpenTT3D: retained river selector tile 19,95 feature 6 base 8981 offset 27->27 sprite 9008 absent false
[2026-10-03 23:10:53] dbg: [driver:1] OpenTT3D: retained live water source tile 19,95 role ground sprite 9008 at original height 0
[2026-10-03 23:10:53] dbg: [driver:1] OpenTT3D: retained river selector tile 6,96 feature 5 base 8441 offset 0->0 sprite 8441 absent false
[2026-10-03 23:10:53] dbg: [driver:1] OpenTT3D: retained river selector tile 6,96 feature 6 base 9041 offset 0->0 sprite 9041 absent false
[2026-10-03 23:10:53] dbg: [driver:1] OpenTT3D: retained river selector tile 6,96 feature 6 base 9041 offset 3->3 sprite 9044 absent false
[2026-10-03 23:10:53] dbg: [driver:1] OpenTT3D: retained river selector tile 6,96 feature 6 base 9041 offset 9->9 sprite 9050 absent false
[2026-10-03 23:10:53] dbg: [driver:1] OpenTT3D: retained river selector tile 6,96 feature 6 base 9041 offset 7->7 sprite 9048 absent false
[2026-10-03 23:10:53] dbg: [driver:1] OpenTT3D: retained river selector tile 7,96 feature 5 base 8446 offset 0->0 sprite 8446 absent false
[2026-10-03 23:10:53] dbg: [driver:1] OpenTT3D: retained river selector tile 7,96 feature 6 base 9041 offset 1->1 sprite 9042 absent false
[2026-10-03 23:10:53] dbg: [driver:1] OpenTT3D: retained river selector tile 7,96 feature 6 base 9041 offset 3->3 sprite 9044 absent false
[2026-10-03 23:10:53] dbg: [driver:1] OpenTT3D: retained river selector tile 8,96 feature 5 base 8491 offset 0->0 sprite 8491 absent false
[2026-10-03 23:10:53] dbg: [driver:1] OpenTT3D: retained river selector tile 8,96 feature 6 base 9041 offset 1->1 sprite 9042 absent false
[2026-10-03 23:10:53] dbg: [driver:1] OpenTT3D: retained river selector tile 8,96 feature 6 base 9041 offset 3->3 sprite 9044 absent false
[2026-10-03 23:10:53] dbg: [driver:1] OpenTT3D: retained river selector tile 9,96 feature 5 base 8496 offset 0->0 sprite 8496 absent false
[2026-10-03 23:10:53] dbg: [driver:1] OpenTT3D: retained river selector tile 9,96 feature 6 base 9041 offset 1->1 sprite 9042 absent false
[2026-10-03 23:10:53] dbg: [driver:1] OpenTT3D: retained river selector tile 9,96 feature 6 base 9041 offset 3->3 sprite 9044 absent false
[2026-10-03 23:10:53] dbg: [driver:1] OpenTT3D: retained river selector tile 10,96 feature 5 base 8471 offset 0->0 sprite 8471 absent false
[2026-10-03 23:10:53] dbg: [driver:1] OpenTT3D: retained river selector tile 10,96 feature 6 base 9041 offset 1->1 sprite 9042 absent false
[2026-10-03 23:10:53] dbg: [driver:1] OpenTT3D: retained river selector tile 10,96 feature 6 base 9041 offset 3->3 sprite 9044 absent false
[2026-10-03 23:10:53] dbg: [driver:1] OpenTT3D: retained river selector tile 11,96 feature 5 base 8486 offset 0->0 sprite 8486 absent false
[2026-10-03 23:10:53] dbg: [driver:1] OpenTT3D: retained river selector tile 11,96 feature 6 base 9041 offset 1->1 sprite 9042 absent false
[2026-10-03 23:10:53] dbg: [driver:1] OpenTT3D: retained river selector tile 11,96 feature 6 base 9041 offset 3->3 sprite 9044 absent false
[2026-10-03 23:10:53] dbg: [driver:1] OpenTT3D: retained river selector tile 12,96 feature 5 base 8456 offset 0->0 sprite 8456 absent false
[2026-10-03 23:10:53] dbg: [driver:1] OpenTT3D: retained river selector tile 12,96 feature 6 base 9041 offset 1->1 sprite 9042 absent false
[2026-10-03 23:10:53] dbg: [driver:1] OpenTT3D: retained river selector tile 12,96 feature 6 base 9041 offset 3->3 sprite 9044 absent false
[2026-10-03 23:10:53] dbg: [driver:1] OpenTT3D: retained river selector tile 13,96 feature 5 base 8496 offset 0->0 sprite 8496 absent false
[2026-10-03 23:10:53] dbg: [driver:1] OpenTT3D: retained river selector tile 13,96 feature 6 base 9041 offset 1->1 sprite 9042 absent false
[2026-10-03 23:10:53] dbg: [driver:1] OpenTT3D: retained river selector tile 13,96 feature 6 base 9041 offset 3->3 sprite 9044 absent false
[2026-10-03 23:10:53] dbg: [driver:1] OpenTT3D: retained river selector tile 14,96 feature 5 base 8421 offset 0->0 sprite 8421 absent false
[2026-10-03 23:10:53] dbg: [driver:1] OpenTT3D: retained river selector tile 14,96 feature 6 base 9041 offset 1->1 sprite 9042 absent false
[2026-10-03 23:10:53] dbg: [driver:1] OpenTT3D: retained river selector tile 14,96 feature 6 base 9041 offset 3->3 sprite 9044 absent false
[2026-10-03 23:10:53] dbg: [driver:1] OpenTT3D: retained river selector tile 15,96 feature 5 base 8471 offset 0->0 sprite 8471 absent false
[2026-10-03 23:10:53] dbg: [driver:1] OpenTT3D: retained river selector tile 15,96 feature 6 base 9041 offset 1->1 sprite 9042 absent false
[2026-10-03 23:10:53] dbg: [driver:1] OpenTT3D: retained river selector tile 15,96 feature 6 base 9041 offset 3->3 sprite 9044 absent false
[2026-10-03 23:10:53] dbg: [driver:1] OpenTT3D: retained river selector tile 16,96 feature 5 base 8431 offset 0->0 sprite 8431 absent false
[2026-10-03 23:10:53] dbg: [driver:1] OpenTT3D: retained river selector tile 16,96 feature 6 base 9041 offset 1->1 sprite 9042 absent false
[2026-10-03 23:10:53] dbg: [driver:1] OpenTT3D: retained river selector tile 16,96 feature 6 base 9041 offset 2->2 sprite 9043 absent false
[2026-10-03 23:10:53] dbg: [driver:1] OpenTT3D: retained river selector tile 16,96 feature 6 base 9041 offset 5->5 sprite 9046 absent false
[2026-10-03 23:10:53] dbg: [driver:1] OpenTT3D: retained river selector tile 16,96 feature 6 base 9041 offset 11->11 sprite 9052 absent false
[2026-10-03 23:10:53] dbg: [driver:1] OpenTT3D: retained river selector tile 4,97 feature 5 base 8436 offset 0->0 sprite 8436 absent false
[2026-10-03 23:10:53] dbg: [driver:1] OpenTT3D: retained river selector tile 4,97 feature 6 base 9041 offset 0->0 sprite 9041 absent false
[2026-10-03 23:10:53] dbg: [driver:1] OpenTT3D: retained river selector tile 4,97 feature 6 base 9041 offset 3->3 sprite 9044 absent false
[2026-10-03 23:10:53] dbg: [driver:1] OpenTT3D: retained river selector tile 4,97 feature 6 base 9041 offset 9->9 sprite 9050 absent false
[2026-10-03 23:10:53] dbg: [driver:1] OpenTT3D: retained river selector tile 4,97 feature 6 base 9041 offset 7->7 sprite 9048 absent false
[2026-10-03 23:10:53] dbg: [driver:1] OpenTT3D: retained river selector tile 5,97 feature 5 base 8426 offset 0->0 sprite 8426 absent false
[2026-10-03 23:10:53] dbg: [driver:1] OpenTT3D: retained river selector tile 5,97 feature 6 base 9041 offset 1->1 sprite 9042 absent false
[2026-10-03 23:10:53] dbg: [driver:1] OpenTT3D: retained river selector tile 5,97 feature 6 base 9041 offset 3->3 sprite 9044 absent false
[2026-10-03 23:10:53] dbg: [driver:1] OpenTT3D: retained river selector tile 6,97 feature 5 base 8481 offset 0->0 sprite 8481 absent false
[2026-10-03 23:10:53] dbg: [driver:1] OpenTT3D: retained river selector tile 6,97 feature 6 base 9041 offset 1->1 sprite 9042 absent false
[2026-10-03 23:10:53] dbg: [driver:1] OpenTT3D: retained river selector tile 6,97 feature 6 base 9041 offset 2->2 sprite 9043 absent false
[2026-10-03 23:10:53] dbg: [driver:1] OpenTT3D: retained river selector tile 6,97 feature 6 base 9041 offset 5->5 sprite 9046 absent false
[2026-10-03 23:10:53] dbg: [driver:1] OpenTT3D: retained river selector tile 6,97 feature 6 base 9041 offset 11->11 sprite 9052 absent false
[2026-10-03 23:10:53] dbg: [driver:1] OpenTT3D: retained river selector tile 84,97 feature 5 base 8436 offset 0->0 sprite 8436 absent false
[2026-10-03 23:10:53] dbg: [driver:1] OpenTT3D: retained river selector tile 84,97 feature 6 base 9041 offset 0->0 sprite 9041 absent false
[2026-10-03 23:10:53] dbg: [driver:1] OpenTT3D: retained river selector tile 84,97 feature 6 base 9041 offset 3->3 sprite 9044 absent false
[2026-10-03 23:10:53] dbg: [driver:1] OpenTT3D: retained river selector tile 84,97 feature 6 base 9041 offset 9->9 sprite 9050 absent false
[2026-10-03 23:10:53] dbg: [driver:1] OpenTT3D: retained river selector tile 84,97 feature 6 base 9041 offset 7->7 sprite 9048 absent false
[2026-10-03 23:10:53] dbg: [driver:1] OpenTT3D: retained river selector tile 85,97 feature 5 base 8421 offset 0->0 sprite 8421 absent false
[2026-10-03 23:10:53] dbg: [driver:1] OpenTT3D: retained river selector tile 85,97 feature 6 base 9041 offset 1->1 sprite 9042 absent false
[2026-10-03 23:10:53] dbg: [driver:1] OpenTT3D: retained river selector tile 85,97 feature 6 base 9041 offset 2->2 sprite 9043 absent false
[2026-10-03 23:10:53] dbg: [driver:1] OpenTT3D: retained river selector tile 85,97 feature 6 base 9041 offset 3->3 sprite 9044 absent false
[2026-10-03 23:10:53] dbg: [driver:1] OpenTT3D: retained river selector tile 85,97 feature 6 base 9041 offset 5->5 sprite 9046 absent false
[2026-10-03 23:10:53] dbg: [driver:1] OpenTT3D: retained river selector tile 85,97 feature 6 base 9041 offset 6->6 sprite 9047 absent false
[2026-10-03 23:10:53] dbg: [driver:1] OpenTT3D: retained river selector tile 3,98 feature 5 base 8436 offset 0->0 sprite 8436 absent false
[2026-10-03 23:10:53] dbg: [driver:1] OpenTT3D: retained river selector tile 3,98 feature 6 base 9041 offset 0->0 sprite 9041 absent false
[2026-10-03 23:10:53] dbg: [driver:1] OpenTT3D: retained river selector tile 3,98 feature 6 base 9041 offset 1->1 sprite 9042 absent false
[2026-10-03 23:10:53] dbg: [driver:1] OpenTT3D: retained river selector tile 3,98 feature 6 base 9041 offset 3->3 sprite 9044 absent false
[2026-10-03 23:10:53] dbg: [driver:1] OpenTT3D: retained river selector tile 3,98 feature 6 base 9041 offset 4->4 sprite 9045 absent false
[2026-10-03 23:10:53] dbg: [driver:1] OpenTT3D: retained river selector tile 3,98 feature 6 base 9041 offset 7->7 sprite 9048 absent false
[2026-10-03 23:10:53] dbg: [driver:1] OpenTT3D: retained river selector tile 4,98 feature 5 base 8486 offset 0->0 sprite 8486 absent false
[2026-10-03 23:10:53] dbg: [driver:1] OpenTT3D: retained river selector tile 4,98 feature 6 base 9041 offset 1->1 sprite 9042 absent false
[2026-10-03 23:10:53] dbg: [driver:1] OpenTT3D: retained river selector tile 4,98 feature 6 base 9041 offset 2->2 sprite 9043 absent false
[2026-10-03 23:10:53] dbg: [driver:1] OpenTT3D: retained river selector tile 4,98 feature 6 base 9041 offset 5->5 sprite 9046 absent false
[2026-10-03 23:10:53] dbg: [driver:1] OpenTT3D: retained river selector tile 4,98 feature 6 base 9041 offset 11->11 sprite 9052 absent false
[2026-10-03 23:10:53] dbg: [driver:1] OpenTT3D: retained river selector tile 84,98 feature 5 base 8466 offset 4->4 sprite 8470 absent false
[2026-10-03 23:10:53] dbg: [driver:1] OpenTT3D: retained live water source tile 84,98 role ground sprite 8470 at original height 40
[2026-10-03 23:10:53] dbg: [driver:1] OpenTT3D: retained river selector tile 84,98 feature 6 base 9041 offset 48->48 sprite 9089 absent false
[2026-10-03 23:10:53] dbg: [driver:1] OpenTT3D: retained live water source tile 84,98 role ground sprite 9089 at original height 40
[2026-10-03 23:10:53] dbg: [driver:1] OpenTT3D: retained river selector tile 84,98 feature 6 base 9041 offset 50->50 sprite 9091 absent false
[2026-10-03 23:10:53] dbg: [driver:1] OpenTT3D: retained live water source tile 84,98 role ground sprite 9091 at original height 40
[2026-10-03 23:10:53] dbg: [driver:1] OpenTT3D: retained river selector tile 84,99 feature 5 base 8426 offset 0->0 sprite 8426 absent false
[2026-10-03 23:10:53] dbg: [driver:1] OpenTT3D: retained river selector tile 84,99 feature 6 base 9041 offset 0->0 sprite 9041 absent false
[2026-10-03 23:10:53] dbg: [driver:1] OpenTT3D: retained river selector tile 84,99 feature 6 base 9041 offset 2->2 sprite 9043 absent false
[2026-10-03 23:10:53] dbg: [driver:1] OpenTT3D: retained river selector tile 84,100 feature 5 base 8426 offset 0->0 sprite 8426 absent false
[2026-10-03 23:10:53] dbg: [driver:1] OpenTT3D: retained river selector tile 84,100 feature 6 base 9041 offset 0->0 sprite 9041 absent false
[2026-10-03 23:10:53] dbg: [driver:1] OpenTT3D: retained river selector tile 84,100 feature 6 base 9041 offset 2->2 sprite 9043 absent false
[2026-10-03 23:10:53] dbg: [driver:1] OpenTT3D: retained river selector tile 84,101 feature 5 base 8471 offset 4->4 sprite 8475 absent false
[2026-10-03 23:10:53] dbg: [driver:1] OpenTT3D: retained live water source tile 84,101 role ground sprite 8475 at original height 32
[2026-10-03 23:10:53] dbg: [driver:1] OpenTT3D: retained river selector tile 84,101 feature 6 base 9041 offset 48->48 sprite 9089 absent false
[2026-10-03 23:10:53] dbg: [driver:1] OpenTT3D: retained live water source tile 84,101 role ground sprite 9089 at original height 32
[2026-10-03 23:10:53] dbg: [driver:1] OpenTT3D: retained river selector tile 84,101 feature 6 base 9041 offset 50->50 sprite 9091 absent false
[2026-10-03 23:10:53] dbg: [driver:1] OpenTT3D: retained live water source tile 84,101 role ground sprite 9091 at original height 32
[2026-10-03 23:10:53] dbg: [driver:1] OpenTT3D: retained river selector tile 84,102 feature 5 base 8486 offset 0->0 sprite 8486 absent false
[2026-10-03 23:10:53] dbg: [driver:1] OpenTT3D: retained river selector tile 84,102 feature 6 base 9041 offset 0->0 sprite 9041 absent false
[2026-10-03 23:10:53] dbg: [driver:1] OpenTT3D: retained river selector tile 84,102 feature 6 base 9041 offset 2->2 sprite 9043 absent false
[2026-10-03 23:10:53] dbg: [driver:1] OpenTT3D: retained river selector tile 84,103 feature 5 base 8431 offset 0->0 sprite 8431 absent false
[2026-10-03 23:10:53] dbg: [driver:1] OpenTT3D: retained river selector tile 84,103 feature 6 base 9041 offset 0->0 sprite 9041 absent false
[2026-10-03 23:10:53] dbg: [driver:1] OpenTT3D: retained river selector tile 84,103 feature 6 base 9041 offset 1->1 sprite 9042 absent false
[2026-10-03 23:10:53] dbg: [driver:1] OpenTT3D: retained river selector tile 84,103 feature 6 base 9041 offset 4->4 sprite 9045 absent false
[2026-10-03 23:10:53] dbg: [driver:1] OpenTT3D: retained river selector tile 84,103 feature 6 base 9041 offset 10->10 sprite 9051 absent false
[2026-10-03 23:10:53] dbg: [driver:1] OpenTT3D: retained river selector tile 85,103 feature 5 base 8496 offset 0->0 sprite 8496 absent false
[2026-10-03 23:10:53] dbg: [driver:1] OpenTT3D: retained river selector tile 85,103 feature 6 base 9041 offset 2->2 sprite 9043 absent false
[2026-10-03 23:10:53] dbg: [driver:1] OpenTT3D: retained river selector tile 85,103 feature 6 base 9041 offset 3->3 sprite 9044 absent false
[2026-10-03 23:10:53] dbg: [driver:1] OpenTT3D: retained river selector tile 85,103 feature 6 base 9041 offset 8->8 sprite 9049 absent false
[2026-10-03 23:10:53] dbg: [driver:1] OpenTT3D: retained river selector tile 85,103 feature 6 base 9041 offset 6->6 sprite 9047 absent false
[2026-10-03 23:10:53] dbg: [driver:1] OpenTT3D: retained river selector tile 85,104 feature 5 base 8456 offset 4->4 sprite 8460 absent false
[2026-10-03 23:10:53] dbg: [driver:1] OpenTT3D: retained live water source tile 85,104 role ground sprite 8460 at original height 24
[2026-10-03 23:10:53] dbg: [driver:1] OpenTT3D: retained river selector tile 85,104 feature 6 base 9041 offset 48->48 sprite 9089 absent false
[2026-10-03 23:10:53] dbg: [driver:1] OpenTT3D: retained live water source tile 85,104 role ground sprite 9089 at original height 24
[2026-10-03 23:10:53] dbg: [driver:1] OpenTT3D: retained river selector tile 85,104 feature 6 base 9041 offset 50->50 sprite 9091 absent false
[2026-10-03 23:10:53] dbg: [driver:1] OpenTT3D: retained live water source tile 85,104 role ground sprite 9091 at original height 24
[2026-10-03 23:10:53] dbg: [driver:1] OpenTT3D: retained river selector tile 85,105 feature 5 base 8461 offset 0->0 sprite 8461 absent false
[2026-10-03 23:10:53] dbg: [driver:1] OpenTT3D: retained river selector tile 85,105 feature 6 base 9041 offset 0->0 sprite 9041 absent false
[2026-10-03 23:10:53] dbg: [driver:1] OpenTT3D: retained river selector tile 85,105 feature 6 base 9041 offset 2->2 sprite 9043 absent false
[2026-10-03 23:10:53] dbg: [driver:1] OpenTT3D: retained river selector tile 32,106 feature 5 base 8466 offset 1->1 sprite 8467 absent false
[2026-10-03 23:10:53] dbg: [driver:1] OpenTT3D: retained live water source tile 32,106 role ground sprite 8467 at original height 0
[2026-10-03 23:10:53] dbg: [driver:1] OpenTT3D: retained river selector tile 32,106 feature 6 base 8981 offset 12->12 sprite 8993 absent false
[2026-10-03 23:10:53] dbg: [driver:1] OpenTT3D: retained live water source tile 32,106 role ground sprite 8993 at original height 0
[2026-10-03 23:10:53] dbg: [driver:1] OpenTT3D: retained river selector tile 32,106 feature 6 base 8981 offset 14->14 sprite 8995 absent false
[2026-10-03 23:10:53] dbg: [driver:1] OpenTT3D: retained live water source tile 32,106 role ground sprite 8995 at original height 0
[2026-10-03 23:10:53] dbg: [driver:1] OpenTT3D: retained river selector tile 85,106 feature 5 base 8446 offset 0->0 sprite 8446 absent false
[2026-10-03 23:10:53] dbg: [driver:1] OpenTT3D: retained river selector tile 85,106 feature 6 base 9041 offset 0->0 sprite 9041 absent false
[2026-10-03 23:10:53] dbg: [driver:1] OpenTT3D: retained river selector tile 85,106 feature 6 base 9041 offset 2->2 sprite 9043 absent false
[2026-10-03 23:10:53] dbg: [driver:1] OpenTT3D: retained river selector tile 32,107 feature 5 base 8476 offset 0->0 sprite 8476 absent false
[2026-10-03 23:10:53] dbg: [driver:1] OpenTT3D: retained river selector tile 32,107 feature 6 base 9041 offset 0->0 sprite 9041 absent false
[2026-10-03 23:10:53] dbg: [driver:1] OpenTT3D: retained river selector tile 32,107 feature 6 base 9041 offset 2->2 sprite 9043 absent false
[2026-10-03 23:10:53] dbg: [driver:1] OpenTT3D: retained river selector tile 85,107 feature 5 base 8486 offset 4->4 sprite 8490 absent false
[2026-10-03 23:10:53] dbg: [driver:1] OpenTT3D: retained live water source tile 85,107 role ground sprite 8490 at original height 16
[2026-10-03 23:10:53] dbg: [driver:1] OpenTT3D: retained river selector tile 85,107 feature 6 base 9041 offset 48->48 sprite 9089 absent false
[2026-10-03 23:10:53] dbg: [driver:1] OpenTT3D: retained live water source tile 85,107 role ground sprite 9089 at original height 16
[2026-10-03 23:10:53] dbg: [driver:1] OpenTT3D: retained river selector tile 85,107 feature 6 base 9041 offset 50->50 sprite 9091 absent false
[2026-10-03 23:10:53] dbg: [driver:1] OpenTT3D: retained live water source tile 85,107 role ground sprite 9091 at original height 16
[2026-10-03 23:10:53] dbg: [driver:1] OpenTT3D: retained river selector tile 32,108 feature 5 base 8431 offset 0->0 sprite 8431 absent false
[2026-10-03 23:10:53] dbg: [driver:1] OpenTT3D: retained river selector tile 32,108 feature 6 base 9041 offset 0->0 sprite 9041 absent false
[2026-10-03 23:10:53] dbg: [driver:1] OpenTT3D: retained river selector tile 32,108 feature 6 base 9041 offset 2->2 sprite 9043 absent false
[2026-10-03 23:10:53] dbg: [driver:1] OpenTT3D: retained river selector tile 84,108 feature 5 base 8471 offset 0->0 sprite 8471 absent false
[2026-10-03 23:10:53] dbg: [driver:1] OpenTT3D: retained river selector tile 84,108 feature 6 base 9041 offset 0->0 sprite 9041 absent false
[2026-10-03 23:10:53] dbg: [driver:1] OpenTT3D: retained river selector tile 84,108 feature 6 base 9041 offset 3->3 sprite 9044 absent false
[2026-10-03 23:10:53] dbg: [driver:1] OpenTT3D: retained river selector tile 84,108 feature 6 base 9041 offset 9->9 sprite 9050 absent false
[2026-10-03 23:10:53] dbg: [driver:1] OpenTT3D: retained river selector tile 84,108 feature 6 base 9041 offset 7->7 sprite 9048 absent false
[2026-10-03 23:10:53] dbg: [driver:1] OpenTT3D: retained river selector tile 85,108 feature 5 base 8436 offset 0->0 sprite 8436 absent false
[2026-10-03 23:10:53] dbg: [driver:1] OpenTT3D: retained river selector tile 85,108 feature 6 base 9041 offset 1->1 sprite 9042 absent false
[2026-10-03 23:10:53] dbg: [driver:1] OpenTT3D: retained river selector tile 85,108 feature 6 base 9041 offset 2->2 sprite 9043 absent false
[2026-10-03 23:10:53] dbg: [driver:1] OpenTT3D: retained river selector tile 85,108 feature 6 base 9041 offset 5->5 sprite 9046 absent false
[2026-10-03 23:10:53] dbg: [driver:1] OpenTT3D: retained river selector tile 85,108 feature 6 base 9041 offset 11->11 sprite 9052 absent false
[2026-10-03 23:10:53] dbg: [driver:1] OpenTT3D: retained river selector tile 31,109 feature 5 base 8441 offset 0->0 sprite 8441 absent false
[2026-10-03 23:10:53] dbg: [driver:1] OpenTT3D: retained river selector tile 31,109 feature 6 base 9041 offset 0->0 sprite 9041 absent false
[2026-10-03 23:10:53] dbg: [driver:1] OpenTT3D: retained river selector tile 31,109 feature 6 base 9041 offset 3->3 sprite 9044 absent false
[2026-10-03 23:10:53] dbg: [driver:1] OpenTT3D: retained river selector tile 31,109 feature 6 base 9041 offset 9->9 sprite 9050 absent false
[2026-10-03 23:10:53] dbg: [driver:1] OpenTT3D: retained river selector tile 31,109 feature 6 base 9041 offset 7->7 sprite 9048 absent false
[2026-10-03 23:10:53] dbg: [driver:1] OpenTT3D: retained river selector tile 32,109 feature 5 base 8466 offset 0->0 sprite 8466 absent false
[2026-10-03 23:10:53] dbg: [driver:1] OpenTT3D: retained river selector tile 32,109 feature 6 base 9041 offset 1->1 sprite 9042 absent false
[2026-10-03 23:10:53] dbg: [driver:1] OpenTT3D: retained river selector tile 32,109 feature 6 base 9041 offset 2->2 sprite 9043 absent false
[2026-10-03 23:10:53] dbg: [driver:1] OpenTT3D: retained river selector tile 32,109 feature 6 base 9041 offset 5->5 sprite 9046 absent false
[2026-10-03 23:10:53] dbg: [driver:1] OpenTT3D: retained river selector tile 32,109 feature 6 base 9041 offset 11->11 sprite 9052 absent false
[2026-10-03 23:10:53] dbg: [driver:1] OpenTT3D: retained river selector tile 84,109 feature 5 base 8476 offset 4->4 sprite 8480 absent false
[2026-10-03 23:10:53] dbg: [driver:1] OpenTT3D: retained live water source tile 84,109 role ground sprite 8480 at original height 8
[2026-10-03 23:10:53] dbg: [driver:1] OpenTT3D: retained river selector tile 84,109 feature 6 base 9041 offset 48->48 sprite 9089 absent false
[2026-10-03 23:10:53] dbg: [driver:1] OpenTT3D: retained live water source tile 84,109 role ground sprite 9089 at original height 8
[2026-10-03 23:10:54] dbg: [driver:1] OpenTT3D: retained river selector tile 84,109 feature 6 base 9041 offset 50->50 sprite 9091 absent false
[2026-10-03 23:10:54] dbg: [driver:1] OpenTT3D: retained live water source tile 84,109 role ground sprite 9091 at original height 8
[2026-10-03 23:10:54] dbg: [driver:1] OpenTT3D: retained river selector tile 31,110 feature 5 base 8496 offset 0->0 sprite 8496 absent false
[2026-10-03 23:10:54] dbg: [driver:1] OpenTT3D: retained river selector tile 31,110 feature 6 base 9041 offset 0->0 sprite 9041 absent false
[2026-10-03 23:10:54] dbg: [driver:1] OpenTT3D: retained river selector tile 31,110 feature 6 base 9041 offset 2->2 sprite 9043 absent false
[2026-10-03 23:10:54] dbg: [driver:1] OpenTT3D: retained river selector tile 83,110 feature 5 base 8466 offset 0->0 sprite 8466 absent false
[2026-10-03 23:10:54] dbg: [driver:1] OpenTT3D: retained river selector tile 83,110 feature 6 base 9041 offset 0->0 sprite 9041 absent false
[2026-10-03 23:10:54] dbg: [driver:1] OpenTT3D: retained river selector tile 83,110 feature 6 base 9041 offset 3->3 sprite 9044 absent false
[2026-10-03 23:10:54] dbg: [driver:1] OpenTT3D: retained river selector tile 83,110 feature 6 base 9041 offset 9->9 sprite 9050 absent false
[2026-10-03 23:10:54] dbg: [driver:1] OpenTT3D: retained river selector tile 83,110 feature 6 base 9041 offset 7->7 sprite 9048 absent false
[2026-10-03 23:10:54] dbg: [driver:1] OpenTT3D: retained river selector tile 84,110 feature 5 base 8446 offset 0->0 sprite 8446 absent false
[2026-10-03 23:10:54] dbg: [driver:1] OpenTT3D: retained river selector tile 84,110 feature 6 base 9041 offset 1->1 sprite 9042 absent false
[2026-10-03 23:10:54] dbg: [driver:1] OpenTT3D: retained river selector tile 84,110 feature 6 base 9041 offset 2->2 sprite 9043 absent false
[2026-10-03 23:10:54] dbg: [driver:1] OpenTT3D: retained river selector tile 84,110 feature 6 base 9041 offset 5->5 sprite 9046 absent false
[2026-10-03 23:10:54] dbg: [driver:1] OpenTT3D: retained river selector tile 84,110 feature 6 base 9041 offset 11->11 sprite 9052 absent false
[2026-10-03 23:10:54] dbg: [driver:1] OpenTT3D: retained river selector tile 31,111 feature 5 base 8496 offset 0->0 sprite 8496 absent false
[2026-10-03 23:10:54] dbg: [driver:1] OpenTT3D: retained river selector tile 31,111 feature 6 base 9041 offset 0->0 sprite 9041 absent false
[2026-10-03 23:10:54] dbg: [driver:1] OpenTT3D: retained river selector tile 31,111 feature 6 base 9041 offset 2->2 sprite 9043 absent false
[2026-10-03 23:10:54] dbg: [driver:1] OpenTT3D: retained river selector tile 83,111 feature 5 base 8466 offset 0->0 sprite 8466 absent false
[2026-10-03 23:10:54] dbg: [driver:1] OpenTT3D: retained river selector tile 83,111 feature 6 base 9041 offset 0->0 sprite 9041 absent false
[2026-10-03 23:10:54] dbg: [driver:1] OpenTT3D: retained river selector tile 83,111 feature 6 base 9041 offset 2->2 sprite 9043 absent false
[2026-10-03 23:10:54] dbg: [driver:1] OpenTT3D: retained river selector tile 30,112 feature 5 base 8461 offset 0->0 sprite 8461 absent false
[2026-10-03 23:10:54] dbg: [driver:1] OpenTT3D: retained river selector tile 30,112 feature 6 base 9041 offset 0->0 sprite 9041 absent false
[2026-10-03 23:10:54] dbg: [driver:1] OpenTT3D: retained river selector tile 30,112 feature 6 base 9041 offset 3->3 sprite 9044 absent false
[2026-10-03 23:10:54] dbg: [driver:1] OpenTT3D: retained river selector tile 30,112 feature 6 base 9041 offset 9->9 sprite 9050 absent false
[2026-10-03 23:10:54] dbg: [driver:1] OpenTT3D: retained river selector tile 30,112 feature 6 base 9041 offset 7->7 sprite 9048 absent false
[2026-10-03 23:10:54] dbg: [driver:1] OpenTT3D: retained river selector tile 31,112 feature 5 base 8456 offset 0->0 sprite 8456 absent false
[2026-10-03 23:10:54] dbg: [driver:1] OpenTT3D: retained river selector tile 31,112 feature 6 base 9041 offset 1->1 sprite 9042 absent false
[2026-10-03 23:10:54] dbg: [driver:1] OpenTT3D: retained river selector tile 31,112 feature 6 base 9041 offset 2->2 sprite 9043 absent false
[2026-10-03 23:10:54] dbg: [driver:1] OpenTT3D: retained river selector tile 31,112 feature 6 base 9041 offset 5->5 sprite 9046 absent false
[2026-10-03 23:10:54] dbg: [driver:1] OpenTT3D: retained river selector tile 31,112 feature 6 base 9041 offset 11->11 sprite 9052 absent false
[2026-10-03 23:10:54] dbg: [driver:1] OpenTT3D: retained river selector tile 83,112 feature 5 base 8456 offset 0->0 sprite 8456 absent false
[2026-10-03 23:10:54] dbg: [driver:1] OpenTT3D: retained river selector tile 83,112 feature 6 base 9041 offset 0->0 sprite 9041 absent false
[2026-10-03 23:10:54] dbg: [driver:1] OpenTT3D: retained river selector tile 83,112 feature 6 base 9041 offset 2->2 sprite 9043 absent false
[2026-10-03 23:10:54] dbg: [driver:1] OpenTT3D: retained river selector tile 30,113 feature 5 base 8481 offset 0->0 sprite 8481 absent false
[2026-10-03 23:10:54] dbg: [driver:1] OpenTT3D: retained river selector tile 30,113 feature 6 base 9041 offset 0->0 sprite 9041 absent false
[2026-10-03 23:10:54] dbg: [driver:1] OpenTT3D: retained river selector tile 30,113 feature 6 base 9041 offset 2->2 sprite 9043 absent false
[2026-10-03 23:10:54] dbg: [driver:1] OpenTT3D: retained river selector tile 83,113 feature 5 base 8461 offset 0->0 sprite 8461 absent false
[2026-10-03 23:10:54] dbg: [driver:1] OpenTT3D: retained river selector tile 83,113 feature 6 base 9041 offset 0->0 sprite 9041 absent false
[2026-10-03 23:10:54] dbg: [driver:1] OpenTT3D: retained river selector tile 83,113 feature 6 base 9041 offset 2->2 sprite 9043 absent false
[2026-10-03 23:10:54] dbg: [driver:1] OpenTT3D: retained river selector tile 29,114 feature 5 base 8486 offset 0->0 sprite 8486 absent false
[2026-10-03 23:10:54] dbg: [driver:1] OpenTT3D: retained river selector tile 29,114 feature 6 base 9041 offset 0->0 sprite 9041 absent false
[2026-10-03 23:10:54] dbg: [driver:1] OpenTT3D: retained river selector tile 29,114 feature 6 base 9041 offset 3->3 sprite 9044 absent false
[2026-10-03 23:10:54] dbg: [driver:1] OpenTT3D: retained river selector tile 29,114 feature 6 base 9041 offset 9->9 sprite 9050 absent false
[2026-10-03 23:10:54] dbg: [driver:1] OpenTT3D: retained river selector tile 29,114 feature 6 base 9041 offset 7->7 sprite 9048 absent false
[2026-10-03 23:10:54] dbg: [driver:1] OpenTT3D: retained river selector tile 30,114 feature 5 base 8426 offset 0->0 sprite 8426 absent false
[2026-10-03 23:10:54] dbg: [driver:1] OpenTT3D: retained river selector tile 30,114 feature 6 base 9041 offset 1->1 sprite 9042 absent false
[2026-10-03 23:10:54] dbg: [driver:1] OpenTT3D: retained river selector tile 30,114 feature 6 base 9041 offset 2->2 sprite 9043 absent false
[2026-10-03 23:10:54] dbg: [driver:1] OpenTT3D: retained river selector tile 30,114 feature 6 base 9041 offset 5->5 sprite 9046 absent false
[2026-10-03 23:10:54] dbg: [driver:1] OpenTT3D: retained river selector tile 30,114 feature 6 base 9041 offset 11->11 sprite 9052 absent false
[2026-10-03 23:10:54] dbg: [driver:1] OpenTT3D: retained river selector tile 83,114 feature 5 base 8426 offset 0->0 sprite 8426 absent false
[2026-10-03 23:10:54] dbg: [driver:1] OpenTT3D: retained river selector tile 83,114 feature 6 base 9041 offset 0->0 sprite 9041 absent false
[2026-10-03 23:10:54] dbg: [driver:1] OpenTT3D: retained river selector tile 83,114 feature 6 base 9041 offset 2->2 sprite 9043 absent false
[2026-10-03 23:10:54] dbg: [driver:1] OpenTT3D: retained river selector tile 29,115 feature 5 base 8456 offset 0->0 sprite 8456 absent false
[2026-10-03 23:10:54] dbg: [driver:1] OpenTT3D: retained river selector tile 29,115 feature 6 base 9041 offset 0->0 sprite 9041 absent false
[2026-10-03 23:10:54] dbg: [driver:1] OpenTT3D: retained river selector tile 29,115 feature 6 base 9041 offset 2->2 sprite 9043 absent false
[2026-10-03 23:10:54] dbg: [driver:1] OpenTT3D: retained river selector tile 83,115 feature 5 base 8471 offset 0->0 sprite 8471 absent false
[2026-10-03 23:10:54] dbg: [driver:1] OpenTT3D: retained river selector tile 83,115 feature 6 base 9041 offset 0->0 sprite 9041 absent false
[2026-10-03 23:10:54] dbg: [driver:1] OpenTT3D: retained river selector tile 83,115 feature 6 base 9041 offset 2->2 sprite 9043 absent false
[2026-10-03 23:10:54] dbg: [driver:1] OpenTT3D: retained river selector tile 29,116 feature 5 base 8456 offset 1->1 sprite 8457 absent false
[2026-10-03 23:10:54] dbg: [driver:1] OpenTT3D: retained live water source tile 29,116 role ground sprite 8457 at original height 8
[2026-10-03 23:10:54] dbg: [driver:1] OpenTT3D: retained river selector tile 29,116 feature 6 base 9041 offset 12->12 sprite 9053 absent false
[2026-10-03 23:10:54] dbg: [driver:1] OpenTT3D: retained live water source tile 29,116 role ground sprite 9053 at original height 8
[2026-10-03 23:10:54] dbg: [driver:1] OpenTT3D: retained river selector tile 29,116 feature 6 base 9041 offset 14->14 sprite 9055 absent false
[2026-10-03 23:10:54] dbg: [driver:1] OpenTT3D: retained live water source tile 29,116 role ground sprite 9055 at original height 8
[2026-10-03 23:10:54] dbg: [driver:1] OpenTT3D: retained river selector tile 83,116 feature 5 base 8491 offset 0->0 sprite 8491 absent false
[2026-10-03 23:10:54] dbg: [driver:1] OpenTT3D: retained river selector tile 83,116 feature 6 base 9041 offset 0->0 sprite 9041 absent false
[2026-10-03 23:10:54] dbg: [driver:1] OpenTT3D: retained river selector tile 83,116 feature 6 base 9041 offset 1->1 sprite 9042 absent false
[2026-10-03 23:10:54] dbg: [driver:1] OpenTT3D: retained river selector tile 83,116 feature 6 base 9041 offset 4->4 sprite 9045 absent false
[2026-10-03 23:10:54] dbg: [driver:1] OpenTT3D: retained river selector tile 83,116 feature 6 base 9041 offset 10->10 sprite 9051 absent false
[2026-10-03 23:10:54] dbg: [driver:1] OpenTT3D: retained river selector tile 84,116 feature 5 base 8451 offset 0->0 sprite 8451 absent false
[2026-10-03 23:10:54] dbg: [driver:1] OpenTT3D: retained river selector tile 84,116 feature 6 base 9041 offset 2->2 sprite 9043 absent false
[2026-10-03 23:10:54] dbg: [driver:1] OpenTT3D: retained river selector tile 84,116 feature 6 base 9041 offset 3->3 sprite 9044 absent false
[2026-10-03 23:10:54] dbg: [driver:1] OpenTT3D: retained river selector tile 84,116 feature 6 base 9041 offset 8->8 sprite 9049 absent false
[2026-10-03 23:10:54] dbg: [driver:1] OpenTT3D: retained river selector tile 84,116 feature 6 base 9041 offset 6->6 sprite 9047 absent false
[2026-10-03 23:10:54] dbg: [driver:1] OpenTT3D: retained river selector tile 29,117 feature 5 base 8431 offset 0->0 sprite 8431 absent false
[2026-10-03 23:10:54] dbg: [driver:1] OpenTT3D: retained river selector tile 29,117 feature 6 base 9041 offset 0->0 sprite 9041 absent false
[2026-10-03 23:10:54] dbg: [driver:1] OpenTT3D: retained river selector tile 29,117 feature 6 base 9041 offset 2->2 sprite 9043 absent false
[2026-10-03 23:10:54] dbg: [driver:1] OpenTT3D: retained river selector tile 84,117 feature 5 base 8496 offset 0->0 sprite 8496 absent false
[2026-10-03 23:10:54] dbg: [driver:1] OpenTT3D: retained river selector tile 84,117 feature 6 base 9041 offset 0->0 sprite 9041 absent false
[2026-10-03 23:10:54] dbg: [driver:1] OpenTT3D: retained river selector tile 84,117 feature 6 base 9041 offset 2->2 sprite 9043 absent false
[2026-10-03 23:10:54] dbg: [driver:1] OpenTT3D: retained river selector tile 29,118 feature 5 base 8496 offset 0->0 sprite 8496 absent false
[2026-10-03 23:10:54] dbg: [driver:1] OpenTT3D: retained river selector tile 29,118 feature 6 base 9041 offset 0->0 sprite 9041 absent false
[2026-10-03 23:10:54] dbg: [driver:1] OpenTT3D: retained river selector tile 29,118 feature 6 base 9041 offset 2->2 sprite 9043 absent false
[2026-10-03 23:10:54] dbg: [driver:1] OpenTT3D: retained river selector tile 83,118 feature 5 base 8441 offset 0->0 sprite 8441 absent false
[2026-10-03 23:10:54] dbg: [driver:1] OpenTT3D: retained river selector tile 83,118 feature 6 base 9041 offset 0->0 sprite 9041 absent false
[2026-10-03 23:10:54] dbg: [driver:1] OpenTT3D: retained river selector tile 83,118 feature 6 base 9041 offset 3->3 sprite 9044 absent false
[2026-10-03 23:10:54] dbg: [driver:1] OpenTT3D: retained river selector tile 83,118 feature 6 base 9041 offset 9->9 sprite 9050 absent false
[2026-10-03 23:10:54] dbg: [driver:1] OpenTT3D: retained river selector tile 83,118 feature 6 base 9041 offset 7->7 sprite 9048 absent false
[2026-10-03 23:10:54] dbg: [driver:1] OpenTT3D: retained river selector tile 84,118 feature 5 base 8436 offset 0->0 sprite 8436 absent false
[2026-10-03 23:10:54] dbg: [driver:1] OpenTT3D: retained river selector tile 84,118 feature 6 base 9041 offset 1->1 sprite 9042 absent false
[2026-10-03 23:10:54] dbg: [driver:1] OpenTT3D: retained river selector tile 84,118 feature 6 base 9041 offset 2->2 sprite 9043 absent false
[2026-10-03 23:10:54] dbg: [driver:1] OpenTT3D: retained river selector tile 84,118 feature 6 base 9041 offset 5->5 sprite 9046 absent false
[2026-10-03 23:10:54] dbg: [driver:1] OpenTT3D: retained river selector tile 84,118 feature 6 base 9041 offset 11->11 sprite 9052 absent false
[2026-10-03 23:10:54] dbg: [driver:1] OpenTT3D: retained river selector tile 29,119 feature 5 base 8451 offset 1->1 sprite 8452 absent false
[2026-10-03 23:10:54] dbg: [driver:1] OpenTT3D: retained live water source tile 29,119 role ground sprite 8452 at original height 16
[2026-10-03 23:10:54] dbg: [driver:1] OpenTT3D: retained river selector tile 29,119 feature 6 base 9041 offset 12->12 sprite 9053 absent false
[2026-10-03 23:10:54] dbg: [driver:1] OpenTT3D: retained live water source tile 29,119 role ground sprite 9053 at original height 16
[2026-10-03 23:10:54] dbg: [driver:1] OpenTT3D: retained river selector tile 29,119 feature 6 base 9041 offset 14->14 sprite 9055 absent false
[2026-10-03 23:10:54] dbg: [driver:1] OpenTT3D: retained live water source tile 29,119 role ground sprite 9055 at original height 16
[2026-10-03 23:10:54] dbg: [driver:1] OpenTT3D: retained river selector tile 82,119 feature 5 base 8481 offset 0->0 sprite 8481 absent false
[2026-10-03 23:10:54] dbg: [driver:1] OpenTT3D: retained river selector tile 82,119 feature 6 base 9041 offset 0->0 sprite 9041 absent false
[2026-10-03 23:10:54] dbg: [driver:1] OpenTT3D: retained river selector tile 82,119 feature 6 base 9041 offset 3->3 sprite 9044 absent false
[2026-10-03 23:10:54] dbg: [driver:1] OpenTT3D: retained river selector tile 82,119 feature 6 base 9041 offset 9->9 sprite 9050 absent false
[2026-10-03 23:10:54] dbg: [driver:1] OpenTT3D: retained river selector tile 82,119 feature 6 base 9041 offset 7->7 sprite 9048 absent false
[2026-10-03 23:10:54] dbg: [driver:1] OpenTT3D: retained river selector tile 83,119 feature 5 base 8446 offset 0->0 sprite 8446 absent false
[2026-10-03 23:10:54] dbg: [driver:1] OpenTT3D: retained river selector tile 83,119 feature 6 base 9041 offset 1->1 sprite 9042 absent false
[2026-10-03 23:10:54] dbg: [driver:1] OpenTT3D: retained river selector tile 83,119 feature 6 base 9041 offset 2->2 sprite 9043 absent false
[2026-10-03 23:10:54] dbg: [driver:1] OpenTT3D: retained river selector tile 83,119 feature 6 base 9041 offset 5->5 sprite 9046 absent false
[2026-10-03 23:10:54] dbg: [driver:1] OpenTT3D: retained river selector tile 83,119 feature 6 base 9041 offset 11->11 sprite 9052 absent false
[2026-10-03 23:10:54] dbg: [driver:1] OpenTT3D: retained river selector tile 29,120 feature 5 base 8491 offset 0->0 sprite 8491 absent false
[2026-10-03 23:10:54] dbg: [driver:1] OpenTT3D: retained river selector tile 29,120 feature 6 base 9041 offset 0->0 sprite 9041 absent false
[2026-10-03 23:10:54] dbg: [driver:1] OpenTT3D: retained river selector tile 29,120 feature 6 base 9041 offset 2->2 sprite 9043 absent false
[2026-10-03 23:10:54] dbg: [driver:1] OpenTT3D: retained river selector tile 82,120 feature 5 base 8441 offset 0->0 sprite 8441 absent false
[2026-10-03 23:10:54] dbg: [driver:1] OpenTT3D: retained river selector tile 82,120 feature 6 base 9041 offset 0->0 sprite 9041 absent false
[2026-10-03 23:10:54] dbg: [driver:1] OpenTT3D: retained river selector tile 82,120 feature 6 base 9041 offset 2->2 sprite 9043 absent false
[2026-10-03 23:10:54] dbg: [driver:1] OpenTT3D: retained river selector tile 29,121 feature 5 base 8471 offset 0->0 sprite 8471 absent false
[2026-10-03 23:10:54] dbg: [driver:1] OpenTT3D: retained river selector tile 29,121 feature 6 base 9041 offset 0->0 sprite 9041 absent false
[2026-10-03 23:10:54] dbg: [driver:1] OpenTT3D: retained river selector tile 29,121 feature 6 base 9041 offset 1->1 sprite 9042 absent false
[2026-10-03 23:10:54] dbg: [driver:1] OpenTT3D: retained river selector tile 29,121 feature 6 base 9041 offset 2->2 sprite 9043 absent false
[2026-10-03 23:10:54] dbg: [driver:1] OpenTT3D: retained river selector tile 29,121 feature 6 base 9041 offset 4->4 sprite 9045 absent false
[2026-10-03 23:10:54] dbg: [driver:1] OpenTT3D: retained river selector tile 29,121 feature 6 base 9041 offset 5->5 sprite 9046 absent false
[2026-10-03 23:10:54] dbg: [driver:1] OpenTT3D: retained river selector tile 82,121 feature 5 base 8476 offset 0->0 sprite 8476 absent false
[2026-10-03 23:10:54] dbg: [driver:1] OpenTT3D: retained river selector tile 82,121 feature 6 base 9041 offset 0->0 sprite 9041 absent false
[2026-10-03 23:10:54] dbg: [driver:1] OpenTT3D: retained river selector tile 82,121 feature 6 base 9041 offset 2->2 sprite 9043 absent false
[2026-10-03 23:10:54] dbg: [driver:1] OpenTT3D: retained river selector tile 60,122 feature 5 base 8466 offset 0->0 sprite 8466 absent false
[2026-10-03 23:10:54] dbg: [driver:1] OpenTT3D: retained river selector tile 60,122 feature 6 base 9041 offset 0->0 sprite 9041 absent false
[2026-10-03 23:10:54] dbg: [driver:1] OpenTT3D: retained river selector tile 60,122 feature 6 base 9041 offset 2->2 sprite 9043 absent false
[2026-10-03 23:10:54] dbg: [driver:1] OpenTT3D: retained river selector tile 60,122 feature 6 base 9041 offset 3->3 sprite 9044 absent false
[2026-10-03 23:10:54] dbg: [driver:1] OpenTT3D: retained river selector tile 60,122 feature 6 base 9041 offset 6->6 sprite 9047 absent false
[2026-10-03 23:10:54] dbg: [driver:1] OpenTT3D: retained river selector tile 60,122 feature 6 base 9041 offset 7->7 sprite 9048 absent false
[2026-10-03 23:10:54] dbg: [driver:1] OpenTT3D: retained river selector tile 82,122 feature 5 base 8441 offset 0->0 sprite 8441 absent false
[2026-10-03 23:10:54] dbg: [driver:1] OpenTT3D: retained river selector tile 82,122 feature 6 base 9041 offset 0->0 sprite 9041 absent false
[2026-10-03 23:10:54] dbg: [driver:1] OpenTT3D: retained river selector tile 82,122 feature 6 base 9041 offset 2->2 sprite 9043 absent false
[2026-10-03 23:10:54] dbg: [driver:1] OpenTT3D: retained river selector tile 60,123 feature 5 base 8471 offset 0->0 sprite 8471 absent false
[2026-10-03 23:10:54] dbg: [driver:1] OpenTT3D: retained river selector tile 60,123 feature 6 base 9041 offset 0->0 sprite 9041 absent false
[2026-10-03 23:10:54] dbg: [driver:1] OpenTT3D: retained river selector tile 60,123 feature 6 base 9041 offset 1->1 sprite 9042 absent false
[2026-10-03 23:10:54] dbg: [driver:1] OpenTT3D: retained river selector tile 60,123 feature 6 base 9041 offset 4->4 sprite 9045 absent false
[2026-10-03 23:10:54] dbg: [driver:1] OpenTT3D: retained river selector tile 60,123 feature 6 base 9041 offset 10->10 sprite 9051 absent false
[2026-10-03 23:10:54] dbg: [driver:1] OpenTT3D: retained river selector tile 61,123 feature 5 base 8426 offset 0->0 sprite 8426 absent false
[2026-10-03 23:10:54] dbg: [driver:1] OpenTT3D: retained river selector tile 61,123 feature 6 base 9041 offset 2->2 sprite 9043 absent false
[2026-10-03 23:10:54] dbg: [driver:1] OpenTT3D: retained river selector tile 61,123 feature 6 base 9041 offset 3->3 sprite 9044 absent false
[2026-10-03 23:10:54] dbg: [driver:1] OpenTT3D: retained river selector tile 61,123 feature 6 base 9041 offset 8->8 sprite 9049 absent false
[2026-10-03 23:10:54] dbg: [driver:1] OpenTT3D: retained river selector tile 61,123 feature 6 base 9041 offset 6->6 sprite 9047 absent false
[2026-10-03 23:10:54] dbg: [driver:1] OpenTT3D: retained river selector tile 71,123 feature 5 base 8476 offset 0->0 sprite 8476 absent false
[2026-10-03 23:10:54] dbg: [driver:1] OpenTT3D: retained river selector tile 71,123 feature 6 base 9041 offset 0->0 sprite 9041 absent false
[2026-10-03 23:10:54] dbg: [driver:1] OpenTT3D: retained river selector tile 71,123 feature 6 base 9041 offset 3->3 sprite 9044 absent false
[2026-10-03 23:10:54] dbg: [driver:1] OpenTT3D: retained river selector tile 71,123 feature 6 base 9041 offset 9->9 sprite 9050 absent false
[2026-10-03 23:10:54] dbg: [driver:1] OpenTT3D: retained river selector tile 71,123 feature 6 base 9041 offset 7->7 sprite 9048 absent false
[2026-10-03 23:10:54] dbg: [driver:1] OpenTT3D: retained river selector tile 72,123 feature 5 base 8426 offset 0->0 sprite 8426 absent false
[2026-10-03 23:10:54] dbg: [driver:1] OpenTT3D: retained river selector tile 72,123 feature 6 base 9041 offset 1->1 sprite 9042 absent false
[2026-10-03 23:10:54] dbg: [driver:1] OpenTT3D: retained river selector tile 72,123 feature 6 base 9041 offset 3->3 sprite 9044 absent false
[2026-10-03 23:10:54] dbg: [driver:1] OpenTT3D: retained river selector tile 73,123 feature 5 base 8451 offset 0->0 sprite 8451 absent false
[2026-10-03 23:10:54] dbg: [driver:1] OpenTT3D: retained river selector tile 73,123 feature 6 base 9041 offset 1->1 sprite 9042 absent false
[2026-10-03 23:10:54] dbg: [driver:1] OpenTT3D: retained river selector tile 73,123 feature 6 base 9041 offset 3->3 sprite 9044 absent false
[2026-10-03 23:10:54] dbg: [driver:1] OpenTT3D: retained river selector tile 74,123 feature 5 base 8446 offset 0->0 sprite 8446 absent false
[2026-10-03 23:10:54] dbg: [driver:1] OpenTT3D: retained river selector tile 74,123 feature 6 base 9041 offset 1->1 sprite 9042 absent false
[2026-10-03 23:10:54] dbg: [driver:1] OpenTT3D: retained river selector tile 74,123 feature 6 base 9041 offset 3->3 sprite 9044 absent false
[2026-10-03 23:10:54] dbg: [driver:1] OpenTT3D: retained river selector tile 75,123 feature 5 base 8476 offset 0->0 sprite 8476 absent false
[2026-10-03 23:10:54] dbg: [driver:1] OpenTT3D: retained river selector tile 75,123 feature 6 base 9041 offset 1->1 sprite 9042 absent false
[2026-10-03 23:10:54] dbg: [driver:1] OpenTT3D: retained river selector tile 75,123 feature 6 base 9041 offset 3->3 sprite 9044 absent false
[2026-10-03 23:10:54] dbg: [driver:1] OpenTT3D: retained river selector tile 76,123 feature 5 base 8466 offset 0->0 sprite 8466 absent false
[2026-10-03 23:10:54] dbg: [driver:1] OpenTT3D: retained river selector tile 76,123 feature 6 base 9041 offset 1->1 sprite 9042 absent false
[2026-10-03 23:10:54] dbg: [driver:1] OpenTT3D: retained river selector tile 76,123 feature 6 base 9041 offset 3->3 sprite 9044 absent false
[2026-10-03 23:10:54] dbg: [driver:1] OpenTT3D: retained river selector tile 77,123 feature 5 base 8471 offset 0->0 sprite 8471 absent false
[2026-10-03 23:10:54] dbg: [driver:1] OpenTT3D: retained river selector tile 77,123 feature 6 base 9041 offset 1->1 sprite 9042 absent false
[2026-10-03 23:10:55] dbg: [driver:1] OpenTT3D: retained river selector tile 77,123 feature 6 base 9041 offset 3->3 sprite 9044 absent false
[2026-10-03 23:10:55] dbg: [driver:1] OpenTT3D: retained river selector tile 78,123 feature 5 base 8436 offset 0->0 sprite 8436 absent false
[2026-10-03 23:10:55] dbg: [driver:1] OpenTT3D: retained river selector tile 78,123 feature 6 base 9041 offset 1->1 sprite 9042 absent false
[2026-10-03 23:10:55] dbg: [driver:1] OpenTT3D: retained river selector tile 78,123 feature 6 base 9041 offset 3->3 sprite 9044 absent false
[2026-10-03 23:10:55] dbg: [driver:1] OpenTT3D: retained river selector tile 79,123 feature 5 base 8461 offset 0->0 sprite 8461 absent false
[2026-10-03 23:10:55] dbg: [driver:1] OpenTT3D: retained river selector tile 79,123 feature 6 base 9041 offset 1->1 sprite 9042 absent false
[2026-10-03 23:10:55] dbg: [driver:1] OpenTT3D: retained river selector tile 79,123 feature 6 base 9041 offset 3->3 sprite 9044 absent false
[2026-10-03 23:10:55] dbg: [driver:1] OpenTT3D: retained river selector tile 80,123 feature 5 base 8461 offset 0->0 sprite 8461 absent false
[2026-10-03 23:10:55] dbg: [driver:1] OpenTT3D: retained river selector tile 80,123 feature 6 base 9041 offset 3->3 sprite 9044 absent false
[2026-10-03 23:10:55] dbg: [driver:1] OpenTT3D: retained river selector tile 80,123 feature 6 base 9041 offset 8->8 sprite 9049 absent false
[2026-10-03 23:10:55] dbg: [driver:1] OpenTT3D: retained river selector tile 81,123 feature 5 base 8456 offset 0->0 sprite 8456 absent false
[2026-10-03 23:10:55] dbg: [driver:1] OpenTT3D: retained river selector tile 81,123 feature 6 base 9041 offset 3->3 sprite 9044 absent false
[2026-10-03 23:10:55] dbg: [driver:1] OpenTT3D: retained river selector tile 82,123 feature 5 base 8456 offset 0->0 sprite 8456 absent false
[2026-10-03 23:10:55] dbg: [driver:1] OpenTT3D: retained river selector tile 82,123 feature 6 base 9041 offset 10->10 sprite 9051 absent false
[2026-10-03 23:10:55] dbg: [driver:1] OpenTT3D: retained river selector tile 82,123 feature 6 base 9041 offset 11->11 sprite 9052 absent false
[2026-10-03 23:10:55] dbg: [driver:1] OpenTT3D: retained river selector tile 83,123 feature 5 base 8451 offset 2->2 sprite 8453 absent false
[2026-10-03 23:10:55] dbg: [driver:1] OpenTT3D: retained live water source tile 83,123 role ground sprite 8453 at original height 0
[2026-10-03 23:10:55] dbg: [driver:1] OpenTT3D: retained river selector tile 83,123 feature 6 base 8981 offset 27->27 sprite 9008 absent false
[2026-10-03 23:10:55] dbg: [driver:1] OpenTT3D: retained live water source tile 83,123 role ground sprite 9008 at original height 0
[2026-10-03 23:10:55] dbg: [driver:1] OpenTT3D: retained river selector tile 61,124 feature 5 base 8426 offset 0->0 sprite 8426 absent false
[2026-10-03 23:10:55] dbg: [driver:1] OpenTT3D: retained river selector tile 61,124 feature 6 base 9041 offset 0->0 sprite 9041 absent false
[2026-10-03 23:10:55] dbg: [driver:1] OpenTT3D: retained river selector tile 61,124 feature 6 base 9041 offset 2->2 sprite 9043 absent false
[2026-10-03 23:10:55] dbg: [driver:1] OpenTT3D: retained river selector tile 64,124 feature 5 base 8426 offset 0->0 sprite 8426 absent false
[2026-10-03 23:10:55] dbg: [driver:1] OpenTT3D: retained river selector tile 64,124 feature 6 base 9041 offset 0->0 sprite 9041 absent false
[2026-10-03 23:10:55] dbg: [driver:1] OpenTT3D: retained river selector tile 64,124 feature 6 base 9041 offset 3->3 sprite 9044 absent false
[2026-10-03 23:10:55] dbg: [driver:1] OpenTT3D: retained river selector tile 64,124 feature 6 base 9041 offset 9->9 sprite 9050 absent false
[2026-10-03 23:10:55] dbg: [driver:1] OpenTT3D: retained river selector tile 64,124 feature 6 base 9041 offset 7->7 sprite 9048 absent false
[2026-10-03 23:10:55] dbg: [driver:1] OpenTT3D: retained river selector tile 65,124 feature 5 base 8496 offset 0->0 sprite 8496 absent false
[2026-10-03 23:10:55] dbg: [driver:1] OpenTT3D: retained river selector tile 65,124 feature 6 base 9041 offset 1->1 sprite 9042 absent false
[2026-10-03 23:10:55] dbg: [driver:1] OpenTT3D: retained river selector tile 65,124 feature 6 base 9041 offset 3->3 sprite 9044 absent false
[2026-10-03 23:10:55] dbg: [driver:1] OpenTT3D: retained river selector tile 66,124 feature 5 base 8486 offset 0->0 sprite 8486 absent false
[2026-10-03 23:10:55] dbg: [driver:1] OpenTT3D: retained river selector tile 66,124 feature 6 base 9041 offset 1->1 sprite 9042 absent false
[2026-10-03 23:10:55] dbg: [driver:1] OpenTT3D: retained river selector tile 66,124 feature 6 base 9041 offset 3->3 sprite 9044 absent false
[2026-10-03 23:10:55] dbg: [driver:1] OpenTT3D: retained river selector tile 67,124 feature 5 base 8476 offset 0->0 sprite 8476 absent false
[2026-10-03 23:10:55] dbg: [driver:1] OpenTT3D: retained river selector tile 67,124 feature 6 base 9041 offset 1->1 sprite 9042 absent false
[2026-10-03 23:10:55] dbg: [driver:1] OpenTT3D: retained river selector tile 67,124 feature 6 base 9041 offset 3->3 sprite 9044 absent false
[2026-10-03 23:10:55] dbg: [driver:1] OpenTT3D: retained river selector tile 68,124 feature 5 base 8431 offset 0->0 sprite 8431 absent false
[2026-10-03 23:10:55] dbg: [driver:1] OpenTT3D: retained river selector tile 68,124 feature 6 base 9041 offset 1->1 sprite 9042 absent false
[2026-10-03 23:10:55] dbg: [driver:1] OpenTT3D: retained river selector tile 68,124 feature 6 base 9041 offset 3->3 sprite 9044 absent false
[2026-10-03 23:10:55] dbg: [driver:1] OpenTT3D: retained river selector tile 69,124 feature 5 base 8436 offset 0->0 sprite 8436 absent false
[2026-10-03 23:10:55] dbg: [driver:1] OpenTT3D: retained river selector tile 69,124 feature 6 base 9041 offset 1->1 sprite 9042 absent false
[2026-10-03 23:10:55] dbg: [driver:1] OpenTT3D: retained river selector tile 69,124 feature 6 base 9041 offset 3->3 sprite 9044 absent false
[2026-10-03 23:10:55] dbg: [driver:1] OpenTT3D: retained river selector tile 70,124 feature 5 base 8466 offset 0->0 sprite 8466 absent false
[2026-10-03 23:10:55] dbg: [driver:1] OpenTT3D: retained river selector tile 70,124 feature 6 base 9041 offset 1->1 sprite 9042 absent false
[2026-10-03 23:10:55] dbg: [driver:1] OpenTT3D: retained river selector tile 70,124 feature 6 base 9041 offset 3->3 sprite 9044 absent false
[2026-10-03 23:10:55] dbg: [driver:1] OpenTT3D: retained river selector tile 71,124 feature 5 base 8421 offset 0->0 sprite 8421 absent false
[2026-10-03 23:10:55] dbg: [driver:1] OpenTT3D: retained river selector tile 71,124 feature 6 base 9041 offset 1->1 sprite 9042 absent false
[2026-10-03 23:10:55] dbg: [driver:1] OpenTT3D: retained river selector tile 71,124 feature 6 base 9041 offset 2->2 sprite 9043 absent false
[2026-10-03 23:10:55] dbg: [driver:1] OpenTT3D: retained river selector tile 71,124 feature 6 base 9041 offset 5->5 sprite 9046 absent false
[2026-10-03 23:10:55] dbg: [driver:1] OpenTT3D: retained river selector tile 71,124 feature 6 base 9041 offset 11->11 sprite 9052 absent false
[2026-10-03 23:10:55] dbg: [driver:1] OpenTT3D: retained river selector tile 80,124 feature 5 base 8481 offset 0->0 sprite 8481 absent false
[2026-10-03 23:10:55] dbg: [driver:1] OpenTT3D: retained river selector tile 80,124 feature 6 base 9041 offset 0->0 sprite 9041 absent false
[2026-10-03 23:10:55] dbg: [driver:1] OpenTT3D: retained river selector tile 80,124 feature 6 base 9041 offset 1->1 sprite 9042 absent false
[2026-10-03 23:10:55] dbg: [driver:1] OpenTT3D: retained river selector tile 80,124 feature 6 base 9041 offset 4->4 sprite 9045 absent false
[2026-10-03 23:10:55] dbg: [driver:1] OpenTT3D: retained river selector tile 81,124 feature 5 base 8461 offset 0->0 sprite 8461 absent false
[2026-10-03 23:10:55] dbg: [driver:1] OpenTT3D: retained river selector tile 81,124 feature 6 base 9041 offset 1->1 sprite 9042 absent false
[2026-10-03 23:10:55] dbg: [driver:1] OpenTT3D: retained river selector tile 82,124 feature 5 base 8441 offset 0->0 sprite 8441 absent false
[2026-10-03 23:10:55] dbg: [driver:1] OpenTT3D: retained river selector tile 82,124 feature 6 base 9041 offset 8->8 sprite 9049 absent false
[2026-10-03 23:10:55] dbg: [driver:1] OpenTT3D: retained river selector tile 83,124 feature 5 base 8451 offset 2->2 sprite 8453 absent false
[2026-10-03 23:10:55] dbg: [driver:1] OpenTT3D: retained live water source tile 83,124 role ground sprite 8453 at original height 0
[2026-10-03 23:10:55] dbg: [driver:1] OpenTT3D: retained river selector tile 61,125 feature 5 base 8456 offset 0->0 sprite 8456 absent false
[2026-10-03 23:10:55] dbg: [driver:1] OpenTT3D: retained river selector tile 61,125 feature 6 base 9041 offset 0->0 sprite 9041 absent false
[2026-10-03 23:10:55] dbg: [driver:1] OpenTT3D: retained river selector tile 61,125 feature 6 base 9041 offset 1->1 sprite 9042 absent false
[2026-10-03 23:10:55] dbg: [driver:1] OpenTT3D: retained river selector tile 61,125 feature 6 base 9041 offset 4->4 sprite 9045 absent false
[2026-10-03 23:10:55] dbg: [driver:1] OpenTT3D: retained river selector tile 61,125 feature 6 base 9041 offset 10->10 sprite 9051 absent false
[2026-10-03 23:10:55] dbg: [driver:1] OpenTT3D: retained river selector tile 62,125 feature 5 base 8451 offset 0->0 sprite 8451 absent false
[2026-10-03 23:10:55] dbg: [driver:1] OpenTT3D: retained river selector tile 62,125 feature 6 base 9041 offset 1->1 sprite 9042 absent false
[2026-10-03 23:10:55] dbg: [driver:1] OpenTT3D: retained river selector tile 62,125 feature 6 base 9041 offset 3->3 sprite 9044 absent false
[2026-10-03 23:10:55] dbg: [driver:1] OpenTT3D: retained river selector tile 63,125 feature 5 base 8421 offset 0->0 sprite 8421 absent false
[2026-10-03 23:10:55] dbg: [driver:1] OpenTT3D: retained river selector tile 63,125 feature 6 base 9041 offset 1->1 sprite 9042 absent false
[2026-10-03 23:10:55] dbg: [driver:1] OpenTT3D: retained river selector tile 63,125 feature 6 base 9041 offset 3->3 sprite 9044 absent false
[2026-10-03 23:10:55] dbg: [driver:1] OpenTT3D: retained river selector tile 64,125 feature 5 base 8436 offset 0->0 sprite 8436 absent false
[2026-10-03 23:10:55] dbg: [driver:1] OpenTT3D: retained river selector tile 64,125 feature 6 base 9041 offset 1->1 sprite 9042 absent false
[2026-10-03 23:10:55] dbg: [driver:1] OpenTT3D: retained river selector tile 64,125 feature 6 base 9041 offset 2->2 sprite 9043 absent false
[2026-10-03 23:10:55] dbg: [driver:1] OpenTT3D: retained river selector tile 64,125 feature 6 base 9041 offset 5->5 sprite 9046 absent false
[2026-10-03 23:10:55] dbg: [driver:1] OpenTT3D: retained river selector tile 64,125 feature 6 base 9041 offset 11->11 sprite 9052 absent false
[2026-10-03 23:10:55] dbg: [driver:1] OpenTT3D: retained river selector tile 82,125 feature 5 base 8496 offset 0->0 sprite 8496 absent false
[2026-10-03 23:10:55] dbg: [driver:1] OpenTT3D: retained river selector tile 82,125 feature 6 base 9041 offset 0->0 sprite 9041 absent false
[2026-10-03 23:10:55] dbg: [driver:1] OpenTT3D: retained river selector tile 82,125 feature 6 base 9041 offset 1->1 sprite 9042 absent false
[2026-10-03 23:10:55] dbg: [driver:1] OpenTT3D: retained river selector tile 82,125 feature 6 base 9041 offset 4->4 sprite 9045 absent false
[2026-10-03 23:10:55] dbg: [driver:1] OpenTT3D: retained river selector tile 83,125 feature 5 base 8481 offset 2->2 sprite 8483 absent false
[2026-10-03 23:10:55] dbg: [driver:1] OpenTT3D: retained live water source tile 83,125 role ground sprite 8483 at original height 0
[2026-10-03 23:10:55] dbg: [driver:1] OpenTT3D: retained river selector tile 83,125 feature 6 base 8981 offset 25->25 sprite 9006 absent false
[2026-10-03 23:10:55] dbg: [driver:1] OpenTT3D: retained live water source tile 83,125 role ground sprite 9006 at original height 0
[2026-10-03 23:10:55] dbg: [driver:1] OpenTT3D: whole-world atlas relocation preserves 1228800 exact RGBA/picking pixels across repack, clear and forced row relocation
[2026-10-03 23:10:55] dbg: [driver:1] OpenTT3D: captured Vulkan presentation with 1 GPU viewport regions
