[2026-10-03 17:08:18] dbg: [driver:1] Successfully loaded blitter '32bpp-optimized'
[2026-10-03 17:08:18] dbg: [driver:1] OpenTT3D: Cocoa process 44003
[2026-10-03 17:08:18] dbg: [driver:1] OpenGL driver: Apple - Apple M3 Pro (4.1 Metal - 90.5)
[2026-10-03 17:08:18] dbg: [driver:2] OpenGL shading language version: 4.10, texture units = 80
[2026-10-03 17:08:18] dbg: [driver:1] Successfully loaded video driver 'cocoa-opengl'
[2026-10-03 17:08:18] dbg: [driver:1] Successfully loaded sound driver 'null'
[2026-10-03 17:08:18] dbg: [driver:1] Successfully loaded music driver 'null'
[2026-10-03 17:08:18] dbg: [driver:1] OpenTT3D: background Cocoa window active=false, key=false, visible=false, policy=2
[2026-10-03 17:08:18] dbg: [driver:1] using thread for game-loop
[2026-10-03 17:08:18] dbg: [driver:1] OpenTT3D: loaded 62 profiles from opentt3d-trees.json
[2026-10-03 17:08:29] dbg: [driver:1] OpenTT3D: loaded 1831 authored voxel models, 17420235 occupied cells, 12070638 exposed cell faces merged to 2656043 conforming rectangles / 20271120 triangles
[2026-10-03 17:08:29] dbg: [driver:1] OpenTT3D: retained lossless voxel sources use 36385568 bytes instead of 1727438004 dense cell bytes, with one shared palette
[2026-10-03 17:08:29] dbg: [driver:1] OpenTT3D: CPU voxel surfaces retain 1066079056 bytes under a scene-pinned soft budget, including 185267056 exact restoration bytes
[2026-10-03 17:08:30] dbg: [driver:1] OpenTT3D: live voxel house ground 84 construction stage 3 captured at 49,33
[2026-10-03 17:08:30] dbg: [driver:1] OpenTT3D: live voxel house ground 84 construction stage 3 variant 0 captured
[2026-10-03 17:08:30] dbg: [driver:1] OpenTT3D: live voxel house 84 construction stage 3 captured at 49,33
[2026-10-03 17:08:30] dbg: [driver:1] OpenTT3D: live voxel house 84 construction stage 3 variant 0 captured
[2026-10-03 17:08:30] dbg: [driver:1] OpenTT3D: live voxel house ground 79 construction stage 3 captured at 50,33
[2026-10-03 17:08:30] dbg: [driver:1] OpenTT3D: live voxel house ground 79 construction stage 3 variant 3 captured
[2026-10-03 17:08:30] dbg: [driver:1] OpenTT3D: live voxel house 79 construction stage 3 captured at 50,33
[2026-10-03 17:08:30] dbg: [driver:1] OpenTT3D: live voxel house 79 construction stage 3 variant 3 captured
[2026-10-03 17:08:30] dbg: [driver:1] OpenTT3D: live voxel house ground 81 construction stage 3 captured at 48,34
[2026-10-03 17:08:30] dbg: [driver:1] OpenTT3D: live voxel house ground 81 construction stage 3 variant 2 captured
[2026-10-03 17:08:30] dbg: [driver:1] OpenTT3D: live voxel house 81 construction stage 3 captured at 48,34
[2026-10-03 17:08:30] dbg: [driver:1] OpenTT3D: live voxel house 81 construction stage 3 variant 2 captured
[2026-10-03 17:08:30] dbg: [driver:1] OpenTT3D: 4 slope foundations rendered with complete retaining walls
[2026-10-03 17:08:30] dbg: [driver:2] OpenTT3D: pre-existing OpenGL error before mesh pass (1286)
[2026-10-03 17:08:30] dbg: [driver:1] OpenTT3D: depth-tested mesh renderer initialized
[2026-10-03 17:08:30] dbg: [driver:1] OpenTT3D: live voxel house ground 81 construction stage 3 captured at 48,35
[2026-10-03 17:08:30] dbg: [driver:1] OpenTT3D: live voxel house ground 81 construction stage 3 variant 3 captured
[2026-10-03 17:08:30] dbg: [driver:1] OpenTT3D: live voxel house 81 construction stage 3 captured at 48,35
[2026-10-03 17:08:30] dbg: [driver:1] OpenTT3D: live voxel house 81 construction stage 3 variant 3 captured
[2026-10-03 17:08:30] dbg: [driver:1] OpenTT3D: live voxel house ground 79 construction stage 3 captured at 50,35
[2026-10-03 17:08:30] dbg: [driver:1] OpenTT3D: live voxel house ground 79 construction stage 3 variant 1 captured
[2026-10-03 17:08:30] dbg: [driver:1] OpenTT3D: live voxel house 79 construction stage 3 captured at 50,35
[2026-10-03 17:08:30] dbg: [driver:1] OpenTT3D: live voxel house 79 construction stage 3 variant 1 captured
[2026-10-03 17:08:30] dbg: [driver:1] OpenTT3D: live projected tree 1842 stage 1 captured at 46,37
[2026-10-03 17:08:30] dbg: [driver:1] OpenTT3D: live projected tree 1933 stage 3 captured at 46,37
[2026-10-03 17:08:30] dbg: [driver:1] OpenTT3D: live projected tree 1926 stage 6 captured at 47,37
[2026-10-03 17:08:30] dbg: [driver:1] OpenTT3D: live projected tree 1863 stage 3 captured at 47,37
[2026-10-03 17:08:30] dbg: [driver:1] OpenTT3D: live projected tree 1926 stage 3 captured at 45,38
[2026-10-03 17:08:30] dbg: [driver:1] OpenTT3D: live projected tree 1870 stage 2 captured at 44,40
[2026-10-03 17:08:30] dbg: [driver:1] OpenTT3D: live projected tree 1898 stage 5 captured at 46,40
[2026-10-03 17:08:30] dbg: [driver:1] OpenTT3D: 15 ground-detail tiles rendered with raised crops, hay, rocks or turf
[2026-10-03 17:08:30] dbg: [driver:1] OpenTT3D: live projected tree 1933 stage 2 captured at 51,32
[2026-10-03 17:08:30] dbg: [driver:1] OpenTT3D: live voxel house ground 80 construction stage 3 captured at 52,33
[2026-10-03 17:08:30] dbg: [driver:1] OpenTT3D: live voxel house ground 80 construction stage 3 variant 0 captured
[2026-10-03 17:08:30] dbg: [driver:1] OpenTT3D: live voxel house 80 construction stage 3 captured at 52,33
[2026-10-03 17:08:30] dbg: [driver:1] OpenTT3D: live voxel house 80 construction stage 3 variant 0 captured
[2026-10-03 17:08:30] dbg: [driver:1] OpenTT3D: live voxel house ground 80 construction stage 3 captured at 52,34
[2026-10-03 17:08:30] dbg: [driver:1] OpenTT3D: live voxel house ground 80 construction stage 3 variant 3 captured
[2026-10-03 17:08:30] dbg: [driver:1] OpenTT3D: live voxel house 80 construction stage 3 captured at 52,34
[2026-10-03 17:08:30] dbg: [driver:1] OpenTT3D: live voxel house 80 construction stage 3 variant 3 captured
[2026-10-03 17:08:30] dbg: [driver:1] OpenTT3D: live voxel house ground 82 construction stage 3 captured at 52,36
[2026-10-03 17:08:30] dbg: [driver:1] OpenTT3D: live voxel house ground 82 construction stage 3 variant 0 captured
[2026-10-03 17:08:30] dbg: [driver:1] OpenTT3D: live voxel house 82 construction stage 3 captured at 52,36
[2026-10-03 17:08:30] dbg: [driver:1] OpenTT3D: live voxel house 82 construction stage 3 variant 0 captured
[2026-10-03 17:08:30] dbg: [driver:1] OpenTT3D: live voxel house ground 89 construction stage 3 captured at 54,36
[2026-10-03 17:08:30] dbg: [driver:1] OpenTT3D: live voxel house ground 89 construction stage 3 variant 2 captured
[2026-10-03 17:08:30] dbg: [driver:1] OpenTT3D: live voxel house 89 construction stage 3 captured at 54,36
[2026-10-03 17:08:30] dbg: [driver:1] OpenTT3D: live voxel house 89 construction stage 3 variant 2 captured
[2026-10-03 17:08:30] dbg: [driver:1] OpenTT3D: live projected tree 1884 stage 1 captured at 51,29
[2026-10-03 17:08:30] dbg: [driver:1] OpenTT3D: live projected tree 1898 stage 3 captured at 49,30
[2026-10-03 17:08:30] dbg: [driver:1] OpenTT3D: live projected tree 1870 stage 6 captured at 49,30
[2026-10-03 17:08:30] dbg: [driver:1] OpenTT3D: live projected tree 1870 stage 3 captured at 49,30
[2026-10-03 17:08:30] dbg: [driver:1] OpenTT3D: live projected tree 1884 stage 3 captured at 55,30
[2026-10-03 17:08:30] dbg: [driver:1] OpenTT3D: live projected tree 1821 stage 5 captured at 55,30
[2026-10-03 17:08:30] dbg: [driver:1] OpenTT3D: 64 roof/wall pixels select their owning tile across four rotations, with independent vehicle picking
[2026-10-03 17:08:30] dbg: [driver:1] OpenTT3D: live projected tree 1870 stage 1 captured at 34,5
[2026-10-03 17:08:30] dbg: [driver:1] OpenTT3D: live projected tree 1842 stage 3 captured at 39,5
[2026-10-03 17:08:30] dbg: [driver:1] OpenTT3D: live projected tree 1870 stage 5 captured at 39,5
[2026-10-03 17:08:30] dbg: [driver:1] OpenTT3D: live projected tree 1863 stage 0 captured at 49,5
[2026-10-03 17:08:30] dbg: [driver:1] OpenTT3D: live projected tree 1835 stage 6 captured at 50,5
[2026-10-03 17:08:30] dbg: [driver:1] OpenTT3D: live projected tree 1940 stage 2 captured at 12,6
[2026-10-03 17:08:30] dbg: [driver:1] OpenTT3D: live projected tree 1863 stage 2 captured at 35,6
[2026-10-03 17:08:30] dbg: [driver:1] OpenTT3D: live projected tree 1835 stage 3 captured at 38,6
[2026-10-03 17:08:30] dbg: [driver:1] OpenTT3D: live projected tree 1842 stage 5 captured at 42,6
[2026-10-03 17:08:30] dbg: [driver:1] OpenTT3D: live projected tree 1898 stage 6 captured at 52,6
[2026-10-03 17:08:30] dbg: [driver:1] OpenTT3D: live projected tree 1898 stage 2 captured at 11,7
[2026-10-03 17:08:30] dbg: [driver:1] OpenTT3D: live projected tree 1842 stage 6 captured at 13,7
[2026-10-03 17:08:30] dbg: [driver:1] OpenTT3D: live projected tree 1842 stage 0 captured at 30,7
[2026-10-03 17:08:30] dbg: [driver:1] OpenTT3D: live projected tree 1863 stage 1 captured at 34,7
[2026-10-03 17:08:30] dbg: [driver:1] OpenTT3D: live projected tree 1849 stage 3 captured at 34,7
[2026-10-03 17:08:30] dbg: [driver:1] OpenTT3D: live projected tree 1835 stage 1 captured at 36,7
[2026-10-03 17:08:30] dbg: [driver:1] OpenTT3D: live projected tree 1877 stage 3 captured at 36,7
[2026-10-03 17:08:30] dbg: [driver:1] OpenTT3D: live projected tree 1835 stage 0 captured at 37,7
[2026-10-03 17:08:30] dbg: [driver:1] OpenTT3D: live projected tree 1926 stage 2 captured at 56,7
[2026-10-03 17:08:30] dbg: [driver:1] OpenTT3D: live projected tree 1898 stage 4 captured at 59,7
[2026-10-03 17:08:30] dbg: [driver:1] OpenTT3D: live projected tree 1933 stage 5 captured at 60,7
[2026-10-03 17:08:30] dbg: [driver:1] OpenTT3D: live projected tree 1835 stage 2 captured at 83,7
[2026-10-03 17:08:30] dbg: [driver:1] OpenTT3D: live projected tree 1870 stage 4 captured at 110,7
[2026-10-03 17:08:30] dbg: [driver:1] OpenTT3D: live projected tree 1940 stage 3 captured at 11,8
[2026-10-03 17:08:30] dbg: [driver:1] OpenTT3D: live projected tree 1926 stage 1 captured at 13,8
[2026-10-03 17:08:30] dbg: [driver:1] OpenTT3D: live projected tree 1863 stage 5 captured at 28,8
[2026-10-03 17:08:30] dbg: [driver:1] OpenTT3D: live projected tree 1940 stage 6 captured at 32,8
[2026-10-03 17:08:30] dbg: [driver:1] OpenTT3D: live projected tree 1821 stage 6 captured at 56,8
[2026-10-03 17:08:30] dbg: [driver:1] OpenTT3D: live projected tree 1940 stage 1 captured at 106,8
[2026-10-03 17:08:30] dbg: [driver:1] OpenTT3D: live projected tree 1842 stage 2 captured at 112,8
[2026-10-03 17:08:30] dbg: [driver:1] OpenTT3D: live projected tree 1926 stage 0 captured at 34,9
[2026-10-03 17:08:30] dbg: [driver:1] OpenTT3D: live projected tree 1856 stage 4 captured at 111,9
[2026-10-03 17:08:30] dbg: [driver:1] OpenTT3D: live projected tree 1849 stage 5 captured at 113,9
[2026-10-03 17:08:30] dbg: [driver:1] OpenTT3D: live projected tree 1870 stage 0 captured at 14,10
[2026-10-03 17:08:30] dbg: [driver:1] OpenTT3D: live projected tree 1933 stage 1 captured at 31,10
[2026-10-03 17:08:30] dbg: [driver:1] OpenTT3D: live projected tree 1842 stage 4 captured at 36,10
[2026-10-03 17:08:30] dbg: [driver:1] OpenTT3D: live projected tree 1905 stage 3 captured at 74,10
[2026-10-03 17:08:30] dbg: [driver:1] OpenTT3D: live projected tree 1849 stage 6 captured at 104,10
[2026-10-03 17:08:30] dbg: [driver:1] OpenTT3D: live projected tree 1821 stage 3 captured at 107,10
[2026-10-03 17:08:30] dbg: [driver:1] OpenTT3D: live projected tree 1940 stage 5 captured at 109,10
[2026-10-03 17:08:30] dbg: [driver:1] OpenTT3D: live projected tree 1905 stage 0 captured at 110,10
[2026-10-03 17:08:30] dbg: [driver:1] OpenTT3D: live projected tree 1884 stage 5 captured at 111,10
[2026-10-03 17:08:30] dbg: [driver:1] OpenTT3D: live projected tree 1828 stage 3 captured at 112,10
[2026-10-03 17:08:30] dbg: [driver:1] OpenTT3D: live projected tree 1933 stage 4 captured at 19,11
[2026-10-03 17:08:30] dbg: [driver:1] OpenTT3D: live projected tree 1891 stage 1 captured at 73,11
[2026-10-03 17:08:30] dbg: [driver:1] OpenTT3D: live projected tree 1884 stage 0 captured at 108,11
[2026-10-03 17:08:30] dbg: [driver:1] OpenTT3D: live projected tree 1905 stage 1 captured at 109,11
[2026-10-03 17:08:30] dbg: [driver:1] OpenTT3D: live projected tree 1940 stage 4 captured at 110,11
[2026-10-03 17:08:30] dbg: [driver:1] OpenTT3D: live projected tree 1884 stage 6 captured at 114,11
[2026-10-03 17:08:30] dbg: [driver:1] OpenTT3D: live projected tree 1926 stage 5 captured at 36,12
[2026-10-03 17:08:30] dbg: [driver:1] OpenTT3D: live projected tree 1884 stage 2 captured at 62,12
[2026-10-03 17:08:30] dbg: [driver:1] OpenTT3D: live projected tree 1940 stage 0 captured at 63,12
[2026-10-03 17:08:30] dbg: [driver:1] OpenTT3D: live projected tree 1821 stage 4 captured at 65,12
[2026-10-03 17:08:30] dbg: [driver:1] OpenTT3D: live projected tree 1905 stage 6 captured at 106,12
[2026-10-03 17:08:30] dbg: [driver:1] OpenTT3D: live projected tree 1821 stage 1 captured at 112,12
[2026-10-03 17:08:30] dbg: [driver:1] OpenTT3D: live projected tree 1891 stage 3 captured at 112,12
[2026-10-03 17:08:30] dbg: [driver:1] OpenTT3D: live projected tree 1828 stage 1 captured at 61,13
[2026-10-03 17:08:30] dbg: [driver:1] OpenTT3D: live projected tree 1926 stage 4 captured at 118,13
[2026-10-03 17:08:30] dbg: [driver:1] OpenTT3D: live projected tree 1828 stage 5 captured at 82,14
[2026-10-03 17:08:30] dbg: [driver:1] OpenTT3D: live projected tree 1905 stage 5 captured at 19,15
[2026-10-03 17:08:30] dbg: [driver:1] OpenTT3D: live projected tree 1891 stage 6 captured at 20,15
[2026-10-03 17:08:30] dbg: [driver:1] OpenTT3D: live projected tree 1884 stage 4 captured at 67,15
[2026-10-03 17:08:30] dbg: [driver:1] OpenTT3D: live projected tree 1891 stage 2 captured at 106,15
[2026-10-03 17:08:30] dbg: [driver:1] OpenTT3D: live projected tree 1828 stage 2 captured at 107,15
[2026-10-03 17:08:30] dbg: [driver:1] OpenTT3D: live projected tree 1828 stage 6 captured at 115,15
[2026-10-03 17:08:30] dbg: [driver:1] OpenTT3D: live projected tree 1835 stage 5 captured at 126,15
[2026-10-03 17:08:30] dbg: [driver:1] OpenTT3D: live projected tree 1863 stage 6 captured at 21,16
[2026-10-03 17:08:30] dbg: [driver:1] OpenTT3D: live projected tree 1933 stage 6 captured at 22,16
[2026-10-03 17:08:30] dbg: [driver:1] OpenTT3D: live projected tree 1912 stage 3 captured at 110,17
[2026-10-03 17:08:30] dbg: [driver:1] OpenTT3D: live projected tree 1912 stage 0 captured at 110,17
[2026-10-03 17:08:30] dbg: [driver:1] OpenTT3D: live projected tree 1912 stage 4 captured at 51,18
[2026-10-03 17:08:30] dbg: [driver:1] OpenTT3D: live projected tree 1919 stage 3 captured at 51,18
[2026-10-03 17:08:30] dbg: [driver:1] OpenTT3D: live projected tree 1912 stage 2 captured at 52,18
[2026-10-03 17:08:30] dbg: [driver:1] OpenTT3D: live projected tree 1891 stage 5 captured at 64,18
[2026-10-03 17:08:30] dbg: [driver:1] OpenTT3D: live projected tree 1905 stage 2 captured at 68,18
[2026-10-03 17:08:30] dbg: [driver:1] OpenTT3D: live projected tree 1891 stage 0 captured at 89,18
[2026-10-03 17:08:30] dbg: [driver:1] OpenTT3D: live projected tree 1912 stage 5 captured at 107,18
[2026-10-03 17:08:30] dbg: [driver:1] OpenTT3D: live projected tree 1821 stage 0 captured at 112,18
[2026-10-03 17:08:30] dbg: [driver:1] OpenTT3D: live projected tree 1905 stage 4 captured at 114,18
[2026-10-03 17:08:30] dbg: [driver:1] OpenTT3D: live projected tree 1912 stage 1 captured at 63,19
[2026-10-03 17:08:30] dbg: [driver:1] OpenTT3D: live projected tree 1863 stage 4 captured at 23,20
[2026-10-03 17:08:30] dbg: [driver:1] OpenTT3D: live projected tree 1919 stage 5 captured at 51,20
[2026-10-03 17:08:30] dbg: [driver:1] OpenTT3D: live projected tree 1912 stage 6 captured at 111,20
[2026-10-03 17:08:30] dbg: [driver:1] OpenTT3D: live projected tree 1898 stage 0 captured at 120,21
[2026-10-03 17:08:30] dbg: [driver:1] OpenTT3D: live projected tree 1919 stage 2 captured at 14,22
[2026-10-03 17:08:30] dbg: [driver:1] OpenTT3D: live projected tree 1877 stage 5 captured at 121,22
[2026-10-03 17:08:30] dbg: [driver:1] OpenTT3D: live projected tree 1821 stage 2 captured at 20,23
[2026-10-03 17:08:30] dbg: [driver:1] OpenTT3D: live projected tree 1856 stage 5 captured at 123,25
[2026-10-03 17:08:30] dbg: [driver:1] OpenTT3D: live projected tree 1828 stage 4 captured at 119,27
[2026-10-03 17:08:30] dbg: [driver:1] OpenTT3D: live projected tree 1891 stage 4 captured at 17,28
[2026-10-03 17:08:30] dbg: [driver:1] OpenTT3D: live projected tree 1877 stage 1 captured at 28,31
[2026-10-03 17:08:30] dbg: [driver:1] OpenTT3D: live projected tree 1919 stage 6 captured at 91,31
[2026-10-03 17:08:30] dbg: [driver:1] OpenTT3D: live projected tree 1898 stage 1 captured at 120,31
[2026-10-03 17:08:30] dbg: [driver:1] OpenTT3D: live projected tree 1849 stage 2 captured at 15,36
[2026-10-03 17:08:30] dbg: [driver:1] OpenTT3D: live projected tree 1856 stage 3 captured at 13,39
[2026-10-03 17:08:30] dbg: [driver:1] OpenTT3D: live projected tree 1849 stage 0 captured at 34,39
[2026-10-03 17:08:30] dbg: [driver:1] OpenTT3D: live projected tree 1877 stage 0 captured at 45,40
[2026-10-03 17:08:30] dbg: [driver:1] OpenTT3D: live voxel house ground 81 construction stage 3 captured at 51,40
[2026-10-03 17:08:30] dbg: [driver:1] OpenTT3D: live voxel house ground 81 construction stage 3 variant 1 captured
[2026-10-03 17:08:30] dbg: [driver:1] OpenTT3D: live voxel house 81 construction stage 3 captured at 51,40
[2026-10-03 17:08:30] dbg: [driver:1] OpenTT3D: live voxel house 81 construction stage 3 variant 1 captured
[2026-10-03 17:08:30] dbg: [driver:1] OpenTT3D: live projected tree 1856 stage 0 captured at 45,42
[2026-10-03 17:08:30] dbg: [driver:1] OpenTT3D: live projected tree 1877 stage 2 captured at 4,52
[2026-10-03 17:08:30] dbg: [driver:1] OpenTT3D: live projected tree 1919 stage 4 captured at 124,57
[2026-10-03 17:08:30] dbg: [driver:1] OpenTT3D: retained river selector tile 45,69 feature 5 base 8486 offset 1->1 sprite 8487 absent false
[2026-10-03 17:08:30] dbg: [driver:1] OpenTT3D: retained live water source tile 45,69 role ground sprite 8487 at original height 0
[2026-10-03 17:08:30] dbg: [driver:1] OpenTT3D: retained river selector tile 45,69 feature 6 base 8621 offset 12->12 sprite 8633 absent false
[2026-10-03 17:08:30] dbg: [driver:1] OpenTT3D: retained live water source tile 45,69 role ground sprite 8633 at original height 0
[2026-10-03 17:08:30] dbg: [driver:1] OpenTT3D: retained river selector tile 46,69 feature 5 base 8441 offset 1->1 sprite 8442 absent false
[2026-10-03 17:08:30] dbg: [driver:1] OpenTT3D: retained live water source tile 46,69 role ground sprite 8442 at original height 0
[2026-10-03 17:08:30] dbg: [driver:1] OpenTT3D: retained river selector tile 47,69 feature 5 base 8466 offset 1->1 sprite 8467 absent false
[2026-10-03 17:08:30] dbg: [driver:1] OpenTT3D: retained live water source tile 47,69 role ground sprite 8467 at original height 0
[2026-10-03 17:08:30] dbg: [driver:1] OpenTT3D: retained river selector tile 47,69 feature 6 base 8621 offset 14->14 sprite 8635 absent false
[2026-10-03 17:08:30] dbg: [driver:1] OpenTT3D: retained live water source tile 47,69 role ground sprite 8635 at original height 0
[2026-10-03 17:08:30] dbg: [driver:1] OpenTT3D: retained river selector tile 45,70 feature 5 base 8421 offset 0->0 sprite 8421 absent false
[2026-10-03 17:08:30] dbg: [driver:1] OpenTT3D: retained river selector tile 45,70 feature 6 base 8681 offset 0->0 sprite 8681 absent false
[2026-10-03 17:08:30] dbg: [driver:1] OpenTT3D: retained river selector tile 46,70 feature 5 base 8496 offset 0->0 sprite 8496 absent false
[2026-10-03 17:08:30] dbg: [driver:1] OpenTT3D: retained river selector tile 47,70 feature 5 base 8426 offset 0->0 sprite 8426 absent false
[2026-10-03 17:08:30] dbg: [driver:1] OpenTT3D: retained river selector tile 47,70 feature 6 base 8681 offset 2->2 sprite 8683 absent false
[2026-10-03 17:08:30] dbg: [driver:1] OpenTT3D: retained river selector tile 45,71 feature 5 base 8431 offset 0->0 sprite 8431 absent false
[2026-10-03 17:08:30] dbg: [driver:1] OpenTT3D: retained river selector tile 45,71 feature 6 base 8681 offset 0->0 sprite 8681 absent false
[2026-10-03 17:08:30] dbg: [driver:1] OpenTT3D: retained river selector tile 46,71 feature 5 base 8491 offset 0->0 sprite 8491 absent false
[2026-10-03 17:08:30] dbg: [driver:1] OpenTT3D: retained river selector tile 47,71 feature 5 base 8446 offset 0->0 sprite 8446 absent false
[2026-10-03 17:08:30] dbg: [driver:1] OpenTT3D: retained river selector tile 47,71 feature 6 base 8681 offset 10->10 sprite 8691 absent false
[2026-10-03 17:08:30] dbg: [driver:1] OpenTT3D: retained river selector tile 48,71 feature 5 base 8476 offset 0->0 sprite 8476 absent false
[2026-10-03 17:08:30] dbg: [driver:1] OpenTT3D: retained river selector tile 48,71 feature 6 base 8681 offset 2->2 sprite 8683 absent false
[2026-10-03 17:08:30] dbg: [driver:1] OpenTT3D: retained river selector tile 48,71 feature 6 base 8681 offset 3->3 sprite 8684 absent false
[2026-10-03 17:08:30] dbg: [driver:1] OpenTT3D: retained river selector tile 48,71 feature 6 base 8681 offset 6->6 sprite 8687 absent false
[2026-10-03 17:08:30] dbg: [driver:1] OpenTT3D: retained river selector tile 45,72 feature 5 base 8471 offset 0->0 sprite 8471 absent false
[2026-10-03 17:08:30] dbg: [driver:1] OpenTT3D: retained river selector tile 45,72 feature 6 base 8681 offset 0->0 sprite 8681 absent false
[2026-10-03 17:08:30] dbg: [driver:1] OpenTT3D: retained river selector tile 46,72 feature 5 base 8466 offset 0->0 sprite 8466 absent false
[2026-10-03 17:08:30] dbg: [driver:1] OpenTT3D: retained river selector tile 47,72 feature 5 base 8431 offset 0->0 sprite 8431 absent false
[2026-10-03 17:08:30] dbg: [driver:1] OpenTT3D: retained river selector tile 48,72 feature 5 base 8461 offset 0->0 sprite 8461 absent false
[2026-10-03 17:08:30] dbg: [driver:1] OpenTT3D: retained river selector tile 48,72 feature 6 base 8681 offset 2->2 sprite 8683 absent false
[2026-10-03 17:08:30] dbg: [driver:1] OpenTT3D: retained river selector tile 45,73 feature 5 base 8496 offset 0->0 sprite 8496 absent false
[2026-10-03 17:08:30] dbg: [driver:1] OpenTT3D: retained river selector tile 45,73 feature 6 base 8681 offset 0->0 sprite 8681 absent false
[2026-10-03 17:08:30] dbg: [driver:1] OpenTT3D: retained river selector tile 46,73 feature 5 base 8461 offset 0->0 sprite 8461 absent false
[2026-10-03 17:08:30] dbg: [driver:1] OpenTT3D: retained river selector tile 47,73 feature 5 base 8431 offset 0->0 sprite 8431 absent false
[2026-10-03 17:08:30] dbg: [driver:1] OpenTT3D: retained river selector tile 48,73 feature 5 base 8486 offset 0->0 sprite 8486 absent false
[2026-10-03 17:08:30] dbg: [driver:1] OpenTT3D: retained river selector tile 48,73 feature 6 base 8681 offset 2->2 sprite 8683 absent false
[2026-10-03 17:08:30] dbg: [driver:1] OpenTT3D: retained river selector tile 45,74 feature 5 base 8436 offset 0->0 sprite 8436 absent false
[2026-10-03 17:08:30] dbg: [driver:1] OpenTT3D: retained river selector tile 45,74 feature 6 base 8681 offset 0->0 sprite 8681 absent false
[2026-10-03 17:08:30] dbg: [driver:1] OpenTT3D: retained river selector tile 46,74 feature 5 base 8426 offset 0->0 sprite 8426 absent false
[2026-10-03 17:08:30] dbg: [driver:1] OpenTT3D: retained river selector tile 47,74 feature 5 base 8451 offset 0->0 sprite 8451 absent false
[2026-10-03 17:08:30] dbg: [driver:1] OpenTT3D: retained river selector tile 48,74 feature 5 base 8481 offset 0->0 sprite 8481 absent false
[2026-10-03 17:08:30] dbg: [driver:1] OpenTT3D: retained river selector tile 48,74 feature 6 base 8681 offset 2->2 sprite 8683 absent false
[2026-10-03 17:08:30] dbg: [driver:1] OpenTT3D: retained river selector tile 13,75 feature 5 base 8476 offset 1->1 sprite 8477 absent false
[2026-10-03 17:08:30] dbg: [driver:1] OpenTT3D: retained live water source tile 13,75 role ground sprite 8477 at original height 0
[2026-10-03 17:08:30] dbg: [driver:1] OpenTT3D: retained river selector tile 13,75 feature 6 base 8621 offset 12->12 sprite 8633 absent false
[2026-10-03 17:08:30] dbg: [driver:1] OpenTT3D: retained live water source tile 13,75 role ground sprite 8633 at original height 0
[2026-10-03 17:08:30] dbg: [driver:1] OpenTT3D: retained river selector tile 14,75 feature 5 base 8461 offset 1->1 sprite 8462 absent false
[2026-10-03 17:08:30] dbg: [driver:1] OpenTT3D: retained live water source tile 14,75 role ground sprite 8462 at original height 0
[2026-10-03 17:08:30] dbg: [driver:1] OpenTT3D: retained river selector tile 14,75 feature 6 base 8621 offset 14->14 sprite 8635 absent false
[2026-10-03 17:08:30] dbg: [driver:1] OpenTT3D: retained live water source tile 14,75 role ground sprite 8635 at original height 0
[2026-10-03 17:08:30] dbg: [driver:1] OpenTT3D: retained river selector tile 45,75 feature 5 base 8486 offset 0->0 sprite 8486 absent false
[2026-10-03 17:08:30] dbg: [driver:1] OpenTT3D: retained river selector tile 45,75 feature 6 base 8681 offset 0->0 sprite 8681 absent false
[2026-10-03 17:08:30] dbg: [driver:1] OpenTT3D: retained river selector tile 46,75 feature 5 base 8446 offset 0->0 sprite 8446 absent false
[2026-10-03 17:08:30] dbg: [driver:1] OpenTT3D: retained river selector tile 47,75 feature 5 base 8496 offset 0->0 sprite 8496 absent false
[2026-10-03 17:08:30] dbg: [driver:1] OpenTT3D: retained river selector tile 47,75 feature 6 base 8681 offset 9->9 sprite 8690 absent false
[2026-10-03 17:08:30] dbg: [driver:1] OpenTT3D: retained river selector tile 48,75 feature 5 base 8431 offset 0->0 sprite 8431 absent false
[2026-10-03 17:08:30] dbg: [driver:1] OpenTT3D: retained river selector tile 48,75 feature 6 base 8681 offset 1->1 sprite 8682 absent false
[2026-10-03 17:08:30] dbg: [driver:1] OpenTT3D: retained river selector tile 48,75 feature 6 base 8681 offset 2->2 sprite 8683 absent false
[2026-10-03 17:08:30] dbg: [driver:1] OpenTT3D: retained river selector tile 48,75 feature 6 base 8681 offset 5->5 sprite 8686 absent false
[2026-10-03 17:08:30] dbg: [driver:1] OpenTT3D: retained river selector tile 13,76 feature 5 base 8461 offset 0->0 sprite 8461 absent false
[2026-10-03 17:08:30] dbg: [driver:1] OpenTT3D: retained river selector tile 13,76 feature 6 base 8681 offset 0->0 sprite 8681 absent false
[2026-10-03 17:08:30] dbg: [driver:1] OpenTT3D: retained river selector tile 14,76 feature 5 base 8491 offset 0->0 sprite 8491 absent false
[2026-10-03 17:08:30] dbg: [driver:1] OpenTT3D: retained river selector tile 14,76 feature 6 base 8681 offset 2->2 sprite 8683 absent false
[2026-10-03 17:08:30] dbg: [driver:1] OpenTT3D: retained river selector tile 45,76 feature 5 base 8471 offset 1->1 sprite 8472 absent false
[2026-10-03 17:08:30] dbg: [driver:1] OpenTT3D: retained live water source tile 45,76 role ground sprite 8472 at original height 8
[2026-10-03 17:08:30] dbg: [driver:1] OpenTT3D: retained river selector tile 45,76 feature 6 base 8681 offset 12->12 sprite 8693 absent false
[2026-10-03 17:08:30] dbg: [driver:1] OpenTT3D: retained live water source tile 45,76 role ground sprite 8693 at original height 8
[2026-10-03 17:08:30] dbg: [driver:1] OpenTT3D: retained river selector tile 46,76 feature 5 base 8466 offset 1->1 sprite 8467 absent false
[2026-10-03 17:08:30] dbg: [driver:1] OpenTT3D: retained live water source tile 46,76 role ground sprite 8467 at original height 8
[2026-10-03 17:08:30] dbg: [driver:1] OpenTT3D: retained river selector tile 47,76 feature 5 base 8471 offset 1->1 sprite 8472 absent false
[2026-10-03 17:08:30] dbg: [driver:1] OpenTT3D: retained live water source tile 47,76 role ground sprite 8472 at original height 8
[2026-10-03 17:08:30] dbg: [driver:1] OpenTT3D: retained river selector tile 47,76 feature 6 base 8681 offset 14->14 sprite 8695 absent false
[2026-10-03 17:08:30] dbg: [driver:1] OpenTT3D: retained live water source tile 47,76 role ground sprite 8695 at original height 8
[2026-10-03 17:08:30] dbg: [driver:1] OpenTT3D: retained river selector tile 13,77 feature 5 base 8491 offset 0->0 sprite 8491 absent false
[2026-10-03 17:08:30] dbg: [driver:1] OpenTT3D: retained river selector tile 13,77 feature 6 base 8681 offset 0->0 sprite 8681 absent false
[2026-10-03 17:08:30] dbg: [driver:1] OpenTT3D: retained river selector tile 14,77 feature 5 base 8446 offset 0->0 sprite 8446 absent false
[2026-10-03 17:08:30] dbg: [driver:1] OpenTT3D: retained river selector tile 14,77 feature 6 base 8681 offset 2->2 sprite 8683 absent false
[2026-10-03 17:08:30] dbg: [driver:1] OpenTT3D: retained river selector tile 45,77 feature 5 base 8476 offset 0->0 sprite 8476 absent false
[2026-10-03 17:08:30] dbg: [driver:1] OpenTT3D: retained river selector tile 45,77 feature 6 base 8681 offset 0->0 sprite 8681 absent false
[2026-10-03 17:08:30] dbg: [driver:1] OpenTT3D: retained river selector tile 46,77 feature 5 base 8426 offset 0->0 sprite 8426 absent false
[2026-10-03 17:08:30] dbg: [driver:1] OpenTT3D: retained river selector tile 47,77 feature 5 base 8476 offset 0->0 sprite 8476 absent false
[2026-10-03 17:08:30] dbg: [driver:1] OpenTT3D: retained river selector tile 47,77 feature 6 base 8681 offset 2->2 sprite 8683 absent false
[2026-10-03 17:08:30] dbg: [driver:1] OpenTT3D: retained river selector tile 13,78 feature 5 base 8496 offset 0->0 sprite 8496 absent false
[2026-10-03 17:08:30] dbg: [driver:1] OpenTT3D: retained river selector tile 13,78 feature 6 base 8681 offset 0->0 sprite 8681 absent false
[2026-10-03 17:08:30] dbg: [driver:1] OpenTT3D: retained river selector tile 14,78 feature 5 base 8421 offset 0->0 sprite 8421 absent false
[2026-10-03 17:08:30] dbg: [driver:1] OpenTT3D: retained river selector tile 14,78 feature 6 base 8681 offset 2->2 sprite 8683 absent false
[2026-10-03 17:08:30] dbg: [driver:1] OpenTT3D: retained river selector tile 45,78 feature 5 base 8476 offset 0->0 sprite 8476 absent false
[2026-10-03 17:08:30] dbg: [driver:1] OpenTT3D: retained river selector tile 45,78 feature 6 base 8681 offset 0->0 sprite 8681 absent false
[2026-10-03 17:08:30] dbg: [driver:1] OpenTT3D: retained river selector tile 46,78 feature 5 base 8421 offset 0->0 sprite 8421 absent false
[2026-10-03 17:08:30] dbg: [driver:1] OpenTT3D: retained river selector tile 47,78 feature 5 base 8471 offset 0->0 sprite 8471 absent false
[2026-10-03 17:08:30] dbg: [driver:1] OpenTT3D: retained river selector tile 47,78 feature 6 base 8681 offset 2->2 sprite 8683 absent false
[2026-10-03 17:08:30] dbg: [driver:1] OpenTT3D: retained river selector tile 13,79 feature 5 base 8486 offset 0->0 sprite 8486 absent false
[2026-10-03 17:08:30] dbg: [driver:1] OpenTT3D: retained river selector tile 13,79 feature 6 base 8681 offset 0->0 sprite 8681 absent false
[2026-10-03 17:08:30] dbg: [driver:1] OpenTT3D: retained river selector tile 14,79 feature 5 base 8486 offset 0->0 sprite 8486 absent false
[2026-10-03 17:08:30] dbg: [driver:1] OpenTT3D: retained river selector tile 14,79 feature 6 base 8681 offset 2->2 sprite 8683 absent false
[2026-10-03 17:08:30] dbg: [driver:1] OpenTT3D: retained river selector tile 45,79 feature 5 base 8491 offset 0->0 sprite 8491 absent false
[2026-10-03 17:08:30] dbg: [driver:1] OpenTT3D: retained river selector tile 45,79 feature 6 base 8681 offset 0->0 sprite 8681 absent false
[2026-10-03 17:08:30] dbg: [driver:1] OpenTT3D: retained river selector tile 46,79 feature 5 base 8491 offset 0->0 sprite 8491 absent false
[2026-10-03 17:08:30] dbg: [driver:1] OpenTT3D: retained river selector tile 47,79 feature 5 base 8461 offset 0->0 sprite 8461 absent false
[2026-10-03 17:08:30] dbg: [driver:1] OpenTT3D: retained river selector tile 47,79 feature 6 base 8681 offset 2->2 sprite 8683 absent false
[2026-10-03 17:08:30] dbg: [driver:1] OpenTT3D: retained river selector tile 13,80 feature 5 base 8466 offset 0->0 sprite 8466 absent false
[2026-10-03 17:08:30] dbg: [driver:1] OpenTT3D: retained river selector tile 13,80 feature 6 base 8681 offset 0->0 sprite 8681 absent false
[2026-10-03 17:08:30] dbg: [driver:1] OpenTT3D: retained river selector tile 14,80 feature 5 base 8486 offset 0->0 sprite 8486 absent false
[2026-10-03 17:08:30] dbg: [driver:1] OpenTT3D: retained river selector tile 14,80 feature 6 base 8681 offset 2->2 sprite 8683 absent false
[2026-10-03 17:08:30] dbg: [driver:1] OpenTT3D: retained river selector tile 45,80 feature 5 base 8496 offset 0->0 sprite 8496 absent false
[2026-10-03 17:08:30] dbg: [driver:1] OpenTT3D: retained river selector tile 45,80 feature 6 base 8681 offset 0->0 sprite 8681 absent false
[2026-10-03 17:08:30] dbg: [driver:1] OpenTT3D: retained river selector tile 46,80 feature 5 base 8436 offset 0->0 sprite 8436 absent false
[2026-10-03 17:08:30] dbg: [driver:1] OpenTT3D: retained river selector tile 47,80 feature 5 base 8431 offset 0->0 sprite 8431 absent false
[2026-10-03 17:08:30] dbg: [driver:1] OpenTT3D: retained river selector tile 47,80 feature 6 base 8681 offset 2->2 sprite 8683 absent false
[2026-10-03 17:08:30] dbg: [driver:1] OpenTT3D: retained river selector tile 13,81 feature 5 base 8421 offset 0->0 sprite 8421 absent false
[2026-10-03 17:08:30] dbg: [driver:1] OpenTT3D: retained river selector tile 13,81 feature 6 base 8681 offset 0->0 sprite 8681 absent false
[2026-10-03 17:08:30] dbg: [driver:1] OpenTT3D: retained river selector tile 14,81 feature 5 base 8451 offset 0->0 sprite 8451 absent false
[2026-10-03 17:08:30] dbg: [driver:1] OpenTT3D: retained river selector tile 14,81 feature 6 base 8681 offset 2->2 sprite 8683 absent false
[2026-10-03 17:08:30] dbg: [driver:1] OpenTT3D: retained river selector tile 45,81 feature 5 base 8456 offset 0->0 sprite 8456 absent false
[2026-10-03 17:08:30] dbg: [driver:1] OpenTT3D: retained river selector tile 45,81 feature 6 base 8681 offset 0->0 sprite 8681 absent false
[2026-10-03 17:08:30] dbg: [driver:1] OpenTT3D: retained river selector tile 46,81 feature 5 base 8441 offset 0->0 sprite 8441 absent false
[2026-10-03 17:08:30] dbg: [driver:1] OpenTT3D: retained river selector tile 47,81 feature 5 base 8436 offset 0->0 sprite 8436 absent false
[2026-10-03 17:08:30] dbg: [driver:1] OpenTT3D: retained river selector tile 47,81 feature 6 base 8681 offset 2->2 sprite 8683 absent false
[2026-10-03 17:08:30] dbg: [driver:1] OpenTT3D: retained river selector tile 13,82 feature 5 base 8436 offset 0->0 sprite 8436 absent false
[2026-10-03 17:08:30] dbg: [driver:1] OpenTT3D: retained river selector tile 13,82 feature 6 base 8681 offset 0->0 sprite 8681 absent false
[2026-10-03 17:08:30] dbg: [driver:1] OpenTT3D: retained river selector tile 14,82 feature 5 base 8456 offset 0->0 sprite 8456 absent false
[2026-10-03 17:08:30] dbg: [driver:1] OpenTT3D: retained river selector tile 14,82 feature 6 base 8681 offset 10->10 sprite 8691 absent false
[2026-10-03 17:08:30] dbg: [driver:1] OpenTT3D: retained river selector tile 15,82 feature 5 base 8466 offset 0->0 sprite 8466 absent false
[2026-10-03 17:08:30] dbg: [driver:1] OpenTT3D: retained river selector tile 15,82 feature 6 base 8681 offset 2->2 sprite 8683 absent false
[2026-10-03 17:08:30] dbg: [driver:1] OpenTT3D: retained river selector tile 15,82 feature 6 base 8681 offset 3->3 sprite 8684 absent false
[2026-10-03 17:08:30] dbg: [driver:1] OpenTT3D: retained river selector tile 15,82 feature 6 base 8681 offset 6->6 sprite 8687 absent false
[2026-10-03 17:08:30] dbg: [driver:1] OpenTT3D: retained river selector tile 45,82 feature 5 base 8441 offset 0->0 sprite 8441 absent false
[2026-10-03 17:08:30] dbg: [driver:1] OpenTT3D: retained river selector tile 45,82 feature 6 base 8681 offset 0->0 sprite 8681 absent false
[2026-10-03 17:08:30] dbg: [driver:1] OpenTT3D: retained river selector tile 46,82 feature 5 base 8456 offset 0->0 sprite 8456 absent false
[2026-10-03 17:08:30] dbg: [driver:1] OpenTT3D: retained river selector tile 47,82 feature 5 base 8436 offset 0->0 sprite 8436 absent false
[2026-10-03 17:08:30] dbg: [driver:1] OpenTT3D: retained river selector tile 47,82 feature 6 base 8681 offset 2->2 sprite 8683 absent false
[2026-10-03 17:08:30] dbg: [driver:1] OpenTT3D: retained river selector tile 13,83 feature 5 base 8426 offset 0->0 sprite 8426 absent false
[2026-10-03 17:08:30] dbg: [driver:1] OpenTT3D: retained river selector tile 13,83 feature 6 base 8681 offset 0->0 sprite 8681 absent false
[2026-10-03 17:08:30] dbg: [driver:1] OpenTT3D: retained river selector tile 14,83 feature 5 base 8436 offset 0->0 sprite 8436 absent false
[2026-10-03 17:08:30] dbg: [driver:1] OpenTT3D: retained river selector tile 15,83 feature 5 base 8486 offset 0->0 sprite 8486 absent false
[2026-10-03 17:08:30] dbg: [driver:1] OpenTT3D: retained river selector tile 15,83 feature 6 base 8681 offset 2->2 sprite 8683 absent false
[2026-10-03 17:08:30] dbg: [driver:1] OpenTT3D: retained river selector tile 45,83 feature 5 base 8451 offset 0->0 sprite 8451 absent false
[2026-10-03 17:08:30] dbg: [driver:1] OpenTT3D: retained river selector tile 45,83 feature 6 base 8681 offset 0->0 sprite 8681 absent false
[2026-10-03 17:08:30] dbg: [driver:1] OpenTT3D: retained river selector tile 45,83 feature 6 base 8681 offset 1->1 sprite 8682 absent false
[2026-10-03 17:08:30] dbg: [driver:1] OpenTT3D: retained river selector tile 45,83 feature 6 base 8681 offset 4->4 sprite 8685 absent false
[2026-10-03 17:08:30] dbg: [driver:1] OpenTT3D: retained river selector tile 46,83 feature 5 base 8486 offset 0->0 sprite 8486 absent false
[2026-10-03 17:08:30] dbg: [driver:1] OpenTT3D: retained river selector tile 46,83 feature 6 base 8681 offset 8->8 sprite 8689 absent false
[2026-10-03 17:08:30] dbg: [driver:1] OpenTT3D: retained river selector tile 47,83 feature 5 base 8461 offset 0->0 sprite 8461 absent false
[2026-10-03 17:08:30] dbg: [driver:1] OpenTT3D: retained river selector tile 47,83 feature 6 base 8681 offset 2->2 sprite 8683 absent false
[2026-10-03 17:08:30] dbg: [driver:1] OpenTT3D: retained river selector tile 13,84 feature 5 base 8431 offset 0->0 sprite 8431 absent false
[2026-10-03 17:08:30] dbg: [driver:1] OpenTT3D: retained river selector tile 13,84 feature 6 base 8681 offset 0->0 sprite 8681 absent false
[2026-10-03 17:08:30] dbg: [driver:1] OpenTT3D: retained river selector tile 14,84 feature 5 base 8476 offset 0->0 sprite 8476 absent false
[2026-10-03 17:08:30] dbg: [driver:1] OpenTT3D: retained river selector tile 15,84 feature 5 base 8451 offset 0->0 sprite 8451 absent false
[2026-10-03 17:08:30] dbg: [driver:1] OpenTT3D: retained river selector tile 15,84 feature 6 base 8681 offset 2->2 sprite 8683 absent false
[2026-10-03 17:08:30] dbg: [driver:1] OpenTT3D: retained river selector tile 46,84 feature 5 base 8491 offset 0->0 sprite 8491 absent false
[2026-10-03 17:08:30] dbg: [driver:1] OpenTT3D: retained river selector tile 46,84 feature 6 base 8681 offset 0->0 sprite 8681 absent false
[2026-10-03 17:08:30] dbg: [driver:1] OpenTT3D: retained river selector tile 47,84 feature 5 base 8481 offset 0->0 sprite 8481 absent false
[2026-10-03 17:08:30] dbg: [driver:1] OpenTT3D: retained river selector tile 47,84 feature 6 base 8681 offset 2->2 sprite 8683 absent false
[2026-10-03 17:08:30] dbg: [driver:1] OpenTT3D: retained river selector tile 13,85 feature 5 base 8441 offset 0->0 sprite 8441 absent false
[2026-10-03 17:08:30] dbg: [driver:1] OpenTT3D: retained river selector tile 13,85 feature 6 base 8681 offset 0->0 sprite 8681 absent false
[2026-10-03 17:08:30] dbg: [driver:1] OpenTT3D: retained river selector tile 14,85 feature 5 base 8481 offset 0->0 sprite 8481 absent false
[2026-10-03 17:08:30] dbg: [driver:1] OpenTT3D: retained river selector tile 14,85 feature 6 base 8681 offset 9->9 sprite 8690 absent false
[2026-10-03 17:08:30] dbg: [driver:1] OpenTT3D: retained river selector tile 15,85 feature 5 base 8486 offset 0->0 sprite 8486 absent false
[2026-10-03 17:08:30] dbg: [driver:1] OpenTT3D: retained river selector tile 15,85 feature 6 base 8681 offset 1->1 sprite 8682 absent false
[2026-10-03 17:08:30] dbg: [driver:1] OpenTT3D: retained river selector tile 15,85 feature 6 base 8681 offset 2->2 sprite 8683 absent false
[2026-10-03 17:08:30] dbg: [driver:1] OpenTT3D: retained river selector tile 15,85 feature 6 base 8681 offset 5->5 sprite 8686 absent false
[2026-10-03 17:08:30] dbg: [driver:1] OpenTT3D: retained river selector tile 46,85 feature 5 base 8441 offset 0->0 sprite 8441 absent false
[2026-10-03 17:08:30] dbg: [driver:1] OpenTT3D: retained river selector tile 46,85 feature 6 base 8681 offset 0->0 sprite 8681 absent false
[2026-10-03 17:08:30] dbg: [driver:1] OpenTT3D: retained river selector tile 47,85 feature 5 base 8461 offset 0->0 sprite 8461 absent false
[2026-10-03 17:08:30] dbg: [driver:1] OpenTT3D: retained river selector tile 47,85 feature 6 base 8681 offset 2->2 sprite 8683 absent false
[2026-10-03 17:08:30] dbg: [driver:1] OpenTT3D: retained river selector tile 13,86 feature 5 base 8446 offset 0->0 sprite 8446 absent false
[2026-10-03 17:08:30] dbg: [driver:1] OpenTT3D: retained river selector tile 13,86 feature 6 base 8681 offset 0->0 sprite 8681 absent false
[2026-10-03 17:08:30] dbg: [driver:1] OpenTT3D: retained river selector tile 14,86 feature 5 base 8426 offset 0->0 sprite 8426 absent false
[2026-10-03 17:08:30] dbg: [driver:1] OpenTT3D: retained river selector tile 14,86 feature 6 base 8681 offset 2->2 sprite 8683 absent false
[2026-10-03 17:08:30] dbg: [driver:1] OpenTT3D: retained river selector tile 46,86 feature 5 base 8456 offset 0->0 sprite 8456 absent false
[2026-10-03 17:08:30] dbg: [driver:1] OpenTT3D: retained river selector tile 46,86 feature 6 base 8681 offset 0->0 sprite 8681 absent false
[2026-10-03 17:08:30] dbg: [driver:1] OpenTT3D: retained river selector tile 47,86 feature 5 base 8431 offset 0->0 sprite 8431 absent false
[2026-10-03 17:08:30] dbg: [driver:1] OpenTT3D: retained river selector tile 47,86 feature 6 base 8681 offset 2->2 sprite 8683 absent false
[2026-10-03 17:08:30] dbg: [driver:1] OpenTT3D: live projected tree 1919 stage 1 captured at 85,86
[2026-10-03 17:08:30] dbg: [driver:1] OpenTT3D: retained river selector tile 13,87 feature 5 base 8436 offset 0->0 sprite 8436 absent false
[2026-10-03 17:08:30] dbg: [driver:1] OpenTT3D: retained river selector tile 13,87 feature 6 base 8681 offset 0->0 sprite 8681 absent false
[2026-10-03 17:08:30] dbg: [driver:1] OpenTT3D: retained river selector tile 14,87 feature 5 base 8471 offset 0->0 sprite 8471 absent false
[2026-10-03 17:08:30] dbg: [driver:1] OpenTT3D: retained river selector tile 14,87 feature 6 base 8681 offset 2->2 sprite 8683 absent false
[2026-10-03 17:08:30] dbg: [driver:1] OpenTT3D: retained river selector tile 46,87 feature 5 base 8496 offset 0->0 sprite 8496 absent false
[2026-10-03 17:08:30] dbg: [driver:1] OpenTT3D: retained river selector tile 46,87 feature 6 base 8681 offset 0->0 sprite 8681 absent false
[2026-10-03 17:08:30] dbg: [driver:1] OpenTT3D: retained river selector tile 47,87 feature 5 base 8451 offset 0->0 sprite 8451 absent false
[2026-10-03 17:08:30] dbg: [driver:1] OpenTT3D: retained river selector tile 47,87 feature 6 base 8681 offset 10->10 sprite 8691 absent false
[2026-10-03 17:08:30] dbg: [driver:1] OpenTT3D: retained river selector tile 48,87 feature 5 base 8481 offset 0->0 sprite 8481 absent false
[2026-10-03 17:08:30] dbg: [driver:1] OpenTT3D: retained river selector tile 48,87 feature 6 base 8681 offset 3->3 sprite 8684 absent false
[2026-10-03 17:08:30] dbg: [driver:1] OpenTT3D: retained river selector tile 49,87 feature 5 base 8456 offset 0->0 sprite 8456 absent false
[2026-10-03 17:08:30] dbg: [driver:1] OpenTT3D: retained river selector tile 49,87 feature 6 base 8681 offset 2->2 sprite 8683 absent false
[2026-10-03 17:08:30] dbg: [driver:1] OpenTT3D: retained river selector tile 49,87 feature 6 base 8681 offset 3->3 sprite 8684 absent false
[2026-10-03 17:08:30] dbg: [driver:1] OpenTT3D: retained river selector tile 49,87 feature 6 base 8681 offset 6->6 sprite 8687 absent false
[2026-10-03 17:08:30] dbg: [driver:1] OpenTT3D: retained river selector tile 13,88 feature 5 base 8451 offset 0->0 sprite 8451 absent false
[2026-10-03 17:08:30] dbg: [driver:1] OpenTT3D: retained river selector tile 13,88 feature 6 base 8681 offset 0->0 sprite 8681 absent false
[2026-10-03 17:08:30] dbg: [driver:1] OpenTT3D: retained river selector tile 14,88 feature 5 base 8446 offset 0->0 sprite 8446 absent false
[2026-10-03 17:08:30] dbg: [driver:1] OpenTT3D: retained river selector tile 14,88 feature 6 base 8681 offset 2->2 sprite 8683 absent false
[2026-10-03 17:08:30] dbg: [driver:1] OpenTT3D: retained river selector tile 46,88 feature 5 base 8481 offset 0->0 sprite 8481 absent false
[2026-10-03 17:08:30] dbg: [driver:1] OpenTT3D: retained river selector tile 46,88 feature 6 base 8681 offset 0->0 sprite 8681 absent false
[2026-10-03 17:08:30] dbg: [driver:1] OpenTT3D: retained river selector tile 46,88 feature 6 base 8681 offset 1->1 sprite 8682 absent false
[2026-10-03 17:08:30] dbg: [driver:1] OpenTT3D: retained river selector tile 46,88 feature 6 base 8681 offset 4->4 sprite 8685 absent false
[2026-10-03 17:08:30] dbg: [driver:1] OpenTT3D: retained river selector tile 47,88 feature 5 base 8486 offset 0->0 sprite 8486 absent false
[2026-10-03 17:08:30] dbg: [driver:1] OpenTT3D: retained river selector tile 47,88 feature 6 base 8681 offset 1->1 sprite 8682 absent false
[2026-10-03 17:08:30] dbg: [driver:1] OpenTT3D: retained river selector tile 48,88 feature 5 base 8491 offset 0->0 sprite 8491 absent false
[2026-10-03 17:08:30] dbg: [driver:1] OpenTT3D: retained river selector tile 48,88 feature 6 base 8681 offset 8->8 sprite 8689 absent false
[2026-10-03 17:08:30] dbg: [driver:1] OpenTT3D: retained river selector tile 49,88 feature 5 base 8431 offset 0->0 sprite 8431 absent false
[2026-10-03 17:08:30] dbg: [driver:1] OpenTT3D: retained river selector tile 49,88 feature 6 base 8681 offset 2->2 sprite 8683 absent false
[2026-10-03 17:08:30] dbg: [driver:1] OpenTT3D: retained river selector tile 13,89 feature 5 base 8426 offset 1->1 sprite 8427 absent false
[2026-10-03 17:08:30] dbg: [driver:1] OpenTT3D: retained live water source tile 13,89 role ground sprite 8427 at original height 8
[2026-10-03 17:08:30] dbg: [driver:1] OpenTT3D: retained river selector tile 13,89 feature 6 base 8681 offset 12->12 sprite 8693 absent false
[2026-10-03 17:08:30] dbg: [driver:1] OpenTT3D: retained live water source tile 13,89 role ground sprite 8693 at original height 8
[2026-10-03 17:08:30] dbg: [driver:1] OpenTT3D: retained river selector tile 14,89 feature 5 base 8441 offset 1->1 sprite 8442 absent false
[2026-10-03 17:08:30] dbg: [driver:1] OpenTT3D: retained live water source tile 14,89 role ground sprite 8442 at original height 8
[2026-10-03 17:08:30] dbg: [driver:1] OpenTT3D: retained river selector tile 14,89 feature 6 base 8681 offset 14->14 sprite 8695 absent false
[2026-10-03 17:08:30] dbg: [driver:1] OpenTT3D: retained live water source tile 14,89 role ground sprite 8695 at original height 8
[2026-10-03 17:08:30] dbg: [driver:1] OpenTT3D: retained river selector tile 48,89 feature 5 base 8481 offset 0->0 sprite 8481 absent false
[2026-10-03 17:08:30] dbg: [driver:1] OpenTT3D: retained river selector tile 48,89 feature 6 base 8681 offset 0->0 sprite 8681 absent false
[2026-10-03 17:08:30] dbg: [driver:1] OpenTT3D: retained river selector tile 49,89 feature 5 base 8471 offset 0->0 sprite 8471 absent false
[2026-10-03 17:08:30] dbg: [driver:1] OpenTT3D: retained river selector tile 49,89 feature 6 base 8681 offset 2->2 sprite 8683 absent false
[2026-10-03 17:08:30] dbg: [driver:1] OpenTT3D: live projected tree 1828 stage 0 captured at 84,89
[2026-10-03 17:08:30] dbg: [driver:1] OpenTT3D: retained river selector tile 13,90 feature 5 base 8421 offset 0->0 sprite 8421 absent false
[2026-10-03 17:08:30] dbg: [driver:1] OpenTT3D: retained river selector tile 13,90 feature 6 base 8681 offset 0->0 sprite 8681 absent false
[2026-10-03 17:08:30] dbg: [driver:1] OpenTT3D: retained river selector tile 14,90 feature 5 base 8491 offset 0->0 sprite 8491 absent false
[2026-10-03 17:08:30] dbg: [driver:1] OpenTT3D: retained river selector tile 14,90 feature 6 base 8681 offset 2->2 sprite 8683 absent false
[2026-10-03 17:08:30] dbg: [driver:1] OpenTT3D: retained river selector tile 48,90 feature 5 base 8441 offset 0->0 sprite 8441 absent false
[2026-10-03 17:08:30] dbg: [driver:1] OpenTT3D: retained river selector tile 48,90 feature 6 base 8681 offset 0->0 sprite 8681 absent false
[2026-10-03 17:08:30] dbg: [driver:1] OpenTT3D: retained river selector tile 49,90 feature 5 base 8456 offset 0->0 sprite 8456 absent false
[2026-10-03 17:08:30] dbg: [driver:1] OpenTT3D: retained river selector tile 49,90 feature 6 base 8681 offset 2->2 sprite 8683 absent false
[2026-10-03 17:08:30] dbg: [driver:1] OpenTT3D: retained river selector tile 13,91 feature 5 base 8426 offset 0->0 sprite 8426 absent false
[2026-10-03 17:08:30] dbg: [driver:1] OpenTT3D: retained river selector tile 13,91 feature 6 base 8681 offset 0->0 sprite 8681 absent false
[2026-10-03 17:08:30] dbg: [driver:1] OpenTT3D: retained river selector tile 14,91 feature 5 base 8441 offset 0->0 sprite 8441 absent false
[2026-10-03 17:08:30] dbg: [driver:1] OpenTT3D: retained river selector tile 14,91 feature 6 base 8681 offset 2->2 sprite 8683 absent false
[2026-10-03 17:08:30] dbg: [driver:1] OpenTT3D: retained river selector tile 47,91 feature 5 base 8431 offset 0->0 sprite 8431 absent false
[2026-10-03 17:08:30] dbg: [driver:1] OpenTT3D: retained river selector tile 47,91 feature 6 base 8681 offset 0->0 sprite 8681 absent false
[2026-10-03 17:08:30] dbg: [driver:1] OpenTT3D: retained river selector tile 47,91 feature 6 base 8681 offset 3->3 sprite 8684 absent false
[2026-10-03 17:08:30] dbg: [driver:1] OpenTT3D: retained river selector tile 47,91 feature 6 base 8681 offset 7->7 sprite 8688 absent false
[2026-10-03 17:08:30] dbg: [driver:1] OpenTT3D: retained river selector tile 48,91 feature 5 base 8426 offset 0->0 sprite 8426 absent false
[2026-10-03 17:08:30] dbg: [driver:1] OpenTT3D: retained river selector tile 48,91 feature 6 base 8681 offset 11->11 sprite 8692 absent false
[2026-10-03 17:08:30] dbg: [driver:1] OpenTT3D: retained river selector tile 49,91 feature 5 base 8421 offset 0->0 sprite 8421 absent false
[2026-10-03 17:08:30] dbg: [driver:1] OpenTT3D: retained river selector tile 49,91 feature 6 base 8681 offset 2->2 sprite 8683 absent false
[2026-10-03 17:08:30] dbg: [driver:1] OpenTT3D: retained river selector tile 13,92 feature 5 base 8456 offset 0->0 sprite 8456 absent false
[2026-10-03 17:08:30] dbg: [driver:1] OpenTT3D: retained river selector tile 13,92 feature 6 base 8681 offset 0->0 sprite 8681 absent false
[2026-10-03 17:08:30] dbg: [driver:1] OpenTT3D: retained river selector tile 14,92 feature 5 base 8461 offset 0->0 sprite 8461 absent false
[2026-10-03 17:08:30] dbg: [driver:1] OpenTT3D: retained river selector tile 14,92 feature 6 base 8681 offset 2->2 sprite 8683 absent false
[2026-10-03 17:08:30] dbg: [driver:1] OpenTT3D: retained river selector tile 47,92 feature 5 base 8436 offset 0->0 sprite 8436 absent false
[2026-10-03 17:08:30] dbg: [driver:1] OpenTT3D: retained river selector tile 47,92 feature 6 base 8681 offset 0->0 sprite 8681 absent false
[2026-10-03 17:08:30] dbg: [driver:1] OpenTT3D: retained river selector tile 48,92 feature 5 base 8436 offset 0->0 sprite 8436 absent false
[2026-10-03 17:08:30] dbg: [driver:1] OpenTT3D: retained river selector tile 48,92 feature 6 base 8681 offset 9->9 sprite 8690 absent false
[2026-10-03 17:08:30] dbg: [driver:1] OpenTT3D: retained river selector tile 49,92 feature 5 base 8461 offset 0->0 sprite 8461 absent false
[2026-10-03 17:08:30] dbg: [driver:1] OpenTT3D: retained river selector tile 49,92 feature 6 base 8681 offset 1->1 sprite 8682 absent false
[2026-10-03 17:08:30] dbg: [driver:1] OpenTT3D: retained river selector tile 49,92 feature 6 base 8681 offset 2->2 sprite 8683 absent false
[2026-10-03 17:08:30] dbg: [driver:1] OpenTT3D: retained river selector tile 49,92 feature 6 base 8681 offset 5->5 sprite 8686 absent false
[2026-10-03 17:08:30] dbg: [driver:1] OpenTT3D: retained river selector tile 13,93 feature 5 base 8426 offset 0->0 sprite 8426 absent false
[2026-10-03 17:08:30] dbg: [driver:1] OpenTT3D: retained river selector tile 13,93 feature 6 base 8681 offset 0->0 sprite 8681 absent false
[2026-10-03 17:08:30] dbg: [driver:1] OpenTT3D: retained river selector tile 13,93 feature 6 base 8681 offset 9->9 sprite 8690 absent false
[2026-10-03 17:08:30] dbg: [driver:1] OpenTT3D: retained river selector tile 14,93 feature 5 base 8421 offset 0->0 sprite 8421 absent false
[2026-10-03 17:08:30] dbg: [driver:1] OpenTT3D: retained river selector tile 14,93 feature 6 base 8681 offset 1->1 sprite 8682 absent false
[2026-10-03 17:08:30] dbg: [driver:1] OpenTT3D: retained river selector tile 14,93 feature 6 base 8681 offset 2->2 sprite 8683 absent false
[2026-10-03 17:08:30] dbg: [driver:1] OpenTT3D: retained river selector tile 14,93 feature 6 base 8681 offset 5->5 sprite 8686 absent false
[2026-10-03 17:08:30] dbg: [driver:1] OpenTT3D: retained river selector tile 47,93 feature 5 base 8431 offset 0->0 sprite 8431 absent false
[2026-10-03 17:08:30] dbg: [driver:1] OpenTT3D: retained river selector tile 47,93 feature 6 base 8681 offset 0->0 sprite 8681 absent false
[2026-10-03 17:08:30] dbg: [driver:1] OpenTT3D: retained river selector tile 48,93 feature 5 base 8421 offset 0->0 sprite 8421 absent false
[2026-10-03 17:08:30] dbg: [driver:1] OpenTT3D: retained river selector tile 48,93 feature 6 base 8681 offset 2->2 sprite 8683 absent false
[2026-10-03 17:08:30] dbg: [driver:1] OpenTT3D: retained river selector tile 13,94 feature 5 base 8456 offset 0->0 sprite 8456 absent false
[2026-10-03 17:08:30] dbg: [driver:1] OpenTT3D: retained river selector tile 13,94 feature 6 base 8681 offset 0->0 sprite 8681 absent false
[2026-10-03 17:08:30] dbg: [driver:1] OpenTT3D: retained river selector tile 13,94 feature 6 base 8681 offset 2->2 sprite 8683 absent false
[2026-10-03 17:08:30] dbg: [driver:1] OpenTT3D: retained river selector tile 47,94 feature 5 base 8481 offset 0->0 sprite 8481 absent false
[2026-10-03 17:08:30] dbg: [driver:1] OpenTT3D: retained river selector tile 47,94 feature 6 base 8681 offset 0->0 sprite 8681 absent false
[2026-10-03 17:08:30] dbg: [driver:1] OpenTT3D: retained river selector tile 48,94 feature 5 base 8466 offset 0->0 sprite 8466 absent false
[2026-10-03 17:08:30] dbg: [driver:1] OpenTT3D: retained river selector tile 48,94 feature 6 base 8681 offset 2->2 sprite 8683 absent false
[2026-10-03 17:08:30] dbg: [driver:1] OpenTT3D: live projected tree 1933 stage 0 captured at 53,94
[2026-10-03 17:08:30] dbg: [driver:1] OpenTT3D: retained river selector tile 13,95 feature 5 base 8476 offset 0->0 sprite 8476 absent false
[2026-10-03 17:08:30] dbg: [driver:1] OpenTT3D: retained river selector tile 13,95 feature 6 base 8681 offset 0->0 sprite 8681 absent false
[2026-10-03 17:08:30] dbg: [driver:1] OpenTT3D: retained river selector tile 13,95 feature 6 base 8681 offset 2->2 sprite 8683 absent false
[2026-10-03 17:08:30] dbg: [driver:1] OpenTT3D: retained river selector tile 47,95 feature 5 base 8471 offset 1->1 sprite 8472 absent false
[2026-10-03 17:08:30] dbg: [driver:1] OpenTT3D: retained live water source tile 47,95 role ground sprite 8472 at original height 16
[2026-10-03 17:08:30] dbg: [driver:1] OpenTT3D: retained river selector tile 47,95 feature 6 base 8681 offset 12->12 sprite 8693 absent false
[2026-10-03 17:08:30] dbg: [driver:1] OpenTT3D: retained live water source tile 47,95 role ground sprite 8693 at original height 16
[2026-10-03 17:08:30] dbg: [driver:1] OpenTT3D: retained river selector tile 48,95 feature 5 base 8451 offset 1->1 sprite 8452 absent false
[2026-10-03 17:08:30] dbg: [driver:1] OpenTT3D: retained live water source tile 48,95 role ground sprite 8452 at original height 16
[2026-10-03 17:08:30] dbg: [driver:1] OpenTT3D: retained river selector tile 48,95 feature 6 base 8681 offset 14->14 sprite 8695 absent false
[2026-10-03 17:08:30] dbg: [driver:1] OpenTT3D: retained live water source tile 48,95 role ground sprite 8695 at original height 16
[2026-10-03 17:08:30] dbg: [driver:1] OpenTT3D: live projected tree 1835 stage 4 captured at 81,95
[2026-10-03 17:08:30] dbg: [driver:1] OpenTT3D: retained river selector tile 6,96 feature 5 base 8431 offset 0->0 sprite 8431 absent false
[2026-10-03 17:08:30] dbg: [driver:1] OpenTT3D: retained river selector tile 6,96 feature 6 base 8681 offset 0->0 sprite 8681 absent false
[2026-10-03 17:08:30] dbg: [driver:1] OpenTT3D: retained river selector tile 6,96 feature 6 base 8681 offset 3->3 sprite 8684 absent false
[2026-10-03 17:08:30] dbg: [driver:1] OpenTT3D: retained river selector tile 6,96 feature 6 base 8681 offset 9->9 sprite 8690 absent false
[2026-10-03 17:08:30] dbg: [driver:1] OpenTT3D: retained river selector tile 6,96 feature 6 base 8681 offset 7->7 sprite 8688 absent false
[2026-10-03 17:08:30] dbg: [driver:1] OpenTT3D: retained river selector tile 7,96 feature 5 base 8431 offset 0->0 sprite 8431 absent false
[2026-10-03 17:08:30] dbg: [driver:1] OpenTT3D: retained river selector tile 7,96 feature 6 base 8681 offset 1->1 sprite 8682 absent false
[2026-10-03 17:08:30] dbg: [driver:1] OpenTT3D: retained river selector tile 7,96 feature 6 base 8681 offset 3->3 sprite 8684 absent false
[2026-10-03 17:08:30] dbg: [driver:1] OpenTT3D: retained river selector tile 8,96 feature 5 base 8426 offset 0->0 sprite 8426 absent false
[2026-10-03 17:08:30] dbg: [driver:1] OpenTT3D: retained river selector tile 8,96 feature 6 base 8681 offset 1->1 sprite 8682 absent false
[2026-10-03 17:08:30] dbg: [driver:1] OpenTT3D: retained river selector tile 8,96 feature 6 base 8681 offset 3->3 sprite 8684 absent false
[2026-10-03 17:08:30] dbg: [driver:1] OpenTT3D: retained river selector tile 9,96 feature 5 base 8471 offset 0->0 sprite 8471 absent false
[2026-10-03 17:08:30] dbg: [driver:1] OpenTT3D: retained river selector tile 9,96 feature 6 base 8681 offset 1->1 sprite 8682 absent false
[2026-10-03 17:08:30] dbg: [driver:1] OpenTT3D: retained river selector tile 9,96 feature 6 base 8681 offset 3->3 sprite 8684 absent false
[2026-10-03 17:08:30] dbg: [driver:1] OpenTT3D: retained river selector tile 10,96 feature 5 base 8461 offset 0->0 sprite 8461 absent false
[2026-10-03 17:08:30] dbg: [driver:1] OpenTT3D: retained river selector tile 10,96 feature 6 base 8681 offset 1->1 sprite 8682 absent false
[2026-10-03 17:08:30] dbg: [driver:1] OpenTT3D: retained river selector tile 10,96 feature 6 base 8681 offset 3->3 sprite 8684 absent false
[2026-10-03 17:08:30] dbg: [driver:1] OpenTT3D: retained river selector tile 11,96 feature 5 base 8481 offset 0->0 sprite 8481 absent false
[2026-10-03 17:08:30] dbg: [driver:1] OpenTT3D: retained river selector tile 11,96 feature 6 base 8681 offset 1->1 sprite 8682 absent false
[2026-10-03 17:08:30] dbg: [driver:1] OpenTT3D: retained river selector tile 11,96 feature 6 base 8681 offset 3->3 sprite 8684 absent false
[2026-10-03 17:08:30] dbg: [driver:1] OpenTT3D: retained river selector tile 12,96 feature 5 base 8456 offset 0->0 sprite 8456 absent false
[2026-10-03 17:08:30] dbg: [driver:1] OpenTT3D: retained river selector tile 12,96 feature 6 base 8681 offset 3->3 sprite 8684 absent false
[2026-10-03 17:08:30] dbg: [driver:1] OpenTT3D: retained river selector tile 12,96 feature 6 base 8681 offset 8->8 sprite 8689 absent false
[2026-10-03 17:08:30] dbg: [driver:1] OpenTT3D: retained river selector tile 13,96 feature 5 base 8461 offset 0->0 sprite 8461 absent false
[2026-10-03 17:08:30] dbg: [driver:1] OpenTT3D: retained river selector tile 13,96 feature 6 base 8681 offset 2->2 sprite 8683 absent false
[2026-10-03 17:08:30] dbg: [driver:1] OpenTT3D: retained river selector tile 13,96 feature 6 base 8681 offset 11->11 sprite 8692 absent false
[2026-10-03 17:08:30] dbg: [driver:1] OpenTT3D: retained river selector tile 47,96 feature 5 base 8476 offset 0->0 sprite 8476 absent false
[2026-10-03 17:08:30] dbg: [driver:1] OpenTT3D: retained river selector tile 47,96 feature 6 base 8681 offset 0->0 sprite 8681 absent false
[2026-10-03 17:08:30] dbg: [driver:1] OpenTT3D: retained river selector tile 48,96 feature 5 base 8421 offset 0->0 sprite 8421 absent false
[2026-10-03 17:08:30] dbg: [driver:1] OpenTT3D: retained river selector tile 48,96 feature 6 base 8681 offset 2->2 sprite 8683 absent false
[2026-10-03 17:08:30] dbg: [driver:1] OpenTT3D: live projected tree 1849 stage 4 captured at 82,96
[2026-10-03 17:08:30] dbg: [driver:1] OpenTT3D: retained river selector tile 4,97 feature 5 base 8451 offset 0->0 sprite 8451 absent false
[2026-10-03 17:08:30] dbg: [driver:1] OpenTT3D: retained river selector tile 4,97 feature 6 base 8681 offset 0->0 sprite 8681 absent false
[2026-10-03 17:08:30] dbg: [driver:1] OpenTT3D: retained river selector tile 4,97 feature 6 base 8681 offset 3->3 sprite 8684 absent false
[2026-10-03 17:08:30] dbg: [driver:1] OpenTT3D: retained river selector tile 4,97 feature 6 base 8681 offset 9->9 sprite 8690 absent false
[2026-10-03 17:08:30] dbg: [driver:1] OpenTT3D: retained river selector tile 4,97 feature 6 base 8681 offset 7->7 sprite 8688 absent false
[2026-10-03 17:08:30] dbg: [driver:1] OpenTT3D: retained river selector tile 5,97 feature 5 base 8421 offset 0->0 sprite 8421 absent false
[2026-10-03 17:08:30] dbg: [driver:1] OpenTT3D: retained river selector tile 5,97 feature 6 base 8681 offset 1->1 sprite 8682 absent false
[2026-10-03 17:08:30] dbg: [driver:1] OpenTT3D: retained river selector tile 5,97 feature 6 base 8681 offset 3->3 sprite 8684 absent false
[2026-10-03 17:08:30] dbg: [driver:1] OpenTT3D: retained river selector tile 6,97 feature 5 base 8481 offset 0->0 sprite 8481 absent false
[2026-10-03 17:08:30] dbg: [driver:1] OpenTT3D: retained river selector tile 6,97 feature 6 base 8681 offset 1->1 sprite 8682 absent false
[2026-10-03 17:08:30] dbg: [driver:1] OpenTT3D: retained river selector tile 6,97 feature 6 base 8681 offset 2->2 sprite 8683 absent false
[2026-10-03 17:08:30] dbg: [driver:1] OpenTT3D: retained river selector tile 6,97 feature 6 base 8681 offset 5->5 sprite 8686 absent false
[2026-10-03 17:08:30] dbg: [driver:1] OpenTT3D: retained river selector tile 6,97 feature 6 base 8681 offset 11->11 sprite 8692 absent false
[2026-10-03 17:08:30] dbg: [driver:1] OpenTT3D: retained river selector tile 12,97 feature 5 base 8491 offset 0->0 sprite 8491 absent false
[2026-10-03 17:08:30] dbg: [driver:1] OpenTT3D: retained river selector tile 12,97 feature 6 base 8681 offset 0->0 sprite 8681 absent false
[2026-10-03 17:08:30] dbg: [driver:1] OpenTT3D: retained river selector tile 12,97 feature 6 base 8681 offset 1->1 sprite 8682 absent false
[2026-10-03 17:08:30] dbg: [driver:1] OpenTT3D: retained river selector tile 12,97 feature 6 base 8681 offset 4->4 sprite 8685 absent false
[2026-10-03 17:08:30] dbg: [driver:1] OpenTT3D: retained river selector tile 13,97 feature 5 base 8436 offset 0->0 sprite 8436 absent false
[2026-10-03 17:08:30] dbg: [driver:1] OpenTT3D: retained river selector tile 13,97 feature 6 base 8681 offset 2->2 sprite 8683 absent false
[2026-10-03 17:08:30] dbg: [driver:1] OpenTT3D: retained river selector tile 13,97 feature 6 base 8681 offset 8->8 sprite 8689 absent false
[2026-10-03 17:08:30] dbg: [driver:1] OpenTT3D: live projected tree 1849 stage 1 captured at 20,97
[2026-10-03 17:08:30] dbg: [driver:1] OpenTT3D: retained river selector tile 47,97 feature 5 base 8471 offset 0->0 sprite 8471 absent false
[2026-10-03 17:08:30] dbg: [driver:1] OpenTT3D: retained river selector tile 47,97 feature 6 base 8681 offset 0->0 sprite 8681 absent false
[2026-10-03 17:08:30] dbg: [driver:1] OpenTT3D: retained river selector tile 48,97 feature 5 base 8421 offset 0->0 sprite 8421 absent false
[2026-10-03 17:08:30] dbg: [driver:1] OpenTT3D: retained river selector tile 48,97 feature 6 base 8681 offset 2->2 sprite 8683 absent false
[2026-10-03 17:08:30] dbg: [driver:1] OpenTT3D: retained river selector tile 4,98 feature 5 base 8491 offset 0->0 sprite 8491 absent false
[2026-10-03 17:08:30] dbg: [driver:1] OpenTT3D: retained river selector tile 4,98 feature 6 base 8681 offset 0->0 sprite 8681 absent false
[2026-10-03 17:08:30] dbg: [driver:1] OpenTT3D: retained river selector tile 4,98 feature 6 base 8681 offset 2->2 sprite 8683 absent false
[2026-10-03 17:08:30] dbg: [driver:1] OpenTT3D: retained river selector tile 13,98 feature 5 base 8436 offset 0->0 sprite 8436 absent false
[2026-10-03 17:08:30] dbg: [driver:1] OpenTT3D: retained river selector tile 13,98 feature 6 base 8681 offset 0->0 sprite 8681 absent false
[2026-10-03 17:08:30] dbg: [driver:1] OpenTT3D: retained river selector tile 13,98 feature 6 base 8681 offset 2->2 sprite 8683 absent false
[2026-10-03 17:08:30] dbg: [driver:1] OpenTT3D: retained river selector tile 47,98 feature 5 base 8461 offset 0->0 sprite 8461 absent false
[2026-10-03 17:08:30] dbg: [driver:1] OpenTT3D: retained river selector tile 47,98 feature 6 base 8681 offset 0->0 sprite 8681 absent false
[2026-10-03 17:08:30] dbg: [driver:1] OpenTT3D: retained river selector tile 48,98 feature 5 base 8431 offset 0->0 sprite 8431 absent false
[2026-10-03 17:08:30] dbg: [driver:1] OpenTT3D: retained river selector tile 48,98 feature 6 base 8681 offset 2->2 sprite 8683 absent false
[2026-10-03 17:08:30] dbg: [driver:1] OpenTT3D: retained river selector tile 4,99 feature 5 base 8441 offset 1->1 sprite 8442 absent false
[2026-10-03 17:08:30] dbg: [driver:1] OpenTT3D: retained live water source tile 4,99 role ground sprite 8442 at original height 16
[2026-10-03 17:08:30] dbg: [driver:1] OpenTT3D: retained river selector tile 4,99 feature 6 base 8681 offset 12->12 sprite 8693 absent false
[2026-10-03 17:08:30] dbg: [driver:1] OpenTT3D: retained live water source tile 4,99 role ground sprite 8693 at original height 16
[2026-10-03 17:08:30] dbg: [driver:1] OpenTT3D: retained river selector tile 4,99 feature 6 base 8681 offset 14->14 sprite 8695 absent false
[2026-10-03 17:08:30] dbg: [driver:1] OpenTT3D: retained live water source tile 4,99 role ground sprite 8695 at original height 16
[2026-10-03 17:08:30] dbg: [driver:1] OpenTT3D: retained river selector tile 13,99 feature 5 base 8486 offset 1->1 sprite 8487 absent false
[2026-10-03 17:08:30] dbg: [driver:1] OpenTT3D: retained live water source tile 13,99 role ground sprite 8487 at original height 16
[2026-10-03 17:08:30] dbg: [driver:1] OpenTT3D: retained river selector tile 13,99 feature 6 base 8681 offset 12->12 sprite 8693 absent false
[2026-10-03 17:08:30] dbg: [driver:1] OpenTT3D: retained live water source tile 13,99 role ground sprite 8693 at original height 16
[2026-10-03 17:08:30] dbg: [driver:1] OpenTT3D: retained river selector tile 13,99 feature 6 base 8681 offset 14->14 sprite 8695 absent false
[2026-10-03 17:08:30] dbg: [driver:1] OpenTT3D: retained live water source tile 13,99 role ground sprite 8695 at original height 16
[2026-10-03 17:08:30] dbg: [driver:1] OpenTT3D: retained river selector tile 47,99 feature 5 base 8421 offset 0->0 sprite 8421 absent false
[2026-10-03 17:08:30] dbg: [driver:1] OpenTT3D: retained river selector tile 47,99 feature 6 base 8681 offset 0->0 sprite 8681 absent false
[2026-10-03 17:08:30] dbg: [driver:1] OpenTT3D: retained river selector tile 48,99 feature 5 base 8491 offset 0->0 sprite 8491 absent false
[2026-10-03 17:08:30] dbg: [driver:1] OpenTT3D: retained river selector tile 48,99 feature 6 base 8681 offset 2->2 sprite 8683 absent false
[2026-10-03 17:08:30] dbg: [driver:1] OpenTT3D: retained river selector tile 4,100 feature 5 base 8461 offset 0->0 sprite 8461 absent false
[2026-10-03 17:08:30] dbg: [driver:1] OpenTT3D: retained river selector tile 4,100 feature 6 base 8681 offset 0->0 sprite 8681 absent false
[2026-10-03 17:08:30] dbg: [driver:1] OpenTT3D: retained river selector tile 4,100 feature 6 base 8681 offset 2->2 sprite 8683 absent false
[2026-10-03 17:08:30] dbg: [driver:1] OpenTT3D: retained river selector tile 13,100 feature 5 base 8451 offset 0->0 sprite 8451 absent false
[2026-10-03 17:08:30] dbg: [driver:1] OpenTT3D: retained river selector tile 13,100 feature 6 base 8681 offset 0->0 sprite 8681 absent false
[2026-10-03 17:08:30] dbg: [driver:1] OpenTT3D: retained river selector tile 13,100 feature 6 base 8681 offset 2->2 sprite 8683 absent false
[2026-10-03 17:08:30] dbg: [driver:1] OpenTT3D: retained river selector tile 47,100 feature 5 base 8481 offset 0->0 sprite 8481 absent false
[2026-10-03 17:08:30] dbg: [driver:1] OpenTT3D: retained river selector tile 47,100 feature 6 base 8681 offset 0->0 sprite 8681 absent false
[2026-10-03 17:08:30] dbg: [driver:1] OpenTT3D: retained river selector tile 48,100 feature 5 base 8431 offset 0->0 sprite 8431 absent false
[2026-10-03 17:08:30] dbg: [driver:1] OpenTT3D: retained river selector tile 48,100 feature 6 base 8681 offset 2->2 sprite 8683 absent false
[2026-10-03 17:08:30] dbg: [driver:1] OpenTT3D: retained river selector tile 4,101 feature 5 base 8426 offset 0->0 sprite 8426 absent false
[2026-10-03 17:08:30] dbg: [driver:1] OpenTT3D: retained river selector tile 4,101 feature 6 base 8681 offset 0->0 sprite 8681 absent false
[2026-10-03 17:08:30] dbg: [driver:1] OpenTT3D: retained river selector tile 4,101 feature 6 base 8681 offset 2->2 sprite 8683 absent false
[2026-10-03 17:08:30] dbg: [driver:1] OpenTT3D: retained river selector tile 13,101 feature 5 base 8486 offset 0->0 sprite 8486 absent false
[2026-10-03 17:08:30] dbg: [driver:1] OpenTT3D: retained river selector tile 13,101 feature 6 base 8681 offset 0->0 sprite 8681 absent false
[2026-10-03 17:08:30] dbg: [driver:1] OpenTT3D: retained river selector tile 13,101 feature 6 base 8681 offset 2->2 sprite 8683 absent false
[2026-10-03 17:08:30] dbg: [driver:1] OpenTT3D: live projected tree 1877 stage 4 captured at 20,101
[2026-10-03 17:08:30] dbg: [driver:1] OpenTT3D: live projected tree 1856 stage 1 captured at 21,101
[2026-10-03 17:08:30] dbg: [driver:1] OpenTT3D: live projected tree 1877 stage 6 captured at 40,101
[2026-10-03 17:08:30] dbg: [driver:1] OpenTT3D: retained river selector tile 47,101 feature 5 base 8441 offset 0->0 sprite 8441 absent false
[2026-10-03 17:08:30] dbg: [driver:1] OpenTT3D: retained river selector tile 47,101 feature 6 base 8681 offset 0->0 sprite 8681 absent false
[2026-10-03 17:08:30] dbg: [driver:1] OpenTT3D: retained river selector tile 48,101 feature 5 base 8446 offset 0->0 sprite 8446 absent false
[2026-10-03 17:08:30] dbg: [driver:1] OpenTT3D: retained river selector tile 48,101 feature 6 base 8681 offset 2->2 sprite 8683 absent false
[2026-10-03 17:08:30] dbg: [driver:1] OpenTT3D: retained river selector tile 4,102 feature 5 base 8451 offset 0->0 sprite 8451 absent false
[2026-10-03 17:08:30] dbg: [driver:1] OpenTT3D: retained river selector tile 4,102 feature 6 base 8681 offset 0->0 sprite 8681 absent false
[2026-10-03 17:08:30] dbg: [driver:1] OpenTT3D: retained river selector tile 4,102 feature 6 base 8681 offset 1->1 sprite 8682 absent false
[2026-10-03 17:08:30] dbg: [driver:1] OpenTT3D: retained river selector tile 4,102 feature 6 base 8681 offset 4->4 sprite 8685 absent false
[2026-10-03 17:08:30] dbg: [driver:1] OpenTT3D: retained river selector tile 4,102 feature 6 base 8681 offset 10->10 sprite 8691 absent false
[2026-10-03 17:08:30] dbg: [driver:1] OpenTT3D: retained river selector tile 5,102 feature 5 base 8446 offset 0->0 sprite 8446 absent false
[2026-10-03 17:08:30] dbg: [driver:1] OpenTT3D: retained river selector tile 5,102 feature 6 base 8681 offset 2->2 sprite 8683 absent false
[2026-10-03 17:08:30] dbg: [driver:1] OpenTT3D: retained river selector tile 5,102 feature 6 base 8681 offset 3->3 sprite 8684 absent false
[2026-10-03 17:08:30] dbg: [driver:1] OpenTT3D: retained river selector tile 5,102 feature 6 base 8681 offset 8->8 sprite 8689 absent false
[2026-10-03 17:08:30] dbg: [driver:1] OpenTT3D: retained river selector tile 5,102 feature 6 base 8681 offset 6->6 sprite 8687 absent false
[2026-10-03 17:08:30] dbg: [driver:1] OpenTT3D: retained river selector tile 13,102 feature 5 base 8491 offset 0->0 sprite 8491 absent false
[2026-10-03 17:08:30] dbg: [driver:1] OpenTT3D: retained river selector tile 13,102 feature 6 base 8681 offset 0->0 sprite 8681 absent false
[2026-10-03 17:08:30] dbg: [driver:1] OpenTT3D: retained river selector tile 13,102 feature 6 base 8681 offset 9->9 sprite 8690 absent false
[2026-10-03 17:08:30] dbg: [driver:1] OpenTT3D: retained river selector tile 13,102 feature 6 base 8681 offset 10->10 sprite 8691 absent false
[2026-10-03 17:08:30] dbg: [driver:1] OpenTT3D: retained river selector tile 14,102 feature 5 base 8436 offset 0->0 sprite 8436 absent false
[2026-10-03 17:08:30] dbg: [driver:1] OpenTT3D: retained river selector tile 14,102 feature 6 base 8681 offset 1->1 sprite 8682 absent false
[2026-10-03 17:08:30] dbg: [driver:1] OpenTT3D: retained river selector tile 14,102 feature 6 base 8681 offset 3->3 sprite 8684 absent false
[2026-10-03 17:08:30] dbg: [driver:1] OpenTT3D: retained river selector tile 15,102 feature 5 base 8461 offset 0->0 sprite 8461 absent false
[2026-10-03 17:08:30] dbg: [driver:1] OpenTT3D: retained river selector tile 15,102 feature 6 base 8681 offset 1->1 sprite 8682 absent false
[2026-10-03 17:08:30] dbg: [driver:1] OpenTT3D: retained river selector tile 15,102 feature 6 base 8681 offset 3->3 sprite 8684 absent false
[2026-10-03 17:08:30] dbg: [driver:1] OpenTT3D: retained river selector tile 16,102 feature 5 base 8471 offset 0->0 sprite 8471 absent false
[2026-10-03 17:08:30] dbg: [driver:1] OpenTT3D: retained river selector tile 16,102 feature 6 base 8681 offset 1->1 sprite 8682 absent false
[2026-10-03 17:08:30] dbg: [driver:1] OpenTT3D: retained river selector tile 16,102 feature 6 base 8681 offset 3->3 sprite 8684 absent false
[2026-10-03 17:08:30] dbg: [driver:1] OpenTT3D: retained river selector tile 17,102 feature 5 base 8421 offset 0->0 sprite 8421 absent false
[2026-10-03 17:08:30] dbg: [driver:1] OpenTT3D: retained river selector tile 17,102 feature 6 base 8681 offset 1->1 sprite 8682 absent false
[2026-10-03 17:08:30] dbg: [driver:1] OpenTT3D: retained river selector tile 17,102 feature 6 base 8681 offset 3->3 sprite 8684 absent false
[2026-10-03 17:08:30] dbg: [driver:1] OpenTT3D: retained river selector tile 18,102 feature 5 base 8486 offset 0->0 sprite 8486 absent false
[2026-10-03 17:08:30] dbg: [driver:1] OpenTT3D: retained river selector tile 18,102 feature 6 base 8681 offset 1->1 sprite 8682 absent false
[2026-10-03 17:08:30] dbg: [driver:1] OpenTT3D: retained river selector tile 18,102 feature 6 base 8681 offset 3->3 sprite 8684 absent false
[2026-10-03 17:08:30] dbg: [driver:1] OpenTT3D: retained river selector tile 19,102 feature 5 base 8421 offset 0->0 sprite 8421 absent false
[2026-10-03 17:08:30] dbg: [driver:1] OpenTT3D: retained river selector tile 19,102 feature 6 base 8681 offset 2->2 sprite 8683 absent false
[2026-10-03 17:08:30] dbg: [driver:1] OpenTT3D: retained river selector tile 19,102 feature 6 base 8681 offset 3->3 sprite 8684 absent false
[2026-10-03 17:08:30] dbg: [driver:1] OpenTT3D: retained river selector tile 19,102 feature 6 base 8681 offset 8->8 sprite 8689 absent false
[2026-10-03 17:08:30] dbg: [driver:1] OpenTT3D: retained river selector tile 19,102 feature 6 base 8681 offset 6->6 sprite 8687 absent false
[2026-10-03 17:08:30] dbg: [driver:1] OpenTT3D: retained river selector tile 47,102 feature 5 base 8491 offset 0->0 sprite 8491 absent false
[2026-10-03 17:08:30] dbg: [driver:1] OpenTT3D: retained river selector tile 47,102 feature 6 base 8681 offset 0->0 sprite 8681 absent false
[2026-10-03 17:08:30] dbg: [driver:1] OpenTT3D: retained river selector tile 48,102 feature 5 base 8436 offset 0->0 sprite 8436 absent false
[2026-10-03 17:08:30] dbg: [driver:1] OpenTT3D: retained river selector tile 48,102 feature 6 base 8681 offset 2->2 sprite 8683 absent false
[2026-10-03 17:08:30] dbg: [driver:1] OpenTT3D: retained river selector tile 5,103 feature 5 base 8466 offset 1->1 sprite 8467 absent false
[2026-10-03 17:08:30] dbg: [driver:1] OpenTT3D: retained live water source tile 5,103 role ground sprite 8467 at original height 24
[2026-10-03 17:08:30] dbg: [driver:1] OpenTT3D: retained river selector tile 5,103 feature 6 base 8681 offset 12->12 sprite 8693 absent false
[2026-10-03 17:08:30] dbg: [driver:1] OpenTT3D: retained live water source tile 5,103 role ground sprite 8693 at original height 24
[2026-10-03 17:08:30] dbg: [driver:1] OpenTT3D: retained river selector tile 5,103 feature 6 base 8681 offset 14->14 sprite 8695 absent false
[2026-10-03 17:08:30] dbg: [driver:1] OpenTT3D: retained live water source tile 5,103 role ground sprite 8695 at original height 24
[2026-10-03 17:08:30] dbg: [driver:1] OpenTT3D: retained river selector tile 13,103 feature 5 base 8421 offset 0->0 sprite 8421 absent false
[2026-10-03 17:08:30] dbg: [driver:1] OpenTT3D: retained river selector tile 13,103 feature 6 base 8681 offset 0->0 sprite 8681 absent false
[2026-10-03 17:08:30] dbg: [driver:1] OpenTT3D: retained river selector tile 13,103 feature 6 base 8681 offset 2->2 sprite 8683 absent false
[2026-10-03 17:08:30] dbg: [driver:1] OpenTT3D: retained river selector tile 19,103 feature 5 base 8446 offset 1->1 sprite 8447 absent false
[2026-10-03 17:08:30] dbg: [driver:1] OpenTT3D: retained live water source tile 19,103 role ground sprite 8447 at original height 24
[2026-10-03 17:08:30] dbg: [driver:1] OpenTT3D: retained river selector tile 19,103 feature 6 base 8681 offset 12->12 sprite 8693 absent false
[2026-10-03 17:08:30] dbg: [driver:1] OpenTT3D: retained live water source tile 19,103 role ground sprite 8693 at original height 24
[2026-10-03 17:08:30] dbg: [driver:1] OpenTT3D: retained river selector tile 19,103 feature 6 base 8681 offset 14->14 sprite 8695 absent false
[2026-10-03 17:08:30] dbg: [driver:1] OpenTT3D: retained live water source tile 19,103 role ground sprite 8695 at original height 24
[2026-10-03 17:08:30] dbg: [driver:1] OpenTT3D: retained river selector tile 47,103 feature 5 base 8426 offset 0->0 sprite 8426 absent false
[2026-10-03 17:08:30] dbg: [driver:1] OpenTT3D: retained river selector tile 47,103 feature 6 base 8681 offset 0->0 sprite 8681 absent false
[2026-10-03 17:08:30] dbg: [driver:1] OpenTT3D: retained river selector tile 48,103 feature 5 base 8486 offset 0->0 sprite 8486 absent false
[2026-10-03 17:08:30] dbg: [driver:1] OpenTT3D: retained river selector tile 48,103 feature 6 base 8681 offset 2->2 sprite 8683 absent false
[2026-10-03 17:08:30] dbg: [driver:1] OpenTT3D: retained river selector tile 5,104 feature 5 base 8431 offset 0->0 sprite 8431 absent false
[2026-10-03 17:08:30] dbg: [driver:1] OpenTT3D: retained river selector tile 5,104 feature 6 base 8681 offset 0->0 sprite 8681 absent false
[2026-10-03 17:08:30] dbg: [driver:1] OpenTT3D: retained river selector tile 5,104 feature 6 base 8681 offset 2->2 sprite 8683 absent false
[2026-10-03 17:08:30] dbg: [driver:1] OpenTT3D: retained river selector tile 13,104 feature 5 base 8491 offset 1->1 sprite 8492 absent false
[2026-10-03 17:08:30] dbg: [driver:1] OpenTT3D: retained live water source tile 13,104 role ground sprite 8492 at original height 24
[2026-10-03 17:08:30] dbg: [driver:1] OpenTT3D: retained river selector tile 13,104 feature 6 base 8681 offset 12->12 sprite 8693 absent false
[2026-10-03 17:08:30] dbg: [driver:1] OpenTT3D: retained live water source tile 13,104 role ground sprite 8693 at original height 24
[2026-10-03 17:08:30] dbg: [driver:1] OpenTT3D: retained river selector tile 13,104 feature 6 base 8681 offset 14->14 sprite 8695 absent false
[2026-10-03 17:08:30] dbg: [driver:1] OpenTT3D: retained live water source tile 13,104 role ground sprite 8695 at original height 24
[2026-10-03 17:08:30] dbg: [driver:1] OpenTT3D: retained river selector tile 19,104 feature 5 base 8436 offset 0->0 sprite 8436 absent false
[2026-10-03 17:08:30] dbg: [driver:1] OpenTT3D: retained river selector tile 19,104 feature 6 base 8681 offset 0->0 sprite 8681 absent false
[2026-10-03 17:08:30] dbg: [driver:1] OpenTT3D: retained river selector tile 19,104 feature 6 base 8681 offset 2->2 sprite 8683 absent false
[2026-10-03 17:08:30] dbg: [driver:1] OpenTT3D: retained river selector tile 47,104 feature 5 base 8441 offset 0->0 sprite 8441 absent false
[2026-10-03 17:08:30] dbg: [driver:1] OpenTT3D: retained river selector tile 47,104 feature 6 base 8681 offset 0->0 sprite 8681 absent false
[2026-10-03 17:08:30] dbg: [driver:1] OpenTT3D: retained river selector tile 48,104 feature 5 base 8431 offset 0->0 sprite 8431 absent false
[2026-10-03 17:08:30] dbg: [driver:1] OpenTT3D: retained river selector tile 48,104 feature 6 base 8681 offset 2->2 sprite 8683 absent false
[2026-10-03 17:08:30] dbg: [driver:1] OpenTT3D: retained river selector tile 5,105 feature 5 base 8491 offset 1->1 sprite 8492 absent false
[2026-10-03 17:08:30] dbg: [driver:1] OpenTT3D: retained live water source tile 5,105 role ground sprite 8492 at original height 32
[2026-10-03 17:08:30] dbg: [driver:1] OpenTT3D: retained river selector tile 5,105 feature 6 base 8681 offset 12->12 sprite 8693 absent false
[2026-10-03 17:08:30] dbg: [driver:1] OpenTT3D: retained live water source tile 5,105 role ground sprite 8693 at original height 32
[2026-10-03 17:08:30] dbg: [driver:1] OpenTT3D: retained river selector tile 5,105 feature 6 base 8681 offset 14->14 sprite 8695 absent false
[2026-10-03 17:08:30] dbg: [driver:1] OpenTT3D: retained live water source tile 5,105 role ground sprite 8695 at original height 32
[2026-10-03 17:08:30] dbg: [driver:1] OpenTT3D: retained river selector tile 13,105 feature 5 base 8491 offset 0->0 sprite 8491 absent false
[2026-10-03 17:08:30] dbg: [driver:1] OpenTT3D: retained river selector tile 13,105 feature 6 base 8681 offset 0->0 sprite 8681 absent false
[2026-10-03 17:08:30] dbg: [driver:1] OpenTT3D: retained river selector tile 13,105 feature 6 base 8681 offset 2->2 sprite 8683 absent false
[2026-10-03 17:08:30] dbg: [driver:1] OpenTT3D: retained river selector tile 19,105 feature 5 base 8471 offset 0->0 sprite 8471 absent false
[2026-10-03 17:08:30] dbg: [driver:1] OpenTT3D: retained river selector tile 19,105 feature 6 base 8681 offset 0->0 sprite 8681 absent false
[2026-10-03 17:08:30] dbg: [driver:1] OpenTT3D: retained river selector tile 19,105 feature 6 base 8681 offset 2->2 sprite 8683 absent false
[2026-10-03 17:08:30] dbg: [driver:1] OpenTT3D: live projected tree 1856 stage 6 captured at 45,105
[2026-10-03 17:08:30] dbg: [driver:1] OpenTT3D: retained river selector tile 47,105 feature 5 base 8476 offset 0->0 sprite 8476 absent false
[2026-10-03 17:08:30] dbg: [driver:1] OpenTT3D: retained river selector tile 47,105 feature 6 base 8681 offset 0->0 sprite 8681 absent false
[2026-10-03 17:08:30] dbg: [driver:1] OpenTT3D: retained river selector tile 47,105 feature 6 base 8681 offset 9->9 sprite 8690 absent false
[2026-10-03 17:08:30] dbg: [driver:1] OpenTT3D: retained river selector tile 48,105 feature 5 base 8481 offset 0->0 sprite 8481 absent false
[2026-10-03 17:08:30] dbg: [driver:1] OpenTT3D: retained river selector tile 48,105 feature 6 base 8681 offset 1->1 sprite 8682 absent false
[2026-10-03 17:08:30] dbg: [driver:1] OpenTT3D: retained river selector tile 48,105 feature 6 base 8681 offset 2->2 sprite 8683 absent false
[2026-10-03 17:08:30] dbg: [driver:1] OpenTT3D: retained river selector tile 48,105 feature 6 base 8681 offset 5->5 sprite 8686 absent false
[2026-10-03 17:08:30] dbg: [driver:1] OpenTT3D: retained river selector tile 5,106 feature 5 base 8441 offset 0->0 sprite 8441 absent false
[2026-10-03 17:08:30] dbg: [driver:1] OpenTT3D: retained river selector tile 5,106 feature 6 base 8681 offset 0->0 sprite 8681 absent false
[2026-10-03 17:08:30] dbg: [driver:1] OpenTT3D: retained river selector tile 5,106 feature 6 base 8681 offset 2->2 sprite 8683 absent false
[2026-10-03 17:08:30] dbg: [driver:1] OpenTT3D: retained river selector tile 13,106 feature 5 base 8461 offset 1->1 sprite 8462 absent false
[2026-10-03 17:08:30] dbg: [driver:1] OpenTT3D: retained live water source tile 13,106 role ground sprite 8462 at original height 32
[2026-10-03 17:08:30] dbg: [driver:1] OpenTT3D: retained river selector tile 13,106 feature 6 base 8681 offset 12->12 sprite 8693 absent false
[2026-10-03 17:08:30] dbg: [driver:1] OpenTT3D: retained live water source tile 13,106 role ground sprite 8693 at original height 32
[2026-10-03 17:08:30] dbg: [driver:1] OpenTT3D: retained river selector tile 13,106 feature 6 base 8681 offset 14->14 sprite 8695 absent false
[2026-10-03 17:08:30] dbg: [driver:1] OpenTT3D: retained live water source tile 13,106 role ground sprite 8695 at original height 32
[2026-10-03 17:08:30] dbg: [driver:1] OpenTT3D: retained river selector tile 19,106 feature 5 base 8496 offset 1->1 sprite 8497 absent false
[2026-10-03 17:08:30] dbg: [driver:1] OpenTT3D: retained live water source tile 19,106 role ground sprite 8497 at original height 32
[2026-10-03 17:08:30] dbg: [driver:1] OpenTT3D: retained river selector tile 19,106 feature 6 base 8681 offset 12->12 sprite 8693 absent false
[2026-10-03 17:08:30] dbg: [driver:1] OpenTT3D: retained live water source tile 19,106 role ground sprite 8693 at original height 32
[2026-10-03 17:08:30] dbg: [driver:1] OpenTT3D: retained river selector tile 19,106 feature 6 base 8681 offset 14->14 sprite 8695 absent false
[2026-10-03 17:08:30] dbg: [driver:1] OpenTT3D: retained live water source tile 19,106 role ground sprite 8695 at original height 32
[2026-10-03 17:08:31] dbg: [driver:1] OpenTT3D: retained river selector tile 47,106 feature 5 base 8421 offset 0->0 sprite 8421 absent false
[2026-10-03 17:08:31] dbg: [driver:1] OpenTT3D: retained river selector tile 47,106 feature 6 base 8681 offset 0->0 sprite 8681 absent false
[2026-10-03 17:08:31] dbg: [driver:1] OpenTT3D: retained river selector tile 47,106 feature 6 base 8681 offset 2->2 sprite 8683 absent false
[2026-10-03 17:08:31] dbg: [driver:1] OpenTT3D: retained river selector tile 5,107 feature 5 base 8486 offset 1->1 sprite 8487 absent false
[2026-10-03 17:08:31] dbg: [driver:1] OpenTT3D: retained live water source tile 5,107 role ground sprite 8487 at original height 40
[2026-10-03 17:08:31] dbg: [driver:1] OpenTT3D: retained river selector tile 5,107 feature 6 base 8681 offset 12->12 sprite 8693 absent false
[2026-10-03 17:08:31] dbg: [driver:1] OpenTT3D: retained live water source tile 5,107 role ground sprite 8693 at original height 40
[2026-10-03 17:08:31] dbg: [driver:1] OpenTT3D: retained river selector tile 5,107 feature 6 base 8681 offset 14->14 sprite 8695 absent false
[2026-10-03 17:08:31] dbg: [driver:1] OpenTT3D: retained live water source tile 5,107 role ground sprite 8695 at original height 40
[2026-10-03 17:08:31] dbg: [driver:1] OpenTT3D: retained river selector tile 13,107 feature 5 base 8491 offset 1->1 sprite 8492 absent false
[2026-10-03 17:08:31] dbg: [driver:1] OpenTT3D: retained live water source tile 13,107 role ground sprite 8492 at original height 40
[2026-10-03 17:08:31] dbg: [driver:1] OpenTT3D: retained river selector tile 13,107 feature 6 base 8681 offset 12->12 sprite 8693 absent false
[2026-10-03 17:08:31] dbg: [driver:1] OpenTT3D: retained live water source tile 13,107 role ground sprite 8693 at original height 40
[2026-10-03 17:08:31] dbg: [driver:1] OpenTT3D: retained river selector tile 13,107 feature 6 base 8681 offset 14->14 sprite 8695 absent false
[2026-10-03 17:08:31] dbg: [driver:1] OpenTT3D: retained live water source tile 13,107 role ground sprite 8695 at original height 40
[2026-10-03 17:08:31] dbg: [driver:1] OpenTT3D: retained river selector tile 19,107 feature 5 base 8441 offset 0->0 sprite 8441 absent false
[2026-10-03 17:08:31] dbg: [driver:1] OpenTT3D: retained river selector tile 19,107 feature 6 base 8681 offset 0->0 sprite 8681 absent false
[2026-10-03 17:08:31] dbg: [driver:1] OpenTT3D: retained river selector tile 19,107 feature 6 base 8681 offset 1->1 sprite 8682 absent false
[2026-10-03 17:08:31] dbg: [driver:1] OpenTT3D: retained river selector tile 19,107 feature 6 base 8681 offset 4->4 sprite 8685 absent false
[2026-10-03 17:08:31] dbg: [driver:1] OpenTT3D: retained river selector tile 19,107 feature 6 base 8681 offset 10->10 sprite 8691 absent false
[2026-10-03 17:08:31] dbg: [driver:1] OpenTT3D: retained river selector tile 20,107 feature 5 base 8476 offset 0->0 sprite 8476 absent false
[2026-10-03 17:08:31] dbg: [driver:1] OpenTT3D: retained river selector tile 20,107 feature 6 base 8681 offset 1->1 sprite 8682 absent false
[2026-10-03 17:08:31] dbg: [driver:1] OpenTT3D: retained river selector tile 20,107 feature 6 base 8681 offset 3->3 sprite 8684 absent false
[2026-10-03 17:08:31] dbg: [driver:1] OpenTT3D: retained river selector tile 21,107 feature 5 base 8436 offset 0->0 sprite 8436 absent false
[2026-10-03 17:08:31] dbg: [driver:1] OpenTT3D: retained river selector tile 21,107 feature 6 base 8681 offset 1->1 sprite 8682 absent false
[2026-10-03 17:08:31] dbg: [driver:1] OpenTT3D: retained river selector tile 21,107 feature 6 base 8681 offset 3->3 sprite 8684 absent false
[2026-10-03 17:08:31] dbg: [driver:1] OpenTT3D: retained river selector tile 22,107 feature 5 base 8436 offset 0->0 sprite 8436 absent false
[2026-10-03 17:08:31] dbg: [driver:1] OpenTT3D: retained river selector tile 22,107 feature 6 base 8681 offset 1->1 sprite 8682 absent false
[2026-10-03 17:08:31] dbg: [driver:1] OpenTT3D: retained river selector tile 22,107 feature 6 base 8681 offset 3->3 sprite 8684 absent false
[2026-10-03 17:08:31] dbg: [driver:1] OpenTT3D: retained river selector tile 23,107 feature 5 base 8461 offset 0->0 sprite 8461 absent false
[2026-10-03 17:08:31] dbg: [driver:1] OpenTT3D: retained river selector tile 23,107 feature 6 base 8681 offset 2->2 sprite 8683 absent false
[2026-10-03 17:08:31] dbg: [driver:1] OpenTT3D: retained river selector tile 23,107 feature 6 base 8681 offset 3->3 sprite 8684 absent false
[2026-10-03 17:08:31] dbg: [driver:1] OpenTT3D: retained river selector tile 23,107 feature 6 base 8681 offset 8->8 sprite 8689 absent false
[2026-10-03 17:08:31] dbg: [driver:1] OpenTT3D: retained river selector tile 23,107 feature 6 base 8681 offset 6->6 sprite 8687 absent false
[2026-10-03 17:08:31] dbg: [driver:1] OpenTT3D: retained river selector tile 47,107 feature 5 base 8486 offset 0->0 sprite 8486 absent false
[2026-10-03 17:08:31] dbg: [driver:1] OpenTT3D: retained river selector tile 47,107 feature 6 base 8681 offset 0->0 sprite 8681 absent false
[2026-10-03 17:08:31] dbg: [driver:1] OpenTT3D: retained river selector tile 47,107 feature 6 base 8681 offset 2->2 sprite 8683 absent false
[2026-10-03 17:08:31] dbg: [driver:1] OpenTT3D: retained river selector tile 5,108 feature 5 base 8476 offset 0->0 sprite 8476 absent false
[2026-10-03 17:08:31] dbg: [driver:1] OpenTT3D: retained river selector tile 5,108 feature 6 base 8681 offset 0->0 sprite 8681 absent false
[2026-10-03 17:08:31] dbg: [driver:1] OpenTT3D: retained river selector tile 5,108 feature 6 base 8681 offset 1->1 sprite 8682 absent false
[2026-10-03 17:08:31] dbg: [driver:1] OpenTT3D: retained river selector tile 5,108 feature 6 base 8681 offset 4->4 sprite 8685 absent false
[2026-10-03 17:08:31] dbg: [driver:1] OpenTT3D: retained river selector tile 5,108 feature 6 base 8681 offset 10->10 sprite 8691 absent false
[2026-10-03 17:08:31] dbg: [driver:1] OpenTT3D: retained river selector tile 6,108 feature 5 base 8441 offset 0->0 sprite 8441 absent false
[2026-10-03 17:08:31] dbg: [driver:1] OpenTT3D: retained river selector tile 6,108 feature 6 base 8681 offset 1->1 sprite 8682 absent false
[2026-10-03 17:08:31] dbg: [driver:1] OpenTT3D: retained river selector tile 6,108 feature 6 base 8681 offset 2->2 sprite 8683 absent false
[2026-10-03 17:08:31] dbg: [driver:1] OpenTT3D: retained river selector tile 6,108 feature 6 base 8681 offset 3->3 sprite 8684 absent false
[2026-10-03 17:08:31] dbg: [driver:1] OpenTT3D: retained river selector tile 6,108 feature 6 base 8681 offset 5->5 sprite 8686 absent false
[2026-10-03 17:08:31] dbg: [driver:1] OpenTT3D: retained river selector tile 6,108 feature 6 base 8681 offset 6->6 sprite 8687 absent false
[2026-10-03 17:08:31] dbg: [driver:1] OpenTT3D: retained river selector tile 13,108 feature 5 base 8486 offset 0->0 sprite 8486 absent false
[2026-10-03 17:08:31] dbg: [driver:1] OpenTT3D: retained river selector tile 13,108 feature 6 base 8681 offset 0->0 sprite 8681 absent false
[2026-10-03 17:08:31] dbg: [driver:1] OpenTT3D: retained river selector tile 13,108 feature 6 base 8681 offset 2->2 sprite 8683 absent false
[2026-10-03 17:08:31] dbg: [driver:1] OpenTT3D: live projected tree 1856 stage 2 captured at 21,108
[2026-10-03 17:08:31] dbg: [driver:1] OpenTT3D: retained river selector tile 23,108 feature 5 base 8471 offset 0->0 sprite 8471 absent false
[2026-10-03 17:08:31] dbg: [driver:1] OpenTT3D: retained river selector tile 23,108 feature 6 base 8681 offset 0->0 sprite 8681 absent false
[2026-10-03 17:08:31] dbg: [driver:1] OpenTT3D: retained river selector tile 23,108 feature 6 base 8681 offset 2->2 sprite 8683 absent false
[2026-10-03 17:08:31] dbg: [driver:1] OpenTT3D: retained river selector tile 47,108 feature 5 base 8481 offset 0->0 sprite 8481 absent false
[2026-10-03 17:08:31] dbg: [driver:1] OpenTT3D: retained river selector tile 47,108 feature 6 base 8681 offset 0->0 sprite 8681 absent false
[2026-10-03 17:08:31] dbg: [driver:1] OpenTT3D: retained river selector tile 47,108 feature 6 base 8681 offset 2->2 sprite 8683 absent false
[2026-10-03 17:08:31] dbg: [driver:1] OpenTT3D: retained river selector tile 13,109 feature 5 base 8456 offset 1->1 sprite 8457 absent false
[2026-10-03 17:08:31] dbg: [driver:1] OpenTT3D: retained live water source tile 13,109 role ground sprite 8457 at original height 48
[2026-10-03 17:08:31] dbg: [driver:1] OpenTT3D: retained river selector tile 13,109 feature 6 base 8681 offset 12->12 sprite 8693 absent false
[2026-10-03 17:08:31] dbg: [driver:1] OpenTT3D: retained live water source tile 13,109 role ground sprite 8693 at original height 48
[2026-10-03 17:08:31] dbg: [driver:1] OpenTT3D: retained river selector tile 13,109 feature 6 base 8681 offset 14->14 sprite 8695 absent false
[2026-10-03 17:08:31] dbg: [driver:1] OpenTT3D: retained live water source tile 13,109 role ground sprite 8695 at original height 48
[2026-10-03 17:08:31] dbg: [driver:1] OpenTT3D: retained river selector tile 23,109 feature 5 base 8446 offset 1->1 sprite 8447 absent false
[2026-10-03 17:08:31] dbg: [driver:1] OpenTT3D: retained live water source tile 23,109 role ground sprite 8447 at original height 40
[2026-10-03 17:08:31] dbg: [driver:1] OpenTT3D: retained river selector tile 23,109 feature 6 base 8681 offset 12->12 sprite 8693 absent false
[2026-10-03 17:08:31] dbg: [driver:1] OpenTT3D: retained live water source tile 23,109 role ground sprite 8693 at original height 40
[2026-10-03 17:08:31] dbg: [driver:1] OpenTT3D: retained river selector tile 23,109 feature 6 base 8681 offset 14->14 sprite 8695 absent false
[2026-10-03 17:08:31] dbg: [driver:1] OpenTT3D: retained live water source tile 23,109 role ground sprite 8695 at original height 40
[2026-10-03 17:08:31] dbg: [driver:1] OpenTT3D: retained river selector tile 45,109 feature 5 base 8421 offset 0->0 sprite 8421 absent false
[2026-10-03 17:08:31] dbg: [driver:1] OpenTT3D: retained river selector tile 45,109 feature 6 base 8681 offset 0->0 sprite 8681 absent false
[2026-10-03 17:08:31] dbg: [driver:1] OpenTT3D: retained river selector tile 45,109 feature 6 base 8681 offset 3->3 sprite 8684 absent false
[2026-10-03 17:08:31] dbg: [driver:1] OpenTT3D: retained river selector tile 45,109 feature 6 base 8681 offset 9->9 sprite 8690 absent false
[2026-10-03 17:08:31] dbg: [driver:1] OpenTT3D: retained river selector tile 45,109 feature 6 base 8681 offset 7->7 sprite 8688 absent false
[2026-10-03 17:08:31] dbg: [driver:1] OpenTT3D: retained river selector tile 46,109 feature 5 base 8436 offset 2->2 sprite 8438 absent false
[2026-10-03 17:08:31] dbg: [driver:1] OpenTT3D: retained live water source tile 46,109 role ground sprite 8438 at original height 24
[2026-10-03 17:08:31] dbg: [driver:1] OpenTT3D: retained river selector tile 46,109 feature 6 base 8681 offset 25->25 sprite 8706 absent false
[2026-10-03 17:08:31] dbg: [driver:1] OpenTT3D: retained live water source tile 46,109 role ground sprite 8706 at original height 24
[2026-10-03 17:08:31] dbg: [driver:1] OpenTT3D: retained river selector tile 46,109 feature 6 base 8681 offset 27->27 sprite 8708 absent false
[2026-10-03 17:08:31] dbg: [driver:1] OpenTT3D: retained live water source tile 46,109 role ground sprite 8708 at original height 24
[2026-10-03 17:08:31] dbg: [driver:1] OpenTT3D: retained river selector tile 47,109 feature 5 base 8466 offset 0->0 sprite 8466 absent false
[2026-10-03 17:08:31] dbg: [driver:1] OpenTT3D: retained river selector tile 47,109 feature 6 base 8681 offset 1->1 sprite 8682 absent false
[2026-10-03 17:08:31] dbg: [driver:1] OpenTT3D: retained river selector tile 47,109 feature 6 base 8681 offset 2->2 sprite 8683 absent false
[2026-10-03 17:08:31] dbg: [driver:1] OpenTT3D: retained river selector tile 47,109 feature 6 base 8681 offset 5->5 sprite 8686 absent false
[2026-10-03 17:08:31] dbg: [driver:1] OpenTT3D: retained river selector tile 47,109 feature 6 base 8681 offset 11->11 sprite 8692 absent false
[2026-10-03 17:08:31] dbg: [driver:1] OpenTT3D: retained river selector tile 10,110 feature 5 base 8461 offset 0->0 sprite 8461 absent false
[2026-10-03 17:08:31] dbg: [driver:1] OpenTT3D: retained river selector tile 10,110 feature 6 base 8681 offset 0->0 sprite 8681 absent false
[2026-10-03 17:08:31] dbg: [driver:1] OpenTT3D: retained river selector tile 10,110 feature 6 base 8681 offset 1->1 sprite 8682 absent false
[2026-10-03 17:08:32] dbg: [driver:1] OpenTT3D: retained river selector tile 10,110 feature 6 base 8681 offset 3->3 sprite 8684 absent false
[2026-10-03 17:08:32] dbg: [driver:1] OpenTT3D: retained river selector tile 10,110 feature 6 base 8681 offset 4->4 sprite 8685 absent false
[2026-10-03 17:08:32] dbg: [driver:1] OpenTT3D: retained river selector tile 10,110 feature 6 base 8681 offset 7->7 sprite 8688 absent false
[2026-10-03 17:08:32] dbg: [driver:1] OpenTT3D: retained river selector tile 11,110 feature 5 base 8431 offset 0->0 sprite 8431 absent false
[2026-10-03 17:08:32] dbg: [driver:1] OpenTT3D: retained river selector tile 11,110 feature 6 base 8681 offset 1->1 sprite 8682 absent false
[2026-10-03 17:08:32] dbg: [driver:1] OpenTT3D: retained river selector tile 11,110 feature 6 base 8681 offset 3->3 sprite 8684 absent false
[2026-10-03 17:08:32] dbg: [driver:1] OpenTT3D: retained river selector tile 12,110 feature 5 base 8461 offset 0->0 sprite 8461 absent false
[2026-10-03 17:08:32] dbg: [driver:1] OpenTT3D: retained river selector tile 12,110 feature 6 base 8681 offset 1->1 sprite 8682 absent false
[2026-10-03 17:08:32] dbg: [driver:1] OpenTT3D: retained river selector tile 12,110 feature 6 base 8681 offset 3->3 sprite 8684 absent false
[2026-10-03 17:08:32] dbg: [driver:1] OpenTT3D: retained river selector tile 13,110 feature 5 base 8481 offset 0->0 sprite 8481 absent false
[2026-10-03 17:08:32] dbg: [driver:1] OpenTT3D: retained river selector tile 13,110 feature 6 base 8681 offset 1->1 sprite 8682 absent false
[2026-10-03 17:08:32] dbg: [driver:1] OpenTT3D: retained river selector tile 13,110 feature 6 base 8681 offset 2->2 sprite 8683 absent false
[2026-10-03 17:08:32] dbg: [driver:1] OpenTT3D: retained river selector tile 13,110 feature 6 base 8681 offset 5->5 sprite 8686 absent false
[2026-10-03 17:08:32] dbg: [driver:1] OpenTT3D: retained river selector tile 13,110 feature 6 base 8681 offset 11->11 sprite 8692 absent false
[2026-10-03 17:08:32] dbg: [driver:1] OpenTT3D: retained river selector tile 23,110 feature 5 base 8491 offset 0->0 sprite 8491 absent false
[2026-10-03 17:08:32] dbg: [driver:1] OpenTT3D: retained river selector tile 23,110 feature 6 base 8681 offset 0->0 sprite 8681 absent false
[2026-10-03 17:08:32] dbg: [driver:1] OpenTT3D: retained river selector tile 23,110 feature 6 base 8681 offset 2->2 sprite 8683 absent false
[2026-10-03 17:08:32] dbg: [driver:1] OpenTT3D: retained river selector tile 35,110 feature 5 base 8476 offset 0->0 sprite 8476 absent false
[2026-10-03 17:08:32] dbg: [driver:1] OpenTT3D: retained river selector tile 35,110 feature 6 base 8681 offset 0->0 sprite 8681 absent false
[2026-10-03 17:08:32] dbg: [driver:1] OpenTT3D: retained river selector tile 35,110 feature 6 base 8681 offset 3->3 sprite 8684 absent false
[2026-10-03 17:08:32] dbg: [driver:1] OpenTT3D: retained river selector tile 35,110 feature 6 base 8681 offset 9->9 sprite 8690 absent false
[2026-10-03 17:08:32] dbg: [driver:1] OpenTT3D: retained river selector tile 35,110 feature 6 base 8681 offset 7->7 sprite 8688 absent false
[2026-10-03 17:08:32] dbg: [driver:1] OpenTT3D: retained river selector tile 36,110 feature 5 base 8451 offset 2->2 sprite 8453 absent false
[2026-10-03 17:08:32] dbg: [driver:1] OpenTT3D: retained live water source tile 36,110 role ground sprite 8453 at original height 40
[2026-10-03 17:08:32] dbg: [driver:2] OpenTT3D: source texture 8453 mip family request 5 decode 0.344 ms, preparation 1.497 ms
[2026-10-03 17:08:32] dbg: [driver:1] OpenTT3D: retained river selector tile 36,110 feature 6 base 8681 offset 25->25 sprite 8706 absent false
[2026-10-03 17:08:32] dbg: [driver:1] OpenTT3D: retained live water source tile 36,110 role ground sprite 8706 at original height 40
[2026-10-03 17:08:32] dbg: [driver:1] OpenTT3D: retained river selector tile 36,110 feature 6 base 8681 offset 27->27 sprite 8708 absent false
[2026-10-03 17:08:32] dbg: [driver:1] OpenTT3D: retained live water source tile 36,110 role ground sprite 8708 at original height 40
[2026-10-03 17:08:32] dbg: [driver:1] OpenTT3D: retained river selector tile 37,110 feature 5 base 8461 offset 0->0 sprite 8461 absent false
[2026-10-03 17:08:32] dbg: [driver:1] OpenTT3D: retained river selector tile 37,110 feature 6 base 8681 offset 1->1 sprite 8682 absent false
[2026-10-03 17:08:32] dbg: [driver:1] OpenTT3D: retained river selector tile 37,110 feature 6 base 8681 offset 3->3 sprite 8684 absent false
[2026-10-03 17:08:32] dbg: [driver:1] OpenTT3D: retained river selector tile 38,110 feature 5 base 8446 offset 0->0 sprite 8446 absent false
[2026-10-03 17:08:32] dbg: [driver:1] OpenTT3D: retained river selector tile 38,110 feature 6 base 8681 offset 2->2 sprite 8683 absent false
[2026-10-03 17:08:32] dbg: [driver:1] OpenTT3D: retained river selector tile 38,110 feature 6 base 8681 offset 3->3 sprite 8684 absent false
[2026-10-03 17:08:32] dbg: [driver:1] OpenTT3D: retained river selector tile 38,110 feature 6 base 8681 offset 8->8 sprite 8689 absent false
[2026-10-03 17:08:32] dbg: [driver:1] OpenTT3D: retained river selector tile 38,110 feature 6 base 8681 offset 6->6 sprite 8687 absent false
[2026-10-03 17:08:32] dbg: [driver:1] OpenTT3D: retained river selector tile 41,110 feature 5 base 8491 offset 0->0 sprite 8491 absent false
[2026-10-03 17:08:32] dbg: [driver:1] OpenTT3D: retained river selector tile 41,110 feature 6 base 8681 offset 0->0 sprite 8681 absent false
[2026-10-03 17:08:32] dbg: [driver:1] OpenTT3D: retained river selector tile 41,110 feature 6 base 8681 offset 3->3 sprite 8684 absent false
[2026-10-03 17:08:32] dbg: [driver:1] OpenTT3D: retained river selector tile 41,110 feature 6 base 8681 offset 9->9 sprite 8690 absent false
[2026-10-03 17:08:32] dbg: [driver:1] OpenTT3D: retained river selector tile 41,110 feature 6 base 8681 offset 7->7 sprite 8688 absent false
[2026-10-03 17:08:32] dbg: [driver:1] OpenTT3D: retained river selector tile 42,110 feature 5 base 8486 offset 0->0 sprite 8486 absent false
[2026-10-03 17:08:32] dbg: [driver:1] OpenTT3D: retained river selector tile 42,110 feature 6 base 8681 offset 1->1 sprite 8682 absent false
[2026-10-03 17:08:32] dbg: [driver:1] OpenTT3D: retained river selector tile 42,110 feature 6 base 8681 offset 3->3 sprite 8684 absent false
[2026-10-03 17:08:32] dbg: [driver:1] OpenTT3D: retained river selector tile 43,110 feature 5 base 8436 offset 0->0 sprite 8436 absent false
[2026-10-03 17:08:32] dbg: [driver:1] OpenTT3D: retained river selector tile 43,110 feature 6 base 8681 offset 1->1 sprite 8682 absent false
[2026-10-03 17:08:32] dbg: [driver:1] OpenTT3D: retained river selector tile 43,110 feature 6 base 8681 offset 3->3 sprite 8684 absent false
[2026-10-03 17:08:32] dbg: [driver:1] OpenTT3D: retained river selector tile 44,110 feature 5 base 8466 offset 0->0 sprite 8466 absent false
[2026-10-03 17:08:32] dbg: [driver:1] OpenTT3D: retained river selector tile 44,110 feature 6 base 8681 offset 1->1 sprite 8682 absent false
[2026-10-03 17:08:32] dbg: [driver:1] OpenTT3D: retained river selector tile 44,110 feature 6 base 8681 offset 3->3 sprite 8684 absent false
[2026-10-03 17:08:32] dbg: [driver:1] OpenTT3D: retained river selector tile 45,110 feature 5 base 8446 offset 0->0 sprite 8446 absent false
[2026-10-03 17:08:32] dbg: [driver:1] OpenTT3D: retained river selector tile 45,110 feature 6 base 8681 offset 1->1 sprite 8682 absent false
[2026-10-03 17:08:32] dbg: [driver:1] OpenTT3D: retained river selector tile 45,110 feature 6 base 8681 offset 2->2 sprite 8683 absent false
[2026-10-03 17:08:32] dbg: [driver:1] OpenTT3D: retained river selector tile 45,110 feature 6 base 8681 offset 5->5 sprite 8686 absent false
[2026-10-03 17:08:32] dbg: [driver:1] OpenTT3D: retained river selector tile 45,110 feature 6 base 8681 offset 11->11 sprite 8692 absent false
[2026-10-03 17:08:32] dbg: [driver:1] OpenTT3D: retained river selector tile 23,111 feature 5 base 8491 offset 0->0 sprite 8491 absent false
[2026-10-03 17:08:32] dbg: [driver:1] OpenTT3D: retained river selector tile 23,111 feature 6 base 8681 offset 0->0 sprite 8681 absent false
[2026-10-03 17:08:32] dbg: [driver:1] OpenTT3D: retained river selector tile 23,111 feature 6 base 8681 offset 2->2 sprite 8683 absent false
[2026-10-03 17:08:32] dbg: [driver:1] OpenTT3D: retained river selector tile 35,111 feature 5 base 8476 offset 0->0 sprite 8476 absent false
[2026-10-03 17:08:32] dbg: [driver:1] OpenTT3D: retained river selector tile 35,111 feature 6 base 8681 offset 0->0 sprite 8681 absent false
[2026-10-03 17:08:32] dbg: [driver:1] OpenTT3D: retained river selector tile 35,111 feature 6 base 8681 offset 2->2 sprite 8683 absent false
[2026-10-03 17:08:32] dbg: [driver:1] OpenTT3D: retained river selector tile 38,111 feature 5 base 8491 offset 0->0 sprite 8491 absent false
[2026-10-03 17:08:32] dbg: [driver:1] OpenTT3D: retained river selector tile 38,111 feature 6 base 8681 offset 0->0 sprite 8681 absent false
[2026-10-03 17:08:32] dbg: [driver:1] OpenTT3D: retained river selector tile 38,111 feature 6 base 8681 offset 1->1 sprite 8682 absent false
[2026-10-03 17:08:32] dbg: [driver:1] OpenTT3D: retained river selector tile 38,111 feature 6 base 8681 offset 4->4 sprite 8685 absent false
[2026-10-03 17:08:32] dbg: [driver:1] OpenTT3D: retained river selector tile 38,111 feature 6 base 8681 offset 10->10 sprite 8691 absent false
[2026-10-03 17:08:32] dbg: [driver:1] OpenTT3D: retained river selector tile 39,111 feature 5 base 8466 offset 0->0 sprite 8466 absent false
[2026-10-03 17:08:32] dbg: [driver:1] OpenTT3D: retained river selector tile 39,111 feature 6 base 8681 offset 2->2 sprite 8683 absent false
[2026-10-03 17:08:32] dbg: [driver:1] OpenTT3D: retained river selector tile 39,111 feature 6 base 8681 offset 3->3 sprite 8684 absent false
[2026-10-03 17:08:32] dbg: [driver:1] OpenTT3D: retained river selector tile 39,111 feature 6 base 8681 offset 8->8 sprite 8689 absent false
[2026-10-03 17:08:32] dbg: [driver:1] OpenTT3D: retained river selector tile 39,111 feature 6 base 8681 offset 6->6 sprite 8687 absent false
[2026-10-03 17:08:32] dbg: [driver:1] OpenTT3D: retained river selector tile 41,111 feature 5 base 8461 offset 1->1 sprite 8462 absent false
[2026-10-03 17:08:32] dbg: [driver:1] OpenTT3D: retained live water source tile 41,111 role ground sprite 8462 at original height 32
[2026-10-03 17:08:32] dbg: [driver:1] OpenTT3D: retained river selector tile 41,111 feature 6 base 8681 offset 12->12 sprite 8693 absent false
[2026-10-03 17:08:32] dbg: [driver:1] OpenTT3D: retained live water source tile 41,111 role ground sprite 8693 at original height 32
[2026-10-03 17:08:32] dbg: [driver:1] OpenTT3D: retained river selector tile 41,111 feature 6 base 8681 offset 14->14 sprite 8695 absent false
[2026-10-03 17:08:32] dbg: [driver:1] OpenTT3D: retained live water source tile 41,111 role ground sprite 8695 at original height 32
[2026-10-03 17:08:32] dbg: [driver:1] OpenTT3D: retained river selector tile 23,112 feature 5 base 8491 offset 0->0 sprite 8491 absent false
[2026-10-03 17:08:32] dbg: [driver:1] OpenTT3D: retained river selector tile 23,112 feature 6 base 8681 offset 0->0 sprite 8681 absent false
[2026-10-03 17:08:32] dbg: [driver:1] OpenTT3D: retained river selector tile 23,112 feature 6 base 8681 offset 1->1 sprite 8682 absent false
[2026-10-03 17:08:32] dbg: [driver:1] OpenTT3D: retained river selector tile 23,112 feature 6 base 8681 offset 2->2 sprite 8683 absent false
[2026-10-03 17:08:32] dbg: [driver:1] OpenTT3D: retained river selector tile 23,112 feature 6 base 8681 offset 4->4 sprite 8685 absent false
[2026-10-03 17:08:32] dbg: [driver:1] OpenTT3D: retained river selector tile 23,112 feature 6 base 8681 offset 5->5 sprite 8686 absent false
[2026-10-03 17:08:32] dbg: [driver:1] OpenTT3D: retained river selector tile 35,112 feature 5 base 8471 offset 0->0 sprite 8471 absent false
[2026-10-03 17:08:32] dbg: [driver:1] OpenTT3D: retained river selector tile 35,112 feature 6 base 8681 offset 0->0 sprite 8681 absent false
[2026-10-03 17:08:32] dbg: [driver:1] OpenTT3D: retained river selector tile 35,112 feature 6 base 8681 offset 2->2 sprite 8683 absent false
[2026-10-03 17:08:32] dbg: [driver:1] OpenTT3D: retained river selector tile 39,112 feature 5 base 8441 offset 0->0 sprite 8441 absent false
[2026-10-03 17:08:32] dbg: [driver:1] OpenTT3D: retained river selector tile 39,112 feature 6 base 8681 offset 0->0 sprite 8681 absent false
[2026-10-03 17:08:32] dbg: [driver:1] OpenTT3D: retained river selector tile 39,112 feature 6 base 8681 offset 1->1 sprite 8682 absent false
[2026-10-03 17:08:32] dbg: [driver:1] OpenTT3D: retained river selector tile 39,112 feature 6 base 8681 offset 4->4 sprite 8685 absent false
[2026-10-03 17:08:32] dbg: [driver:1] OpenTT3D: retained river selector tile 39,112 feature 6 base 8681 offset 10->10 sprite 8691 absent false
[2026-10-03 17:08:32] dbg: [driver:1] OpenTT3D: retained river selector tile 40,112 feature 5 base 8491 offset 0->0 sprite 8491 absent false
[2026-10-03 17:08:32] dbg: [driver:1] OpenTT3D: retained river selector tile 40,112 feature 6 base 8681 offset 1->1 sprite 8682 absent false
[2026-10-03 17:08:32] dbg: [driver:1] OpenTT3D: retained river selector tile 40,112 feature 6 base 8681 offset 3->3 sprite 8684 absent false
[2026-10-03 17:08:32] dbg: [driver:1] OpenTT3D: retained river selector tile 41,112 feature 5 base 8421 offset 0->0 sprite 8421 absent false
[2026-10-03 17:08:32] dbg: [driver:1] OpenTT3D: retained river selector tile 41,112 feature 6 base 8681 offset 1->1 sprite 8682 absent false
[2026-10-03 17:08:32] dbg: [driver:1] OpenTT3D: retained river selector tile 41,112 feature 6 base 8681 offset 2->2 sprite 8683 absent false
[2026-10-03 17:08:32] dbg: [driver:1] OpenTT3D: retained river selector tile 41,112 feature 6 base 8681 offset 5->5 sprite 8686 absent false
[2026-10-03 17:08:32] dbg: [driver:1] OpenTT3D: retained river selector tile 41,112 feature 6 base 8681 offset 11->11 sprite 8692 absent false
[2026-10-03 17:08:32] dbg: [driver:1] OpenTT3D: retained river selector tile 35,113 feature 5 base 8476 offset 0->0 sprite 8476 absent false
[2026-10-03 17:08:32] dbg: [driver:1] OpenTT3D: retained river selector tile 35,113 feature 6 base 8681 offset 0->0 sprite 8681 absent false
[2026-10-03 17:08:32] dbg: [driver:1] OpenTT3D: retained river selector tile 35,113 feature 6 base 8681 offset 1->1 sprite 8682 absent false
[2026-10-03 17:08:32] dbg: [driver:1] OpenTT3D: retained river selector tile 35,113 feature 6 base 8681 offset 2->2 sprite 8683 absent false
[2026-10-03 17:08:32] dbg: [driver:1] OpenTT3D: retained river selector tile 35,113 feature 6 base 8681 offset 4->4 sprite 8685 absent false
[2026-10-03 17:08:32] dbg: [driver:1] OpenTT3D: retained river selector tile 35,113 feature 6 base 8681 offset 5->5 sprite 8686 absent false
[2026-10-03 17:08:32] dbg: [driver:1] OpenTT3D: 4 unmodelled reference sprites in this view (release coverage is incomplete)
[2026-10-03 17:08:33] dbg: [driver:1] OpenTT3D: whole-world atlas relocation preserves 1228800 exact RGBA/picking pixels across repack, clear and forced row relocation
[2026-10-03 17:08:33] dbg: [driver:1] OpenTT3D: captured OpenGL presentation with 1 GPU viewport regions
